Empresa;CUIT;Expte;Calle;Nro;Piso;Dpto;CPA;Localidad;Provincia;Telefono;RegComercializacion;RegFabricacion;Dispo;FechaDispo;Vence
(J & M) SEGURIDAD Y SISTEMAS S.A.;33-66446972-9;EXPCNC E 15121/1998;PRES. LUIS SAENZ PEÑA;579;10º       ;B   ;C1110AAK;CABA;CIUDAD DE BUENOS AIRES;(011  )5020-4493;30-1989;0;1372 GI/2014;06/05/2014;06/05/2017
(J & M) SEGURIDAD Y SISTEMAS S.A.;33-66446972-9;EXPCNC E 15121/1998;SAAVEDRA;669;          ;    ;B6640ETM;BRAGADO;BUENOS AIRES;(02342)43  -0004;30-1989;0;1372 GI/2014;06/05/2014;06/05/2017
3COM INTERNATIONAL INC.;30-68081469-0;EXPCNC E 5998/1999;BARTOLOME MITRE;226;5°        ;    ;C1036AAD;CABA;CIUDAD DE BUENOS AIRES;(011  )4331-8191;30-1345;0;92 GI/2009;08/01/2009;08/01/2012
3M ARGENTINA S.A.C.I.F.I.A.;30-52999439-3;EXPCNC 11097/2011;BELGRANO;624;10;    ;C1092ATT;CABA;CIUDAD DE BUENOS AIRES;(011  )4342-2662;30-2139;0;472 DINAPTIC/2015;29/10/2015;29/10/2018
3M ARGENTINA S.A.C.I.F.I.A.;30-52999439-3;EXPCNC 11097/2011;COLECTORA OESTE DE PANAMERICANA;576;          ;    ;1619;GARIN;BUENOS AIRES;(0348 )465 -9415;30-2139;0;472 DINAPTIC/2015;29/10/2015;29/10/2018
3TECH S.R.L.;30-70830902-4;EXPCNC 1344/2004;CALLE 48;632;3°        ;39;B1900AMZ;LA PLATA;BUENOS AIRES;(0221 )445 -0245;30-1476;0;869 GI/2004;11/03/2004;11/03/2007
3TECH S.R.L.;30-70830902-4;EXPCNC 1344/2004;JOSE LEON CABEZON;2980;          ;    ;C1419FCH;CABA;CIUDAD DE BUENOS AIRES;(011  )9999-9999;30-1476;0;869 GI/2004;11/03/2004;11/03/2007
3V TECH S.A.;30-71254748-7;;THAMES;3170;          ;    ;1754;SAN JUSTO;BUENOS AIRES;;0;02-309;4126 SU/1985;18/06/1985;18/06/1988
A.G. SOLUTIONS S.R.L.;30-70849746-7;EXPCNC 10436/2006;COSTA JULIO A;440;1;    ;B2800CJJ;ZARATE;BUENOS AIRES;(03487)42  -7249;30-1606;0;23 gi/2007;08/01/2007;08/01/2010
A.G. SOLUTIONS S.R.L.;30-70849746-7;EXPCNC 10436/2006;PARANA;785;8;B   ;C1017AAO;CIUDAD AUTONOMA BUENOS AIRES;CIUDAD DE BUENOS AIRES;(011  )4374-9986;30-1606;0;23 gi/2007;08/01/2007;08/01/2010
A.V.G. ELECTRONICA S.R.L.;30-59203634-3;;INOCENCIO PIERES;386;          ;    ;C1408HDF;CIUDAD DE BUENOS AIRES;CAPITAL FEDERAL;(011  )4641-8113;0;02-322;2730 CN/1992;28/08/1992;28/08/1995
A.V.H. SAN LUIS S.A.;30-61203284-6;EXPCNC 16602/2014;109 Y 5 (PARQUE INDUSTRIAL NORTE);S/N;          ;    ;5700;SAN LUIS;SAN LUIS;(0266 )442 -2681;30-2410;0;1245 APN-DNAYRT#ENACOM/2018;06/03/2018;06/03/2021
A.V.H. SAN LUIS S.A.;30-61203284-6;EXPCNC 16602/2014;DEHEZA;3189;          ;    ;1429;CABA;CIUDAD DE BUENOS AIRES;(011  )4702-2752;30-2410;0;1245 APN-DNAYRT#ENACOM/2018;06/03/2018;06/03/2021
A1-TEC S.A.;30-70951849-2;EXPCNC 8881/2006;11 DE SEPTIEMBRE;2862;1;A   ;C1429BIB;CIUDAD AUTONOMA BUENOS AIRES;CIUDAD DE BUENOS AIRES;(011  )4115-4675;30-1597;0;4763 GI/2006;17/11/2006;17/11/2009
ABASTO S.A.;30-63385955-4;EXPCNT 5162/1994;VILARDEBO;1731;          ;A   ;8888;NO ESPECIFICADA;NO ESPECIFICADA;;30-1218;0;1301 CN/1994;13/07/1994;13/07/1997
ABB S.A.U.;30-50394816-4;EXPCNC 713/2013;JOSE IGNACIO RUCCI;1051;          ;    ;B1822CJU;VALENTIN ALSINA;BUENOS AIRES;(011  )6026-5337;30-3041;02-683;3301 -APN-DNLAYR#ENACOM/2025;07/11/2025;07/11/2028
ABB S.A.U.;30-50394816-4;EXPCNC 713/2013;LEANDRO N. ALEM;822;          ;    ;1001;CABA;CIUDAD DE BUENOS AIRES;(011  )4229-5888;30-3041;02-683;3301 -APN-DNLAYR#ENACOM/2025;07/11/2025;07/11/2028
ABBOTT LABORATORIES ARGENTINA S.A.;30-50084630-1;EX- -APN-REYS#ENACOM 119643384/2021;AV VALENTIN VERGARA;7989;          ;    ;1891;INGENIERO JUAN ALLAN;BUENOS AIRES;;30-3032;0;773 APN-DNLAYR#ENACOM/2025;24/09/2025;24/09/2028
ABBOTT LABORATORIES ARGENTINA S.A.;30-50084630-1;EX- -APN-REYS#ENACOM 119643384/2021;BUTTY ING ENRIQUE;240;13;    ;1001;CABA;CIUDAD DE BUENOS AIRES;;30-3032;0;773 APN-DNLAYR#ENACOM/2025;24/09/2025;24/09/2028
ABC 1 TECHNOLOGY S.A.;30-71045087-7;EXPCNC 3941/2009;GARCIA SILVA INTE;1094;          ;    ;B1708DYT;MORON;BUENOS AIRES;(011  )4629-9340;30-1740;0;2948 GI/2012;24/08/2012;24/08/2015
ABC 1 TECHNOLOGY S.A.;30-71045087-7;EXPCNC 3941/2009;MOREAU DE JUSTO ALICIA;1780;3;A   ;C1107AFJ;CIUDAD AUTONOMA BUENOS AIRES;CIUDAD DE BUENOS AIRES;(011  )4363-9850;30-1740;0;2948 GI/2012;24/08/2012;24/08/2015
ABC ACCESORIOS S.R.L.;30-69291999-4;EX- -APN-REYS#ENACOM 13735984/2024;SUNCHALES;742;          ;    ;1416;CABA;CIUDAD DE BUENOS AIRES;(011  )4993-6068;30-2914;0;2023 -APN-DNAYRT#ENACOM/2024;27/02/2024;27/02/2027
ABEPRO S.R.L.;30-70964044-1;EXPCNC 7899/2006;SAN ALBERTO OBISPO;3736;          ;    ;C1419FFX;CIUDAD AUTONOMA BUENOS AIRES;CIUDAD DE BUENOS AIRES;(011  )4503-2516;30-1757;0;3738 GI/2009;15/10/2012;15/10/2015
ABSOLUT MOBILE S.A.;30-71222996-5;EXPCNC 9516/2013;MIGUELETES;1188;4º        ;A   ;C1426BUP;CABA;CIUDAD DE BUENOS AIRES;(011  )4773-7094;30-2695;02-606;813 APN-DNAYRT#ENACOM/2021;08/03/2021;08/03/2024
ACEGAME S.A.;33-68851288-9;EXPCNC 655/2005;JOSE IGNACIO GORRITI;4539;          ;    ;C1414BJG;CABA;CIUDAD DE BUENOS AIRES;(011  )4833-6000;30-3129;0;9427 APN-DNLAYR#ENACOM/2026;07/08/2026;01/01/2099
ACER ARGENTINA S.A.;33-67659760-9;EXPCNT 6487/1994;SASTRE DR MARCOS;3620;          ;    ;B1606DHB;CARAPACHAY;BUENOS AIRES;(011  )4766-1223;30-1219;0;1627 CN/1994;17/08/1994;17/08/1997
ACERTA S.R.L.;30-71505926-2;EX- -APN-SDYME#ENACOM 61964099/2018;AVDA. MANUEL MONTES DE OCA;1764;6º        ;A   ;C1270ABR;CABA;CIUDAD DE BUENOS AIRES;(011  )6593-1603;30-2803;0;3332 APN-DNAYRT#ENACOM/2022;15/06/2022;15/06/2025
ACERTA S.R.L.;30-71505926-2;EX- -APN-SDYME#ENACOM 61964099/2018;BERNARDO DE IRIGOYEN;190;3º        ;B   ;1072;CABA;CIUDAD DE BUENOS AIRES;;30-2803;0;3332 APN-DNAYRT#ENACOM/2022;15/06/2022;15/06/2025
ACRON S.A.;30-66178444-6;EXPCNC 3453/2002;BELGRANO MANUEL;1683;2;    ;C1093AAE;CIUDAD AUTONOMA BUENOS AIRES;CIUDAD DE BUENOS AIRES;(011  )5941-2500;30-1424;0;2957 GI/2002;30/07/2002;30/07/2005
ACRON S.A.;30-66178444-6;EXPCNC 3453/2002;IRALA;1920;8;18;C1164ACR;CIUDAD AUTONOMA BUENOS AIRES;CIUDAD DE BUENOS AIRES;(011  )5941-2500;30-1424;0;2957 GI/2002;30/07/2002;30/07/2005
ACRON S.A.;30-66178444-6;EXPCNC 3453/2002;IRALA;1920;8;18;C1164ACR;CIUDAD DE BUENOS AIRES;CAPITAL FEDERAL;(011  )5941-2500;30-1424;0;2957 GI/2002;30/07/2002;30/07/2005
ACRONEX S.R.L.;33-71505130-9;EX- -APN-REYS#ENACOM 123185022/2022;PIERES;266;6;B   ;1408;CABA;CIUDAD DE BUENOS AIRES;;0;02-640;5180 APN-DNLAYR#ENACOM/2025;11/12/2025;11/12/2028
ACRONEX S.R.L.;33-71505130-9;EX- -APN-REYS#ENACOM 123185022/2022;RN 68 PARQUE TECNOLOGICO DEL LITORAL CENTRO;0;          ;    ;3000;SANTA FE;SANTA FE;(0342 )471 -0275;0;02-640;5180 APN-DNLAYR#ENACOM/2025;11/12/2025;11/12/2028
ADANK 9298 S.R.L.;30-71099579-2;EX- -APN-SDYME#ENACOM 39502282/2018;AVDA. ANGEL GALLARDO;63;3º        ;12;C1405DJA;CABA;CIUDAD DE BUENOS AIRES;(011  )4855-4016;30-3065;0;1391 APN-DNLAYR#ENACOM/2026;15/01/2026;15/01/2029
ADB BROADBAND ARGENTINA S.A.;33-64328360-9;EXPCNC 5693/2008;GODOY CRUZ;3236;          ;    ;1425;CABA;CIUDAD DE BUENOS AIRES;(011  )5272-1159;30-2065;0;517 GI/2015;13/02/2015;13/02/2018
ADB BROADBAND ARGENTINA S.A.;33-64328360-9;EXPCNC 5693/2008;TACUARI;131;6;L   ;1071;CABA;CIUDAD DE BUENOS AIRES;(011  )5272-1159;30-2065;0;517 GI/2015;13/02/2015;13/02/2018
ADEMA S.A.;30-63949672-0;EXPCNC E 9095/2000;BELGRANO GRAL MANUEL;2890;          ;    ;B1611DVU;DON TORCUATO;BUENOS AIRES;(011  )4727-0287;30-732;02-231;347 GI/2013;13/02/2013;13/02/2016
ADEMA S.A.;30-63949672-0;EXPCNC E 9095/2000;PAROISSIEN DIEGO;2236;2;    ;C1429CXH;CIUDAD AUTONOMA BUENOS AIRES;CIUDAD DE BUENOS AIRES;(011  )4703-3199;30-732;02-231;347 GI/2013;13/02/2013;13/02/2016
ADEMCO S.R.L.;30-71602651-1;EX- -APN-SDYME#ENACOM 110235711/2019;CARLOS PELLEGRINI;179;9;    ;1009;CABA;CIUDAD DE BUENOS AIRES;;30-2576;0;48 APN-DNAYRT#ENACOM/2020;13/01/2020;13/01/2023
ADIDAS ARGENTINA S.A.;30-68514022-1;EXPCNC 1084/2013;RECONQUISTA;360;6;    ;C1003ABH;CIUDAD AUTONOMA BUENOS AIRES;CIUDAD DE BUENOS AIRES;(011  )4853-7159;30-1900;0;665 GI/2013;26/02/2013;26/02/2016
ADIDAS ARGENTINA S.A.;30-68514022-1;EXPCNC 1084/2013;VON WERNICKE;3023;          ;    ;B1642GKA;SAN ISIDRO;BUENOS AIRES;(011  )4853-7159;30-1900;0;665 GI/2013;26/02/2013;26/02/2016
ADRONSTEC S.A.;30-71479234-9;EXPENACOM 14055/2016;MONTEAGUDO;1514;          ;    ;B1640BWP;MARTINEZ;BUENOS AIRES;(011  )4792-7219;30-2268;0;9379 -E-APN-ENACOM#MCO/2016;21/12/2016;21/12/2019
ADRONSTEC S.A.;30-71479234-9;EXPENACOM 14055/2016;TALCAHUANO;325;3;F   ;C1013AAG;CABA;CIUDAD DE BUENOS AIRES;;30-2268;0;9379 -E-APN-ENACOM#MCO/2016;21/12/2016;21/12/2019
ADT SECURITY SERVICES S.A.;30-65663161-5;EXPENACOM 6867/2016;CERRITO;1070;3°        ;71;C1010AAV;CABA;CIUDAD DE BUENOS AIRES;(011  )4708-7900;30-2864;0;4890 APN-DNAYRT#ENACOM/2023;19/05/2023;19/05/2026
AFINA S.R.L.;30-70945240-8;EXPCNC 3774/2006;CORDOBA;673;3;B   ;C1054AAF;CIUDAD AUTONOMA BUENOS AIRES;CIUDAD DE BUENOS AIRES;(011  )4315-6800;30-1573;0;140 GI/2010;13/01/2010;13/01/2013
AGCO ARGENTINA S.A.;30-50385832-7;EXPCNC 11624/2010;RUTA PROVINCIAL 24, KM 18;S/Nº;          ;    ;B1749ASA;GENERAL RODRIGUEZ;BUENOS AIRES;(0237 )485 -8100;30-2090;0;2185 GI/2015;05/06/2015;05/06/2018
AGCO ARGENTINA S.A.;30-50385832-7;EXPCNC 11624/2010;SUIPACHA;1111;18;    ;C1008AAW;CABA;CIUDAD DE BUENOS AIRES;(011  )4114-3000;30-2090;0;2185 GI/2015;05/06/2015;05/06/2018
AGEN S.A.;30-71085732-2;EXPAFTIC 3378/2015;JUANA MANSO;1800;6;    ;C1107CHJ;CABA;CIUDAD DE BUENOS AIRES;(011  )6091-7675;30-2646;0;61834498 APN-REYS#ENACOM/2020;01/10/2020;01/10/2023
AGIMED S.R.L.;30-70229752-0;EXPENACOM 11200/2016;CULLEN;5769;3;    ;C1431BXS;CABA;CIUDAD DE BUENOS AIRES;(011  )4573-6600;30-2963;0;8337 APN-DNAYRT#ENACOM/2024;03/09/2024;03/09/2027
AGM MOTOS S.R.L.;30-70842230-0;EXPCNC 16310/2014;PUEYRREDON;980;          ;    ;1032;CABA;CIUDAD DE BUENOS AIRES;(011  )4961-8947;30-2048;0;4378 GI/2014;10/12/2014;10/12/2017
AGUAS S.R.L.;30-58195817-6;EX- -APN-SDYME#ENACOM 18995447/2019;AVELLANEDA;1290;          ;    ;1642;SAN ISIDRO;BUENOS AIRES;(011  )4743-3200;30-2501;0;4817 APN-DNAYRT#ENACOM/2019;11/04/2019;11/04/2022
AGUAS S.R.L.;30-58195817-6;EX- -APN-SDYME#ENACOM 18995447/2019;AVENIDA LAFUENTE;372;PB        ;1;C1406ETQ;CABA;CIUDAD DE BUENOS AIRES;(011  )4611-7273;30-2501;0;4817 APN-DNAYRT#ENACOM/2019;11/04/2019;11/04/2022
AGUIRRE, JULIO CESAR;20-08403200-0;EXPCNC 2193/2010;EVA PERON;1891;6°        ;52;C1406HMG;CABA;CIUDAD DE BUENOS AIRES;(011  )4427-8539;30-2778;0;353 APN-DNAYRT#ENACOM/2025;22/02/2025;22/02/2028
AHF ANTENAS S.A.;30-68825461-9;;CAJARAVILLE CAPITAN MIGUEL;3629;          ;    ;B1606CWQ;CARAPACHAY;BUENOS AIRES;(011  )4766-3916;30-692;02-319;4023 SU/1985;10/09/1985;10/09/1988
AIR LIQUIDE ARGENTINA S.A.;30-50085213-1;EXPENACOM 2345/2017;URUGUAY;1037;7°        ;    ;C1016ACA;CABA;CIUDAD DE BUENOS AIRES;(011  )4708-2200;30-2296;0;6131 APN-DNAYRT#ENACOM/2023;07/07/2023;07/07/2026
AIR S.R.L.;30-57013558-5;EXPCNC 4580/2012;CORRIENTES;733;          ;    ;S2000CTG;ROSARIO;SANTA FE;(0341 )436 -7757;30-1869;02-523;2196 GI/2015;05/06/2015;05/06/2018
AIR S.R.L.;30-57013558-5;EXPCNC 4580/2012;DR. RAMON CARRILLO;216;          ;    ;C1275AHF;CABA;CIUDAD DE BUENOS AIRES;(011  )4016-0200;30-1869;02-523;2196 GI/2015;05/06/2015;05/06/2018
AITA, GERONIMO JOSE;20-07713515-5;EXPCNC E 13296/1999;LA CIFRA;649;          ;    ;B1714FOA;ITUZAINGO;BUENOS AIRES;(011  )4623-5156;30-1730;02-337;500 GI/2009;06/02/2009;06/02/2012
AITA, GERONIMO JOSE;20-07713515-5;EXPCNC E 13296/1999;ROCHA;1261;7;G   ;C1166AFG;CIUDAD AUTONOMA BUENOS AIRES;CIUDAD DE BUENOS AIRES;(011  )4301-4153;30-1730;02-337;500 GI/2009;06/02/2009;06/02/2012
AITUE COMUNICA S.A.;30-71027593-5;EXPCNC 11389/2010;AVENIDA CERVIÑO;3244;          ;    ;1425;CABA;CIUDAD DE BUENOS AIRES;(011  )6230-0000;30-1812;0;4007 GI/2010;19/11/2010;19/11/2013
AITUE COMUNICA S.A.;30-71027593-5;EXPCNC 11389/2010;BULNES;1876;7;A   ;1425;CABA;CIUDAD DE BUENOS AIRES;(011  )6230-0000;30-1812;0;4007 GI/2010;19/11/2010;19/11/2013
AKI ASISTENCIA INTEGRAL S.A.;30-68643869-0;;CHACABUCO;646;          ;    ;C1069AAN;CIUDAD DE BUENOS AIRES;CAPITAL FEDERAL;;30-793;0;40 GI/1990;18/01/1990;18/01/1993
AKRIBIS S.R.L.;30-70851097-8;EX- -APN-SDYME#ENACOM 17604131/2018;BACACAY;2180;1°        ;B   ;C1406GDL;CABA;CIUDAD DE BUENOS AIRES;(011  )4633-9550;30-2424;0;2358 APN-DNAYRT#ENACOM/2018;03/05/2018;03/05/2021
ALACHA S.R.L.;30-71487594-5;EXPCNC 6926/2015;SAN MARTIN;66;7;713;1004;CABA;CIUDAD DE BUENOS AIRES;(011  )4425-0044;30-2103;0;186 DINAPTIC/2015;21/08/2015;21/08/2018
ALADRIAN S.A.;33-61871843-9;;RAWSON;345;          ;    ;C1182ACE;CIUDAD AUTONOMA BUENOS AIRES;CIUDAD DE BUENOS AIRES;(011  )4981-6392;30-1026;0;145 CN/1991;11/04/1991;11/04/1994
ALBERTO CARLOS EDUARDO GARCIA COMUNICACIONES S.A.;30-58648915-8;EXPCNC 1714/2003;DEL LIBERTADOR;8156;          ;    ;C1429BNO;CIUDAD AUTONOMA BUENOS AIRES;CIUDAD DE BUENOS AIRES;(011  )4701-0985;30-2949;0;7316 APN-DNAYRT#ENACOM/2024;06/08/2024;06/08/2027
ALBERTO DURAN VIDEO SISTEMAS;00-00000876-0;;EVARISTO CARRIEGO;938;          ;    ;5501;GODOY CRUZ;MENDOZA;;0;02-450;426 CN/1991;29/08/1991;29/08/1994
ALBERTO LEONCIO TAPIA ENIO EDUARDO ESCALANTE;30-63781951-4;;AMENABAR JOSE DE;3104;7;A   ;C1429AEF;CIUDAD AUTONOMA BUENOS AIRES;CIUDAD DE BUENOS AIRES;;30-1040;0;225 CN/1991;24/05/1991;24/05/1994
ALCATEL-LUCENT DE ARGENTINA S.A.;30-52204115-3;EXPCNC E 11318/1998;VIEYTES JUAN HIPOLITO;1710;          ;    ;C1275AGT;CIUDAD AUTONOMA BUENOS AIRES;CIUDAD DE BUENOS AIRES;;30-2042;0;4385 GI/2014;10/12/2014;10/12/2017
ALCO ROSARIO S.A.;30-61250235-4;EXPCNC 13422/2013;CATAMARCA;2440;          ;    ;S2000JRF;ROSARIO;SANTA FE;(0341 )421 -8999;30-1961;0;4986 GI/2013;05/12/2013;05/12/2016
ALCO ROSARIO S.A.;30-61250235-4;EXPCNC 13422/2013;MOREAU DE JUSTO ALICIA;1750;3;C   ;C1107AFJ;CIUDAD AUTONOMA BUENOS AIRES;CIUDAD DE BUENOS AIRES;;30-1961;0;4986 GI/2013;05/12/2013;05/12/2016
ALE ARGENTINA S.R.L.;33-71462389-9;EXPAFTIC 6569/2015;GUEMES;676;          ;    ;B1638CJF;VICENTE LOPEZ;BUENOS AIRES;(011  )5056-9723;30-2834;0;6849 APN-DNAYRT#ENACOM/2022;04/11/2022;04/11/2025
ALE ARGENTINA S.R.L.;33-71462389-9;EXPAFTIC 6569/2015;INGENIERO BUTTY;240;5;    ;1001;CABA;CIUDAD DE BUENOS AIRES;(011  )5056-9723;30-2834;0;6849 APN-DNAYRT#ENACOM/2022;04/11/2022;04/11/2025
ALEFERDI TECNOLOGIAS S.A.;33-71160620-9;EXPCNC 1122/2013;HUMBOLDT;1539;          ;    ;1414;CABA;CIUDAD DE BUENOS AIRES;(011  )4774-1014;30-2879;0;6442 -APN-DNAYRT#ENACOM/2023;08/08/2023;08/08/2026
ALFACOM S.R.L.;30-66385808-0;EXPCNC E 6583/2000;PERU;117;          ;    ;B1603CIC;VILLA MARTELLI;BUENOS AIRES;(011  )4709-0433;0;02-463;9689 GI/2000;01/09/2000;01/09/2000
ALHARAL, JOSE LUIS;20-11255595-2;EX- -APN-REYS#ENACOM 64711990/2021;JURAMENTO;5115;5;16;C1431CKM;CIUDAD AUTONOMA BUENOS AIRES;CIUDAD DE BUENOS AIRES;;30-2727;0;5025 APN-DNAYRT#ENACOM/2021;15/11/2021;15/11/2024
ALIC S.A.;30-70893076-4;EX- -APN-AMEYS#ENACOM 82415705/2019;VUELTA DE OBLIGADO;1947;6°        ;A   ;C1428ADC;CABA;CIUDAD DE BUENOS AIRES;(011  )4786-1424;30-2554;0;11567 APN-DNAYRT#ENACOM/2019;01/11/2019;01/11/2022
ALLFLEX ARGENTINA S.A.;30-70049927-4;EX- -APN-SDYME#ENACOM 64324935/2019;PRESIDENTE LUIS SAENZ PEÑA;2002;          ;    ;1135;CABA;CIUDAD DE BUENOS AIRES;(011  )4116-4861;30-2537;0;9516 APN-DNAYRT#ENACOM/2019;21/08/2019;21/08/2022
ALLGON TELECOM LIMITADA SUCURSAL ARGENTINA;30-70744065-8;EXPCNC E 2971/2001;TACUARI;147;4;    ;C1071AAC;CIUDAD DE BUENOS AIRES;CAPITAL FEDERAL;(011  )4334-9035;30-1391;0;2523 GI/2001;04/06/2001;04/06/2004
ALLOIS S.R.L.;30-70953321-1;EXPCNC 7743/2006;GAONA;3510;          ;    ;C1416DSX;CIUDAD AUTONOMA BUENOS AIRES;CIUDAD DE BUENOS AIRES;(011  )4637-3360;30-1595;0;4457 GI/2006;30/10/2006;30/10/2009
ALMA AGROPECUARIA S.A.;30-71197301-6;EXPENACOM 2988/2016;AVDA. JUAN GARCIA DEL RIO;2477;3°        ;A   ;C1429DEA;CABA;CIUDAD DE BUENOS AIRES;(011  )4771-5055;30-2184;0;3092 ENACOM/2016;20/05/2016;20/05/2019
ALMEYRA, DIEGO CARLOS;23-17763535-9;EXPCNC E 16986/1999;PUJOL JUAN;1387;6;A   ;C1416CIE;CIUDAD AUTONOMA BUENOS AIRES;CIUDAD DE BUENOS AIRES;(011  )4584-8430;30-1360;0;369 GI/1999;28/12/1999;28/12/2002
ALONSO HERMANOS SIRENAS S.A.;30-66363299-6;EXPCNC 8511/2006;DEMARIA JOSE;4627;          ;    ;C1425AEE;CIUDAD AUTONOMA BUENOS AIRES;CIUDAD DE BUENOS AIRES;(011  )4246-6869;30-2092;02-548;2232 GI/2015;05/06/2015;05/06/2018
ALONSO HERMANOS SIRENAS S.A.;30-66363299-6;EXPCNC 8511/2006;SAN LORENZO;1771;          ;    ;B1824BWY;LANUS;BUENOS AIRES;(011  )4246-6869;30-2092;02-548;2232 GI/2015;05/06/2015;05/06/2018
ALPINE ELECTRONICS OF AMERICA, INC. SUCURSAL BUENOS AIRES;30-66206875-2;EXPCNC 1671/2009;PRINGLES;648;          ;    ;C1183AEL;CABA;CIUDAD DE BUENOS AIRES;;30-2917;0;2538 APN-DNAYRT#ENACOM/2024;08/03/2024;08/03/2027
ALTA RAIL TECHNOLOGY ARGENTINA S.A.U.;30-71546410-8;EXPENACOM 7563/2017;AVDA. DE MAYO;651;3°        ;14;C1084AAB;CABA;CIUDAD DE BUENOS AIRES;(011  )4346-1000;30-2311;0;178 -APN-DNAYRT#ENACOM/2017;17/05/2017;17/01/2021
ALTECO S.A.;30-60389677-3;EXPCNC E 7643/1999;DORREGO CNEL MANUEL;2265;          ;    ;C1414CLE;CIUDAD AUTONOMA BUENOS AIRES;CIUDAD DE BUENOS AIRES;(011  )4774-1492;30-978;0;3215 GI/1999;04/11/1996;04/11/1999
ALTECO S.A.;30-60389677-3;EXPCNT E 36049/1996;DORREGO CNEL MANUEL;2265;          ;    ;C1414CLE;CIUDAD AUTONOMA BUENOS AIRES;CIUDAD DE BUENOS AIRES;(011  )4774-1492;30-709;0;3946 GI/1996;04/11/1996;04/11/1999
ALTEKNIA S.A.;30-66348360-5;EXPCNC E 5810/2001;CNEL. TOMAS DE ROCAMORA;4143;          ;    ;C1184ABC;CIUDAD DE BUENOS AIRES;CAPITAL FEDERAL;(011  )4865-8989;30-1403;0;3472 GI/2004;18/10/2004;18/10/2007
ALTRONIC COMPANY S.R.L.;33-69097825-9;EXPCNC 1845/2002;MORENO;3399;          ;    ;C1209ABK;CIUDAD DE BUENOS AIRES;CAPITAL FEDERAL;(011  )4711-5700;30-1422;0;2527 GI/2002;19/06/2002;19/06/2005
ALVIS S.A.;30-70989115-0;EX- -APN-REYS#ENACOM 33956104/2024;AVDA. LEANDRO N. ALEM;449;6º        ;    ;C1003AAE;CABA;CIUDAD DE BUENOS AIRES;(011  )5578-3033;30-2936;0;4324 DNAYRT#ENACOM/2024;06/05/2024;06/05/2027
ALVIS S.A.;30-70989115-0;EX- -APN-REYS#ENACOM 33956104/2024;DR. A. ALSINA;760;7º        ;A   ;B1638CBQ;VICENTE LOPEZ;BUENOS AIRES;;30-2936;0;4324 DNAYRT#ENACOM/2024;06/05/2024;06/05/2027
AMAZON KUIPER ARGENTINA SOCIEDAD DE RESPONSABILIDAD LIMITADA;30-71741515-5;EX- -APN-ALYAT#ENACOM 40294594/2026;AV COLON;723;2;1;5500;CAPITAL;MENDOZA;;30-3092;0;7780 APN-DNLAYR#ENACOM/2026;19/05/2026;01/01/2099
AMAZON KUIPER ARGENTINA SOCIEDAD DE RESPONSABILIDAD LIMITADA;30-71741515-5;EX- -APN-ALYAT#ENACOM 40294594/2026;EDUARDO MADERO;900;17;IZQ.;1106;CABA;CIUDAD DE BUENOS AIRES;(011  )4010-5000;30-3092;0;7780 APN-DNLAYR#ENACOM/2026;19/05/2026;01/01/2099
AMBASSADOR FUEGUINA S.A.;30-61684986-3;EXPCNC 17755/2014;AVDA. PERITO MORENO;1750;          ;    ;9410;USHUAIA;TIERRA DEL FUEGO, ANTARTIDA E ISLAS DEL ATLANTICO SUR;(011  )5775-0748;30-2058;0;117 GI/2015;22/01/2015;22/01/2018
AMBASSADOR FUEGUINA S.A.;30-61684986-3;EXPCNC 17755/2014;JUANA MANSO;1161;8º        ;802;C1107CBX;CABA;CIUDAD DE BUENOS AIRES;(011  )5775-0748;30-2058;0;117 GI/2015;22/01/2015;22/01/2018
AMERICAN TELECOMMUNICATION  INCORPORATED ARGENTINA S.A.;30-70704848-0;EXPCNC 6405/2002;AVDA. CONGRESO;1532;1;B   ;C1428BUB;CIUDAD DE BUENOS AIRES;CAPITAL FEDERAL;(011  )4706-0317;30-1433;0;238 GI/2003;10/01/2003;10/01/2006
AMERICAN TRACER S.A.;30-70781354-3;EXPCNC 2681/2005;CABILDO;3620;          ;    ;C1429AAU;CABA;CIUDAD DE BUENOS AIRES;(011  )4014-0540;30-1521;0;2024 GI/2005;13/05/2005;13/05/2008
AMERICAN TRAFFIC S.A.;30-70095531-8;EXPCNC 7927/2013;CASEROS;3039;          ;    ;1264;CABA;CIUDAD DE BUENOS AIRES;(011  )6570-9879;30-2976;0;12600 APN-DNAYRT#ENACOM/2024;19/12/2024;19/12/2027
AMERICOM S.A.;30-69205596-5;EXPCNC 9443/2011;CALLE 8;832;PA        ;    ;B1900THA;LA PLATA;BUENOS AIRES;(0221 )425 -6565;30-1847;0;4025 GI/2011;06/10/2011;06/10/2014
AMERICOM S.A.;30-69205596-5;EXPCNC 9443/2011;PASEO COLON;797;3;B   ;C1063ACH;CIUDAD AUTONOMA BUENOS AIRES;CIUDAD DE BUENOS AIRES;(011  )4345-4440;30-1847;0;4025 GI/2011;06/10/2011;06/10/2014
AMERITEL S.A.;30-67859092-0;EXPCNT E 28080/1996;BERNARDO DE IRIGOYEN;722;7;    ;C1072AAP;CIUDAD DE BUENOS AIRES;CAPITAL FEDERAL;(011  )4331-0443;30-1266;0;761 GI/1996;28/02/1996;28/02/1999
AMIAR SMART GRID S.A.S.;30-71588009-8;EX- -APN-REYS#ENACOM 25022192/2022;SAN LUIS;4580;          ;    ;7600;MAR DEL PLATA;BUENOS AIRES;(0223 )495 -2500;30-2787;0;1927 APN-DNAYRT#ENACOM/2022;04/04/2022;04/04/2025
AMIAR SMART GRID S.A.S.;30-71588009-8;EX- -APN-REYS#ENACOM 25022192/2022;YERBAL;1065;          ;    ;C1406GJA;CABA;CIUDAD DE BUENOS AIRES;;30-2787;0;1927 APN-DNAYRT#ENACOM/2022;04/04/2022;04/04/2025
AMPO S.A.C.I.F.A.;30-50357798-0;;BELGRANO DR MANUEL;65;          ;    ;B1842CGA;MONTE GRANDE;BUENOS AIRES;(011  )4290-1033;30-700;02-323;1915 CN/1992;23/07/1992;23/07/1995
AMTED S.R.L.;30-71490190-3;EXPAFTIC 6196/2015;CRISOLOGO LARRALDE;3609;          ;305;C1430AIE;CABA;CIUDAD DE BUENOS AIRES;(011  )4092-7354;30-2891;0;7506 APN-DNAYRT#ENACOM/2023;28/09/2023;28/09/2026
AMX ARGENTINA S.A.;30-66328849-7;EXPCNC 7365/2005;AVDA.  DE MAYO;878;          ;    ;C1084AAQ;CABA;CIUDAD DE BUENOS AIRES;(011  )4809-1000;30-2898;0;419 APN-DNAYRT#ENACOM/2024;05/01/2024;05/01/2027
AMX ARGENTINA S.A.;30-66328849-7;EXPCNC 7365/2005;DE MAYO;878;          ;    ;C1084AAQ;CIUDAD AUTONOMA BUENOS AIRES;CIUDAD DE BUENOS AIRES;(011  )4109-8879;30-2898;0;419 APN-DNAYRT#ENACOM/2024;05/01/2024;05/01/2027
ANALISTAS EMPRESARIOS S.R.L.;30-58782819-3;;AVDA. SANTA FE;1235;          ;    ;C1059ABG;CIUDAD DE BUENOS AIRES;CAPITAL FEDERAL;(011  )4812-4339;30-1029;0;145 CN/1991;11/04/1991;11/04/1994
ANCA AGRONEGOCIOS CONSULTORES ASOCIADOS SOCIEDAD DE RESPONSABILIDAD LIMITADA;30-67454396-0;EXPENACOM 3919/2017;MARTA ZAMARO;2263;          ;    ;3000;SANTA FE;SANTA FE;;30-2952;02-667;6981 APN-DNAYRT#ENACOM/2024;26/07/2024;26/07/2027
ANCA AGRONEGOCIOS CONSULTORES ASOCIADOS SOCIEDAD DE RESPONSABILIDAD LIMITADA;30-67454396-0;EXPENACOM 3919/2017;QUIRNO;123;6;A   ;1406;CABA;CIUDAD DE BUENOS AIRES;(011  )6573-0122;30-2952;02-667;6981 APN-DNAYRT#ENACOM/2024;26/07/2024;26/07/2027
ANECTIS S.A.;33-70788937-9;EXPCNC 3048/2005;MOREAU DE JUSTO ALICIA ;1780;1;H   ;C1107AFJ;CIUDAD AUTONOMA BUENOS AIRES;CIUDAD DE BUENOS AIRES;(011  )5173-2600;30-1526;0;0 /;08/06/2005;08/06/2008
ANIXTER ARGENTINA S.A.;30-68247214-2;EXPCNC 6778/2004;CASTRO;1844;          ;    ;C1237AAP;CABA;CIUDAD DE BUENOS AIRES;(011  )4909-5200;30-2950;0;7317 APN-DNAYRT#ENACOM/2024;06/08/2024;06/08/2027
ANKER INNOVATIONS S.R.L.;30-71908941-7;EX- -APN-AASYST#ENACOM 8887760/2026;HIPOLITO BOUCHARD;468;4º        ;G   ;C1106ABF;CABA;CIUDAD DE BUENOS AIRES;(011  )2686-8586;30-3075;0;5059 APN-DNLAYR#ENACOM/2026;26/02/2026;26/02/2029
ANTEMONT S.A.C.I.F.I.A.;30-56860285-0;EXPCNT 12319/1994;CORRIENTES;980;7;D   ;C1043AAW;CIUDAD AUTONOMA BUENOS AIRES;CIUDAD DE BUENOS AIRES;;30-1233;02-468;3032 GI/2010;08/09/2010;08/09/2013
ANTEMONT S.A.C.I.F.I.A.;30-56860285-0;EXPCNT 12319/1994;DREYER PEDRO;796;          ;    ;B1841FLU;MONTE GRANDE;BUENOS AIRES;;30-1233;02-468;3032 GI/2010;08/09/2010;08/09/2013
ANTENA COLOR S.R.L.;30-58012707-6;;PUEYRREDON GRAL JUAN MARTIN DE;532;          ;    ;C1032ABS;CIUDAD AUTONOMA BUENOS AIRES;CIUDAD DE BUENOS AIRES;(011  )4961-1846;30-1149;0;709 CN/1991;30/11/1991;30/11/1994
ANTENAS PROFESIONALES S.A.;30-62502328-5;EXPCNC E 3988/1998;CAPITAN M. CAJARAVILLE;3629;          ;    ;1606;CARAPACHAY;BUENOS AIRES;;30-1311;0;2106 GI/1998;21/05/1998;21/05/2001
ANTERRA TECHNOLOGIES S.A.;30-71052713-6;EXPCNC 13739/2008;BELGRANO MANUEL;624;10;    ;C1092AAT;CIUDAD AUTONOMA BUENOS AIRES;CIUDAD DE BUENOS AIRES;(011  )4342-2662;30-1722;0;294 GI/2012;27/01/2012;27/01/2015
ANTERRA TECHNOLOGIES S.A.;30-71052713-6;EXPCNC 13739/2008;BOULEVARD DEL MIRADOR;290;          ;210;1670;TIGRE;BUENOS AIRES;(011  )6849-1591;30-1722;0;294 GI/2012;27/01/2012;27/01/2015
ANTERRA TECHNOLOGIES S.A.;30-71052713-6;EXPCNC 13739/2008;LA CAUTIVA;323;          ;    ;C1408GPA;CIUDAD AUTONOMA BUENOS AIRES;CIUDAD DE BUENOS AIRES;(011  )4871-8583;30-1722;0;294 GI/2012;27/01/2012;27/01/2015
APEIRON IT S.R.L.;33-70841197-9;EXPCNC 4162/2006;JUNIN;252;          ;    ;C1026ABF;CIUDAD AUTONOMA BUENOS AIRES;CIUDAD DE BUENOS AIRES;(011  )4954-2539;30-1577;0;2473 GI/2011;27/06/2011;27/06/2014
APPLE ARGENTINA S.A.;30-70722404-1;EXPCNC E 7605/2000;MOREAU DE JUSTO ALICIA ;2030;1;117;C1107AFP;CIUDAD AUTONOMA BUENOS AIRES;CIUDAD DE BUENOS AIRES;(011  )4766-5300;30-1378;0;1897 GI/2004;09/06/2004;09/06/2007
APPROVE - IT S.A.;30-71193155-0;EXPCNC 9504/2011;IBERA;4656;          ;    ;C1431AEB;CABA;CIUDAD DE BUENOS AIRES;(011  )4545-1155;30-2035;0;7641 APN-DNAYRT#ENACOM/2023;09/10/2023;09/10/2026
APPROVE - IT S.A.;30-71193155-0;EXPCNC 9504/2011;QUIROGA SARMIENTO;4259;          ;    ;X5009ENE;CORDOBA;CORDOBA;(0351 )481 -5982;30-2035;0;7641 APN-DNAYRT#ENACOM/2023;09/10/2023;09/10/2026
APTOSOLUTIONS S.R.L.;30-70890907-2;EXPCNC 15593/2008;ESMERALDA;819;1;B   ;C1007ABI;CIUDAD AUTONOMA BUENOS AIRES;CIUDAD DE BUENOS AIRES;(011  )5272-7101;30-1725;0;4730 GI/2008;29/12/2008;29/12/2011
ARBELAIZ S.A.;30-56855470-8;EXPCNT 12592/1994;MAZA JUAN AGUSTIN;634;          ;    ;C1220ABD;CIUDAD AUTONOMA BUENOS AIRES;CIUDAD DE BUENOS AIRES;(011  )4931-7051;30-708;02-326;2343 CN/1994;11/11/1994;11/11/1997
ARCOM GROUP S.R.L.;30-70839990-2;EXPCNC 13058/2008;GAMARRA AGUSTIN;1265;          ;    ;C1427AYC;CIUDAD AUTONOMA BUENOS AIRES;CIUDAD DE BUENOS AIRES;(011  )4313-8330;30-1721;0;4089 GI/2012;31/10/2012;31/10/2015
ARGENPROM S.R.L.;30-68579313-6;EXPCNC 8035/2011;DEHEZA GRAL ROMAN ANTONIO;3189;          ;    ;C1429EBC;CIUDAD AUTONOMA BUENOS AIRES;CIUDAD DE BUENOS AIRES;(011  )4545-0400;30-1845;0;4007 GI/2011;06/10/2011;06/10/2014
ARGENTRADE SOCIEDAD DE RESPONSABILIDAD LIMITADA;30-66010157-4;EXPAFTIC 130/2015;514;2050;          ;    ;B1897HCF;MANUEL B GONNET;BUENOS AIRES;(0221 )471 -2323;30-2100;0;206 DINAPTIC/2015;21/08/2015;21/08/2018
ARGENTRADE SOCIEDAD DE RESPONSABILIDAD LIMITADA;30-66010157-4;EXPAFTIC 130/2015;AVDA. BELGRANO;687;          ;    ;C1092AAG;CABA;CIUDAD DE BUENOS AIRES;(011  )5272-1550;30-2100;0;206 DINAPTIC/2015;21/08/2015;21/08/2018
ARGUS COMMODITY S.R.L.;33-64367286-9;;MEXICO;1199;PB        ;    ;C1097AAW;CIUDAD DE BUENOS AIRES;CAPITAL FEDERAL;;30-1114;0;529 CN/1991;04/10/1991;04/10/1994
ARIEMA S.A.I.C.F.;30-51581796-0;EXPCNTMESA E 13810/1995;AVDA. 64 (JUAN DOMINGO PERON);5674;          ;    ;B1650JJP;SIN DENOMINACION;BUENOS AIRES;(011  )4752-2067;30-790;02-364;6472 GI/1995;20/09/1995;20/09/1998
ARIEMA S.A.I.C.F.;30-51581796-0;EXPCNTMESA E 13810/1995;VER EL EXPTE.;1;          ;    ;1001;CIUDAD DE BUENOS AIRES;CAPITAL FEDERAL;;30-790;02-364;6472 GI/1995;20/09/1995;20/09/1998
ARIMEX IMPORTADORA S.A.;30-54039667-8;EX- -APN-SDYME#ENACOM 1746245/2018;AV, PTE ROQUE SAENZ PEÑA;1134;2;    ;1035;CABA;CIUDAD DE BUENOS AIRES;(011  )00  -0000;30-2397;0;709 APN-DNAYRT#ENACOM/2018;29/01/2018;29/01/2021
ARIMEX IMPORTADORA S.A.;30-54039667-8;EX- -APN-SDYME#ENACOM 1746245/2018;AV. ANDRES ROLON;1107;          ;    ;B1642BIL;SAN ISIDRO;BUENOS AIRES;(011  )4707-3000;30-2397;0;709 APN-DNAYRT#ENACOM/2018;29/01/2018;29/01/2021
ARIMPEX S.R.L.;30-63898868-9;;CARLOS PELLEGRINI;1055;12;A   ;C1009ABU;CIUDAD DE BUENOS AIRES;CAPITAL FEDERAL;(011  )4313-6884;30-987;0;547 SU/1990;26/10/1990;26/10/1993
ARKITEC S.A.;30-59651204-2;;ESTEBAN AGUSTIN GASCON;1164;PB        ;H   ;C1181ACV;CIUDAD DE BUENOS AIRES;CAPITAL FEDERAL;;30-1024;0;145 CN/1991;11/04/1991;11/04/1994
ARMAGALLI S.A.;30-60090755-3;;AVDA. RIVADAVIA;2339;PB        ;    ;C1034ACC;CIUDAD DE BUENOS AIRES;CAPITAL FEDERAL;(011  )4951-7953;30-1172;0;503 CN/1993;18/02/1993;18/02/1996
ARO SOCIEDAD ANONIMA;30-53562276-7;EX- -APN-ALYAT#ENACOM 25276606/2026;BELGRANO;369;          ;    ;1092;CABA;CIUDAD DE BUENOS AIRES;(011  )4331-4503;30-3082;0;6465 APN-DNLAYR#ENACOM/2026;07/04/2026;
ARQ DESIGN S.A.;30-71184727-4;EXPENACOM 479/2016;DEL LIBERTADOR;5722;7;27;1428;CABA;CIUDAD DE BUENOS AIRES;(011  )4264-8838;30-2167;0;1556 ENACOM/2016;19/04/2016;19/04/2019
ARRIS DE ARGENTINA S.A.;30-71402446-5;EX- -APN-SDYME#ENACOM 30879531/2017;BARTOLOME CRUZ;1850;1;    ;B1638BHR;VICENTE LOPEZ;BUENOS AIRES;(011  )5680-4925;30-2492;0;3495 APN-DNAYRT#ENACOM/2019;15/03/2019;15/03/2022
ARRIS DE ARGENTINA S.A.;30-71402446-5;EX- -APN-SDYME#ENACOM 30879531/2017;SUIPACHA;1111;18;    ;1008;CABA;CIUDAD DE BUENOS AIRES;(011  )5680-4913;30-2492;0;3495 APN-DNAYRT#ENACOM/2019;15/03/2019;15/03/2022
ARS TECHNOLOGIES S.R.L.;33-70714904-9;EXPAFTIC 3381/2015;PASAJE TRIPOLI;4029;          ;    ;C1419DSA;CABA;CIUDAD DE BUENOS AIRES;(011  )4574-3666;30-3091;0;7779 APN-DNLAYR#ENACOM/2026;19/05/2026;
ART IMPORT S.A.;30-63312041-9;EXPCNT 5162/1994;AVDA. CORRIENTES;2763;1;12;C1046AAF;CIUDAD DE BUENOS AIRES;CAPITAL FEDERAL;(011  )4961-7690;30-1056;0;1301 CN/1994;13/07/1994;13/07/1997
ARTS & FACTS S.A.;30-69232125-8;EXPCNC E 14765/1998;CERRITO;1320;8;    ;C1010ABB;CIUDAD DE BUENOS AIRES;CAPITAL FEDERAL;(011  )4315-3204;30-1332;0;5467 GI/1998;29/12/1998;29/12/2001
ARTSANA ARGENTINA S.A.;30-56996481-0;EXPCNC 13329/2008;CORRIENTES;545;8;    ;C1043AAF;CABA;CIUDAD DE BUENOS AIRES;(011  )4394-2882;30-2249;0;7317 -E-APN-ENACOM#MCO/2016;20/10/2016;20/10/2019
ARTSANA ARGENTINA S.A.;30-56996481-0;EXPCNC 13329/2008;URUGUAY;4501;          ;    ;B1644HKS;VICTORIA;BUENOS AIRES;;30-2249;0;7317 -E-APN-ENACOM#MCO/2016;20/10/2016;20/10/2019
ASAHI ARGENTINA S.A.;30-69799813-2;EXPCNC E 4589/2001;TALCAHUANO;750;8;    ;C1013AAP;CIUDAD DE BUENOS AIRES;CAPITAL FEDERAL;(011  )4582-6638;30-1398;0;1781 GI/2008;23/05/2008;23/05/2011
ASCOM ARGENTINA S.A.;30-69934588-8;EXPCNC E 1178/2000;JOSE IGNACIO THAMES;91;PB        ;1;1642;SAN ISIDRO;BUENOS AIRES;(011  )4700-0094;30-1364;0;2387 GI/2000;20/03/2000;20/03/2003
ASCOM ARGENTINA S.A.;30-69934588-8;EXPCNC E 1178/2000;VER EL EXPTE.;1;          ;    ;1001;CIUDAD DE BUENOS AIRES;CAPITAL FEDERAL;;30-1364;0;2387 GI/2000;20/03/2000;20/03/2003
ASEAGRO S.R.L.;30-70850861-2;EXPCNC 8064/2013;25 DE MAYO;763;          ;    ;X5800CPQ;RIO CUARTO;CORDOBA;(0358 )470 -0505;30-1937;0;2968 GI/2013;12/08/2013;12/08/2016
ASEAGRO S.R.L.;30-70850861-2;EXPCNC 8064/2013;3 DE FEBRERO;2172;5;B   ;C1428AHH;CIUDAD AUTONOMA BUENOS AIRES;CIUDAD DE BUENOS AIRES;;30-1937;0;2968 GI/2013;12/08/2013;12/08/2016
ASENDU S.A.;30-70890047-4;EXPCNC 6896/2004;AVENIDA CORDOBA;755;2;    ;C1054AAG;CIUDAD DE BUENOS AIRES;CAPITAL FEDERAL;(011  )4000-6322;30-1495;0;3477 GI/2004;18/10/2004;18/10/2007
ASGA S.A.;30-70762834-7;EXPCNC 5603/2003;DUMONT SANTOS;2484;1;    ;C1426DCD;CIUDAD AUTONOMA BUENOS AIRES;CIUDAD DE BUENOS AIRES;(011  )4774-4144;30-1456;0;4469 GI/2006;30/10/2006;30/10/2009
ASOCIACION CIVIL ALTERMUNDI;30-71498982-7;EX- -APN-SDYME#ENACOM 54616457/2019;AV PUEYRREDON;363;3;L   ;1032;CABA;CIUDAD DE BUENOS AIRES;(011  )2388-8219;30-2824;0;5709 APN-DNAYRT#ENACOM/2022;09/09/2022;09/09/2025
ASOCIACION CIVIL ALTERMUNDI;30-71498982-7;EX- -APN-SDYME#ENACOM 54616457/2019;LAS ACACIAS SU205 M68;S/N;          ;    ;5189;JOSE DE LA QUINTANA;CORDOBA;;30-2824;0;5709 APN-DNAYRT#ENACOM/2022;09/09/2022;09/09/2025
ASOCIACION MUTUAL REDES SOLIDARIAS;30-71125797-3;EX- -APN-SDYME#ENACOM 23341988/2018;LAVALLE;1588;4°        ;B   ;1048;CABA;CIUDAD DE BUENOS AIRES;(011  )6022-4216;0;02-575;2803 APN-DNAYRT#ENACOM/2018;30/05/2018;30/05/2021
ATHUEL ELECTRONICA S.A.;30-59505891-7;EX- -APN-REYS#ENACOM 62968796/2022;FEDERICO ECHELAINE;557;          ;    ;V9421HBE;RIO GRANDE;TIERRA DEL FUEGO, ANTARTIDA E ISLAS DEL ATLANTICO SUR;(011  )6700-9481;30-2807;0;4116 APN-DNAYRT#ENACOM/2022;26/07/2022;26/07/2025
ATHUEL ELECTRONICA S.A.;30-59505891-7;EX- -APN-REYS#ENACOM 62968796/2022;USPALLATA;2776;          ;    ;1437;CABA;CIUDAD DE BUENOS AIRES;;30-2807;0;4116 APN-DNAYRT#ENACOM/2022;26/07/2022;26/07/2025
ATS ADVANCED TECHNOLOGY SOLUTIONS S.A.;30-64627917-4;EXPCNC 6329/2004;AVDA. CORRIENTES;880;11;    ;C1043AAV;CIUDAD DE BUENOS AIRES;CAPITAL FEDERAL;(011  )6393-4345;30-1491;0;3252 GI/2004;05/10/2004;05/10/2007
AUDI TOTAL S.R.L.;30-63591934-1;EXPCNC 2766/2009;VIAMONTE GRAL JUAN JOSE;1716;7;32;C1055ABH;CIUDAD AUTONOMA BUENOS AIRES;CIUDAD DE BUENOS AIRES;(011  )4371-8956;30-1737;0;2504 GI/2012;27/07/2012;27/07/2015
AUDIOCODES ARGENTINA S.A.;30-70935338-8;EXPCNC 7270/2006;AVENIDA DE MAYO;701;18;    ;1084;CABA;CIUDAD DE BUENOS AIRES;(011  )5619-2242;30-2031;0;3788 GI/2014;21/10/2014;21/10/2017
AUDITRON S.A.;30-60265355-9;EX- -APN-ALYAT#ENACOM 69647731/2026;YRIGOYEN HIPOLITO;1628;13;    ;1089;1089;CIUDAD DE BUENOS AIRES;(011  )4380-2800;30-3134;0;9389 APN-DNLAYR#ENACOM/2026;06/08/2026;01/01/2099
AUDIVIC S.A.;30-59320856-3;EXPAFTIC 1533/2015;ROMULO S. NAON;1909;          ;    ;C1430EPC;CABA;CIUDAD DE BUENOS AIRES;(011  )4977-7801;0;02-554;500 DINAPTIC/2015;10/11/2015;10/11/2018
AUDIVIC S.A.;30-59320856-3;EXPAFTIC 1533/2015;SAAVEDRA LAMAS;1480;          ;    ;V9420DON;RIO GRANDE;TIERRA DEL FUEGO, ANTARTIDA E ISLAS DEL ATLANTICO SUR;(02964)43  -0804;0;02-554;500 DINAPTIC/2015;10/11/2015;10/11/2018
AUKALLOKA, LIDIA ELENA;27-13501655-7;EXPCNC 8100/2011;CARLOS CALVO;3934;7º        ;I   ;C1230ABR;CABA;CIUDAD DE BUENOS AIRES;(011  )4662-5180;30-1838;0;494 APN-DNPYC#ENACOM/2017;05/10/2017;17/01/2021
AUMECON S.A.;30-70986084-0;EXPCNC 5460/2010;ACASSUSO DOMINGO DE;4768;          ;    ;B1605BFP;MUNRO;BUENOS AIRES;(011  )4762-6331;30-1791;0;2506 GI/2010;27/07/2010;27/07/2013
AUMECON S.A.;30-70986084-0;EXPCNC 5460/2010;TUCUMAN;1538;3;A   ;C1050AAF;CIUDAD AUTONOMA BUENOS AIRES;CIUDAD DE BUENOS AIRES;(011  )4372-1936;30-1791;0;2506 GI/2010;27/07/2010;27/07/2013
AUMET S.A.;30-61714856-7;;DR. FRANCISCO JAVIER MUÑIZ;640;          ;    ;C1234ABF;CIUDAD DE BUENOS AIRES;CAPITAL FEDERAL;(011  )4983-4740;30-1094;0;426 CN/1991;29/08/1991;29/08/1994
AUREAM ARBOR S.A.S.;30-71626883-3;EX- -APN-REYS#ENACOM 115188044/2021;LAVALLE;900;2`        ;B   ;1407;CABA;CIUDAD DE BUENOS AIRES;(011  )6703-8614;30-2765;02-623;131 APN-DNAYRT#ENACOM/2022;07/01/2022;07/01/2025
AUTOMOVILES EXCLUSIVOS S.A.;30-58747650-5;EXPCNC E 13951/1998;REPUBLICA DE ESLOVENIA;1970;          ;    ;C1426CZH;CIUDAD DE BUENOS AIRES;CAPITAL FEDERAL;(011  )4778-7111;30-1330;0;4988 GI/1998;12/11/1998;12/11/2001
AUTOSERVICIO MAYORISTA DIARCO S.A.;30-60737179-9;EX- -APN-SDYME#ENACOM 5223098/2018;CIRCUNVALACION;S/N;          ;    ;1771;CIUDAD EVITA;BUENOS AIRES;(011  )508 -2800;30-2693;0;765 DI-2021-765-APN-DNAYRT#ENACOM/2021;08/03/2021;08/03/2024
AUTOSERVICIO MAYORISTA DIARCO S.A.;30-60737179-9;EX- -APN-SDYME#ENACOM 5223098/2018;MAIPU;510;4;C   ;C1006ACF;CABA;CIUDAD DE BUENOS AIRES;(011  )5082-8000;30-2693;0;765 DI-2021-765-APN-DNAYRT#ENACOM/2021;08/03/2021;08/03/2024
AUTOTROL S.A.C.I.A.F.I.;30-50491371-2;EXPENACOM 10050/2017;CAMILA O GORMAN;3060;          ;    ;C1437BCB;CABA;CIUDAD DE BUENOS AIRES;(011  )4879-9800;30-2354;0;359 APN-DNPYC#ENACOM/2017;14/09/2017;17/01/2021
AVAYA ARGENTINA S.R.L.;30-70723105-6;EXPCNC E 6853/2000;LAVALLE;1877;1;    ;C1051ABA;CABA;CIUDAD DE BUENOS AIRES;(011  )4118-4400;30-2302;0;6441 DNAYRT#ENACOM/2023;08/08/2023;08/08/2026
AVERA IMPORT S.A.;30-71931133-0;EX- -APN-ALYAT#ENACOM 31018491/2026;LIBERTAD;434;7º        ;72;1012;CABA;CIUDAD DE BUENOS AIRES;(02262)49  -4008;30-3100;0;7930 APN-DNLAYR#ENACOM/2026;26/05/2026;01/01/2099
AVERY DENNISON DE ARGENTINA S.R.L.;30-62148209-9;EXPCNC 12301/2013;WARNES CNEL IGNACIO;2227;          ;    ;1427;CIUDAD DE BUENOS AIRES;CIUDAD DE BUENOS AIRES;(011  )4325-1774;30-1957;0;4640 GI/2013;22/11/2013;22/11/2016
AXIS COMMUNICATIONS DE ARGENTINA S.A.;30-71213057-8;EX- -APN-REYS#ENACOM 26811977/2021;LIMA;287;5º        ;A   ;1073;CABA;CIUDAD DE BUENOS AIRES;(011  )4381-0220;30-2941;0;6534 APN-DNAYRT#ENACOM/2024;30/06/2024;30/06/2027
AXSYS COMUNICACIONES DE ARGENTINA S.A.;30-66171344-1;EXPCNC 1609/2009;BILLINGHURST;2248;3;D   ;C1425DTT;CIUDAD AUTONOMA BUENOS AIRES;CIUDAD DE BUENOS AIRES;(011  )5752-7264;30-1735;0;703 GI/2009;04/03/2009;04/03/2012
AYDIN S.A.;30-71199185-5;;ALEM LEANDRO NICEFORO;690;21;    ;C1001AAO;CIUDAD AUTONOMA BUENOS AIRES;CIUDAD DE BUENOS AIRES;(011  )4312-7788;30-1194;0;5236 CN/1993;30/09/1993;30/09/1996
B&G ELECTRONICA S.R.L.;00-00000868-0;;ESTADO DE ISRAEL;4165;          ;    ;C1185AAA;CIUDAD AUTONOMA BUENOS AIRES;CIUDAD DE BUENOS AIRES;;30-1076;0;313 CN/1991;28/06/1991;28/06/1994
B.H.S.D. S.A.;30-70220564-2;EXPCNC 5211/2015;PASTEUR;572;2;A   ;1028;CABA;CIUDAD DE BUENOS AIRES;(011  )4952-7371;30-2095;0;145 DINAPTIC/2015;21/08/2015;21/08/2018
B.T.W. S.A.;30-68834322-0;EXPCNC E 9088/2000;PIEDRAS;338;1;9;C1070AAH;CIUDAD AUTONOMA BUENOS AIRES;CIUDAD DE BUENOS AIRES;(011  )5097-8689;30-2525;0;7844 APN-DNAYRT#ENACOM/2019;07/06/2019;07/06/2022
BACIGALUPPI HERMANOS S.A.;30-55799098-0;EXPENACOM 13541/2016;CNEL. MANUEL ROSETI;2128;          ;    ;C1427BWR;CABA;CIUDAD DE BUENOS AIRES;(011  )4523-6000;30-2262;0;8123 -E-APN-ENACOM#MCO/2016;25/11/2016;25/11/2019
BAIRESCO COMUNICACIONES Y COMPUTACION S.A.;30-64760832-5;;AVDA. PTE. FIGUEROA ALCORTA;3259;          ;    ;C1425CKL;CIUDAD DE BUENOS AIRES;CAPITAL FEDERAL;(011  )4802-6017;30-935;0;275 CN/1992;04/03/1992;04/03/1995
BALLUFF ARGENTINA S.R.L.;30-71241355-3;EXPCNC 2233/2014;TUCUMAN;1;4º        ;    ;C1049AAA;CABA;CIUDAD DE BUENOS AIRES;(011  )2465-1720;30-3107;0;8138 APN-DNLAYR#ENACOM/2026;02/06/2026;01/01/2099
BANFI, ALEJANDRO DANIEL;20-16892826-3;EXPCNC 3853/2015;WHITE;194;          ;    ;1407;CABA;CIUDAD DE BUENOS AIRES;(011  )4671-9269;30-2087;0;2187 GI/2015;05/06/2015;05/06/2018
BARLOCO, SEBASTIAN DANIEL;20-22653449-1;EX- -APN-REYS#ENACOM 69481669/2020;ESMERALDA;3274;          ;    ;1604;FLORIDA OESTE;BUENOS AIRES;(011  )6471-5024;30-2666;02-602;5193 APN-DNAYRT#ENACOM/2020;29/12/2020;29/12/2023
BASESIDE S.R.L.;30-70787057-1;EXPCNC 13819/2014;MONTAÑESES;3060;          ;    ;C1429BLF;CABA;CIUDAD DE BUENOS AIRES;(011  )4704-5570;30-2029;0;3786 GI/2014;21/10/2014;21/10/2017
BAX INGENIERIA ELECTRONICA S.R.L.;30-63760864-5;EXPCNT E 33247/1996;SANTA FE;4725;          ;    ;S2002KVO;ROSARIO;SANTA FE;(0341 )437 -0955;30-1277;0;2500 GI/1996;13/08/1996;13/08/1999
BAX INGENIERIA ELECTRONICA S.R.L.;30-63760864-5;EXPCNT E 33247/1996;VER EL EXPTE.;1;          ;    ;1001;CIUDAD DE BUENOS AIRES;CAPITAL FEDERAL;;30-1277;0;2500 GI/1996;13/08/1996;13/08/1999
BAXO S.A.;30-71236462-5;EX- -APN-REYS#ENACOM 6081152/2023;JOAQUIN V. GONZALEZ;2958;          ;    ;C1417AQR;CABA;CIUDAD DE BUENOS AIRES;(011  )5017-0332;30-2851;0;1602 -APN-DNAYRT#ENACOM/2023;27/02/2023;27/02/2026
BAYER S.A.;30-50381106-1;EXPENACOM 6077/2016;AV. DEL LIBERTADOR;6343;2º        ;    ;C1428ARG;CABA;CIUDAD DE BUENOS AIRES;(011  )4762-7000;30-2558;0;1033 APN-DNlLAYR#ENACOM/2025;02/10/2025;02/10/2028
BAYER S.A.;30-50381106-1;EXPENACOM 6077/2016;RICARDO GUTIERREZ;3652;          ;    ;B1605EHD;MUNRO;BUENOS AIRES;;30-2558;0;1033 APN-DNlLAYR#ENACOM/2025;02/10/2025;02/10/2028
BAZAR AVENIDA S.A.;30-53284754-7;EXPCNC 11925/2006;ALEM LEANDRO NICEFORO;530;4;    ;C1001AAN;CIUDAD AUTONOMA BUENOS AIRES;CIUDAD DE BUENOS AIRES;(011  )4315-6014;30-1614;0;690 GI/2007;02/02/2007;02/02/2010
BAZAR AVENIDA S.A.;30-53284754-7;EXPCNC 11925/2006;BV. SANTA FE;252;          ;    ;2300;RAFAELA;SANTA FE;(03492)43  -8090;30-1614;0;690 GI/2007;02/02/2007;02/02/2010
BCD S.R.L.;30-61520790-6;EXPCNC 12916/2010;3 DE FEBRERO;312;PB        ;GCIA;S2000BKH;ROSARIO;SANTA FE;(0341 )4342-3990;30-2592;0;1607 APN-DNAYRT#ENACOM/2023;27/02/2023;01/01/2099
BCD S.R.L.;30-61520790-6;EXPCNC 12916/2010;LAVALLE;1634;7;F   ;1048;CABA;CIUDAD DE BUENOS AIRES;;30-2592;0;1607 APN-DNAYRT#ENACOM/2023;27/02/2023;01/01/2099
BDEV S.A.;30-71061587-6;EXPCNC 2638/2015;DIEGO PAROISSIEN;1686;2º        ;    ;C1429CWB;CABA;CIUDAD DE BUENOS AIRES;(011  )2051-0253;30-2069;0;941 GI/2015;19/03/2015;19/03/2018
BEEPOINT S.R.L.;30-71029470-0;EXPCNC 14677/2008;BELGRANO MANUEL;634;4;I   ;C1092AAT;CIUDAD AUTONOMA BUENOS AIRES;CIUDAD DE BUENOS AIRES;(011  )5256-0953;30-1723;0;4543 GI/2008;10/12/2008;10/12/2011
BENQ ARGENTINA S.R.L.;33-70934401-9;EXPCNC 8487/2005;RECONQUISTA;609;7;    ;C1003ABM;CIUDAD DE BUENOS AIRES;CAPITAL FEDERAL;(011  )4346-8996;30-1551;0;4347 GI/2005;31/10/2005;31/10/2008
BENSAN S.R.L.;30-71155464-1;EXPCNC 3565/2013;POLA;2436;          ;    ;C1440DBJ;CIUDAD AUTONOMA BUENOS AIRES;CIUDAD DE BUENOS AIRES;(011  )4682-5050;30-1917;0;1596 GI/2013;16/05/2013;16/05/2016
BENSAN S.R.L.;30-71155464-1;EXPCNC 3565/2013;SAN PEDRITO;659;          ;    ;C1406EXG;CIUDAD AUTONOMA BUENOS AIRES;CIUDAD DE BUENOS AIRES;(011  )4682-5050;30-1917;0;1596 GI/2013;16/05/2013;16/05/2016
BEREL S.A.I.C.;30-51567297-0;;PASCO;572;          ;    ;C1219ABB;CIUDAD DE BUENOS AIRES;CAPITAL FEDERAL;(011  )4942-0546;30-755;02-346;133 GI/1989;22/08/1989;22/11/1989
BGH SOCIEDAD ANONIMA;30-50361289-1;EXPCNC E 5218/2000;BRASIL;731;1º        ;    ;C1154AAK;CABA;CIUDAD DE BUENOS AIRES;(011  )4309-2000;30-3077;02-687;6260 APN-DNLAYR#ENACOM/2026;31/03/2026;
BGH TECH PARTNER S.A.;30-71129196-9;EX- -APN-SDYME#ENACOM 92238147/2019;BRASIL;731;          ;    ;C1154AAK;CABA;CIUDAD DE BUENOS AIRES;(011  )5080-7400;30-2552;0;11096 APN-DNAYRT#ENACOM/2019;17/10/2019;17/10/2022
BIERING IMPORT & EXPORT S.A.;30-63557112-4;;MAIPU;812;6;F   ;C1006ACL;CIUDAD DE BUENOS AIRES;CAPITAL FEDERAL;(011  )4322-6826;30-1010;0;21 CN/1991;11/01/1991;11/01/1994
BIFOC BUENOS AIRES S.A.;30-70950093-3;EXPENACOM 7028/2016;MENDOZA;3043;          ;    ;1428;CABA;CIUDAD DE BUENOS AIRES;(011  )4780-5182;30-2213;0;4881 ENACOM/2016;06/07/2016;06/07/2019
BIO-OPTIC S.R.L.;30-71170641-7;EXPAFTIC 5130/2015;AVDA. PTE. H. YRIGOYEN;2789;          ;    ;B1602DLF;FLORIDA;BUENOS AIRES;(011  )5432-0175;30-2827;0;6436 APN-DNAYRT#ENACOM/2022;31/10/2022;31/10/2025
BIO-OPTIC S.R.L.;30-71170641-7;EXPAFTIC 5130/2015;CHARCAS;4160;1°        ;6;C1425BNH;CABA;CIUDAD DE BUENOS AIRES;(011  )9999-9999;30-2827;0;6436 APN-DNAYRT#ENACOM/2022;31/10/2022;31/10/2025
BIOMEDICA ARGENTINA S.A.;33-57613680-9;EXPCNC 10337/2006;PERU;345;6º        ;    ;C1067AAG;CABA;CIUDAD DE BUENOS AIRES;(011  )4343-9197;30-1956;0;4595 GI/2013;22/11/2013;22/11/2016
BIOMERIEUX ARGENTINA S.A.;30-69437643-2;EX- -APN-SDYME#ENACOM 12813313/2020;ARIAS;3751;3;    ;1430;CABA;CIUDAD DE BUENOS AIRES;(011  )5555-6843;30-2961;0;8094 APN-DNAYRT#ENACOM/2024;27/08/2024;27/08/2027
BIOTRONIK ARGENTINA S.R.L.;30-71501383-1;EXPENACOM 8621/2017;PERU;345;          ;    ;1057;CABA;CIUDAD DE BUENOS AIRES;(011  )4343-9197;30-2318;0;5239 APN-DNAYRT#ENACOM/2023;31/05/2023;31/05/2026
BISAGRA O.H. SOCIEDAD ANONIMA;30-52039676-0;EXPCNC 5235/2010;GRAL. PAUNERO;1789;          ;    ;1872;SARANDI;BUENOS AIRES;(011  )4203-5172;30-2254;0;11542 APN-DNAYRT#ENACOM/2019;30/10/2019;30/10/2022
BISAGRA O.H. SOCIEDAD ANONIMA;30-52039676-0;EXPCNC 5235/2010;JUAN AGUSTIN MAZA;384;          ;    ;C1206ACH;CABA;CIUDAD DE BUENOS AIRES;;30-2254;0;11542 APN-DNAYRT#ENACOM/2019;30/10/2019;30/10/2022
BLACK & DECKER ARGENTINA S.A.;33-65861596-9;EXPCNC 6364/2014;AVDA. LEANDRO N. ALEM;1110;13;    ;C1001AAT;CABA;CIUDAD DE BUENOS AIRES;(011  )4846-6100;30-1996;0;1731 GI/2014;11/06/2014;11/06/2017
BLACKROCK MOTORS S.A.;30-71222286-3;EX- -APN-ALYAT#ENACOM 54784664/2026;DR. J. F. ARANGUREN;4170;          ;    ;1407;CABA;CIUDAD DE BUENOS AIRES;(011  )4404-9940;30-3110;0;8615 APN-DNLAYR#ENACOM/2026;02/07/2026;01/01/2099
BLINK S.R.L.;30-71087545-2;EX- -APN-REYS#ENACOM 67128327/2020;JUAN FRANCISCO SEGUI;4482;          ;    ;1425;CABA;CIUDAD DE BUENOS AIRES;;30-2656;0;4347 APN-DNAYRT#ENACOM/2020;26/10/2020;26/10/2023
BLINK S.R.L.;30-71087545-2;EX- -APN-REYS#ENACOM 67128327/2020;SARMIENTO;304;1º        ;2;R8324DIH;CIPOLLETTI;RIO NEGRO;(0299 )463 -6885;30-2656;0;4347 APN-DNAYRT#ENACOM/2020;26/10/2020;26/10/2023
BLU CORP S.A.;30-71532916-2;EXPENACOM 1902/2017;AVENIDA LIBERTADOR;7766;13;2;1429;CABA;CIUDAD DE BUENOS AIRES;(011  )3512-0937;30-2291;0;1506 -APN-ENACOM#MCO/2017;07/03/2017;07/03/2020
BMW DE ARGENTINA S.A.;30-68296346-4;EXPCNC 1587/2005;RECONQUISTA;458;12°       ;    ;C1003ABJ;CABA;CIUDAD DE BUENOS AIRES;(011  )6970-9585;30-2685;0;2024 APN-DNAYRT#ENACOM/2024;27/02/2024;27/02/2027
BOARDS S.A.;30-62433327-2;;ALSINA DOCTOR ADOLFO;1760;4;16;C1088AAR;CIUDAD AUTONOMA BUENOS AIRES;CIUDAD DE BUENOS AIRES;;30-1167;0;4883 CN/1992;21/12/1992;21/12/1995
BODY GROUP FELIX S.R.L.;30-70827046-2;EXPCNC 6624/2004;DR. MARIANO MORENO;3044;          ;    ;C1209ABF;CIUDAD DE BUENOS AIRES;CAPITAL FEDERAL;(011  )4932-3024;30-1493;0;3467 GI/2004;18/10/2004;18/10/2007
BODY GROUP FELIX S.R.L.;30-70827046-2;EXPCNC 6624/2004;MORENO DOCTOR MARIANO;3044;          ;    ;C1209ABF;CIUDAD AUTONOMA BUENOS AIRES;CIUDAD DE BUENOS AIRES;(011  )4932-3024;30-1493;0;3467 GI/2004;18/10/2004;18/10/2007
BOEHRINGER INGELHEIM ANIMAL HEALTH ARGENTINA S.A.;33-50335714-9;EX- -APN-SDYME#ENACOM 13328385/2020;CAZADORES DE COQUIMBO;2841;2°        ;    ;1605;MUNRO;BUENOS AIRES;(011  )4704-8600;30-2621;0;2785 APN-DNAYRT#ENACOM/2020;03/07/2020;03/07/2023
BOEHRINGER INGELHEIM ANIMAL HEALTH ARGENTINA S.A.;33-50335714-9;EX- -APN-SDYME#ENACOM 13328385/2020;TUCUMAN;1;4°        ;    ;1001;CABA;CIUDAD DE BUENOS AIRES;(011  )4704-8600;30-2621;0;2785 APN-DNAYRT#ENACOM/2020;03/07/2020;03/07/2023
BOIS MARIO JUAN Y BOIS OMAR PEDRO S.H.;30-68610621-3;;MEDRANO;630;1;    ;C1179AAL;CIUDAD DE BUENOS AIRES;CAPITAL FEDERAL;(011  )4862-7358;30-1141;0;666 CN/1991;21/11/1991;21/11/1994
BOLZAN, SERGIO MARCELO;20-20830725-9;EX- -APN-REYS#ENACOM 88396219/2021;ALICIA MOREAU DE JUSTO;846;2º        ;9;C1107AAR;CABA;CIUDAD DE BUENOS AIRES;(011  )3755-4369;30-2745;0;5010 APN-DNAYRT#ENACOM/2021;15/11/2021;15/11/2024
BOLZAN, SERGIO MARCELO;20-20830725-9;EX- -APN-REYS#ENACOM 88396219/2021;HERMANA FIORETTA;1148;          ;    ;6070;LINCOLN;BUENOS AIRES;;30-2745;0;5010 APN-DNAYRT#ENACOM/2021;15/11/2021;15/11/2024
BOMBAS GOULDS S.A.;33-70179668-9;EXPAFTIC 5518/2015;25 DE MAYO;611;2;I   ;C1002ABM;CABA;CIUDAD DE BUENOS AIRES;(011  )4756-8008;30-2147;0;663 DINAPTIC/2015;01/12/2015;01/12/2018
BOMBAS GOULDS S.A.;33-70179668-9;EXPAFTIC 5518/2015;MARIANO MORENO;4380;          ;    ;B1605BOD;MUNRO;BUENOS AIRES;(011  )4756-8008;30-2147;0;663 DINAPTIC/2015;01/12/2015;01/12/2018
BOMBAS GRUNDFOS DE ARGENTINA S.A.U.;30-68249876-1;EX- -APN-SDYME#ENACOM 462526/2020;AUTOPISTA PANAMERICANA KM 37,5 (CENTRO INDUSTRIAL GARIN);893;          ;    ;B1619IEA;GARIN;BUENOS AIRES;(03327)41  -4444;30-2876;0;6446 APN-DNAYRT#ENACOM/2023;08/08/2023;01/01/2099
BOMBAS GRUNDFOS DE ARGENTINA S.A.U.;30-68249876-1;EX- -APN-SDYME#ENACOM 462526/2020;CECILIA GRIERSON;255;6°        ;    ;C1107CPE;CABA;CIUDAD DE BUENOS AIRES;(011  )3062-9221;30-2876;0;6446 APN-DNAYRT#ENACOM/2023;08/08/2023;01/01/2099
BOMBINO, ALDO RAUL;20-26118647-1;EX- -APN-SDYME#ENACOM 53607655/2018;ALVEAR;803;          ;    ;1646;SAN FERNANDO;BUENOS AIRES;(011  )5353-9208;30-2472;0;7224 APN-DNAYRT#ENACOM/2018;12/11/2018;12/11/2021
BOMBINO, ALDO RAUL;20-26118647-1;EX- -APN-SDYME#ENACOM 53607655/2018;VUELTA DE OBLIGADO;2789;2;C   ;1428;CABA;CIUDAD DE BUENOS AIRES;(011  )999 -9999;30-2472;0;7224 APN-DNAYRT#ENACOM/2018;12/11/2018;12/11/2021
BONTEY S.A.;30-70927255-8;EX- -APN-SDYME#ENACOM 24593195/2018;PASTEUR;119;5;    ;1028;CABA;CIUDAD DE BUENOS AIRES;(011  )5647-2035;30-2429;0;2898 APN-DNAYRT#ENACOM/2018;01/06/2018;01/06/2021
BONTTI, HORACIO GUILLERMO JUAN;20-10099793-3;EXPCNC 4548/2012;46;1508;          ;    ;B1900AIJ;LA PLATA;BUENOS AIRES;(0221 )479 -3858;30-1868;0;1982 GI/2012;01/06/2012;01/06/2015
BONTTI, HORACIO GUILLERMO JUAN;20-10099793-3;EXPCNC 4548/2012;CALVO CARLOS;3934;7;I   ;C1230ABR;CIUDAD AUTONOMA BUENOS AIRES;CIUDAD DE BUENOS AIRES;(011  )4662-5180;30-1868;0;1982 GI/2012;01/06/2012;01/06/2015
BOREAL SOLUTIONS S.A.;30-70724883-8;EXPCNC 10978/2014;11 DE SEPTIEMBRE DE 1888;4717;7;    ;1429;CABA;CIUDAD DE BUENOS AIRES;(011  )5353-0303;30-2016;0;3038 GI/2014;28/08/2014;28/08/2017
BOREAL TECHNOLOGIES S.A.;30-70819410-3;EXPCNC 8726/2003;ARRIBEÑOS;3619;7;    ;C1429BKQ;CABA;CIUDAD DE BUENOS AIRES;(011  )5353-0303;30-2453;0;4535 APN-DNAYRT#ENACOM/2018;31/08/2018;31/08/2021
BORRONI, JULIO VICTOR;20-07080538-4;;THOMPSON;342;          ;    ;8000;BAHIA BLANCA;BUENOS AIRES;;0;02-321;4037 SU/1985;13/09/1985;13/09/1988
BOSCH REXROTH S.A.I.C.;30-50349465-1;EX- -APN-REYS#ENACOM 48791299/2020;AVDA. CALLAO;420;7°        ;A   ;1022;CABA;CIUDAD DE BUENOS AIRES;(011  )4756-0240;30-2918;0;2606 APN-DNAYRT#ENACOM/2024;01/03/2024;01/03/2027
BOSCH SISTEMAS DE SEGURIDAD ARGENTINA S.R.L.;30-70553550-3;EXPCNC 7693/2002;CALLE 34;4358;          ;    ;B1650GXB;GENERAL SAN MARTIN;BUENOS AIRES;;30-1438;0;3667 GI/2006;04/09/2006;04/09/2009
BOSCH SISTEMAS DE SEGURIDAD ARGENTINA S.R.L.;30-70553550-3;EXPCNC 7693/2002;HUMBERTO PRIMO;281;PB        ;A   ;C1103ACE;CIUDAD DE BUENOS AIRES;CAPITAL FEDERAL;(011  )4361-5246;30-1438;0;3667 GI/2006;04/09/2006;04/09/2009
BOSSERO, RICARDO SIXTO JOSE;20-02301047-0;;MITRE;1891;          ;    ;B1846DTS;ALMIRANTE BROWN;BUENOS AIRES;(011  )4294-3836;0;02-448;344 CN/1991;12/07/1991;12/07/1994
BOSTON SCIENTIFIC ARGENTINA S.A.;30-68732985-2;EXPCNC 14890/2014;CECILIA GRIERSON;255;          ;    ;C1107BHA;CABA;CIUDAD DE BUENOS AIRES;(011  )7090-0200;30-3058;0;5182 APN-DNLAYR#ENACOM/2025;11/12/2025;11/12/2028
BPAR S.A.;30-70823997-2;EX- -APN-SDYME#ENACOM 14497495/2020;INCLAN;2839;          ;    ;C1258AAL;CABA;CIUDAD DE BUENOS AIRES;(011  )4308-4731;30-2623;0;2784 APN-DNAYRT#ENACOM/2020;03/07/2020;03/07/2023
BRACCO, EDUARDO TORCUATO;20-05950511-5;EXPCNC 2314/2005;HERNANDEZ JOSE;1955;12;48;C1426EOG;CABA;CIUDAD DE BUENOS AIRES;(011  )5410-2461;30-1524;0;2050 GI/2014;10/07/2014;10/07/2017
BRAIN4 S.A.;30-71601432-7;EX- -APN-SDYME#ENACOM 42165100/2018;CONGRESO;2157;7;3;C1428BVE;CABA;CIUDAD DE BUENOS AIRES;(011  )3100-1060;30-2455;0;5062 APN-DNAYRT#ENACOM/2018;17/09/2018;17/09/2021
BRAUN, MARTA ESTELA;27-05258271-2;EXPCNC 7096/2006;CABRAL SGTO JUAN BAUTISTA;1242;          ;    ;X5006CBH;CORDOBA;CORDOBA;(0351 )456 -8263;30-1630;02-498;1763 GI/2007;12/04/2007;12/04/2010
BRAUN, MARTA ESTELA;27-05258271-2;EXPCNC 7096/2006;ZAPATA MARTIN;245;PB        ;B   ;C1426AEC;CIUDAD AUTONOMA BUENOS AIRES;CIUDAD DE BUENOS AIRES;(011  )4777-9563;30-1630;02-498;1763 GI/2007;12/04/2007;12/04/2010
BREA, ALBERTO;20-04546993-0;;CARLOS PELLEGRINI;599;          ;    ;E3200AMI;CONCORDIA;ENTRE RIOS;(0345 )421 -9291;30-1215;0;1010 CN/1994;26/05/1994;26/05/1997
BREA, ALBERTO;20-04546993-0;;VER EL EXPTE.;1;          ;    ;1001;CIUDAD DE BUENOS AIRES;CAPITAL FEDERAL;;30-1215;0;1010 CN/1994;26/05/1994;26/05/1997
BREYER HNOS S.A.;30-50100033-3;EX- -APN-SDYME#ENACOM 25008456/2017;RODRIGUEZ PEÑA;470;          ;    ;1020;CABA;CIUDAD DE BUENOS AIRES;(011  )4373-3484;30-2920;0;2539 APN-DNAYRT#ENACOM/2024;08/03/2024;08/03/2027
BRIGHTSTAR ARGENTINA S.A.;30-70703512-5;EXPCNC 110/2004;ESTOMBA;243;          ;    ;C1427COE;CABA;CIUDAD DE BUENOS AIRES;(011  )4016-8100;30-1475;0;7930 APN-DNAYRT#ENACOM/2019;11/06/2019;11/06/2022
BRIGHTSTAR FUEGUINA S.A.;30-70857479-8;EXPCNC 5461/2010;ISLAS MALVINAS;2150;          ;    ;V9420AJO;RIO GRANDE;TIERRA DEL FUEGO, ANTARTIDA E ISLAS DEL ATLANTICO SUR;(011  )5238-8031;30-2916;02-656;2489 APN-DNAYRT#ENACOM/2024;07/03/2024;07/03/2027
BRIGHTSTAR FUEGUINA S.A.;30-70857479-8;EXPCNC 5461/2010;OLAZABAL;1515;8º        ;801A;C1428DGG;CABA;CIUDAD DE BUENOS AIRES;(011  )4016-8100;30-2916;02-656;2489 APN-DNAYRT#ENACOM/2024;07/03/2024;07/03/2027
BRIGHTSTAR FUEGUINA S.A.;30-70857479-8;EXPCNC 5461/2010;SEGUI DR JUAN FRANCISCO;4646;6;    ;C1425ADF;CIUDAD AUTONOMA BUENOS AIRES;CIUDAD DE BUENOS AIRES;;30-2916;02-656;2489 APN-DNAYRT#ENACOM/2024;07/03/2024;07/03/2027
BROTHER INTERNACIONAL DE CHILE LIMITADA SUCURSAL ARGENTINA;30-69224304-4;EXPCNC E 3339/1997;CUCHA CUCHA;1995;          ;    ;C1416CJQ;CIUDAD DE BUENOS AIRES;CAPITAL FEDERAL;(011  )4585-9471;30-1291;0;1020 GI/1997;02/06/1997;02/06/2000
BROTHER INTERNATIONAL CORPORATION DE ARGENTINA S.R.L.;30-70804923-5;EXPCNC 6869/2003;AVDA. SANTA FE;2755;10°       ;    ;1425;CABA;CIUDAD DE BUENOS AIRES;(011  )4828-5435;30-3046;0;2515 APN-DNLAYR#ENACOM/2025;29/10/2025;29/10/2028
BRUNO HERMANOS S.A.;30-58220225-3;EXPCNC 1707/2007;INDEPENDENCIA;401;          ;    ;C1099AAE;CABA;CIUDAD DE BUENOS AIRES;;30-2362;0;8115 APN-DNAYRT#ENACOM/2023;25/10/2023;25/10/2026
BRUNO SCHILLIG S.A.;30-70816156-6;EXPCNC 9307/2003;CHACO;5;          ;    ;1629;PILAR;BUENOS AIRES;(011  )4730-1100;30-3033;0;5973 APN-DNLAYR#ENACOM/2025;17/12/2025;17/12/2028
BRUNO SCHILLIG S.A.;30-70816156-6;EXPCNC 9307/2003;ROMULO S. NAON;2272;PB        ;    ;1430;CABA;CIUDAD DE BUENOS AIRES;;30-3033;0;5973 APN-DNLAYR#ENACOM/2025;17/12/2025;17/12/2028
BRUNO SCHILLIG S.R.L.;30-51975955-8;EXPCNC E 6532/2000;ARENALES;4030;          ;    ;B1604CFD;FLORIDA OESTE;BUENOS AIRES;(011  )4730-1106;30-1373;0;9687 GI/2000;01/09/2000;01/09/2003
BRUNO SCHILLIG S.R.L.;30-51975955-8;EXPCNC E 6532/2000;AVDA. PUEYRREDON;468;9;69;C1032ABR;CIUDAD DE BUENOS AIRES;CAPITAL FEDERAL;(011  )4867-4650;30-1373;0;9687 GI/2000;01/09/2000;01/09/2003
BSA S.A.;30-59703042-4;;PARAGUAY;2452;3;    ;C1121ABN;CIUDAD DE BUENOS AIRES;CAPITAL FEDERAL;(011  )4964-7700;30-1016;0;55 CN/1991;24/01/1991;24/01/1994
BUCCELLO Y ASOCIADOS S.R.L.;30-59722829-1;EX- -APN-REYS#ENACOM 79183370/2020;CERETTI;3074;          ;    ;C1431ELN;CABA;CIUDAD DE BUENOS AIRES;(011  )4711-6194;30-2671;0;2020 APN-DNAYRT#ENACOM/2024;27/02/2024;27/02/2027
BUENOS AIRES HIGH SECURITY S.R.L.;30-71079363-4;EXPCNC 11661/2010;LAVALLE GRAL JUAN;472;2;207;C1047AAJ;CIUDAD AUTONOMA BUENOS AIRES;CIUDAD DE BUENOS AIRES;(011  )4325-1606;30-1814;0;4215 GI/2010;17/12/2010;17/12/2013
BUENOS AIRES TECHNOLOGIES S.A.;33-70802884-9;EXPCNC 313/2009;MADERO;366;1°        ;    ;C1408BRF;CABA;CIUDAD DE BUENOS AIRES;(011  )4458-5836;30-3049;0;2634 APN-DNLAYR#ENACOM/2025;29/10/2025;29/10/2028
BUENOS AIRES TECHNOLOGIES S.A.;33-70802884-9;EXPCNC 313/2009;SARMIENTO;2929;          ;    ;B1712BPE;CASTELAR;BUENOS AIRES;(011  )4458-5836;30-3049;0;2634 APN-DNLAYR#ENACOM/2025;29/10/2025;29/10/2028
BVS TELEVISION S.R.L.;30-70933935-0;EX- -APN-REYS#ENACOM 20745815/2021;AV DIAZ VELEZ;3695;PB        ;    ;1200;CABA;CIUDAD DE BUENOS AIRES;(011  )5282-6400;30-2703;0;1664 APN-DNAYRT#ENACOM/2021;09/04/2021;09/04/2024
BVS TV S.A.;33-71101535-9;EXPCNC 9363/2012;AVDA. GRAL. DIAZ VELEZ;3965;PB        ;    ;C1200AAG;CABA;CIUDAD DE BUENOS AIRES;(011  )4958-5132;30-1880;0;3878 GI/2012;15/10/2012;15/10/2015
BYD AUTO ARGENTINA S.A.U.;30-71909809-2;EX- -APN-ALYAT#ENACOM 31820634/2026;AVDA. MADERO;900;6º        ;    ;1001;CABA;CIUDAD DE BUENOS AIRES;(011  )3285-8283;30-3087;0;7736 APN-DNLAYR#ENACOM/2026;16/05/2026;
BYD AUTO INDUSTRY S.A.;30-71534195-2;EX- -APN-REYS#ENACOM 2289891/2024;SANTA FE;1531;4;    ;1060;CABA;CIUDAD DE BUENOS AIRES;(011  )5509-1831;30-2907;0;833 -APN-DNAYRT#ENACOM/2024;15/01/2024;15/01/2027
BYSOFT S.A.;30-70978904-6;EXPCNC 9322/2008;32 (SAN CARLOS);5037;          ;    ;B1650HAA;VILLA LINCH;BUENOS AIRES;(011  )4712-7982;30-2215;0;4958 ENACOM/2016;07/07/2016;07/07/2019
BYSOFT S.A.;30-70978904-6;EXPCNC 9322/2008;MRCAL FRANCISCO SOLANO LOPEZ;2461;          ;    ;1419;CABA;CIUDAD DE BUENOS AIRES;;30-2215;0;4958 ENACOM/2016;07/07/2016;07/07/2019
C C AGRO & TEC S.A.;30-71087919-9;EXPENACOM 6166/2016;CABILDO;2758;          ;    ;1428;CABA;CIUDAD DE BUENOS AIRES;(011  )5806-8995;30-2204;0;4880 ENACOM/2016;06/07/2016;06/07/2019
C C AGRO & TEC S.A.;30-71087919-9;EXPENACOM 6166/2016;JERONIMO SALGUERO;2731;6º        ;61;C1425DEL;CABA;CIUDAD DE BUENOS AIRES;(011  )4808-0133;30-2204;0;4880 ENACOM/2016;06/07/2016;06/07/2019
C Y T COMUNICACIONES Y TELEMATICA S.R.L.;30-63824791-3;EXPCNC 7552/2007;PARAGUAY;610;25;    ;C1057AAH;CIUDAD AUTONOMA BUENOS AIRES;CIUDAD DE BUENOS AIRES;(011  )4326-9347;30-1653;0;4349 GI/2007;24/09/2007;24/09/2010
C.E.A. S.A.;30-71100971-6;;URUGUAY;1362;1;    ;7600;MAR DEL PLATA;BUENOS AIRES;;30-785;02-362;4145 SU/1986;11/08/1986;11/08/1989
CABLE CONECTORES Y SERVICIOS DE TELECOMUNICACIONES S.R.L.;30-70804788-7;EX- -APN-SDYME#ENACOM 64065591/2019;MARCELO T. DE ALVEAR;1342;9;D   ;1058;CABA;CIUDAD DE BUENOS AIRES;(011  )2581-1010;30-2538;0;9517 APN-DNAYRT#ENACOM/2019;21/08/2019;21/08/2022
CABLEVISION S.A.;30-57365208-4;EXPCNC 3119/2014;FLORIDA;954;          ;    ;C1005AAT;CABA;CIUDAD DE BUENOS AIRES;(011  )9999-9999;30-2246;0;7316 -E-APN-ENACOM#MCO/2016;20/10/2016;20/10/2019
CABLEVISION S.A.;30-57365208-4;EXPCNC 3119/2014;GENERAL HORNOS;690;          ;    ;C1272ACL;CABA;CIUDAD DE BUENOS AIRES;(011  )5530-6010;30-2246;0;7316 -E-APN-ENACOM#MCO/2016;20/10/2016;20/10/2019
CACE S.R.L.;30-69118438-9;;LIBERTAD;480;2;    ;C1012AAJ;CIUDAD DE BUENOS AIRES;CAPITAL FEDERAL;(011  )4382-3909;30-594;0;562 CN/1994;11/04/1994;11/04/1997
CAE SISTEMAS S.R.L.;30-71198744-0;EX- -APN-REYS#ENACOM 71268539/2021;MOSCONI;794;          ;    ;1752;LOMAS DEL MIRADOR;BUENOS AIRES;(011  )5042-7836;30-2730;0;3636 APN-DNAYRT#ENACOM/2021;24/08/2021;24/08/2024
CALA MED ARGENTINA S.R.L.;30-71700461-9;EX- -APN-ALYAT#ENACOM 36225111/2026;MEXICO;1468;6º        ;E   ;1097;CABA;CIUDAD DE BUENOS AIRES;(011  )5703-1897;30-3101;0;8052 APN-DNLAYR#ENACOM/2026;29/05/2026;01/01/2099
CALIDAD DIGITAL S.R.L.;30-71129995-1;EXPCNC 11318/2011;AVDA. JUAN B. ALBERDI;315;1°        ;A   ;C1424BYD;CABA;CIUDAD DE BUENOS AIRES;(011  )6795-1025;30-2182;0;2017 ENACOM/2016;29/04/2016;29/04/2019
CALL CARE S.A.;30-70708465-7;EXPCNC 10319/2013;PERON TTE GRAL JUAN DOMINGO;1509;9;    ;C1037ACC;CABA;CIUDAD DE BUENOS AIRES;(011  )6582-6198;30-2301;0;48 -APN-DNAYRT#ENACOM/2017;05/04/2017;17/01/2021
CAMALO GROUP S.R.L.;30-70975054-9;EX- -APN-SDYME#ENACOM 113289398/2019;FLORIDA;622;3º        ;9;C1005AAN;CABA;CIUDAD DE BUENOS AIRES;(011  )5696-0724;30-3085;0;7036 APN-DNLAYR#ENACOM/2026;27/04/2026;
CAMBIUM NETWORKS S.R.L.;30-71211284-7;EXPCNC 2462/2012;AV. PTE. ROQUE SAENZ PEÑA;1164;9°        ;    ;C1035AAS;CABA;CIUDAD DE BUENOS AIRES;;30-3036;0;799 APN-DNLAYR#ENACOM/2025;25/09/2025;25/09/2028
CAMIMPORT S.R.L.;30-64086932-8;EX- -APN-SDYME#ENACOM 35724353/2017;24 DE SEPTIEMBRE;2447;          ;    ;2000;ROSARIO;SANTA FE;(0341 )431 -8717;30-2390;0;381 APN-DNAYRT#ENACOM/2018;17/01/2018;17/01/2021
CAMIMPORT S.R.L.;30-64086932-8;EX- -APN-SDYME#ENACOM 35724353/2017;25 DE MAYO;168;          ;    ;1002;CABA;CIUDAD DE BUENOS AIRES;;30-2390;0;381 APN-DNAYRT#ENACOM/2018;17/01/2018;17/01/2021
CANON ARGENTINA S.A.;30-52030624-9;EXPCNC 8209/2007;SAN MARTIN;344;19;    ;C1004AAH;CABA;CIUDAD DE BUENOS AIRES;(011  )5554-9884;30-1992;0;1733 GI/2014;11/06/2014;11/06/2017
CANON MEDICAL SYSTEMS ARGENTINA S.A.;30-71600236-1;EX- -APN-REYS#ENACOM 150675213/2023;JULIO ROCA;636;10;    ;1067;CABA;CIUDAD DE BUENOS AIRES;(011  )4403-2015;30-2906;0;1 -APN-DNAYRT#ENACOM/2024;02/01/2024;02/01/2027
CAR MULTIMEDIA S.R.L.;30-71405892-0;EXPCNC 8701/2013;ORTEGA Y GASSET JOSE;1734;2;C   ;C1426DHF;CIUDAD AUTONOMA BUENOS AIRES;CIUDAD DE BUENOS AIRES;(011  )5041-8901;30-1940;0;3393 GI/2013;04/09/2013;04/09/2016
CAR SECURITY S.A.;30-69874417-7;EXPCNC 9151/2003;DR. NICOLAS REPETTO;3656;4º        ;    ;B1636CTL;OLIVOS;BUENOS AIRES;;30-2763;0;12952 APN-DNAYRT#ENACOM/2024;27/12/2024;27/12/2027
CAR SECURITY S.A.;30-69874417-7;EXPCNC 9151/2003;SUIPACHA;1380;6º        ;    ;1011;CABA;CIUDAD DE BUENOS AIRES;;30-2763;0;12952 APN-DNAYRT#ENACOM/2024;27/12/2024;27/12/2027
CARDIOLAB S.A.;30-56164677-1;EXPCNC 1842/2008;CORDOBA;1345;9;B   ;C1055AAD;CIUDAD AUTONOMA BUENOS AIRES;CIUDAD DE BUENOS AIRES;(011  )4815-1426;30-1697;0;1999 GI/2008;03/06/2008;03/06/2011
CARINCI, FEDERICO;20-27399711-4;EX- -APN-SDYME#ENACOM 14993698/2019;CARVASIO ESPINOSA;1385;          ;    ;1416;CABA;CIUDAD DE BUENOS AIRES;(011  )4530-2510;30-2497;0;4248 APN-DNAYRT#ENACOM/2019;01/04/2019;01/04/2022
CARINCI, FEDERICO;20-27399711-4;EX- -APN-SDYME#ENACOM 14993698/2019;PRIMERA JUNTA;262;          ;    ;1748;GENERAL RODRIGUEZ;BUENOS AIRES;(0237 )484 -0017;30-2497;0;4248 APN-DNAYRT#ENACOM/2019;01/04/2019;01/04/2022
CARL ZEISS VISION ARGENTINA S.A.;30-60839264-1;EX- -APN-REYS#ENACOM 34969462/2024;TTE GRAL J D PERON;1558;3;    ;1037;CABA;CIUDAD DE BUENOS AIRES;(011  )4372-2452;30-2931;0;4327 DNAYRT#ENACOM/2024;06/05/2024;06/05/2027
CARLOS KARABITIAN S.A.;30-71337290-7;EXPCNC 6204/2014;AZCUENAGA;1860;          ;    ;1128;CABA;CIUDAD DE BUENOS AIRES;(011  )4801-4177;30-1995;0;1730 GI/2014;11/06/2014;11/06/2017
CARLOS KARABITIAN S.A.;30-71337290-7;EXPCNC 6204/2014;VALPARAISO;4815;          ;    ;5016;CORDOBA;CORDOBA;(0351 )493 -6060;30-1995;0;1730 GI/2014;11/06/2014;11/06/2017
CARME S.R.L;30-69669479-2;EX- -APN-SDYME#ENACOM 24750848/2017;FRANCISCO BILBAO;5761;          ;    ;1440;CABA;CIUDAD DE BUENOS AIRES;(011  )4683-0905;30-2375;0;1206 APN-DNAYRT#ENACOM/2017;27/10/2017;17/01/2021
CARREFOUR ARGENTINA S.A.;30-58462038-9;EXPCNC 7042/2004;CUYO;3367;          ;    ;B1640GJA;MARTINEZ;BUENOS AIRES;(011  )4733-7700;30-1497;0;3657 GI/2004;29/10/2004;29/10/2007
CARREFOUR ARGENTINA S.A.;30-58462038-9;EXPCNC 7042/2004;ROJAS DR RICARDO;401;6;    ;C1001AEA;CIUDAD AUTONOMA BUENOS AIRES;CIUDAD DE BUENOS AIRES;(011  )4733-7722;30-1497;0;3657 GI/2004;29/10/2004;29/10/2007
CARREIRA, ANGEL HERNAN;20-25295913-1;EX- -APN-REYS#ENACOM 66312596/2022;PUEYRREDON;3560;          ;    ;1752;LOMAS DEL MIRADOR;BUENOS AIRES;(011  )6612-5543;30-2810;0;4114 APN-DNAYRT#ENACOM/2022;26/07/2022;26/07/2025
CARRIER FUEGUINA SOCIEDAD ANONIMA;30-70943921-5;EXPENACOM 293/2016;SAN MARTIN;280;1;    ;9420;RIO GRANDE;TIERRA DEL FUEGO, ANTARTIDA E ISLAS DEL ATLANTICO SUR;(011  )5037-1977;30-2946;0;6689 APN-DNAYRT#ENACOM/2024;02/07/2024;01/01/2099
CARRIER S.R.L.;33-50392124-9;EXPENACOM 11144/2017;ESCALADA DE SAN MARTIN REMEDIOS;2900;          ;    ;B1822AAP;VALENTIN ALSINA;BUENOS AIRES;(011  )4208-8041;30-2939;0;4320 APN-DNAYRT#ENACOM/2024;06/05/2024;06/05/2027
CARSA S.A.;33-57226644-9;EXPCNC 8550/2005;AVDA. 25 DE MAYO;1599;          ;    ;H3506KJH;RESISTENCIA;CHACO;(0362 )445 -6000;30-2418;0;1993 APN-DNAYRT#ENACOM/2018;13/04/2018;13/04/2021
CARSA S.A.;33-57226644-9;EXPCNC 8550/2005;INT. BULLRICH;345;          ;    ;1425;CABA;CIUDAD DE BUENOS AIRES;(011  )4851-3609;30-2418;0;1993 APN-DNAYRT#ENACOM/2018;13/04/2018;13/04/2021
CARTRONIC S.A.;30-71085256-8;EXPCNC 2995/2011;LA PLATA;1109;PB        ;    ;C1250AAB;CIUDAD AUTONOMA BUENOS AIRES;CIUDAD DE BUENOS AIRES;;30-2017;0;3159 GI/2014;09/09/2014;09/09/2017
CARUBBI BRITOS COMUNICACIONES S.R.L.;30-54989986-9;EXPCNTMESA E 10324/1995;AVDA. MOSCONI ESQ. 12 DE OCTUBRE;S/N;          ;    ;1879;QUILMES OESTE;BUENOS AIRES;(011  )4207-8600;30-856;02-304;5076 GI/1995;20/07/1995;20/07/1998
CARUBBI BRITOS COMUNICACIONES S.R.L.;30-54989986-9;EXPCNTMESA E 10324/1995;VER EL EXPTE.;1;          ;    ;1001;CIUDAD DE BUENOS AIRES;CAPITAL FEDERAL;;30-856;02-304;5076 GI/1995;20/07/1995;20/07/1998
CARVAJAL S.A.I.C.;33-51706711-9;;SAENZ PEÑA;4153;          ;    ;B1751BME;VILLA INSUPERABLE;BUENOS AIRES;(011  )4652-8128;30-846;02-386;217 SU/1990;25/06/1990;25/06/1993
CARVAJAL S.A.I.C.;33-51706711-9;;VER EL EXPTE.;1;          ;    ;1001;CIUDAD DE BUENOS AIRES;CAPITAL FEDERAL;;30-846;02-386;217 SU/1990;25/06/1990;25/06/1993
CASA ALEJANDRO KLEIN DE CANEPA DE KLEIN MARTHA ELENA Y KLEIN ANDRES;30-53634603-8;EXPCNTMESA E 10324/1995;JUJUY;1820;2;B   ;7600;MAR DEL PLATA;BUENOS AIRES;;30-1248;02-472;5076 GI/1995;20/07/1995;20/07/1998
CASA TRASORRAS S.C.;30-57746610-2;;PERON TTE GRAL JUAN DOMINGO;1781;3;    ;C1037ACG;CIUDAD AUTONOMA BUENOS AIRES;CIUDAD DE BUENOS AIRES;(011  )4374-3910;30-1101;0;426 CN/1991;29/08/1991;29/08/1994
CASHPOWER SUDAMERICANA S.A.;30-68062651-7;EX- -APN-SDYME#ENACOM 6152735/2018;TAPALQUE;7135;          ;    ;1440;CABA;BUENOS AIRES;(011  )5404-2290;30-2406;0;954 APN-DNAYRT#ENACOM/2018;21/02/2018;21/02/2021
CASINO MELINCUE S.A.;30-70975372-6;EXPCNC 5428/2009;BV. IRIONDO S/N ESQ. SAN LORENZO;0;          ;    ;2728;MELINCUE;SANTA FE;(03465)49  -9700;30-1742;0;2253 GI/2009;01/07/2009;01/07/2012
CASSI, PABLO RICARDO;20-25284389-3;EXPCNC 4044/2010;GRAL. JUAN M. DE PUEYRREDON;3357;          ;    ;B1702ASG;CIUDADELA;BUENOS AIRES;(011  )4653-9476;30-1776;0;927 APN-DNAYRT#ENACOM/2025;22/04/2025;01/01/2099
CASSI, PABLO RICARDO;20-25284389-3;EXPCNC 4044/2010;TUCUMAN;540;15º       ;E   ;C1049AAL;CABA;CIUDAD DE BUENOS AIRES;(011  )4653-9476;30-1776;0;927 APN-DNAYRT#ENACOM/2025;22/04/2025;01/01/2099
CASTILLO CARLOS CHAVEZ HUMBERTO SALGADO ABEL CESAR ARGAÑARAZ HUGO S.H.;30-65792625-2;;NOGOYA;4755;          ;    ;C1417FOM;CIUDAD AUTONOMA BUENOS AIRES;CIUDAD DE BUENOS AIRES;;30-759;02-350;4081 SU/1986;05/05/1986;05/05/1989
CCG CONSULTING S.R.L.;30-71845289-5;EX- -APN-REYS#ENACOM 139304552/2024;MAFALDA;854;          ;    ;1437;CABA;CIUDAD DE BUENOS AIRES;(011  )6897-3125;30-2985;0;229 APN-DNAYRT#ENACOM/2025;26/01/2025;26/01/2028
CCH E HIJOS S.R.L.;30-69598014-7;EXPCNC 9427/2007;INDEPENDENCIA;3473;          ;    ;C1225ABD;CIUDAD AUTONOMA BUENOS AIRES;CIUDAD DE BUENOS AIRES;(011  )4932-1000;30-1666;0;5051 GI/2013;13/04/2012;13/04/2015
CDO GROUP SOCIEDAD ANONIMA;30-71624944-8;EX- -APN-REYS#ENACOM 89456748/2025;AVDA. EMILIO CASTRO;7440;          ;    ;C1408IGY;CABA;CIUDAD DE BUENOS AIRES;(011  )6612-5543;30-3027;0;108 ANP-DNLAYR#ENACOM/2025;11/09/2025;11/09/2028
CEBALLOS, SERGIO DANIEL;00-17158051-0;EXPCNC E 943/2001;ALDAO FELIX JOSE ;164;          ;    ;X5003FKD;CORDOBA;CORDOBA;(0351 )552 -9488;30-1387;0;3888 GI/2005;27/09/2005;27/09/2008
CEBALLOS, SERGIO DANIEL;00-17158051-0;EXPCNC E 943/2001;DE MAYO;560;3;27;C1084AAN;CIUDAD AUTONOMA BUENOS AIRES;CIUDAD DE BUENOS AIRES;;30-1387;0;3888 GI/2005;27/09/2005;27/09/2008
CEBALLOS, SERGIO DANIEL;00-17158051-0;EXPCNC E 943/2001;PERU;562;PB        ;    ;1068;CABA;CIUDAD DE BUENOS AIRES;;30-1387;0;3888 GI/2005;27/09/2005;27/09/2008
CELER COMEX S.R.L.;30-71567985-6;EX- -APN-ALYAT#ENACOM 45526917/2026;MEXICO;625;2;B   ;1097;CABA;CIUDAD DE BUENOS AIRES;(011  )5258-4536;30-3097;0;7886 APN-DNLAYR#ENACOM/2026;22/05/2026;01/01/2099
CELISTICS S.A.;30-71086852-9;EXPCNC 9466/2010;ALEM LEANDRO NICEFORO;592;10;B   ;C1001AAN;CIUDAD AUTONOMA BUENOS AIRES;CIUDAD DE BUENOS AIRES;(011  )4132-5602;30-2076;0;1468 GI/2015;23/04/2015;23/04/2018
CELISTICS S.A.;30-71086852-9;EXPCNC 9466/2010;OLGA COSSETTINI;340;          ;    ;C1107CCH;CABA;CIUDAD DE BUENOS AIRES;(011  )4132-5600;30-2076;0;1468 GI/2015;23/04/2015;23/04/2018
CELLULAR PLUS B.S. A.S. S.A.;30-71052175-8;EXPCNC 4126/2008;NEWBERY JORGE;1733;14;C   ;C1426CXE;CIUDAD AUTONOMA BUENOS AIRES;CIUDAD DE BUENOS AIRES;(011  )3575-0978;30-1695;0;1789 GI/2008;23/05/2008;23/05/2011
CEM CONSULTING S.A.;30-71129801-7;EXPCNC 9981/2010;PIEDRAS;482;6;Y   ;C1070AAJ;CIUDAD AUTONOMA BUENOS AIRES;CIUDAD DE BUENOS AIRES;(011  )4342-1310;30-1804;0;3604 GI/2010;28/10/2010;28/10/2013
CENTRAL STATION ARGENTINA S.R.L.;30-65046081-9;EXPENACOM 6734/2016;GRAL. J. A. LAVALLEJA;1422;PB        ;    ;X5000KKR;CORDOBA;CORDOBA;(0351 )471 -7171;30-2234;0;6641 -E-APN-ENACOM#MCO/2016;14/09/2016;14/09/2019
CENTRAL STATION ARGENTINA S.R.L.;30-65046081-9;EXPENACOM 6734/2016;MENDOZA;5452;1°        ;C   ;C1431CIT;CABA;CIUDAD DE BUENOS AIRES;(011  )4522-2417;30-2234;0;6641 -E-APN-ENACOM#MCO/2016;14/09/2016;14/09/2019
CENTRO DE LA INFORMATICA S.A.;30-70934428-1;EX- -APN-SDYME#ENACOM 56209374/2018;BERON DE ASTRADA;1811;          ;    ;C1437DGG;CABA;CIUDAD DE BUENOS AIRES;(011  )5282-7400;30-2775;02-626;490 APN-DNAYRT#ENACOM/2022;03/02/2022;03/02/2025
CENTRO DE LA INFORMATICA S.A.;30-70934428-1;EX- -APN-SDYME#ENACOM 56209374/2018;DOMINGO SARMIENTO;2920;          ;    ;V9420GIV;RIO GRANDE;TIERRA DEL FUEGO, ANTARTIDA E ISLAS DEL ATLANTICO SUR;(011  )3430-5198;30-2775;02-626;490 APN-DNAYRT#ENACOM/2022;03/02/2022;03/02/2025
CENTRO MILANO S.A.;30-71083989-8;EXPCNC 1271/2010;ARANGUREN DR JUAN FELIPE;4170;          ;    ;C1407ELR;CIUDAD AUTONOMA BUENOS AIRES;CIUDAD DE BUENOS AIRES;(011  )5544-0900;30-1768;0;837 GI/2010;09/03/2010;09/03/2013
CENTRO MILANO S.A.;30-71083989-8;EXPCNC 1271/2010;DEL LIBERTADOR;1730;          ;    ;B1638BGQ;VICENTE LOPEZ;BUENOS AIRES;(011  )5544-0900;30-1768;0;837 GI/2010;09/03/2010;09/03/2013
CENTRO VECINAL DEPARTAMENTAL BAÑADO DE OVANTA;30-70735772-6;;CUBA;1833;5;    ;C1428AEA;CIUDAD DE BUENOS AIRES;CIUDAD DE BUENOS AIRES;;30-763;02-353;4057 SU/1986;15/05/1986;15/05/1989
CENTRY S.A.;30-70979480-5;EXPCNC 5041/2012;PASCO;755;          ;    ;C1219ABE;CIUDAD AUTONOMA BUENOS AIRES;CIUDAD DE BUENOS AIRES;(011  )4942-7111;30-1871;0;2235 GI/2012;22/06/2012;22/06/2015
CERAGON ARGENTINA S.A.;30-70749399-9;EXPCNC E 3284/2001;MAIPU;1300;23º       ;J   ;C1006ACT;CABA;CIUDAD DE BUENOS AIRES;;30-2746;0;12068 APN-DNAYRT#ENACOM/2024;22/11/2024;22/11/2027
CETIB S.R.L.;30-68335221-3;;CORDOBA;923;          ;    ;C1054AAI;CIUDAD AUTONOMA BUENOS AIRES;CIUDAD DE BUENOS AIRES;;30-584;02-272;428 GI/1983;05/05/1983;05/05/1986
CFQ COMUNICACIONES S.R.L.;30-70996051-9;EXPCNC 7516/2008;MENDOZA;2151;2;C   ;C1428DKI;CIUDAD AUTONOMA BUENOS AIRES;CIUDAD DE BUENOS AIRES;(011  )4962-0706;30-1706;0;2764 GI/2008;07/08/2008;07/08/2011
CFQ COMUNICACIONES S.R.L.;30-70996051-9;EXPCNC 7516/2008;PAVON;61;6;E   ;1870;AVELLANEDA;BUENOS AIRES;(011  )5097-7781;30-1706;0;2764 GI/2008;07/08/2008;07/08/2011
CGF IMPORTS S.R.L.;30-70829206-7;EXPENACOM 14267/2017;MONROE;881;          ;    ;1428;CABA;CIUDAD DE BUENOS AIRES;(011  )5236-9063;30-2353;0;49 APN-DNPYC#ENACOM/2017;07/09/2017;17/01/2021
CH INTERNATIONAL ARGENTINA S.R.L.;30-70878756-2;EXPCNC 4307/2004;SANTA FE;1193;3;11;1059;CABA;CIUDAD DE BUENOS AIRES;;30-1487;0;3203 -APN-DNLAYR#ENACOM/2025;06/11/2025;06/11/2028
CHAIJ, GUSTAVO MARCELO;20-22033605-1;EXPENACOM 15200/2017;PUEYRREDON;536;          ;    ;X5000BSO;CORDOBA;CORDOBA;(0351 )552 -7795;30-2369;0;863 APN-DNAYRT#ENACOM/2017;10/10/2017;17/01/2021
CHAN ONE S.A.;30-71504042-1;EX- -APN-SDYME#ENACOM 8171943/2018;RUTA PANAMERICANA RAMAL PILAR KM 35.500;S/N;          ;    ;1667;TORTUGUITAS;BUENOS AIRES;(03327)453 -0500;30-2487;0;1937 APN-DNAYRT#ENACOM/2019;28/02/2019;28/02/2022
CHAN ONE S.A.;30-71504042-1;EX- -APN-SDYME#ENACOM 8171943/2018;SANTA FE;1643;5;    ;1060;CABA;CIUDAD DE BUENOS AIRES;;30-2487;0;1937 APN-DNAYRT#ENACOM/2019;28/02/2019;28/02/2022
CHASCO, ROBERTO DANIEL;20-17502422-1;EXPCNT E 30255/1996;CHICLANA;50;          ;    ;Q8340BFB;ZAPALA;NEUQUEN;(02942)43  -0701;30-1272;0;1243 GI/1996;16/05/1996;16/05/1999
CHASCO, ROBERTO DANIEL;20-17502422-1;EXPCNT E 30255/1996;VER EL EXPTE.;1;          ;    ;1001;CIUDAD DE BUENOS AIRES;CAPITAL FEDERAL;;30-1272;0;1243 GI/1996;16/05/1996;16/05/1999
CHEP ARGENTINA S.A.;30-69620713-1;EX- -APN-REYS#ENACOM 30185293/2022;AV CORRIENTES;420;          ;    ;1043;CABA;CIUDAD DE BUENOS AIRES;(011  )5365-8455;30-2790;0;3327 APN-DNAYRT#ENACOM/2022;15/06/2022;15/06/2025
CHIAVETTA, ALEJANDRO FABIAN;20-32823650-9;EX- -APN-ALYAT#ENACOM 62882604/2026;12 DE OCTUBRE;1225;1;12;5519;SAN JOSE;MENDOZA;(0261 )248 -4343;30-3125;0;9098 APN-DNLAYR#ENACOM/2026;27/07/2026;01/01/2099
CHICA, CESAR FRANCISCO;20-14302501-3;;PASAJE TINEO;1261;          ;    ;A4400BWC;SALTA;SALTA;(0387 )422 -0314;30-1193;0;5236 CN/1993;30/09/1993;30/09/1996
CHICA, CESAR FRANCISCO;20-14302501-3;;VER EL EXPTE.;1;          ;    ;1001;CIUDAD DE BUENOS AIRES;CAPITAL FEDERAL;;30-1193;0;5236 CN/1993;30/09/1993;30/09/1996
CHRYSLER ARGENTINA S.R.L.;30-71031554-6;EXPCNC 2697/2013;VILLAFLOR AZUCENA;435;8;    ;C1107CII;CABA;CIUDAD DE BUENOS AIRES;(0351 )410 -2626;30-1915;0;1413 GI/2013;30/04/2013;30/04/2016
CI 5 S.A.;30-67948859-3;EX- -APN-REYS#ENACOM 112345505/2021;MARIANO PELLIZA;4050;          ;    ;B1636FEZ;OLIVOS;BUENOS AIRES;(011  )5949-3616;30-2762;0;12071 APN-DNAYRT#ENACOM/2024;22/11/2024;22/11/2027
CI 5 S.A.;30-67948859-3;EX- -APN-REYS#ENACOM 112345505/2021;MONROE;1970;5;1;1428;CABA;CIUDAD DE BUENOS AIRES;;30-2762;0;12071 APN-DNAYRT#ENACOM/2024;22/11/2024;22/11/2027
CIAFARDINI, ELIZABETH CRISTINA;23-94473570-4;EX- -APN-SDYME#ENACOM 1698827/2018;LAVALLE;1588;4°        ;B   ;1048;CABA;CIUDAD DE BUENOS AIRES;(011  )4519-8480;30-2391;0;380 APN-DNAYRT#ENACOM/2018;17/01/2018;17/01/2021
CIENTO OCHO SOCIEDAD DE RESPONSABILIDAD LIMITADA;30-71706126-4;EX- -APN-REYS#ENACOM 102925621/2024;PARANA;1138;          ;    ;2000;ROSARIO;SANTA FE;(0341 )373 -8393;30-2966;0;11337 APN-DNAYRT#ENACOM/2024;21/10/2024;21/10/2027
CIKA ELECTRONICA S.R.L.;30-63098466-8;EXPCNC 4931/2007;DE LOS INCAS;4821;          ;    ;C1427DOA;CIUDAD AUTONOMA BUENOS AIRES;CIUDAD DE BUENOS AIRES;(011  )4523-6068;30-1640;0;2489 GI/2011;27/06/2011;27/06/2014
CIRION TECHNOLOGIES ARGENTINA S.A.;30-62674717-1;EXPCNC E 3981/1998;ALFEREZ PAREJA;256;PB        ;    ;C1107BJD;CIUDAD AUTONOMA BUENOS AIRES;CIUDAD DE BUENOS AIRES;;30-1236;0;1591 GI/2008;14/05/2008;14/05/2011
CISCO SYSTEMS ARGENTINA S.A.;30-68990729-2;EXPCNC E 7588/2000;ING. ENRIQUE BUTTY;240;17º       ;    ;C1001AFB;CABA;CIUDAD DE BUENOS AIRES;(011  )4341-0100;30-2776;0;362 APN-DNAYRT#ENACOM/2025;24/02/2025;24/02/2028
CIUDADES DIGITALES S.R.L.;30-71446870-3;EXPENACOM 5012/2016;DR. ROMULO NAON;2427;2;B   ;C1430EPM;CABA;CIUDAD DE BUENOS AIRES;(011  )5325-2581;30-2194;0;3867 ENACOM/2016;14/06/2016;14/06/2019
CIUDADES DIGITALES S.R.L.;30-71446870-3;EXPENACOM 5012/2016;GORRITI;3936;2;A   ;1172;CABA;CIUDAD DE BUENOS AIRES;;30-2194;0;3867 ENACOM/2016;14/06/2016;14/06/2019
CLADIRECT S.A.;30-71026952-8;EXPCNC 10460/2010;RENCONQUISTA;661;9;B   ;1003;CABA;CIUDAD DE BUENOS AIRES;(011  )6716-3155;30-2860;0;2726 -APN-DNAYRT#ENACOM/2023;29/03/2023;29/03/2026
CLAR ARG S.A.;33-70896622-9;EXPCNC 5253/2009;LA PAMPA;2010;1;A   ;C1428EAJ;CIUDAD AUTONOMA BUENOS AIRES;CIUDAD DE BUENOS AIRES;(011  )4787-3178;30-1741;0;2243 GI/2009;24/06/2009;24/06/2012
CLAR SERVICE S.R.L.;30-71244755-5;EXPCNC 3939/2013;LA PAMPA;2010;1;A   ;C1428EAJ;CABA;CIUDAD DE BUENOS AIRES;(011  )6702-8559;30-2300;0;15 -APN-DNAYRT#ENACOM/2017;23/03/2017;17/01/2021
CLAVE ELECTRONICA S.A.;30-68004736-3;EXPCNC E 4710/1999;HIPOLITO YRIGOYEN;1544;1;    ;C1089AAD;CIUDAD DE BUENOS AIRES;CAPITAL FEDERAL;;30-1341;0;2204 GI/2004;05/07/2004;05/07/2007
CLAVE ELECTRONICA S.A.;30-68004736-3;EXPCNC E 4710/1999;SALGUERO (CALLE 85);2493;          ;    ;B1650BTG;SIN DENOMINACION;BUENOS AIRES;(011  )4724-4600;30-1341;0;2204 GI/2004;05/07/2004;05/07/2007
CLIMATE, CONTROLS & SECURITY ARGENTINA S.A.;30-69727100-3;EX- -APN-SDYME#ENACOM 21440437/2018;PEDRO DE LUJAN;2902;          ;    ;1294;CABA;CIUDAD DE BUENOS AIRES;(011  )4309-9500;30-2551;0;10864 APN-DNAYRT#ENACOM/2019;09/10/2019;09/10/2022
CLIP & CO S.R.L.;30-70726395-0;EXPCNC E 8286/2001;ALTE. GUILLERMO BROWN;1922;          ;    ;B1704ALR;RAMOS MEJIA;BUENOS AIRES;(011  )4657-3032;30-1412;0;6272 GI/2001;26/12/2001;26/12/2004
CLIP & CO S.R.L.;30-70726395-0;EXPCNC E 8286/2001;PAREJA;3483;1;8;C1419GUA;CIUDAD DE BUENOS AIRES;CAPITAL FEDERAL;(011  )4501-7013;30-1412;0;6272 GI/2001;26/12/2001;26/12/2004
CLOUD GROUP S.A.;30-71555176-0;EX- -APN-REYS#ENACOM 33331992/2020;QUINTANILLA;841;          ;    ;1611;DON TORCUATO;BUENOS AIRES;(011  )6731-8852;30-2618;0;2381 APN-DNAYRT#ENACOM/2020;10/06/2020;10/06/2023
CNH ARGENTINA S.A.;30-71680187-6;EX- -APN-REYS#ENACOM 33362752/2022;PTE ROQUE SAENZ PEÑA;615;11;    ;C1035AAB;CABA;CIUDAD DE BUENOS AIRES;(0351 )235 -0558;30-3080;0;6700 APN-DNLAYR#ENACOM/2026;15/04/2026;
CNH INDUSTRIAL ARGENTINA S.A.;30-58589526-8;EXPCNC 10872/2010;AVENIDA ROQUE SAENZ PEÑA;615;11;    ;1035;CABA;CIUDAD DE BUENOS AIRES;(011  )5236-5596;30-2729;0;3530 APN-DNAYRT#ENACOM/2021;12/08/2021;12/08/2024
CNH INDUSTRIAL ARGENTINA S.A.;30-65872071-2;EXPCNC 3782/2014;ROQUE SAENZ PEÑA;615;11;    ;1035;CABA;CIUDAD DE BUENOS AIRES;(0351 )410 -2690;30-1988;0;1474 GI/2015;06/05/2014;06/05/2017
COARPRO S.A.;30-51725123-9;;AVDA. ING. ENRIQUE MOSCONI;460;          ;    ;M5500HTR;MENDOZA;MENDOZA;(0261 )430 -4798;0;02-361;4145 SU/1986;11/08/1986;11/08/1989
COARPRO S.A.;30-51725123-9;;VER EL EXPTE.;1;          ;    ;1001;CIUDAD DE BUENOS AIRES;CAPITAL FEDERAL;;0;02-361;4145 SU/1986;11/08/1986;11/08/1989
COASIN COMUNICACIONES S.A.;30-65848786-4;EXPCNC 3636/2002;ALSINA DOCTOR ADOLFO;1322;1;    ;C1088AAJ;CIUDAD AUTONOMA BUENOS AIRES;CIUDAD DE BUENOS AIRES;(011  )4343-1366;30-1204;0;3978 GI/2011;30/09/2011;30/09/2014
COASIN SOCIEDAD ANONIMA COMERCIAL INDUSTRIAL Y FINANCIERA;30-53914848-2;EX- -APN-SDYME#ENACOM 3872960/2020;VIRREY DEL PINO;4071;          ;    ;C1430CAM;CABA;CIUDAD DE BUENOS AIRES;(011  )4555-3321;30-2587;0;641 DNAYRT#ENACOM/2020;21/01/2020;21/01/2023
COLOMBO, GRACIELA TELMA;23-02313929-4;EXPCNC 9250/2003;ANCHORIS;29;3;12;C1280AAA;CABA;CIUDAD DE BUENOS AIRES;(011  )4304-5251;30-1470;0;262 ENACOM/2016;04/03/2016;04/03/2019
COLOR CELLS S.A.;30-68493921-8;EXPCNC 9268/2003;SAN BLAS;1833;          ;    ;C1416EFE;CIUDAD AUTONOMA BUENOS AIRES;CIUDAD DE BUENOS AIRES;(011  )4585-5000;30-1510;0;679 GI/2005;09/02/2005;09/02/2008
COMDAT S.A.;30-68779768-6;EXPCNC E 15328/1999;ZABALA BRUNO MARIANO DE;1739;PB        ;    ;C1426DQE;CIUDAD AUTONOMA BUENOS AIRES;CIUDAD DE BUENOS AIRES;(011  )4785-7588;30-1282;0;2353 GI/2006;16/06/2006;16/06/2009
COMDELSUR S.R.L.;30-70981225-0;EXPENACOM 10792/2017;BELGRANO;553;2;H   ;1092;CABA;CIUDAD DE BUENOS AIRES;(011  )4991-9826;30-2336;0;304 -APN-DNAYRT#ENACOM/2017;07/07/2017;17/01/2021
COMDIAL ARGENTINA S.A.;30-68633100-4;EXPCNC E 2496/1997;FLORIDA;971;          ;L.58;C1005AAS;CIUDAD DE BUENOS AIRES;CAPITAL FEDERAL;(011  )4314-0424;30-1289;0;652 GI/1997;06/05/1997;06/05/2000
COMERCIAL ALPACA S.A.;30-70721269-8;EXPCNC 5696/2003;ANCHORENA DR TOMAS MANUEL DE;655;          ;    ;C1170ACK;CIUDAD AUTONOMA BUENOS AIRES;CIUDAD DE BUENOS AIRES;(011  )4867-1001;30-1460;0;2819 GI/2007;26/06/2007;26/06/2010
COMERCIAL MONTRES S.A.;30-54173516-6;;AVDA. CORRIENTES;1386;          ;    ;C1043ABN;CIUDAD DE BUENOS AIRES;CAPITAL FEDERAL;(011  )4375-2845;30-1186;0;3763 CN/1993;05/08/1993;05/08/1996
COMERCIALIZADORA DE BIENES DE CAPITAL S.A.;30-59319937-8;EX- -APN-REYS#ENACOM 42716512/2020;MORENO DOCTOR MARIANO;466;          ;    ;S2300ICJ;RAFAELA;SANTA FE;;30-2635;0;3169 APN-DNAYRT#ENACOM/2020;07/08/2020;07/08/2023
COMEX CONSULTORES ASOCIADOS S.R.L.;30-71058356-7;EX- -APN-REYS#ENACOM 98484887/2023;AVDA. LIBERTADOR;5990;5° 505    ;    ;C1428ARP;C.A.B.A.;CIUDAD DE BUENOS AIRES;;30-2886;0;7462 -APN-DNAYRT#ENACOM/2023;18/09/2023;18/09/2026
COMEX CONSULTORES ASOCIADOS S.R.L.;30-71058356-7;EX- -APN-REYS#ENACOM 98484887/2023;VICTORINO DE LA PLAZA;1164;          ;    ;1428;CABA;CIUDAD DE BUENOS AIRES;(011  )4788-9794;30-2886;0;7462 -APN-DNAYRT#ENACOM/2023;18/09/2023;18/09/2026
COMINTER S.A.;30-61552218-6;;DONADO;81;          ;    ;B8000IYA;BAHIA BLANCA;BUENOS AIRES;(0291 )454 -8424;30-961;0;118 GI/1990;09/02/1990;09/02/1993
COMINTER S.A.;30-61552218-6;;VER EL EXPTE.;1;          ;    ;1001;CIUDAD DE BUENOS AIRES;CAPITAL FEDERAL;;30-961;0;118 GI/1990;09/02/1990;09/02/1993
COMMLOGIK ARGENTINA S.A.;30-70705981-4;EXPCNC 1960/2006;SUIPACHA;576;3;    ;C1008AAL;CIUDAD AUTONOMA BUENOS AIRES;CIUDAD DE BUENOS AIRES;(011  )4393-9700;30-1570;0;1736 GI/2014;11/06/2014;11/06/2017
COMMSCOPE CONNECTIVITY ARGENTINA S.A.;30-52176579-4;EXPENACOM 10147/2016;CONGRESO;1685;          ;    ;C1428BUC;CABA;CIUDAD DE BUENOS AIRES;(011  )7090-3229;30-2978;0;12951 APN-DNAYRT#ENACOM/2024;27/12/2024;27/12/2027
COMMSCOPE SOLUTIONS ARGENTINA S.R.L.;30-70863775-7;EXPCNC 997/2005;DEL LIBERTADOR;5926;3;A   ;C1428ARP;CIUDAD AUTONOMA BUENOS AIRES;CIUDAD DE BUENOS AIRES;(011  )4310-2200;30-1892;0;333 GI/2013;13/02/2013;13/02/2016
COMMUNICATION SYSTEMS S.R.L.;30-70949581-6;EXPCNC 1438/2006;ZABALA BRUNO MARIANO DE;1739;PB        ;    ;C1426DQE;CIUDAD AUTONOMA BUENOS AIRES;CIUDAD DE BUENOS AIRES;(011  )4785-7588;30-1565;0;1972 GI/2009;29/05/2009;29/05/2012
COMPAÑIA ARGENTINA DE MERCHANDISING S.A.;30-70913513-5;EX- -APN-REYS#ENACOM 116640710/2022;CHICLANA;102;          ;    ;1766;LA TABLADA;BUENOS AIRES;(011  )4104-4631;30-2846;0;6955 APN-DNAYRT#ENACOM/2022;29/11/2022;29/11/2025
COMPAÑIA ARGENTINA DE MERCHANDISING S.A.;30-70913513-5;EX- -APN-REYS#ENACOM 116640710/2022;HUMBOLDT;786;          ;    ;1414;CABA;CIUDAD DE BUENOS AIRES;;30-2846;0;6955 APN-DNAYRT#ENACOM/2022;29/11/2022;29/11/2025
COMPANIA DE COMERCIO S.A.;30-71557559-7;EX- -APN-REYS#ENACOM 91106129/2022;NECOCHEA;173;PB        ;A   ;1158;CABA;CIUDAD DE BUENOS AIRES;(011  )4342-0674;30-2833;0;6442 APN-DNAYRT#ENACOM/2022;31/10/2022;31/10/2025
COMPAÑIA DE INSTALACIONES TELEFONICAS Y ELECTRICAS CITE S.A.;30-67989115-0;EXPCNT E 36049/1996;MEXICO;871;5;19;C1097AAQ;CIUDAD DE BUENOS AIRES;CAPITAL FEDERAL;(011  )4345-1086;30-1280;02-476;3946 GI/1996;04/11/1996;04/11/1999
COMPAÑIA DE RADIOCOMUNICACIONES MOVILES S.A.;30-62441865-0;EXPCNC E 343/2000;BUTTY ING ENRIQUE;240;20;    ;C1001AFB;CIUDAD AUTONOMA BUENOS AIRES;CIUDAD DE BUENOS AIRES;(011  )5321-2214;30-1283;0;2578 GI/2003;04/06/2003;04/06/2006
COMPAÑIA DE RADIOCOMUNICACIONES MOVILES S.A.;30-62441865-0;EXPCNC E 343/2000;CORRIENTES;655;4;20;C1043AAG;CIUDAD AUTONOMA BUENOS AIRES;CIUDAD DE BUENOS AIRES;(011  )5321-2221;30-1283;0;2578 GI/2003;04/06/2003;04/06/2006
COMPAÑIA ELECTRONICA EN COMUNICACIONES S.R.L.;33-62691406-9;;AVDA. SAN JUAN;2479;2;    ;1232;CIUDAD DE BUENOS AIRES;CAPITAL FEDERAL;;30-996;0;49 CN/1990;21/12/1990;21/12/1993
COMPAÑIA ERICSSON SOCIEDAD ANONIMA, COMERCIAL E INDUSTRIAL;30-52605819-0;EXPENACOM 14069/2016;AVDA. CALLAO;420;7°        ;A   ;C1022AAR;CABA;CIUDAD DE BUENOS AIRES;(011  )4319-5500;30-2725;0;3336 APN-DNAYRT#ENACOM/2021;05/08/2021;05/08/2024
COMPAÑIA ERICSSON SOCIEDAD ANONIMA, COMERCIAL E INDUSTRIAL;30-52605819-0;EXPENACOM 14069/2016;AVDA. DEL LIBERTADOR;174;6°        ;    ;B1638BEN;VICENTE LOPEZ;BUENOS AIRES;;30-2725;0;3336 APN-DNAYRT#ENACOM/2021;05/08/2021;05/08/2024
COMPAÑIA HASAR SOCIEDAD ANONIMA, INDUSTRIAL Y COMERCIAL;30-61040056-2;EXPCNC 7158/2005;CHARLONE;1144;          ;    ;1427;CABA;CIUDAD DE BUENOS AIRES;;30-2837;0;1485 APN-DNLAYR#ENACOM/2025;14/10/2025;14/10/2028
COMPAÑIA HASAR SOCIEDAD ANONIMA, INDUSTRIAL Y COMERCIAL;30-61040056-2;EXPCNC 7158/2005;MARCOS SASTRE;2214;          ;    ;1618;RICARDO ROJAS;BUENOS AIRES;(011  )4117-8900;30-2837;0;1485 APN-DNLAYR#ENACOM/2025;14/10/2025;14/10/2028
COMPAÑIA MSA DE ARGENTINA S.A.;30-68307545-7;EX- -APN-REYS#ENACOM 78153762/2022;TUCUMAN;1;          ;    ;1048;CABA;CIUDAD DE BUENOS AIRES;(011  )4727-4600;30-2819;0;846 APN-DNLAYR#ENACOM/2025;26/09/2025;26/09/2028
COMPAÑIA PAPELERA SARANDI SOCIEDAD ANONIMA, INDUSTRIAL, COMERCIAL, INVERSORA, INMOBILIARIA Y AGROPECUARIA;30-53560171-9;EXPCNC E 7048/2001;SARANDI;1567;          ;    ;1251;CIUDAD DE BUENOS AIRES;CIUDAD DE BUENOS AIRES;;30-2372;0;1065 APN-DNAYRT#ENACOM/2017;20/10/2017;17/01/2021
COMPAQ LATIN AMERICA CORPORATION SUCURSAL ARGENTINA;30-64000318-5;EXPCNC E 3099/2000;AVDA. LEANDRO N. ALEM;1110;13;    ;C1001AAT;CIUDAD DE BUENOS AIRES;CAPITAL FEDERAL;(011  )4310-2200;30-1368;0;9688 GI/2000;01/09/2000;01/09/2003
COMPAQ LATIN AMERICA CORPORATION SUCURSAL ARGENTINA;30-64000318-5;EXPCNC E 3099/2000;BLANCO ENCALADA;250;          ;    ;B1609EEP;BOULOGNE;BUENOS AIRES;(011  )4708-1242;30-1368;0;9688 GI/2000;01/09/2000;01/09/2003
COMPRANDOENGRUPO.NET S.A.;30-71211681-8;EX- -APN-REYS#ENACOM 80580142/2020;FRANCISCO DE TOLEDO;1630;          ;    ;5000;CORDOBA;CORDOBA;(0351 )657 -8754;30-2677;0;257 APN-DNAYRT#ENACOM/2021;25/01/2021;25/01/2024
COMPTOR S.A.;30-67659289-6;EX- -APN-REYS#ENACOM 28675544/2023;PASO DR JUAN JOSE;493;2;A   ;C1031ABI;CIUDAD AUTONOMA BUENOS AIRES;CIUDAD DE BUENOS AIRES;(011  )4954-0078;30-2862;0;2727 APN-DNAYRT#ENACOM/2023;29/03/2023;29/03/2026
COMPUFAX S.A.;30-63266577-2;;VIAMONTE;1348;5;B   ;C1053ACB;CIUDAD DE BUENOS AIRES;CAPITAL FEDERAL;;30-1066;0;313 CN/1991;28/06/1991;28/06/1994
COMPUMANIA S S.A.;30-70775416-4;;PICHINCHA;3916;          ;    ;1754;SAN JUSTO;BUENOS AIRES;;30-746;02-341;4088 SU/1989;16/05/1989;16/05/1992
COMPUMUNDO S.A.;30-68211572-2;EXPCNC 13378/2012;GUEVARA JOSE;533;          ;    ;C1427BRK;CIUDAD AUTONOMA BUENOS AIRES;CIUDAD DE BUENOS AIRES;(011  )4556-8000;30-2217;0;4958 ENACOM/2016;07/07/2016;07/07/2019
COMPUTACION BKO S.A.;30-57790846-6;EXPCNC 6884/2006;CARRILLO DR RAMON;278;          ;    ;C1275AHF;CIUDAD AUTONOMA BUENOS AIRES;CIUDAD DE BUENOS AIRES;(011  )4362-5840;30-1589;0;3458 GI/2009;30/09/2009;30/09/2012
COMSALE S.R.L.;30-71060602-8;EXPCNC 6615/2012;AVENIDA INDEPENDENCIA;3927;          ;    ;C1226AAE;CABA;CIUDAD DE BUENOS AIRES;(011  )4932-6000;30-1873;0;213 DINAPTIC/2015;21/08/2015;21/08/2018
COMSALE S.R.L.;30-71060602-8;EXPCNC 6615/2012;INGENIEROS DR JOSE;3241;1;5;B1643FRM;BECCAR;BUENOS AIRES;(011  )4737-2100;30-1873;0;213 DINAPTIC/2015;21/08/2015;21/08/2018
COMSYS S.R.L.;30-66833659-7;EXPCNC E 5780/2001;ESQUIU;1017;          ;    ;X5004AFC;CORDOBA;CORDOBA;(0351 )425 -3969;30-1404;0;4540 GI/2001;02/10/2001;02/10/2004
COMSYS S.R.L.;30-66833659-7;EXPCNC E 5780/2001;SOLANO LOPEZ MRCAL FRANCISCO;2505;          ;    ;C1419HQI;CIUDAD AUTONOMA BUENOS AIRES;CIUDAD DE BUENOS AIRES;;30-1404;0;4540 GI/2001;02/10/2001;02/10/2004
COMUNICACIONES MOVILES Y CELULARES CM&C S.R.L.;33-66349318-9;EXPCNC E 8664/1999;PASEO COLON;1329;3;3;C1063ADA;CIUDAD DE BUENOS AIRES;CAPITAL FEDERAL;(011  )4682-0180;30-1348;0;1044 GI/2003;21/02/2003;21/02/2006
COMUNICACIONES, COMANDO, CONTROL, COMPUTACION E INFORMACION S.A.;30-65539930-1;EXPCNT E 28709/1996;DARWIN;1237;          ;    ;C1414CUY;CABA;CIUDAD DE BUENOS AIRES;(011  )6839-7919;30-3084;0;6922 APN-DNLAYR#ENACOM/2026;22/04/2026;
CONARCO ALAMBRES Y SOLDADURAS S.A.;30-55825751-9;EX- -APN-SDYME#ENACOM 24478407/2017;CALLE 18;4079;          ;    ;1650;VILLA LINCH;BUENOS AIRES;(011  )5586-1423;30-2374;0;1212 APN-DNAYRT#ENACOM/2017;27/10/2017;17/01/2021
CONARCO ALAMBRES Y SOLDADURAS S.A.;30-55825751-9;EX- -APN-SDYME#ENACOM 24478407/2017;SANTA FE;1621;          ;    ;C1060ABC;CABA;CIUDAD DE BUENOS AIRES;(011  )4812-5500;30-2374;0;1212 APN-DNAYRT#ENACOM/2017;27/10/2017;17/01/2021
CONECTAR S.R.L.;30-70755977-9;EX- -APN-REYS#ENACOM 76515473/2020;MARINO GABBARINI;230;          ;    ;5012;CORDOBA;CORDOBA;(0351 )557 -5679;30-3023;0;2651 APN-DNAYRT#ENACOM/2025;16/07/2025;16/07/2028
CONECTAR S.R.L.;30-70755977-9;EX- -APN-REYS#ENACOM 76515473/2020;RECONQUISTA;574;2;D   ;1003;CABA;CIUDAD DE BUENOS AIRES;;30-3023;0;2651 APN-DNAYRT#ENACOM/2025;16/07/2025;16/07/2028
CONECTIA WIRELESS S.A.;30-71052775-6;EXPCNC 9117/2008;HUMBERTO PRIMO;2244;PB        ;    ;C1229AAJ;CABA;CIUDAD DE BUENOS AIRES;(011  )5281-8845;30-1839;0;8511 APN-DNAYRT#ENACOM/2023;31/10/2023;31/10/2026
CONESA, EDGARDO;20-04698296-8;EXPCNC E 11848/1998;BLAS PARERA;1328;          ;    ;H3730AYB;CHARATA;CHACO;(03731)42  -1492;30-1239;0;4150 GI/1998;19/10/1998;19/10/2001
CONESA, EDGARDO;20-04698296-8;EXPCNC E 11848/1998;VER EL EXPTE.;1;          ;    ;1001;CIUDAD DE BUENOS AIRES;CAPITAL FEDERAL;;30-1239;0;4150 GI/1998;19/10/1998;19/10/2001
CONGRESS NET ARGENTINA S.A.;30-70477854-2;EXPCNC 7996/2007;SUIPACHA;576;          ;    ;C1008AAL;CIUDAD AUTONOMA BUENOS AIRES;CIUDAD DE BUENOS AIRES;(011  )4006-6500;30-1652;0;4335 GI/2007;24/09/2007;24/09/2010
CONNECT S.A.;30-63405190-9;;TACUARI;163;3;    ;C1071AAC;CIUDAD AUTONOMA BUENOS AIRES;CIUDAD DE BUENOS AIRES;(011  )4331-7474;30-997;0;20 CN/1991;11/01/1991;11/01/1994
CONSTRURED S.R.L.;30-70716774-9;EXPCNC 316/2009;BASAVILBASO;547;          ;    ;B2930KUJ;SAN PEDRO;BUENOS AIRES;(03327)48  -1427;30-1728;0;220 GI/2009;22/01/2009;22/01/2012
CONSTRURED S.R.L.;30-70716774-9;EXPCNC 316/2009;TUCUMAN;540;15;E   ;C1049AAL;CIUDAD AUTONOMA BUENOS AIRES;CIUDAD DE BUENOS AIRES;(011  )4325-1774;30-1728;0;220 GI/2009;22/01/2009;22/01/2012
CONSULFEM S.A.;30-63748972-7;EXPCNC E 2314/2000;MONSEÑOR PABLO CABRERA;5020;PB        ;    ;X5008HJP;CORDOBA;CORDOBA;(0351 )476 -0099;30-1365;02-464;4339 GI/2012;12/11/2012;12/11/2015
CONSULFEM S.A.;30-63748972-7;EXPCNC E 2314/2000;PARAGUAY;2341;          ;    ;1121;CABA;CIUDAD DE BUENOS AIRES;;30-1365;02-464;4339 GI/2012;12/11/2012;12/11/2015
CONTI, HUGO JORGE;20-11569183-0;EXPCNC 3529/2003;AVDA. SANTA FE;5278;          ;    ;C1425BIO;CIUDAD DE BUENOS AIRES;CAPITAL FEDERAL;(011  )4772-0551;30-1453;0;3130 GI/2003;24/07/2003;24/07/2006
CONTI, HUGO JORGE;20-11569183-0;EXPCNC 3529/2003;VILLA LUJAN;1869;          ;    ;B1824BMY;LANUS;BUENOS AIRES;(011  )4225-6342;30-1453;0;3130 GI/2003;24/07/2003;24/07/2006
CONTINENTAL DO BRASIL PRODUTOS AUTOMOTIVOS LIMITADA;30-71063444-7;EXPCNC 2419/2013;ALEM LEANDRO NICEFORO;855;8º        ;    ;C1001AAD;CABA;CIUDAD DE BUENOS AIRES;(011  )5554-3603;30-2570;0;11309 APN-DNAYRT#ENACOM/2023;20/12/2023;20/12/2026
CONTINENTAL DO BRASIL PRODUTOS AUTOMOTIVOS LIMITADA;30-71063444-7;EXPCNC 2419/2013;AV. DEL LIBERTADOR;5480;8;    ;1426;CABA;CIUDAD DE BUENOS AIRES;(011  )5554-3603;30-2570;0;11309 APN-DNAYRT#ENACOM/2023;20/12/2023;20/12/2026
CONTROL PARA LA INDUSTRIA S.A.;30-60447926-2;EXPCNC 6149/2010;BAUNESS CARLOS;2660;          ;    ;C1431DOF;CABA;CIUDAD DE BUENOS AIRES;(011  )6010-6318;30-2897;0;8822 APN-DNAYRT#ENACOM/2023;06/11/2023;06/11/2026
CONTROLES COMUNICACIONES S.A.;30-67735640-1;EXPCNC E 5473/1998;JOSE ANTONIO CABRERA;4621;          ;    ;C1414BGI;CIUDAD DE BUENOS AIRES;CAPITAL FEDERAL;(011  )4833-0020;30-1315;0;3658 GI/2004;29/10/2004;29/10/2007
CONVERTECH S.A.;30-70820344-7;EXPCNC 10688/2005;NEUQUEN;838;          ;    ;C1405CKH;CIUDAD AUTONOMA BUENOS AIRES;CIUDAD DE BUENOS AIRES;(011  )4433-0297;30-1558;0;46 GI/2006;12/01/2006;12/01/2009
CONVERTECH S.A.;30-70820344-7;EXPCNC 10688/2005;SARMIENTO DOMINGO FAUSTINO;1562;3;F   ;C1042ABD;CIUDAD AUTONOMA BUENOS AIRES;CIUDAD DE BUENOS AIRES;(011  )4431-0695;30-1558;0;46 GI/2006;12/01/2006;12/01/2009
COOPERATIVA DE TRABAJO PRODUCCION TECNOLOGICA GRAFICA AUDIOVISUAL LIMITADA;30-71407164-1;EXPCNC 15030/2013;QUERANDIES;4290;4;    ;1217;CIUDAD AUTONOMA BUENOS AIRES;CIUDAD DE BUENOS AIRES;;0;02-532;410 GI/2014;06/02/2014;06/02/2015
COOPERATIVA REGIONAL DE ELECTRICIDAD, DE OBRAS Y OTROS SERVICIOS DE GENERAL PICO LIMITADA CORPICO;30-54571938-6;EX- -APN-ALYAT#ENACOM 61896199/2026;11;341;          ;    ;L6360AQG;GENERAL PICO;LA PAMPA;(02302)33  -5555;30-3122;0;8988 APN-DNLAYR#ENACOM/2026;22/07/2026;01/01/2099
COOPERATIVA REGIONAL DE ELECTRICIDAD, DE OBRAS Y OTROS SERVICIOS DE GENERAL PICO LIMITADA CORPICO;30-54571938-6;EX- -APN-ALYAT#ENACOM 61896199/2026;AVDA. LEANDRO N. ALEM;530;3º        ;    ;C1001AAN;CABA;CIUDAD DE BUENOS AIRES;(011  )4893-1471;30-3122;0;8988 APN-DNLAYR#ENACOM/2026;22/07/2026;01/01/2099
COOPERATIVA TELEFONICA DE CALAFATE LIMITADA;30-57143756-9;EXPCNC 890/2007;CNEL. DE MARINA TOMAS ESPORA;194;          ;    ;Z9405BWD;EL CALAFATE;SANTA CRUZ;;30-1619;0;1022 GI/2007;19/02/2007;19/02/2010
COOPERATIVA TELEFONICA DE CALAFATE LIMITADA;30-57143756-9;EXPCNC 890/2007;PIEDRAS;338;          ;    ;C1070AAH;CABA;CIUDAD DE BUENOS AIRES;(011  )5032-0250;30-1619;0;1022 GI/2007;19/02/2007;19/02/2010
COOPERATIVA TELEFONICA Y OTROS SERVICIOS DE VILLA GESELL COTEL LIMITADA;30-54579512-0;EXPCNC E 3147/1999;AVDA. 3 Y PASEO Nº 113;1305;          ;    ;7165;VILLA GESELL;BUENOS AIRES;(011  )4053-9220;30-1337;0;976 GI/1999;30/03/1999;30/03/2002
COOPERATIVA TELEFONICA Y OTROS SERVICIOS DE VILLA GESELL COTEL LIMITADA;30-54579512-0;EXPCNC E 3147/1999;YERBAL;2546;6°        ;B   ;1406;CABA;CIUDAD DE BUENOS AIRES;(011  )9999-9999;30-1337;0;976 GI/1999;30/03/1999;30/03/2002
COPECA S.R.L.;30-53136512-3;;ALVARADO;1920;PB        ;    ;C1290AAB;CIUDAD AUTONOMA BUENOS AIRES;CIUDAD DE BUENOS AIRES;;30-892;02-410;4001 SU/1988;05/01/1988;05/01/1991
COPPEL S.A.;30-71041150-2;EXPENACOM 8399/2017;SANTIAGO DEL ESTERO;1571;          ;    ;B1648BNM;TIGRE;BUENOS AIRES;(011  )5555-2550;30-2317;0;235 -APN-DNAYRT#ENACOM/2017;07/06/2017;17/01/2021
COPPEL S.A.;30-71041150-2;EXPENACOM 8399/2017;VIAMONTE;1145;8;    ;C1053ABW;CABA;CIUDAD DE BUENOS AIRES;;30-2317;0;235 -APN-DNAYRT#ENACOM/2017;07/06/2017;17/01/2021
CORA-DIR S.A.;30-67338016-2;EXPCNC 7253/2002;BARTOLOME MITRE;701;          ;    ;1036;CABA;CIUDAD DE BUENOS AIRES;;30-2068;02-546;942 GI/2015;19/03/2015;19/03/2018
CORA-DIR S.A.;30-67338016-2;EXPCNC 7253/2002;RUTA NUMERO 3 KM 0.6;S/N;          ;    ;5700;SAN LUIS;SAN LUIS;(0266 )445 -8255;30-2068;02-546;942 GI/2015;19/03/2015;19/03/2018
CORCISA S.A.;30-69609053-6;EXPENACOM 911/2017;AVENIDA BRASIL;2669;          ;    ;1260;CABA;CIUDAD DE BUENOS AIRES;(011  )4943-8000;30-2306;0;87 -APN-DNAYRT#ENACOM/2017;21/04/2017;17/01/2021
CORESA GROUP S.R.L.;30-71178446-9;EX- -APN-REYS#ENACOM 119765868/2021;DEL LIBERTADOR;602;PB        ;    ;1001;CABA;CIUDAD DE BUENOS AIRES;(0810 )222 -2882;30-2771;02-625;495 APN-DNAYRT#ENACOM/2022;03/02/2022;03/02/2025
CORESA GROUP S.R.L.;30-71178446-9;EX- -APN-REYS#ENACOM 119765868/2021;LAVALLE;2051;1;5;1051;CABA;CIUDAD DE BUENOS AIRES;(0810 )222 -2882;30-2771;02-625;495 APN-DNAYRT#ENACOM/2022;03/02/2022;03/02/2025
CORPORACION IMPORTADORA Y EXPORTADORA S.A.;30-59059299-0;EXPCNC E 5711/1999;IRIGOYEN DOCTOR BERNARDO DE;308;          ;    ;C1072AAH;CIUDAD AUTONOMA BUENOS AIRES;CIUDAD DE BUENOS AIRES;;30-1343;0;2253 GI/1999;16/06/1999;16/06/2002
CORPORACION IMPORTADORA Y EXPORTADORA S.A.;30-59059299-0;EXPCNC E 5711/1999;SARMIENTO DOMINGO FAUSTINO (SEGUNDO CUERPO);1426;4;C   ;C1042ABB;CIUDAD AUTONOMA BUENOS AIRES;CIUDAD DE BUENOS AIRES;;30-1343;0;2253 GI/1999;16/06/1999;16/06/2002
CORPORACION TELEFONICA INTERNACIONAL;30-67813632-4;EXPCNT 10974/1994;BERNARDO DE IRIGOYEN;1312;          ;    ;C1138ABD;CIUDAD DE BUENOS AIRES;CAPITAL FEDERAL;;30-1227;0;2136 CN/1994;06/10/1994;06/10/1997
CORPORATE CORP S.A.;33-70941686-9;EXPCNC 8242/2010;RODRIGUEZ PEÑA;434;4;A 11;1020;CABA;CIUDAD DE BUENOS AIRES;;30-2407;0;1070 APN-DNAYRT#ENACOM/2018;22/02/2018;22/02/2021
CORTESFILMS ARGENTINA S.A.;30-53753449-0;;SAN MARTIN;323;18;    ;C1004AAG;CIUDAD DE BUENOS AIRES;CAPITAL FEDERAL;;30-1071;0;313 CN/1991;28/06/1991;28/06/1994
CORVEN MOTORS ARGENTINA S.A.;30-71027733-4;EX- -APN-SDYME#ENACOM 99778596/2019;MARCOS CIANI;2118;          ;    ;2600;VENADO TUERTO;SANTA FE;(011  )3157-7566;30-3045;0;1244 APN-DNLAYR#ENACOM/2025;08/10/2025;08/10/2028
CORVEN MOTORS ARGENTINA S.A.;30-71027733-4;EX- -APN-SDYME#ENACOM 99778596/2019;PATAGONES;2937;          ;    ;1437;CABA;CIUDAD DE BUENOS AIRES;(011  )000 -0000;30-3045;0;1244 APN-DNLAYR#ENACOM/2025;08/10/2025;08/10/2028
COS MANTENIMIENTO S.A.;30-70863235-6;EXPCNC 706/2009;FLORIDA;537;26;A   ;C1005AAK;CIUDAD AUTONOMA BUENOS AIRES;CIUDAD DE BUENOS AIRES;(011  )4000-6850;30-1732;0;646 GI/2009;18/02/2009;18/02/2012
COSECUR S.A.;30-64525594-8;;SOLER GRAL MIGUEL ESTANISLAO;4191;1;    ;C1425BWS;CIUDAD AUTONOMA BUENOS AIRES;CIUDAD DE BUENOS AIRES;;30-1164;0;4003 CN/1992;29/10/1992;29/10/1995
COTO CENTRO INTEGRAL DE COMERCIALIZACION S.A.;30-54808315-6;EXPCNC 8526/2013;PAYSANDU;1842;          ;    ;C1416CDP;CIUDAD AUTONOMA BUENOS AIRES;CIUDAD DE BUENOS AIRES;;30-2769;0;358 APN-DNAYRT#ENACOM/2025;24/02/2025;24/02/2028
COVIDIEN ARGENTINA S.A.;30-71252366-9;EXPAFTIC 5203/2015;VEDIA;3616;2;    ;C1430DAH;CABA;CIUDAD DE BUENOS AIRES;(011  )5297-7200;30-3038;0;818 APN-DNLAYR#ENACOM/2025;25/09/2025;25/09/2028
CRAYON WEB S.R.L.;30-71015683-9;EXPCNC 3748/2015;DORREGO;40;0;5;2000;ROSARIO;SANTA FE;(0341 )501 -6820;30-2077;0;1462 GI/2015;23/04/2015;23/04/2018
CRAYON WEB S.R.L.;30-71015683-9;EXPCNC 3748/2015;PERON TTE GRAL JUAN DOMINGO;1642;5;50;C1037ACF;CABA;CIUDAD DE BUENOS AIRES;;30-2077;0;1462 GI/2015;23/04/2015;23/04/2018
CREATIVE INVESTMENTS S.R.L.;30-71102029-9;EXPCNC 10923/2009;BROWN ALTE GUILLERMO;686;          ;    ;B1642DSN;SAN ISIDRO;BUENOS AIRES;(011  )6490-3300;30-1756;0;3672 GI/2009;27/10/2009;27/10/2012
CREATIVE INVESTMENTS S.R.L.;30-71102029-9;EXPCNC 10923/2009;LARRALDE CRISOLOGO;1935;15;E   ;C1429BSJ;CIUDAD AUTONOMA BUENOS AIRES;CIUDAD DE BUENOS AIRES;;30-1756;0;3672 GI/2009;27/10/2009;27/10/2012
CREDIL S.R.L.;30-62221630-9;EXPCNC E 3505/2001;CALLE 15;1437;PB        ;    ;1904;LA PLATA;BUENOS AIRES;;30-1394;0;569 GI/2011;17/02/2011;17/02/2014
CRIMSON S.R.L.;30-62385741-3;EXPCNT E 36049/1996;BALCARCE;21;1;D   ;B1704ATA;RAMOS MEJIA;BUENOS AIRES;(011  )4653-6343;30-1281;0;3946 GI/1996;04/11/1996;04/11/1999
CRIMSON S.R.L.;30-62385741-3;EXPCNT E 36049/1996;VER EL EXPTE.;1;          ;    ;1001;CIUDAD DE BUENOS AIRES;CAPITAL FEDERAL;;30-1281;0;3946 GI/1996;04/11/1996;04/11/1999
CRINSURANCE SOCIEDAD POR ACCIONES SIMPLIFICADA;30-71643218-8;EX- -APN-ALYAT#ENACOM 63687632/2026;44;793;          ;    ;1900;LA PLATA;BUENOS AIRES;(0221 )537 -6233;30-3128;0;9265 APN-DNLAYR#ENACOM/2026;03/08/2026;01/01/2099
CRONOS S.A.I.C.;30-50155507-6;EXPCNT 10974/1994;SAN MARTIN;663;PB        ;4;C1004AAM;CIUDAD AUTONOMA BUENOS AIRES;CIUDAD DE BUENOS AIRES;(011  )4312-3061;30-1230;02-467;2136 CN/1994;06/10/1994;06/10/1997
CUBIKO S.R.L.;30-71912012-8;EX- -APN-ALYAT#ENACOM 44641386/2026;MILLER;4297;4;A   ;1430;CABA;CIUDAD DE BUENOS AIRES;(011  )6461-0805;30-3099;02-689;7935 APN-DNLAYR#ENACOM/2026;26/05/2026;01/01/2099
CULLA, ADRIANA ALICIA;27-12646883-6;EX- -APN-SDYME#ENACOM 3525160/2019;25 DE MAYO;578;3;    ;1002;CABA;CIUDAD DE BUENOS AIRES;(011  )5217-9472;30-2485;0;2996 APN-DNAYRT#ENACOM/2019;12/03/2019;12/03/2022
CV CONTROL S.A.;30-65707539-2;EX- -APN-REYS#ENACOM 96082374/2021;INDEPENDENCIA;3700;          ;    ;1226;CABA;CIUDAD DE BUENOS AIRES;(011  )4932-2322;30-2751;0;11177 APN-DNAYRT#ENACOM/2024;16/10/2024;16/10/2027
CYBERCOM CABLE & WIRELESS S.R.L.;30-70998127-3;EXPCNC 1778/2009;MORENO DOCTOR MARIANO;850;13;A   ;C1091AAR;CIUDAD AUTONOMA BUENOS AIRES;CIUDAD DE BUENOS AIRES;;30-1736;0;808 GI/2009;11/03/2009;11/03/2012
CYBERLOGIC S.R.L.;30-71180316-1;EXPCNC 7351/2013;CULPINA;1361;          ;    ;C1406EQA;CIUDAD AUTONOMA BUENOS AIRES;CIUDAD DE BUENOS AIRES;(011  )2060-9911;30-1930;0;2691 GI/2013;07/08/2013;07/08/2016
D AGOSTINO, FERNANDO MARIA;20-12210574-2;;9 DE JULIO;1196;          ;    ;E3109AIX;VIALE;ENTRE RIOS;(0343 )492 -1034;0;02-464;152 CN/1993;03/12/1993;03/12/1996
D AGOSTINO, FERNANDO MARIA;20-12210574-2;;VER EL EXPTE.;1;          ;    ;1001;CIUDAD DE BUENOS AIRES;CAPITAL FEDERAL;;0;02-464;152 CN/1993;03/12/1993;03/12/1996
D ALICANDRO, HECTOR EDUARDO;20-08558505-4;EXPCNC 10596/2006;CARRANZA ANGEL JUSTINIANO;1853;          ;    ;C1414COU;CIUDAD AUTONOMA BUENOS AIRES;CIUDAD DE BUENOS AIRES;;30-1623;0;1388 GI/2007;03/04/2007;03/04/2010
D ALICANDRO, HECTOR EDUARDO;20-08558505-4;EXPCNC 10596/2006;FRANKLIN BENJAMIN;837;          ;    ;B1603BRQ;VILLA MARTELLI;BUENOS AIRES;(011  )4709-1450;30-1623;0;1388 GI/2007;03/04/2007;03/04/2010
D AMBROS, SERGIO ANIBAL;20-14687720-7;EXPCNC E 1918/1997;CATAMARCA;175;          ;    ;E3200EIC;CONCORDIA;ENTRE RIOS;(0345 )421 -1362;30-1209;0;356 GI/1997;09/04/1997;09/04/2000
D AMBROS, SERGIO ANIBAL;20-14687720-7;EXPCNC E 1918/1997;VER EL EXPTE.;1;          ;    ;1001;CIUDAD DE BUENOS AIRES;CAPITAL FEDERAL;;30-1209;0;356 GI/1997;09/04/1997;09/04/2000
D-LINK SUDAMERICA S.A. SUCURSAL ARGENTINA;30-70984650-3;EXPCNC 2471/2007;PELLEGRINI CARLOS;989;10;    ;C1009ABS;CABA;CIUDAD DE BUENOS AIRES;(011  )5246-6640;30-1963;0;5052 GI/2013;11/12/2013;11/12/2016
D.F. MEGAFRIO S.R.L.;30-69255874-6;EX- -APN-ALYAT#ENACOM 53470267/2026;CASILDO VILLAR;435;          ;    ;7600;MAR DEL PLATA;BUENOS AIRES;(0223 )618 -6323;30-3112;0;8774 APN-DNLAYR#ENACOM/2026;14/07/2026;01/01/2099
DACAS S.A.;30-66293707-6;EXPCNC 220/2005;IGNACIO NUÑEZ;3481;          ;    ;1430;CABA;CIUDAD DE BUENOS AIRES;(011  )4545-6333;30-2582;0;2020 APN-DNAYRT#ENACOM/2020;15/01/2020;15/01/2023
DAEC ELECTRONICA S.C.;30-62054867-3;;AVILES VIRREY GABRIEL;3119;          ;    ;C1426EEE;CIUDAD AUTONOMA BUENOS AIRES;CIUDAD DE BUENOS AIRES;;30-963;0;225 GI/1990;20/02/1990;20/02/1993
DAEC ELECTRONICA S.C.;30-62054867-3;;ESPORA CNEL DE MARINA TOMAS;1295;          ;    ;B7001CFA;TANDIL;BUENOS AIRES;(02293)44  -2033;30-963;0;225 GI/1990;20/02/1990;20/02/1993
DAIKIN AIR CONDITIONING ARGENTINA S.A.;30-70749662-9;EX- -APN-REYS#ENACOM 77893105/2020;CORRIENTES;330;6;612;C1043AAQ;CABA;CIUDAD DE BUENOS AIRES;(011  )4326-8881;30-2667;02-603;5195 APN-DNAYRT#ENACOM/2020;29/12/2020;29/12/2023
DAIKIN AIR CONDITIONING ARGENTINA S.A.;30-70749662-9;EX- -APN-REYS#ENACOM 77893105/2020;DEL LIBERTADOR;1295;2;    ;B1638BEL;VICENTE LOPEZ;BUENOS AIRES;(011  )7090-4400;30-2667;02-603;5195 APN-DNAYRT#ENACOM/2020;29/12/2020;29/12/2023
DAL SANTO INDUSTRIAL Y COMERCIAL S.A.;30-55356660-2;EXPENACOM 8509/2016;OTTO KRAUSE;4551;          ;    ;1067;TORTUGUITAS;BUENOS AIRES;(03327)455 -0400;30-2226;0;6643 -E-APN-ENACOM#MCO/2016;14/09/2016;14/09/2019
DAL SANTO INDUSTRIAL Y COMERCIAL S.A.;30-55356660-2;EXPENACOM 8509/2016;VENEZUELA;110;5;H   ;C1095AAD;CABA;CIUDAD DE BUENOS AIRES;(011  )4331-2219;30-2226;0;6643 -E-APN-ENACOM#MCO/2016;14/09/2016;14/09/2019
DALUX S.A.;30-70931715-2;EXPCNC 589/2007;DEAN FUNES GREGORIO;52;1;116;X5000AAB;CORDOBA;CORDOBA;(0351 )481 -5982;30-2248;0;7317 -E-APN-ENACOM#MCO/2016;20/10/2016;20/10/2019
DALUX S.A.;30-70931715-2;EXPCNC 589/2007;IBERA;4656;          ;    ;C1431AEB;CABA;CIUDAD DE BUENOS AIRES;(011  )4545-1155;30-2248;0;7317 -E-APN-ENACOM#MCO/2016;20/10/2016;20/10/2019
DAMEZ ELECTRONICA PROFESIONAL S.R.L.;30-62467063-5;EXPCNC 6803/2005;PADRE FAHY;2738;          ;    ;C1417CNB;CABA;CIUDAD DE BUENOS AIRES;(011  )4639-1014;30-2926;02-661;3301 APN-DNAYRT#ENACOM/2024;04/04/2024;04/04/2027
DANAIDE S.A.;30-70168121-1;EXPCNC 8381/2007;CALLE 168;1107;          ;    ;1923;BERISSO;BUENOS AIRES;;30-1659;0;4555 GI/2007;05/10/2007;05/10/2010
DANAIDE S.A.;30-70168121-1;EXPCNC 8381/2007;TUCUMAN;1561;1;6;C1050AAE;CIUDAD AUTONOMA BUENOS AIRES;CIUDAD DE BUENOS AIRES;;30-1659;0;4555 GI/2007;05/10/2007;05/10/2010
DANFOSS SOCIEDAD ANONIMA;33-51644453-9;EX- -APN-REYS#ENACOM 92937746/2022;CAZADORES DE COQUIMBO;2841;          ;    ;1605;MUNRO;BUENOS AIRES;(011  )5556-7000;30-3052;0;3713 APN-DNLAYR#ENACOM/2025;12/11/2025;12/11/2028
DANFOSS SOCIEDAD ANONIMA;33-51644453-9;EX- -APN-REYS#ENACOM 92937746/2022;JURAMENTO;2161;6;A   ;1428;CABA;CIUDAD DE BUENOS AIRES;;30-3052;0;3713 APN-DNLAYR#ENACOM/2025;12/11/2025;12/11/2028
DANIEL QUIROGA S.R.L.;30-64366511-1;EXPCNC E 5112/1998;AVDA. JOSE IGNACIO DE LA ROZA (OESTE);532;          ;    ;J5402DCS;SAN JUAN;SAN JUAN;(0264 )420 -0788;30-1241;0;2102 GI/1998;21/05/1998;21/05/2001
DANIEL QUIROGA S.R.L.;30-64366511-1;EXPCNC E 5112/1998;MALABIA;2432;22;B   ;C1425EZJ;CIUDAD DE BUENOS AIRES;CAPITAL FEDERAL;;30-1241;0;2102 GI/1998;21/05/1998;21/05/2001
DATANDHOME SUPPLIER S.A.;30-70806550-8;EXPCNC 8875/2013;CORDOBA;1417;2;D   ;1055;CABA;CIUDAD DE BUENOS AIRES;(011  )4545-5100;30-2756;0;4996 APN-DNAYRT#ENACOM/2021;15/11/2021;15/11/2024
DATAWAVES S.R.L.;33-62634638-9;EXPCNC E 6455/1997;THAMES JOSE IGNACIO;1368;          ;    ;C1414DDB;CIUDAD AUTONOMA BUENOS AIRES;CIUDAD DE BUENOS AIRES;;30-1301;0;2491 GI/1997;28/08/1997;28/08/2000
DATCO S.A.;30-59611620-1;EXPCNC 11225/2006;SAN MARTIN;638;3;    ;C1004AAN;CIUDAD AUTONOMA BUENOS AIRES;CIUDAD DE BUENOS AIRES;(011  )4103-1300;30-1608;0;2902 GI/2010;23/08/2010;23/08/2013
DAXA ARGENTINA S.A.;30-70724707-6;EXPCNC E 7420/2000;VENEZUELA;151;4º        ;    ;C1095AAC;CABA;CIUDAD DE BUENOS AIRES;;30-2571;0;13016 APN-DNAYRT#ENACOM/2019;23/12/2019;23/12/2022
DC LOGISTICS S.A.;30-71573740-6;EX- -APN-SDYME#ENACOM 105078931/2019;AYACUCHO;1427;1;    ;1111;CABA;CIUDAD DE BUENOS AIRES;(011  )5353-8770;30-2566;0;12407 APN-DNAYRT#ENACOM/2019;04/12/2019;04/12/2022
DE CASTRO CECILLON, JEAN PIERRE;20-93795763-8;EXPCNC 429/2012;ARCOS ING ANTONIO;2145;8;B   ;C1428AFG;CIUDAD AUTONOMA BUENOS AIRES;CIUDAD DE BUENOS AIRES;(011  )4896-1284;30-1859;0;434 GI/2012;02/02/2012;02/02/2015
DEER TECNOLOGY S.A.;30-71667850-0;EX- -APN-ALYAT#ENACOM 62335449/2026;CONESA;2221;6º        ;A   ;1428;CABA;CIUDAD DE BUENOS AIRES;(011  )3411-5309;31-3123;0;9295 APN-DNLAYR#ENACOM/2026;22/07/2026;01/01/2099
DEITRES S.A.;30-71109039-4;EX- -APN-REYS#ENACOM 105473976/2022;SAN LUIS;4580;5;1;7600;MAR DEL PLATA;BUENOS AIRES;(0223 )495 -2500;30-2842;0;4423 -APN-DNLAYR#ENACOM/2025;01/12/2025;01/12/2028
DEITRES S.A.;30-71109039-4;EX- -APN-REYS#ENACOM 105473976/2022;YERBAL;1065;          ;    ;C1406GJA;CABA;CIUDAD DE BUENOS AIRES;;30-2842;0;4423 -APN-DNLAYR#ENACOM/2025;01/12/2025;01/12/2028
DEKALB ARGENTINA S.A.;33-51160816-9;;MAIPU;1252;1;    ;C1006ACT;CIUDAD DE BUENOS AIRES;CAPITAL FEDERAL;(011  )4311-8634;30-1205;0;152 CN/1993;03/12/1993;03/12/1996
DELAVAL S.A.;30-57253099-6;EXPAFTIC 6179/2015;ITALIA;772;          ;    ;S2535CUP;EL TREBOL;SANTA FE;(03401)42  -2192;30-2928;0;4180 APN-DNAYRT#ENACOM/2024;22/04/2024;22/04/2027
DELAVAL S.A.;30-57253099-6;EXPAFTIC 6179/2015;TUCUMAN;141;          ;    ;C1049AAC;CABA;CIUDAD DE BUENOS AIRES;(011  )9999-9999;30-2928;0;4180 APN-DNAYRT#ENACOM/2024;22/04/2024;22/04/2027
DELFAU S.A.;33-61262171-9;EXPCNC 6236/2005;MANUEL GARCIA;276;          ;    ;C1284ACF;CABA;CIUDAD DE BUENOS AIRES;;30-2496;0;1420 APN-DNAYRT#ENACOM/2022;12/03/2022;12/03/2025
DELL AMERICA LATINA CORP.;30-70719842-3;EXPCNC 9422/2004;JUANA MANSO;1069;5º        ;    ;C1107CBU;CABA;CIUDAD DE BUENOS AIRES;(011  )4515-7100;30-1508;0;6216 -APN-DNAYRT#ENACOM/2023;14/07/2023;14/07/2026
DELOS SUDAMERICANA S.A.;30-62866167-3;;RAWSON;345;          ;    ;C1182ACE;CIUDAD AUTONOMA BUENOS AIRES;CIUDAD DE BUENOS AIRES;(011  )4982-4221;30-1090;0;344 CN/1991;12/07/1991;12/07/1994
DELSAT GROUP S.A.;30-68136213-0;EXPCNC 1185/2007;9 DE JULIO;3061;          ;    ;B7600GZO;MAR DEL PLATA;BUENOS AIRES;(0223 )494 -5001;30-2848;02-639;4639 APN-DNLAYR#ENACOM/2025;03/12/2025;03/12/2028
DELSAT GROUP S.A.;30-68136213-0;EXPCNC 1185/2007;BRASIL;123;1;17;C1063AAC;CABA;CIUDAD DE BUENOS AIRES;;30-2848;02-639;4639 APN-DNLAYR#ENACOM/2025;03/12/2025;03/12/2028
DELTA COMUNICACIONES S.R.L.;30-57089676-4;;FRANCIA;3825;          ;    ;B1604COQ;FLORIDA OESTE;BUENOS AIRES;(011  )4760-8426;30-570;02-266;2217 CN/1992;07/08/1992;07/08/1995
DELTA COMUNICACIONES S.R.L.;30-57089676-4;;VER EL EXPTE.;1;          ;    ;1001;CIUDAD DE BUENOS AIRES;CAPITAL FEDERAL;;30-570;02-266;2217 CN/1992;07/08/1992;07/08/1995
DELTALUX S.A.;30-70891354-1;EXPCNC 7406/2004;PEÑA;2695;PB        ;    ;C1425AVC;CIUDAD AUTONOMA BUENOS AIRES;CIUDAD DE BUENOS AIRES;(0351 )246 -4065;30-1498;0;4029 GI/2008;11/11/2008;11/11/2011
DEMEDIC S.A.;30-61813102-1;EXPENACOM 9989/2017;POTOSI;4012;          ;    ;1199;CABA;CIUDAD DE BUENOS AIRES;(011  )4958-0536;30-2385;0;2116 APN-DNAYRT#ENACOM/2017;15/12/2017;15/12/2020
DEVELCOP S.A.;30-70829069-2;EXPCNC 10896/2011;RIVADAVIA BERNARDINO;2431;E4        ;2;C1034ACD;CIUDAD AUTONOMA BUENOS AIRES;CIUDAD DE BUENOS AIRES;(011  )4953-5285;30-1850;0;4993 GI/2011;11/11/2011;11/11/2014
DGT ELECTRONICA S.A.;30-58050972-6;EXPCNC E 2378/1998;ROCA;1830;          ;    ;B1650LQL;SIN DENOMINACION;BUENOS AIRES;(011  )4752-0601;30-1309;0;1741 GI/1998;06/04/1998;06/04/2001
DGT ELECTRONICA S.A.;30-58050972-6;EXPCNC E 2378/1998;VER EL EXPTE.;1;          ;    ;1001;CIUDAD DE BUENOS AIRES;CAPITAL FEDERAL;;30-1309;0;1741 GI/1998;06/04/1998;06/04/2001
DIA ARGENTINA S.A.;30-68584975-1;EX- -APN-REYS#ENACOM 86765921/2021;RIVADAVIA;8875;1;    ;1407;CABA;CIUDAD DE BUENOS AIRES;(011  )5883-4487;30-2987;0;357 APN-DNAYRT#ENACOM/2025;24/02/2025;24/02/2028
DICOMTEC S.R.L.;33-70842432-9;EXPCNC 2427/2007;ESMERALDA;561;6;    ;C1007ABC;CIUDAD AUTONOMA BUENOS AIRES;CIUDAD DE BUENOS AIRES;(011  )4326-7280;30-1628;02-497;2323 GI/2013;15/07/2013;15/07/2016
DIDEFON S.A.;30-56039122-2;EXPCNC E 15522/1998;WENCESLAO VILLAFAÑE;67;          ;    ;C1160AEA;CIUDAD DE BUENOS AIRES;CAPITAL FEDERAL;(011  )4300-5533;30-803;0;219 GI/1999;22/01/1999;22/01/2002
DIGI-CONTROL S.R.L.;30-62354486-5;;BOLIVIA;1625;          ;    ;C1416ANK;CIUDAD DE BUENOS AIRES;CAPITAL FEDERAL;(011  )4581-0180;30-914;0;344 CN/1991;12/07/1991;12/07/1994
DIGITAL 3 S.A.;30-70977219-4;EXPCNC 7545/2007;AVDA. OLAZABAL;4069;          ;    ;C1430BQG;CABA;CIUDAD DE BUENOS AIRES;(011  )5006-0700;30-1650;0;4159 GI/2007;14/09/2007;14/09/2010
DIGITAL COM S.R.L.;30-69935543-3;EXPCNC 6606/2010;CORDOBA;836;3;310;C1054AAU;CIUDAD AUTONOMA BUENOS AIRES;CIUDAD DE BUENOS AIRES;(011  )6261-2100;30-1795;0;2894 GI/2010;23/08/2010;23/08/2013
DIGITAL FUEGUINA S.A.;30-70956490-7;EXPCNC 6268/2011;COMBATE DE MONTEVIDEO;1141;          ;    ;9420;RIO GRANDE;TIERRA DEL FUEGO, ANTARTIDA E ISLAS DEL ATLANTICO SUR;(02964)42  -0289;0;02-577;4317 APN-DNAYRT#ENACOM/2018;21/08/2018;21/08/2021
DIGITAL FUEGUINA S.A.;30-70956490-7;EXPCNC 6268/2011;GUEVARA;533;          ;    ;C1427BRK;CABA;CIUDAD DE BUENOS AIRES;(011  )4556-8000;0;02-577;4317 APN-DNAYRT#ENACOM/2018;21/08/2018;21/08/2021
DIGTIA S.R.L.;30-71182692-7;EX- -APN-SDYME#ENACOM 33124068/2017;ALICIA MOREAU DE JUSTO;1120;3;A306;1022;CABA;CIUDAD DE BUENOS AIRES;;30-2386;0;2308 APN-DNAYRT#ENACOM/2017;27/12/2017;27/12/2020
DIGTIA S.R.L.;30-71182692-7;EX- -APN-SDYME#ENACOM 33124068/2017;AVELLANEDA;2492;          ;    ;1650;SAN MARTIN;BUENOS AIRES;(011  )5294-0892;30-2386;0;2308 APN-DNAYRT#ENACOM/2017;27/12/2017;27/12/2020
DIKZA S.R.L.;30-71512879-5;EXPENACOM 3537/2016;ESMERALDA;1066;7°        ;B   ;C1007ABN;CABA;CIUDAD DE BUENOS AIRES;(011  )4311-1120;30-2186;0;2647 APN-DNAYRT#ENACOM/2025;16/07/2025;16/07/2028
DIMERAL S.A.;30-63454581-2;;ALSINA DOCTOR ADOLFO;1619;PB        ;    ;C1088AAO;CIUDAD AUTONOMA BUENOS AIRES;CIUDAD DE BUENOS AIRES;(011  )4375-0970;30-968;0;7 SU/1990;16/03/1990;16/03/1993
DINALIGHT S.R.L.;30-71150874-7;EX- -APN-SDYME#ENACOM 26753190/2018;FRANKLIN ROOSEVELT;3644;          ;    ;C1430BHB;CABA;CIUDAD DE BUENOS AIRES;(011  )4547-0034;30-2433;0;3168 APN-DNAYRT#ENACOM/2018;19/06/2018;19/06/2021
DINATECH S.A.;30-70783096-0;EXPAFTIC 3379/2015;JUANA MANSO;1800;5º        ;    ;1107;CABA;CIUDAD DE BUENOS AIRES;(011  )6091-8880;30-2791;0;3325 APN-DNAYRT#ENACOM/2022;15/06/2022;15/06/2025
DINT S.A.;30-71052426-9;EXPCNC 10845/2009;GUEMES GRAL MARTIN MIGUEL DE;5835;          ;    ;3000;SANTA FE;SANTA FE;;30-1758;0;3928 GI/2009;12/11/2009;12/11/2012
DINT S.A.;30-71052426-9;EXPCNC 10845/2009;TUCUMAN;540;15;    ;C1049AAL;CIUDAD AUTONOMA BUENOS AIRES;CIUDAD DE BUENOS AIRES;(011  )4325-1774;30-1758;0;3928 GI/2009;12/11/2009;12/11/2012
DIPAOLA, CAROLINA;27-20837261-6;EX- -APN-REYS#ENACOM 69597923/2025;BARRIO LA ALAMEDA, LOTE 66, AVDA. DE LOS LAGOS;4850;          ;    ;1670;NORDELTA;BUENOS AIRES;(011  )5328-0787;30-3020;0;2640 DI-2025-2640-APN-DNAYRT#ENACOM/2025;16/07/2025;16/07/2028
DIPAOLA, CAROLINA;27-20837261-6;EX- -APN-REYS#ENACOM 69597923/2025;CAPDEVILA;3040;          ;    ;1431;VILLA URQUIZA;CIUDAD DE BUENOS AIRES;(011  )5328-0787;30-3020;0;2640 DI-2025-2640-APN-DNAYRT#ENACOM/2025;16/07/2025;16/07/2028
DIPREM COMERCIALIZADORA S.A.;30-71873488-2;EX- -APN-REYS#ENACOM 17472718/2025;INGRESO A TRAVES DE TA;1;          ;    ;1000;CIUDAD AUTONOMA BUENOS AIRES;CIUDAD DE BUENOS AIRES;;30-2994;0;415 APN-DNAYRT#ENACOM/2025;26/02/2025;26/02/2028
DIPREM COMERCIALIZADORA S.A.;30-71873488-2;EX- -APN-REYS#ENACOM 17472718/2025;MAXIMO PAZ;1423;          ;    ;2800;ZARATE;BUENOS AIRES;(03487)43  -8518;30-2994;0;415 APN-DNAYRT#ENACOM/2025;26/02/2025;26/02/2028
DIRECTEL DE ARGENTINA S.A.;30-68713382-6;EXPCNC E 5378/1997;SUIPACHA;268;12;    ;C1008AAF;CIUDAD AUTONOMA BUENOS AIRES;CIUDAD DE BUENOS AIRES;(011  )4328-8400;30-1295;0;1964 GI/1997;06/08/1997;06/08/2000
DIRECTV ARGENTINA S.A.;30-68588939-7;EXPCNC 3272/2011;BERMUDEZ CAP JUSTO GERMAN;4547;          ;    ;B1605DII;MUNRO;BUENOS AIRES;(011  )4321-2500;30-3078;0;6664 APN-DNLAYR#ENACOM/2026;14/04/2026;
DIRECTV ARGENTINA S.A.;30-68588939-7;EXPCNC 3272/2011;TUCUMAN;1;3;    ;C1049AAA;CIUDAD AUTONOMA BUENOS AIRES;CIUDAD DE BUENOS AIRES;;30-3078;0;6664 APN-DNLAYR#ENACOM/2026;14/04/2026;
DISCAR S.R.L.;33-62236216-9;EXPCNTMESA E 14560/1995;ALLENDE;866;          ;    ;X5004DVR;CORDOBA;CORDOBA;(0351 )472 -4424;30-1258;02-474;6587 GI/1995;02/10/1995;02/10/1998
DISCAR S.R.L.;33-62236216-9;EXPCNTMESA E 14560/1995;VER EL EXPTE.;1;          ;    ;1001;CIUDAD DE BUENOS AIRES;CAPITAL FEDERAL;;30-1258;02-474;6587 GI/1995;02/10/1995;02/10/1998
DISDECO S.A.;30-64152774-9;;HEREDIA ALEJANDRO;353;          ;    ;C1427CNC;CIUDAD AUTONOMA BUENOS AIRES;CIUDAD DE BUENOS AIRES;(011  )4551-6906;30-1084;0;344 CN/1991;12/07/1991;12/07/1994
DISGLAS S.R.L.;30-67938513-1;EX- -APN-REYS#ENACOM 60257007/2021;13;3955;          ;    ;1884;BERAZATEGUI;BUENOS AIRES;;30-3002;0;926 APN-DNAYRT#ENACOM/2025;22/04/2025;22/04/2028
DISGLAS S.R.L.;30-67938513-1;EX- -APN-REYS#ENACOM 60257007/2021;CORRIENTES;45;22;    ;1043;CABA;CIUDAD DE BUENOS AIRES;(011  )4216-7000;30-3002;0;926 APN-DNAYRT#ENACOM/2025;22/04/2025;22/04/2028
DISTECNA S.A.;33-70884437-9;EXPCNC 6123/2007;IRALA;1950;2°        ;A   ;C1164ACR;CABA;CIUDAD DE BUENOS AIRES;(011  )5166-3400;30-1648;0;3396 GI/2013;04/09/2013;04/09/2016
DISTECNA.COM S.A.;30-71463682-7;EXPENACOM 16632/2016;IRALA;1950;2;A   ;C1164ACR;CABA;CIUDAD DE BUENOS AIRES;(011  )5166-3400;30-2944;02-666;6531 APN-DNAYRT#ENACOM/2024;30/06/2024;30/06/2027
DISTRIBUIDORA AUTOMOTRIZ ARGENTINA S.A.;30-71185060-7;EXPCNC 6081/2014;EDUARDO MADERO;900;17;    ;C1106ACV;CABA;CIUDAD DE BUENOS AIRES;(011  )4069-3052;30-2687;0;1326 APN-DNAYRT#ENACOM/2024;17/02/2024;17/02/2027
DISTRIBUIDORA AUTOMOTRIZ ARGENTINA S.A.;30-71185060-7;EXPCNC 6081/2014;MARCELO T. DE ALVEAR;684;2°        ;    ;C1058AAH;CABA;CIUDAD DE BUENOS AIRES;(011  )4310-3900;30-2687;0;1326 APN-DNAYRT#ENACOM/2024;17/02/2024;17/02/2027
DISTRIBUIDORA CUMMINS S.A.;30-65596500-5;EX- -APN-SDYME#ENACOM 39665989/2019;CECILIA GRIERSON;255;6°        ;    ;C1107CPE;CABA;CIUDAD DE BUENOS AIRES;(011  )6410-1867;30-2518;0;6108 APN-DNAYRT#ENACOM/2019;09/05/2019;09/05/2022
DITEL SOCIEDAD DE RESPONSABILIDAD LIMITADA;30-65336319-9;EXPCNC E 5634/1999;AVDA. JAPON;210;          ;    ;X5019BGP;CORDOBA;CORDOBA;(0351 )652 -7820;0;02-572;286 APN-DNAYRT#ENACOM/2018;11/01/2018;11/01/2021
DITEL SOCIEDAD DE RESPONSABILIDAD LIMITADA;30-65336319-9;EXPCNC E 5634/1999;AVDA. MONROE;4333;          ;    ;C1430BLH;CABA;CIUDAD DE BUENOS AIRES;(011  )5472-3411;0;02-572;286 APN-DNAYRT#ENACOM/2018;11/01/2018;11/01/2021
DIZ VEDIA, EDGAR RICARDO;20-92138678-9;;PERON TTE GRAL JUAN DOMINGO;2250;8;A   ;C1040AAJ;CIUDAD AUTONOMA BUENOS AIRES;CIUDAD DE BUENOS AIRES;(011  )4953-8889;30-1069;0;313 CN/1991;29/06/1991;29/06/1994
DMC STRATEX NETWORKS INC.;33-70083961-9;EXPCNC E 536/2001;ROCHA DARDO;3404;          ;    ;B1640GAB;MARTINEZ;BUENOS AIRES;(011  )4717-2613;30-1661;0;4550 GI/2007;05/10/2007;05/10/2010
DMC STRATEX NETWORKS INC.;33-70083961-9;EXPCNC E 536/2001;SUIPACHA;1111;8;    ;C1008AAW;CIUDAD AUTONOMA BUENOS AIRES;CIUDAD DE BUENOS AIRES;(011  )4515-9202;30-1661;0;4550 GI/2007;05/10/2007;05/10/2010
DMC WIRELESS SYSTEMS S.A.;30-70905332-5;EXPCNC 6830/2005;DARDO ROCHA;3404;          ;    ;B1640GAB;MARTINEZ;BUENOS AIRES;;30-2896;0;8820 APN-DNAYRT#ENACOM/2023;06/11/2023;06/11/2026
DMC WIRELESS SYSTEMS S.A.;30-70905332-5;EXPCNC 6830/2005;LIBERTADOR;498;12°       ;1220;C1001ABR;CABA;BUENOS AIRES;;30-2896;0;8820 APN-DNAYRT#ENACOM/2023;06/11/2023;06/11/2026
DOMENECH, RAFAEL IÑIGO;20-38588538-6;EX- -APN-ALYAT#ENACOM 48521965/2026;GINOCCHIO;144;          ;    ;2914;VILLA RAMALLO;BUENOS AIRES;(03407)44  -1691;30-3108;0;832 APN-DNLAYR#ENACOM/2026;10/06/2026;01/01/2099
DONATO, JEREMIAS;20-34513274-1;EX- -APN-REYS#ENACOM 52694283/2022;ARENALES;2870;          ;    ;1602;FLORIDA;BUENOS AIRES;(011  )6242-8965;30-2801;0;2966 APN-DNAYRT#ENACOM/2022;09/06/2022;09/06/2025
DONATO, JEREMIAS;20-34513274-1;EX- -APN-REYS#ENACOM 52694283/2022;NUÑEZ;2285;PB        ;1;1429;CABA;CIUDAD DE BUENOS AIRES;;30-2801;0;2966 APN-DNAYRT#ENACOM/2022;09/06/2022;09/06/2025
DONATO, RUBEN DANIEL - PETTINARI, GABRIEL HUGO - GILARDONI, BERNARDO ANDRES;30-66163899-7;EXPCNC 6422/2009;FELIX DE AZARA;274;1;B   ;1267;CIUDAD AUTONOMA BUENOS AIRES;CIUDAD DE BUENOS AIRES;;30-1743;02-512;2470 GI/2009;08/07/2009;08/07/2012
DONATO, RUBEN DANIEL - PETTINARI, GABRIEL HUGO - GILARDONI, BERNARDO ANDRES;30-66163899-7;EXPCNC 6422/2009;FELIX DE AZARA;274;1;B   ;1267;CIUDAD AUTONOMA BUENOS AIRES;CIUDAD DE BUENOS AIRES;(011  )4935-1727;30-1743;02-512;2470 GI/2009;08/07/2009;08/07/2012
DONTO S.A.;30-68149138-0;EXPENACOM 6114/2016;TUCUMAN;637;1º        ;    ;C1049AAM;CABA;CIUDAD DE BUENOS AIRES;(011  )4322-1575;30-2205;0;4880 ENACOM/2016;06/07/2016;06/07/2019
DORINKA S.R.L.;30-67813830-0;EXPCNC E 914/2000;BOLIVIA;5831;          ;    ;C1419DVM;CABA;CIUDAD DE BUENOS AIRES;;30-2024;0;496 APN-DNPYC#ENACOM/2017;05/10/2017;17/01/2021
DOSISUR S.R.L.;30-71401834-1;EX- -APN-REYS#ENACOM 93567579/2025;MAR DEL PLATA;675;          ;    ;8300;NEUQUEN;NEUQUEN;(0299 )410 -8878;30-3043;0;936 APN-DNLAYR#ENACOM/2025;30/09/2025;30/09/2028
DR IMPORTS SECURITY SYSTEMS S.R.L.;30-68503172-4;EXPCNC 228/2004;DR. SATURNINO SEGUROLA;1774;          ;    ;C1406AOJ;CIUDAD DE BUENOS AIRES;CAPITAL FEDERAL;;30-1474;0;323 GI/2004;23/01/2004;23/01/2007
DR IMPORTS SECURITY SYSTEMS S.R.L.;30-68503172-4;EXPCNC 228/2004;PADRE EDMUNDO VANINI;344;          ;    ;B1603CBB;VILLA MARTELLI;BUENOS AIRES;(011  )4730-3051;30-1474;0;323 GI/2004;23/01/2004;23/01/2007
DR. DANIEL A. GOMEZ Y ASOCIADOS S.A.;33-62259026-9;;AVDA. MITRE;374;11;A   ;B1870AAQ;AVELLANEDA;BUENOS AIRES;(011  )4201-2317;30-1145;0;666 CN/1991;21/11/1991;21/11/1994
DR. DANIEL A. GOMEZ Y ASOCIADOS S.A.;33-62259026-9;;VER EL EXPTE.;1;          ;    ;1001;CIUDAD DE BUENOS AIRES;CAPITAL FEDERAL;;30-1145;0;666 CN/1991;21/11/1991;21/11/1994
DRAFT S.R.L.;33-61229901-9;EXPCNC E 8831/1999;LA RIOJA;1426;PB        ;    ;C1244ABF;CIUDAD AUTONOMA BUENOS AIRES;CIUDAD DE BUENOS AIRES;(011  )4308-0444;30-781;0;3894 GI/2005;27/09/2005;27/09/2008
DRAGER ARGENTINA S.A.;30-70966220-8;EX- -APN-SDYME#ENACOM 98367528/2019;AVDA. DE MAYO;651;3;14;1084;CABA;CIUDAD DE BUENOS AIRES;;30-3053;0;4011 DNLAYR#ENACOM/2025;20/11/2025;20/11/2028
DRAGER ARGENTINA S.A.;30-70966220-8;EX- -APN-SDYME#ENACOM 98367528/2019;PANAMERICANA COLECTORA ESTE;1717;          ;    ;1640;MARTINEZ;BUENOS AIRES;(011  )4042-4909;30-3053;0;4011 DNLAYR#ENACOM/2025;20/11/2025;20/11/2028
DREAN S.A.;30-50268047-8;EXPCNC 3417/2015;BOYACA;80;6°        ;    ;C1406BGB;CABA;CIUDAD DE BUENOS AIRES;(011  )4634-1365;30-2981;02-673;12948 APN-DNAYRT#ENACOM/2024;27/12/2024;27/12/2027
DREAN S.A.;30-50268047-8;EXPCNC 3417/2015;CORDOBA;325;          ;    ;X5967AHA;LUQUE;CORDOBA;(011  )5841-9022;30-2981;02-673;12948 APN-DNAYRT#ENACOM/2024;27/12/2024;27/12/2027
DRECKNET S.R.L.;30-70954932-0;EX- -APN-REYS#ENACOM 117789379/2024;DONADO;3050;          ;    ;1430;CABA;CIUDAD DE BUENOS AIRES;(011  )5639-0707;0;02-671;12070 APN-DNARYT#ENACOM/2024;22/11/2024;22/11/2027
DRIHM S.R.L.;30-66103961-9;EX- -APN-REYS#ENACOM 56805881/2021;AÑASCO;2718;          ;    ;C1416CUN;CABA;CIUDAD DE BUENOS AIRES;(011  )4584-7200;30-2726;0;3338 APN-DNAYRT#ENACOM/2021;05/08/2021;05/08/2024
DROGUERIA COMARSA S.A.;30-70708588-2;EX- -APN-REYS#ENACOM 66160429/2022;JUJUY;2944;          ;    ;2000;ROSARIO;SANTA FE;(0341 )437 -0353;30-2813;0;4118 DNAYRT#ENACOM/2022;26/07/2022;26/07/2025
DROGUERIA COMARSA S.A.;30-70708588-2;EX- -APN-REYS#ENACOM 66160429/2022;LUNA;365;          ;    ;1437;CABA;CIUDAD DE BUENOS AIRES;;30-2813;0;4118 DNAYRT#ENACOM/2022;26/07/2022;26/07/2025
DROPGIFT S.R.L.;30-71234156-0;EXPCNC 5992/2014;OLLEROS;2411;2;    ;C1426CRS;CABA;CIUDAD DE BUENOS AIRES;(011  )4771-7239;30-1997;0;1735 GI/2014;11/06/2014;11/06/2017
DRTK S.A.;30-71344900-4;EXPCNC 6228/2015;JUAN DE GARAY;385;          ;    ;C1153ABB;CABA;CIUDAD DE BUENOS AIRES;(011  )6158-0531;30-2097;0;137 DINAPTIC/2015;21/08/2015;21/08/2018
DRTK S.A.;30-71344900-4;EXPCNC 6228/2015;LAS FLORES;469;          ;    ;B1875DDI;WILDE;CIUDAD DE BUENOS AIRES;(011  )6158-0538;30-2097;0;137 DINAPTIC/2015;21/08/2015;21/08/2018
DU PONT ARGENTINA S.R.L.;30-50112696-5;EXPENACOM 4802/2016;INGENIERO ENRIQUE BUTTY;240;10º       ;    ;C1001AFB;CABA;CIUDAD DE BUENOS AIRES;(011  )4021-4711;30-2195;0;3867 ENACOM/2016;14/06/2016;14/06/2019
DX CONTROL S.A.;30-69474853-4;EXPCNC 3066/2003;RIVADAVIA;12396;          ;    ;B1702CHT;CIUDADELA;BUENOS AIRES;(011  )4647-2100;30-2817;02-634;607 APN-DNLAYR#ENACOM/2025;19/09/2025;19/09/2028
DX CONTROL S.A.;30-69474853-4;EXPCNC 3066/2003;RODRIGUEZ PEÑA;694;1°        ;D   ;C1020ADN;CABA;CIUDAD DE BUENOS AIRES;(011  )4647-2100;30-2817;02-634;607 APN-DNLAYR#ENACOM/2025;19/09/2025;19/09/2028
DYNA GROUP S.A.;30-70304875-3;EXPCNC 9160/2006;FREIRE CAPITAN GENERAL RAMON;4801;          ;    ;C1429ATM;CIUDAD AUTONOMA BUENOS AIRES;CIUDAD DE BUENOS AIRES;(011  )4546-3141;30-1600;0;4758 GI/2006;17/11/2006;17/11/2009
DYNACORP S.A.;30-60515986-5;;PASCO;255;          ;    ;C1081AAE;CIUDAD DE BUENOS AIRES;CAPITAL FEDERAL;(011  )4951-6915;30-934;0;4241 SU/1988;27/12/1988;27/12/1991
DYNAMIC SYSTEMS COMMUNICATION S.A.;30-61341289-8;;FLORIDA;537;24;    ;C1005AAK;CIUDAD AUTONOMA BUENOS AIRES;CIUDAD DE BUENOS AIRES;;30-986;0;547 SU/1990;26/10/1990;26/10/1993
E-BERIKA NETWORKS S.R.L.;30-71105445-2;EXPCNC 8428/2009;25 DE MAYO;82;          ;    ;B1642CJB;SAN ISIDRO;BUENOS AIRES;(011  )5883-6771;30-1753;0;3357 GI/2009;18/09/2009;18/09/2012
E-BERIKA NETWORKS S.R.L.;30-71105445-2;EXPCNC 8428/2009;MELIAN CNEL JOSE;3574;1;C   ;C1430EYX;CIUDAD AUTONOMA BUENOS AIRES;CIUDAD DE BUENOS AIRES;(011  )4546-3753;30-1753;0;3357 GI/2009;18/09/2009;18/09/2012
E-PAGOS S.A.;30-71508429-1;EX- -APN-REYS#ENACOM 125778595/2024;AVDA. ALVAREZ THOMAS;1057;8º        ;D   ;C1427CCK;CABA;CIUDAD DE BUENOS AIRES;(011  )3991-1320;30-2980;0;12947 APN-DNAYRT#ENACOM/2024;27/12/2024;27/12/2027
EASTEL S.A.I.C.;30-58989104-6;EXPCNC E 2463/1998;AGUILAR VICTORIANO;2866;          ;    ;C1426DTB;CIUDAD AUTONOMA BUENOS AIRES;CIUDAD DE BUENOS AIRES;;30-792;02-366;3107 GI/2008;02/09/2008;02/09/2011
EBOX S.A.;30-71474920-6;EXPAFTIC 3377/2015;ALBERTI;1856;          ;    ;C1247AAN;CABA;CIUDAD DE BUENOS AIRES;(011  )4941-3422;30-2124;0;378 DINAPTIC/2015;06/10/2015;06/10/2018
ECADAT S.A.;30-57430429-2;EXPCNC 9496/2005;ALSINA ADOLFO;1322;          ;    ;C1088AAJ;CABA;CIUDAD DE BUENOS AIRES;;30-2452;0;4486 APN-DNAYRT#ENACOM/2018;29/08/2018;29/08/2021
ECHEA S.A.;33-54130506-3;;AVDA. CORRIENTES;1376;4;405;C1043ABN;CIUDAD DE BUENOS AIRES;CAPITAL FEDERAL;;30-805;0;4176 SU/1986;23/09/1986;23/09/1989
ECODATOS S.A.;30-70837420-9;EXPCNC 3272/2008;PAGANO JOSE LEON;2628;6;A   ;C1425AOB;CIUDAD AUTONOMA BUENOS AIRES;CIUDAD DE BUENOS AIRES;(011  )5235-6633;30-1694;0;2031 GI/2011;10/06/2011;10/06/2014
EDGE TECHNOLOGY S.R.L.;30-70815501-9;EXPCNC 8447/2012;BLANCO ENCALADA ALTE MANUEL;2387;1;C   ;C1428DDK;CIUDAD AUTONOMA BUENOS AIRES;CIUDAD DE BUENOS AIRES;(011  )5032-3343;30-1877;0;3398 GI/2012;07/09/2012;07/09/2015
EDIFICADORA DEO S.A.;30-59250579-3;EXPCNTMESA E 10324/1995;TTE GRAL JUAN DOMINGO PERON ;346;6;    ;C1038AAH;CIUDAD DE BUENOS AIRES;CAPITAL FEDERAL;;30-1251;0;5076 GI/1995;20/07/1995;20/07/1998
EDINEC S.R.L.;30-61045143-4;EXPCNC 3966/2004;BAHIA BLANCA;451;          ;    ;X5004AGC;CORDOBA;CORDOBA;(0351 )426 -5492;30-2020;02-541;3238 GI/2014;12/09/2014;12/09/2017
EDINEC S.R.L.;30-61045143-4;EXPCNC 3966/2004;URUGUAY;560;5;50;C1015ABL;CIUDAD AUTONOMA BUENOS AIRES;CIUDAD DE BUENOS AIRES;(011  )4371-6468;30-2020;02-541;3238 GI/2014;12/09/2014;12/09/2017
EDITORIAL PERFIL S.A.;30-56095690-4;EX- -APN-REYS#ENACOM 109242995/2024;CALIFORNIA;2731;          ;    ;1289;CABA;CIUDAD DE BUENOS AIRES;(011  )7091-4950;30-2979;0;12950 APN-DNAYRT#ENACOM/2024;27/12/2024;27/12/2027
EDUARDO UDENIO Y COMPAÑIA S.A.C.I.F.I.;30-52014280-7;EXPCNC 2696/2005;AYACUCHO;1235;          ;    ;C1111AAI;CABA;CIUDAD DE BUENOS AIRES;(011  )4811-1864;30-2947;0;6759 APN-DNAYRT#ENACOM/2024;15/07/2024;15/07/2027
EDUC.AR SOCIEDAD DEL ESTADO;30-70721953-6;EXPCNC 3577/2007;SAAVEDRA GRAL CORNELIO DE;789;5;    ;C1229ACE;CIUDAD AUTONOMA BUENOS AIRES;CIUDAD DE BUENOS AIRES;(011  )5129-6500;30-1632;0;2055 GI/2007;08/05/2007;08/05/2010
EF DIGITAL GROUP S.A.;30-71177348-3;EXPCNC 4677/2015;ALICIA MOREAU DE JUSTO;1848;4;6;1107;CABA;CIUDAD DE BUENOS AIRES;(011  )4311-9311;30-2084;0;2003 GI/2015;21/05/2015;21/05/2018
EKON EMPRESA DE COMUNICACIONES SOCIEDAD DE RESPONSABILIDAD LIMITADA;30-56963694-5;EXPCNC 1728/2003;PARANA;350;1º        ;    ;C1017AAH;CABA;CIUDAD DE BUENOS AIRES;;30-1284;0;2811 GI/2006;21/07/2006;21/07/2009
EL ALMACENERO S.R.L.;30-60398125-8;;URUGUAY;362;1;    ;1015;CIUDAD DE BUENOS AIRES;CAPITAL FEDERAL;;30-953;0;335 GI/1989;13/10/1989;13/10/1992
ELCOMEL S.R.L.;30-68554323-7;EXPCNC E 5557/2001;COCHRANE;2935;          ;    ;C1419FMO;CABA;CIUDAD DE BUENOS AIRES;(011  )4572-0311;30-1401;0;4176 GI/2001;04/09/2001;04/09/2004
ELCOMEL S.R.L.;30-68554323-7;EXPCNC E 5557/2001;MIGUEL SAGASTIZABAL;4563;PB        ;    ;B7600IZG;MAR DEL PLATA;BUENOS AIRES;(0223 )479 -3377;30-1401;0;4176 GI/2001;04/09/2001;04/09/2004
ELECTRICIDAD INDUSTRIAL S.R.L.;30-62143990-8;EXPCNC 11199/2011;URUGUAY;872;1;3;C1015ABR;CABA;CIUDAD DE BUENOS AIRES;(011  )4812-7526;30-2112;0;222 DINAPTIC/2015;21/08/2015;21/08/2018
ELECTRICIDAD INDUSTRIAL S.R.L.;30-62143990-8;EXPCNC 11199/2011;URUGUAY;872;1;3;C1015ABR;CIUDAD AUTONOMA BUENOS AIRES;CIUDAD DE BUENOS AIRES;(011  )4811-2315;30-2112;0;222 DINAPTIC/2015;21/08/2015;21/08/2018
ELECTRO COMUNICACION S.R.L.;30-65349333-5;EXPCNC 1728/2003;GRAL. JOSE GERVASIO ARTIGAS;131;          ;    ;X5000KVC;CORDOBA;CORDOBA;(0351 )423 -9637;30-1199;0;363 GI/1997;28/01/1997;28/01/2000
ELECTRO COMUNICACION S.R.L.;30-65349333-5;EXPCNC 1728/2003;VER EL EXPTE.;1;          ;    ;1001;CIUDAD DE BUENOS AIRES;CAPITAL FEDERAL;;30-1199;0;363 GI/1997;28/01/1997;28/01/2000
ELECTRO WORLD GROUP ARGENTINA S.A.;33-71468855-9;EXPENACOM 10045/2016;CAMPILLO;3068;          ;    ;1427;CABA;BUENOS AIRES;(0800 )444 -0214;30-2871;0;5904 -APN-DNAYRT#ENACOM/2023;28/06/2023;28/06/2026
ELECTROCOMPONENTES S.A.;30-58260502-1;EXPCNC 3940/2013;SOLIS;225;          ;    ;C1078AAE;CABA;CIUDAD DE BUENOS AIRES;(011  )4375-3366;30-2395;0;477 APN-DNAYRT#ENACOM/2018;18/01/2018;18/01/2021
ELECTROFUEGUINA S.A.;30-61284315-1;EXPCNC 6811/2011;SAAVEDRA LAMAS DR CARLOS;1370;          ;    ;V9420DOL;RIO GRANDE;TIERRA DEL FUEGO, ANTARTIDA E ISLAS DEL ATLANTICO SUR;(011  )4959-6691;30-3031;02-681;746 -APN-DNLAYR#ENACOM/2025;23/09/2025;23/09/2028
ELECTROFUEGUINA S.A.;30-61284315-1;EXPCNC 6811/2011;VALENTIN GOMEZ;2813;3°        ;    ;C1191AAA;CABA;CIUDAD DE BUENOS AIRES;(011  )4959-6600;30-3031;02-681;746 -APN-DNLAYR#ENACOM/2025;23/09/2025;23/09/2028
ELECTROGLOBAL S.A.S.;30-71877536-8;EX- -APN-REYS#ENACOM 46624354/2025;CONDE;811;4;    ;1230;CABA;CIUDAD DE BUENOS AIRES;(011  )3026-7730;30-3007;0;1644 APN-DNAYRT#ENACOM/2025;18/05/2025;18/05/2028
ELECTRONA S.A.;30-61079971-6;EXPCNC E 14540/1998;CARLOS FRANCISCO MELO;438;          ;    ;C1163ACJ;CIUDAD DE BUENOS AIRES;CAPITAL FEDERAL;(011  )4302-8978;30-1331;0;5464 GI/1998;29/12/1998;29/12/2001
ELECTRONIC SYSTEM S.A.;30-64358677-7;EXPCNC 3985/2007;ROQUE PEREZ;3650;          ;    ;C1430FBX;CABA;CIUDAD DE BUENOS AIRES;;30-1636;02-500;9907 APN-DNAYRT#ENACOM/2019;03/09/2019;03/09/2022
ELECTRONICA ELEMON SOCIEDAD ANONIMA;30-55993223-6;EXPCNC 9423/2010;CAPDEVILA;2707;          ;    ;C1431FKA;CABA;CIUDAD DE BUENOS AIRES;(011  )4553-5555;30-2350;0;2022 APN-DNAYRT#ENACOM/2024;27/02/2024;27/02/2027
ELECTRONICA MEGATONE S.A.;30-54365973-4;EXPCNC 8530/2005;PARAGUAY;610;          ;    ;C1057AAH;CIUDAD AUTONOMA BUENOS AIRES;CIUDAD DE BUENOS AIRES;;30-1987;0;1375 GI/2014;06/05/2014;06/05/2017
ELECTRONICA MEGATONE S.A.;30-54365973-4;EXPCNC 8530/2005;RUTA NACIONAL 168 KM. 473,6;S/N;          ;    ;S3007ABA;SANTA FE;SANTA FE;(0342 )450 -2702;30-1987;0;1375 GI/2014;06/05/2014;06/05/2017
ELECTRONICA ORVA S.A.;30-61474714-1;EXPCNC 808/2003;ARGENTINA;1663;          ;    ;B1704DJI;RAMOS MEJIA;BUENOS AIRES;(011  )4651-4010;30-1443;02-482;1550 GI/2006;28/04/2006;28/04/2009
ELECTRONICA ORVA S.A.;30-61474714-1;EXPCNC 808/2003;SAN NICOLAS;2724;          ;    ;C1417AON;CIUDAD AUTONOMA BUENOS AIRES;CIUDAD DE BUENOS AIRES;;30-1443;02-482;1550 GI/2006;28/04/2006;28/04/2009
ELECTRONICA PLUS ULTRA S.R.L.;30-59817745-3;;JUAN CARLOS GOMEZ;70;PB        ;    ;C1282ABB;CIUDAD DE BUENOS AIRES;CAPITAL FEDERAL;;30-988;0;48 CN/1990;21/12/1990;21/12/1993
ELECTRONICA SUDAMERICANA S.R.L.;30-58481600-3;EXPCNT E 36049/1996;DIRECTORIO;3149;          ;    ;C1406HAH;CIUDAD AUTONOMA BUENOS AIRES;CIUDAD DE BUENOS AIRES;(011  )4249-7117;30-812;02-370;139 GI/2007;12/01/2007;12/01/2010
ELECTRONICA SUDAMERICANA S.R.L.;30-58481600-3;EXPCNT E 36049/1996;RIVADAVIA;472;          ;    ;B2752AGR;CAPITAN SARMIENTO;BUENOS AIRES;(02478)48  -1531;30-812;02-370;139 GI/2007;12/01/2007;12/01/2010
ELEFE.COM S.R.L.;30-70958045-7;EXPCNC 2642/2014;CUENCA;5025;          ;    ;1674;CABA;CIUDAD DE BUENOS AIRES;(011  )9999-9999;30-1975;0;933 GI/2014;18/03/2014;18/03/2017
ELEFE.COM S.R.L.;30-70958045-7;EXPCNC 2642/2014;SANTA ROSALIA;2319;          ;    ;B1675AXC;VILLA RAFFO;BUENOS AIRES;(011  )4712-5878;30-1975;0;933 GI/2014;18/03/2014;18/03/2017
ELEVAR S.R.L.;30-64208408-5;EX- -APN-REYS#ENACOM 22054163/2024;AVDA. SANTA FE;3373;3º        ;B   ;C1425BGI;CABA;CIUDAD DE BUENOS AIRES;(011  )2475-1878;30-2922;0;2913 APN-DNAYRT#ENACOM/2024;19/03/2024;19/03/2027
ELEVAR S.R.L.;30-64208408-5;EX- -APN-REYS#ENACOM 22054163/2024;GRAL. MACHAIN;4040;          ;    ;B1826ELH;REMEDIOS DE ESCALADA;BUENOS AIRES;(011  )2475-1878;30-2922;0;2913 APN-DNAYRT#ENACOM/2024;19/03/2024;19/03/2027
ELIGREY CORPORATION S.A.;30-70822475-4;EXPCNC 1095/2003;AVDA CORDOBA;1233;10;8;C1055AAC;CIUDAD DE BUENOS AIRES;CAPITAL FEDERAL;(011  )4812-4840;30-1448;0;2060 GI/2003;07/05/2003;07/05/2006
ELIPGO S.A.;30-71108571-4;EX- -APN-ALYAT#ENACOM 29051364/2026;AVDA. DEL LIBERTADOR;6250;2º        ;B   ;C1428ARS;CABA;CIUDAD DE BUENOS AIRES;(011  )9999-9999;30-3106;0;8053 DNLAYR#ENACOM/2026;29/05/2026;01/01/2099
ELIPGO S.A.;30-71108571-4;EX- -APN-ALYAT#ENACOM 29051364/2026;FITZ ROY;851;4º        ;402;1414;CABA;CIUDAD DE BUENOS AIRES;(011  )3138-2332;30-3106;0;8053 DNLAYR#ENACOM/2026;29/05/2026;01/01/2099
ELSTER MEDIDORES S.A.;30-52033593-1;EXPCNC 3267/2011;JOSE IGNACIO RUCCI;1051;          ;    ;1822;VALENTIN ALSINA;BUENOS AIRES;(011  )9999-9999;30-1823;02-516;1374 GI/2011;20/04/2011;20/04/2014
ELVIO C. CAVALLO S.R.L.;30-61558742-3;EXPCNT E 29125/1996;CALLE 20;926;1;C   ;S2505BAT;LAS PAREJAS;SANTA FE;(0347 )47  -1260;30-1169;0;1019 GI/1996;11/04/1996;11/04/1999
ELVIO C. CAVALLO S.R.L.;30-61558742-3;EXPCNT E 29125/1996;VER EL EXPTE.;1;          ;    ;1001;CIUDAD DE BUENOS AIRES;CAPITAL FEDERAL;;30-1169;0;1019 GI/1996;11/04/1996;11/04/1999
EMERSON ARGENTINA S.A.;30-69224496-2;EXPCNC E 2312/1998;AVDA. LEANDRO N. ALEM;928;7°        ;    ;C1001AAR;CABA;CIUDAD DE BUENOS AIRES;(011  )4837-7002;30-2960;0;8020 APN-DNAYRT#ENACOM/2024;21/08/2024;21/08/2027
EMERSON ARGENTINA S.A.;30-69224496-2;EXPCNC E 2312/1998;MAIPU;660;          ;    ;B1602AAT;FLORIDA;BUENOS AIRES;(011  )4796-7444;30-2960;0;8020 APN-DNAYRT#ENACOM/2024;21/08/2024;21/08/2027
EMPLA-TEL S.R.L.;30-61807349-8;EXPCNC 1291/2008;63;1421;          ;    ;B1904ALI;LA PLATA;BUENOS AIRES;(0221 )564 -5205;30-1683;0;1324 GI/2014;28/04/2014;28/04/2017
EMPLA-TEL S.R.L.;30-61807349-8;EXPCNC 1291/2008;IRIGOYEN;629;1;3;C1407CAO;CIUDAD AUTONOMA BUENOS AIRES;CIUDAD DE BUENOS AIRES;(011  )4648-0267;30-1683;0;1324 GI/2014;28/04/2014;28/04/2017
EMPRESA ATLANTICA DE TECNOLOGIA S.A.;30-63830905-6;EXPCNT 10974/1994;MAIPU;942;5;    ;C1006ACN;CIUDAD AUTONOMA BUENOS AIRES;CIUDAD DE BUENOS AIRES;(011  )4311-9510;30-1228;0;2136 CN/1994;06/10/1994;06/10/1997
EMPRESA ELECTRONICA PUNTANA S.A.;30-61097557-3;;MITRE;649;          ;    ;5700;SAN LUIS;SAN LUIS;;30-1081;0;344 CN/1991;12/07/1991;12/07/1994
EMTE SISTEMAS ARGENTINA S.A.;30-70047037-3;EXPCNC E 9201/1999;SANTA FE;1780;4;403;C1060ABQ;CIUDAD AUTONOMA BUENOS AIRES;CIUDAD DE BUENOS AIRES;;30-1349;0;3933 GI/2010;19/11/2010;19/11/2013
EMTE SISTEMAS ARGENTINA S.A.;30-70047037-3;EXPCNC E 9201/1999;SUIPACHA;1111;18;    ;C1008AAW;CIUDAD AUTONOMA BUENOS AIRES;CIUDAD DE BUENOS AIRES;;30-1349;0;3933 GI/2010;19/11/2010;19/11/2013
EN TUS MANOS S.R.L.;30-71008418-8;EXPCNC 17908/2014;AV GAONA;2634;12;A   ;1406;CABA;CIUDAD DE BUENOS AIRES;(011  )3551-8888;30-2061;0;306 GI/2015;30/01/2015;30/01/2018
EN TUS MANOS S.R.L.;30-71008418-8;EXPCNC 17908/2014;CONDE;2539;3°        ;    ;1429;CABA;CIUDAD DE BUENOS AIRES;(011  )3551-8888;30-2061;0;306 GI/2015;30/01/2015;30/01/2018
ENAEX ARGENTINA S.R.L.;30-71018710-6;EXPENACOM 8559/2016;BERNARDO DE IRIGIYEN;380;4;    ;C1072AAH;CABA;CIUDAD DE BUENOS AIRES;(011  )3576-1964;30-2228;0;6643 -E-APN-ENACOM#MCO/2016;14/09/2016;14/09/2019
ENDRESS+HAUSER ARGENTINA S.A.;30-69170010-7;EX- -APN-SDYME#ENACOM 48648828/2018;AVENIDA CORDOBA;890;5;12;C1054AAU;CABA;CIUDAD DE BUENOS AIRES;(011  )4763-4428;30-2990;0;360 APN-DNAYRT#ENACOM/2025;24/02/2025;24/02/2028
ENDRESS+HAUSER ARGENTINA S.A.;30-69170010-7;EX- -APN-SDYME#ENACOM 48648828/2018;THAMES;55;          ;    ;B1609JUA;BOULOGNE;BUENOS AIRES;(011  )4763-4428;30-2990;0;360 APN-DNAYRT#ENACOM/2025;24/02/2025;24/02/2028
ENERSYS S.R.L.;30-70742240-4;EXPCNC 11575/2007;GOROSTIAGA JOSE BENJAMIN;1731;8;B   ;C1426CTE;CIUDAD AUTONOMA BUENOS AIRES;CIUDAD DE BUENOS AIRES;;30-1676;0;86 GI/2008;14/01/2008;14/01/2011
ENERSYS S.R.L.;30-70742240-4;EXPCNC 11575/2007;SALGUERO JERONIMO;555;2;C   ;C1177AEI;CIUDAD AUTONOMA BUENOS AIRES;CIUDAD DE BUENOS AIRES;;30-1676;0;86 GI/2008;14/01/2008;14/01/2011
ENERTEL S.A.;30-68352590-8;EXPCNC E 4873/1999;GERVASIO MENDEZ;3175;          ;    ;B1605CMO;MUNRO;BUENOS AIRES;(011  )4756-5290;30-1342;0;4873 GI/1999;16/06/1999;16/06/2002
ENERTEL S.A.;30-68352590-8;EXPCNC E 4873/1999;VER EL EXPTE.;1;          ;    ;1001;CIUDAD DE BUENOS AIRES;CAPITAL FEDERAL;;30-1342;0;4873 GI/1999;16/06/1999;16/06/2002
ENOFIR SYSTEMS S.A.;30-70907682-1;EX- -APN-AASYST#ENACOM 8899472/2026;SANTA CRUZ;204;          ;    ;1282;CABA;CIUDAD DE BUENOS AIRES;(011  )5769-7313;30-3072;0;5062 DNLAYR#ENACOM/2026;26/02/2026;
ENTERASYS NETWORKS DE ARGENTINA S.A.;33-67817269-9;EXPCNC 1052/2002;MOREAU DE JUSTO ALICIA;1780;2;G   ;C1107AFJ;CIUDAD AUTONOMA BUENOS AIRES;CIUDAD DE BUENOS AIRES;(011  )4314-0757;30-1418;0;1061 GI/2002;28/02/2002;28/02/2005
EPSON ARGENTINA S.R.L.;30-61410471-2;EXPCNC 1673/2005;SAN MARTIN;344;4;    ;C1004AAH;CABA;CIUDAD DE BUENOS AIRES;(011  )5167-0300;30-3017;0;2646 APN-DNAYRT#ENACOM/2025;16/07/2025;16/07/2028
EQUAL GROUP S.R.L.;30-70869539-0;EXPCNC 9811/2006;CORDOBA;836;11;1;C1054AAU;CABA;CIUDAD DE BUENOS AIRES;(011  )5128-0800;30-1944;02-531;7317 -E-APN-ENACOM#MCO/2016;20/10/2016;20/10/2019
EQUITEL S.A.;30-55762728-2;;AVDA. JULIO A. ROCA;530;1;2;C1067ABN;CIUDAD DE BUENOS AIRES;CAPITAL FEDERAL;(011  )4331-1434;30-753;02-344;327 GI/1989;13/10/1989;13/10/1992
ERB S.A.;30-71499651-3;EX- -APN-ALYAT#ENACOM 48843534/2026;SAN MARTIN;486;          ;    ;2324;TACURAL;SANTA FE;(0351 )701 -0380;30-3105;0;7944 APN-DNLAYR#ENACOM/2026;26/05/2026;01/01/2099
ERICNET S.A.;30-70839476-5;EXPCNC 9248/2003;VALENTIN VIRASORO;788;3;    ;C1405BDB;CABA;CIUDAD DE BUENOS AIRES;(011  )4519-8700;30-1471;0;6439 -APN-DNAYRT#ENACOM/2023;08/08/2023;08/08/2026
ERICTEL M2M ARGENTINA S.A.;30-71209762-7;EXPCNC 8534/2013;RECONQUISTA;1088;9;    ;C1003ABV;CABA;CIUDAD DE BUENOS AIRES;(011  )4515-5100;30-1939;0;3215 GI/2013;27/08/2013;27/08/2016
ERICTEL M2M ARGENTINA S.A.;30-71209762-7;EXPCNC 8534/2013;SUIPACHA;1111;18;    ;1008;CABA;CIUDAD DE BUENOS AIRES;(011  )5762-9971;30-1939;0;3215 GI/2013;27/08/2013;27/08/2016
ERRA, DANIEL HECTOR;20-12424153-8;EXPCNC 17996/2014;TREINTA Y TRES ORIENTALES;1532;PB        ;    ;C1257ACL;CABA;CIUDAD DE BUENOS AIRES;(011  )5690-7006;0;02-679;2641 DNAYRT#ENACOM/2025;16/07/2025;16/07/2028
ERROR CARGA;0-00014445-0;;PERON TTE GRAL JUAN DOMINGO;2832;          ;137;C1198AAB;CIUDAD AUTONOMA BUENOS AIRES;CIUDAD DE BUENOS AIRES;(011  )4862-0018;30-1102;0;427 CN/1991;29/08/1991;29/08/1994
ERROR CARGA;0-00014446-0;EXPCNC E 9722/1999;TALCAHUANO;736;1;12;C1013AAP;CIUDAD DE BUENOS AIRES;CAPITAL FEDERAL;(011  )4374-7275;30-1351;0;3764 GI/1999;09/09/1999;09/09/2002
ERROR CARGA;0-00014447-0;;AVDA. CORRIENTES;1386;12;    ;C1043ABN;CIUDAD DE BUENOS AIRES;CAPITAL FEDERAL;;30-991;0;48 CN/1990;21/12/1990;21/12/1993
ERTACH S.A.;30-69553800-2;EXPCNC E 3768/2001;GARAY JUAN DE;34;          ;    ;C1063ABN;CIUDAD AUTONOMA BUENOS AIRES;CIUDAD DE BUENOS AIRES;(011  )4000-3000;30-1396;0;539 GI/2012;13/02/2012;13/02/2015
ERTACH S.A.;30-69553800-2;EXPCNC E 3768/2001;LA SALLE JUAN BAUTISTA DE;591;1;    ;B1642CPM;SAN ISIDRO;BUENOS AIRES;(011  )4000-3000;30-1396;0;539 GI/2012;13/02/2012;13/02/2015
ESCANDINAVIA DEL PLATA S.A.;30-70924647-6;EXPCNC 9681/2010;CORRIENTES;327;12;    ;1043;CABA;CIUDAD DE BUENOS AIRES;(011  )5550-4000;30-2474;0;7245 APN-DNAYRT#ENACOM/2018;15/11/2018;15/11/2021
ESCANDINAVIA DEL PLATA S.A.;30-70924647-6;EXPCNC 9681/2010;RUTA PANAMERICANA KM. 33600 COLECTORA ESCOBAR OESTE;1689;          ;    ;1615;GRAND BOURG;BUENOS AIRES;(03488)67  -7200;30-2474;0;7245 APN-DNAYRT#ENACOM/2018;15/11/2018;15/11/2021
ESI ELECTRONICA S.A.;30-57021492-2;;MIGUELETES;1746;          ;    ;C1426BVB;CIUDAD DE BUENOS AIRES;CAPITAL FEDERAL;(011  )4781-1181;30-884;02-406;4251 SU/1987;04/12/1987;04/12/1990
ESSEN ALUMINIO S.A.;30-50603846-0;EX- -APN-SDYME#ENACOM 13893651/2018;PAVON;348;          ;    ;2600;VENADO TUERTO;SANTA FE;(03462)43  -5444;30-2419;0;2125 APN-DNAYRT#ENACOM/2018;18/04/2018;18/04/2021
ESSEN ALUMINIO S.A.;30-50603846-0;EX- -APN-SDYME#ENACOM 13893651/2018;PAVON;348;          ;    ;S2600JIB;VENADO TUERTO;SANTA FE;(03462)42  -2365;30-2419;0;2125 APN-DNAYRT#ENACOM/2018;18/04/2018;18/04/2021
ESTABLECIMIENTO LOS CALVOS S.R.L.;30-50216916-1;;TUCUMAN;1484;          ;B   ;C1050AAD;CIUDAD DE BUENOS AIRES;CAPITAL FEDERAL;;30-1021;0;96 CN/1991;06/03/1991;06/03/1994
ETERCOR SOCIEDAD ANONIMA;33-56938900-9;EXPCNC 8627/2008;AV DORREGO;1875;          ;    ;C1414CPP;CABA;CIUDAD DE BUENOS AIRES;;30-3109;0;8629 APN-DNLAYR#ENACOM/2026;02/07/2026;01/01/2099
ETERCOR SOCIEDAD ANONIMA;33-56938900-9;EXPCNC 8627/2008;AVDA. DR. VELEZ SARSFIELD;186;          ;    ;X5000JJO;CORDOBA;CORDOBA;(011  )4770-9570;30-3109;0;8629 APN-DNLAYR#ENACOM/2026;02/07/2026;01/01/2099
ETIQUETAS INTELIGENTES S.A.;30-71938508-3;EX- -APN-ALYAT#ENACOM 57189420/2026;ACHAVAL;472;5;A   ;1406;CABA;CIUDAD DE BUENOS AIRES;(011  )3247-8705;30-3117;0;8918 APN-DNLAYR#ENACOM/2026;16/07/2026;01/01/2099
EUCLIDES, MIGUEL ANGEL;20-10454926-9;EX- -APN-AMEYS#ENACOM 82412316/2019;AVDA. JUAN B. ALBERDI;315;1°        ;A   ;C1424BYD;CABA;CIUDAD DE BUENOS AIRES;(011  )6795-1025;30-2559;0;11568 APN-DNAYRT#ENACOM/2019;01/11/2019;01/11/2022
EXCELCOM S.A.;33-71019188-9;EXPCNC 2131/2008;CHACABUCO BAT DE;361;5;E   ;C1069AAG;CIUDAD AUTONOMA BUENOS AIRES;CIUDAD DE BUENOS AIRES;(011  )4384-5356;30-1688;0;1351 GI/2008;16/04/2008;16/04/2011
EXCLUSIVE PRODUCTS S.A.;30-67910494-9;EXPCNC 12176/2010;CHILE;1155;3;    ;C1098AAW;CIUDAD AUTONOMA BUENOS AIRES;CIUDAD DE BUENOS AIRES;(011  )4323-9935;30-1815;0;4453 GI/2010;23/12/2010;23/12/2013
EXEMYS S.R.L.;30-70812020-7;EXPCNC 9973/2013;AV JUAN B JUSTO;4054;PB        ;    ;1416;CABA;CIUDAD DE BUENOS AIRES;(011  )4585-7585;30-2889;02-649;7659 APN-DNAYRT#ENACOM/2023;11/10/2023;11/10/2026
EXIMAR INTL S.A.U.;30-71079356-1;EXPCNC 13037/2009;CARLOS PELLEGRINI;961;          ;    ;1009;CABA;CIUDAD DE BUENOS AIRES;(011  )5628-1000;30-2933;0;4245 APN-DNAYRT#ENACOM/2024;24/04/2024;24/04/2027
EXINTRADER S.A.;30-64698450-1;EX- -APN-SDYME#ENACOM 20269647/2017;25 DE MAYO;168;          ;    ;C1002ABD;CABA;CIUDAD DE BUENOS AIRES;;30-2713;0;2441 APN-DNAYRT#ENACOM/2021;26/05/2021;26/05/2024
EXINTRADER S.A.;30-64698450-1;EX- -APN-SDYME#ENACOM 20269647/2017;AVDA. CORRIENTES;2225;          ;    ;S2000FYF;ROSARIO;SANTA FE;(0341 )599 -3102;30-2713;0;2441 APN-DNAYRT#ENACOM/2021;26/05/2021;26/05/2024
EXO S.A.;30-57960755-2;EXPCNC 4915/2005;CHICLANA;3444;5;    ;C1260ACO;CABA;CIUDAD DE BUENOS AIRES;(011  )4000-7041;30-1897;0;417 APN-DNAYRT#ENACOM/2025;28/02/2025;28/02/2028
EXPORIALE S.A.;30-63619425-1;;AVDA. CORRIENTES;5458;          ;    ;C1414AJU;CIUDAD DE BUENOS AIRES;CAPITAL FEDERAL;(011  )4470-0444;30-1182;0;3283 CN/1993;29/06/1993;29/06/1996
EXTEL S.A.;30-61552058-2;;PARANA;275;3;6;C1017AAE;CIUDAD DE BUENOS AIRES;CAPITAL FEDERAL;(011  )4371-7191;30-1180;0;2966 CN/1993;09/06/1993;09/06/1996
EXTERNAL MARKET S.R.L.;30-61604421-0;;HUMAHUACA;4526;          ;    ;C1192ACN;CIUDAD DE BUENOS AIRES;CAPITAL FEDERAL;(011  )4865-5921;30-964;0;225 GI/1990;20/02/1990;20/02/1993
EYT S.A.;30-66181703-4;EXPCNT 1274/1995;VENEZUELA;4226;          ;    ;C1211ABF;CIUDAD DE BUENOS AIRES;CAPITAL FEDERAL;(011  )4958-3565;30-1242;0;260 CN/1995;08/02/1995;08/02/1998
FABRICA AUSTRAL DE PRODUCTOS ELECTRICOS SOCIEDAD ANONIMA;30-59128733-4;EXPCNC 6552/2005;ESMERALDA;910;2;    ;C1000ABL;CABA;CIUDAD DE BUENOS AIRES;;30-3055;02-684;4499 APN-DNLAYR#ENACOM/2025;02/12/2025;02/12/2028
FABRICA AUSTRAL DE PRODUCTOS ELECTRICOS SOCIEDAD ANONIMA;30-59128733-4;EXPCNC 6552/2005;ISLAS MALVINAS;1180;          ;    ;9420;RIO GRANDE;TIERRA DEL FUEGO, ANTARTIDA E ISLAS DEL ATLANTICO SUR;(011  )5263-2480;30-3055;02-684;4499 APN-DNLAYR#ENACOM/2025;02/12/2025;02/12/2028
FALABELLA S.A.;30-65572582-9;EXPCNC 2411/2010;FLORIDA;343;4°        ;    ;C1005AAG;CABA;CIUDAD DE BUENOS AIRES;(011  )4710-5600;30-2227;0;6643 -E-APN-ENACOM#MCO/2016;14/09/2016;14/09/2019
FALCOMER, PABLO DOMINGO;20-15204239-7;EXPCNC 4747/2010;ALCORTA;2411;          ;    ;B1744HFM;MORENO;BUENOS AIRES;(0237 )463 -1150;30-1779;0;2093 GI/2010;15/06/2010;15/06/2013
FALCOMER, PABLO DOMINGO;20-15204239-7;EXPCNC 4747/2010;YRIGOYEN PRESIDENTE HIPOLITO;615;4;A   ;C1086AAI;CIUDAD AUTONOMA BUENOS AIRES;CIUDAD DE BUENOS AIRES;(011  )4342-2662;30-1779;0;2093 GI/2010;15/06/2010;15/06/2013
FAMAR FUEGUINA S.A.;30-59706676-3;EXPCNC 11947/2007;PADRE FORGACS;1522;          ;    ;V9420APP;RIO GRANDE;TIERRA DEL FUEGO, ANTARTIDA E ISLAS DEL ATLANTICO SUR;(011  )4858-8800;30-2025;02-543;8512 APN-DNAYRT#ENACOM/2023;31/10/2023;31/10/2026
FAMAR FUEGUINA S.A.;30-59706676-3;EXPCNC 11947/2007;RODNEY;70;          ;    ;C1427BNB;CABA;CIUDAD DE BUENOS AIRES;(011  )4858-8800;30-2025;02-543;8512 APN-DNAYRT#ENACOM/2023;31/10/2023;31/10/2026
FAMMIE FAMI S.A.;30-50279584-4;EX- -APN-REYS#ENACOM 71836239/2023;HOMERO;338;          ;    ;C1407IFH;CABA;CIUDAD DE BUENOS AIRES;(011  )4635-5445;30-2874;0;6205 -APN-DNAYRT#ENACOM/2023;14/07/2023;14/07/2026
FCA AUTOMOBILES ARGENTINA S.A.;30-68245096-3;EXPENACOM 7339/2016;DELLA PAOLERA;297;          ;    ;C1049AAL;CABA;BUENOS AIRES;;30-2553;0;11421 APN-DNAYRT#ENACOM/2019;29/10/2019;29/10/2022
FEDERACION MEDICA DE LA PROVINCIA DE BUENOS AIRES;30-53367581-2;;CALLE 54;920;          ;    ;B1900BEL;LA PLATA;BUENOS AIRES;;30-1055;0;313 CN/1991;28/06/1991;28/06/1994
FEDERACION MEDICA DE LA PROVINCIA DE BUENOS AIRES;30-53367581-2;;VER EL EXPTE.;1;          ;    ;1001;CIUDAD DE BUENOS AIRES;CAPITAL FEDERAL;;30-1055;0;313 CN/1991;28/06/1991;28/06/1994
FERNANDEZ, EDUARDO ANTONIO;20-07778690-3;;PERON TTE GRAL JUAN DOMINGO;1381;          ;    ;C1038ABA;CIUDAD AUTONOMA BUENOS AIRES;CIUDAD DE BUENOS AIRES;;30-1011;0;21 CN/1991;11/01/1991;11/01/1994
FERNANDEZ, MARCELO FABIAN;23-20817044-9;EXPCNC 3284/2008;CASTRO BARROS;945;          ;    ;C1217ABI;CABA;CIUDAD DE BUENOS AIRES;(011  )5729-1555;0;02-590;6975 APN-DNAYRT#ENACOM/2023;29/08/2023;29/08/2026
FERNANDEZ, MARCELO FABIAN;23-20817044-9;EXPCNC 3284/2008;CNEL. CECILIO LUCERO;881;          ;    ;B1714KSI;ITUZAINGO;BUENOS AIRES;(011  )4624-5613;0;02-590;6975 APN-DNAYRT#ENACOM/2023;29/08/2023;29/08/2026
FIBERHOME ARGENTINA S.A.;30-71548576-8;EX- -APN-SDYME#ENACOM 2849383/2018;OLGA COSSETINI;363;3°        ;    ;C1107CCG;CABA;CIUDAD DE BUENOS AIRES;(011  )4312-6576;30-2400;0;706 APN-DNAYRT#ENACOM/2018;29/01/2018;29/01/2021
FIBRA ARGENTINA S.C.;30-57618159-7;;VIAMONTE;2146;4;6;C1056ABH;CIUDAD DE BUENOS AIRES;CAPITAL FEDERAL;;30-970;0;46 SU/1990;28/03/1990;28/03/1993
FIESA S.R.L.;30-70397668-5;EXPCNC 6254/2006;DE LOS INCAS;4154;          ;    ;C1427DNT;CIUDAD AUTONOMA BUENOS AIRES;CIUDAD DE BUENOS AIRES;(011  )4551-5100;30-1986;0;1367 GI/2014;06/05/2014;06/05/2017
FILOBIOSIS S.A.;30-64039837-6;EXPCNC 5716/2007;TUCUMAN;1438;5;501;C1050AAD;CIUDAD AUTONOMA BUENOS AIRES;CIUDAD DE BUENOS AIRES;(011  )4372-3426;30-1645;0;2887 GI/2010;23/08/2010;23/08/2013
FINNING ARGENTINA S.A.;30-64722711-9;EXPCNC 4162/2007;SAN MARTIN;140;2;    ;1004;CABA;CIUDAD DE BUENOS AIRES;;30-2630;0;6973 APN-DNAYRT#ENACOM/2023;29/08/2023;29/08/2026
FINNING ARGENTINA S.A.;30-64722711-9;EXPCNC 4162/2007;VENEZUELA;4021;          ;    ;1667;TORTUGUITAS;BUENOS AIRES;;30-2630;0;6973 APN-DNAYRT#ENACOM/2023;29/08/2023;29/08/2026
FITNET SOCIEDAD ANONIMA;30-70779183-3;EXPCNC 7212/2009;RIVADAVIA;2057;4;    ;1033;CABA;CIUDAD DE BUENOS AIRES;(011  )4292-3000;30-2868;0;5351 APN-DNAYRT#ENACOM/2023;06/06/2023;06/06/2026
FIXON GROUP S.A.;30-71182792-3;EX- -APN-REYS#ENACOM 73878588/2020;ANA MARIA JANER;1540;          ;    ;5000;CORDOBA;CORDOBA;(0351 )705 -6717;30-2676;0;258 APN-DNAYRT#ENACOM/2021;25/01/2021;25/01/2024
FIXON GROUP S.A.;30-71182792-3;EX- -APN-REYS#ENACOM 73878588/2020;AV MONTES DE OCA;2044;          ;    ;1270;CABA;CIUDAD DE BUENOS AIRES;(011  )00  -0000;30-2676;0;258 APN-DNAYRT#ENACOM/2021;25/01/2021;25/01/2024
FLAGLER STREET S.A.;30-64558664-2;;PERON EVA (EX AV. DEL TRABAJO);6166;          ;    ;C1439BSZ;CIUDAD AUTONOMA BUENOS AIRES;CIUDAD DE BUENOS AIRES;;30-1109;0;427 CN/1991;29/08/1991;29/08/1994
FLANKERS COMERCIO EXTERIOR S.A.;30-70809159-2;EXPCNC 16193/2014;PERU;457;6°        ;F   ;C1067AAI;CABA;CIUDAD DE BUENOS AIRES;(011  )5219-4260;30-2046;0;4441 GI/2014;11/12/2014;11/12/2017
FORD ARGENTINA S.C.A.;30-67851968-1;EXPCNC E 3643/2001;AVDA. HENRY FORD Y RUTA PANAMERICANA, COLECTORA ESTE;34603;          ;    ;B1617GTA;GENERAL PACHECO;BUENOS AIRES;;30-1410;0;1415 GI/2007;17/04/2007;17/04/2010
FORD ARGENTINA S.C.A.;30-67851968-1;EXPCNC E 3643/2001;DE MAYO;651;          ;    ;C1084AAB;CIUDAD AUTONOMA BUENOS AIRES;CIUDAD DE BUENOS AIRES;(011  )4756-9640;30-1410;0;1415 GI/2007;17/04/2007;17/04/2010
FORMENTO, ALBERTO LUIS;20-07646715-4;;25 DE MAYO;66;2;13;X5000ELB;CORDOBA;CORDOBA;(0351 )422 -3115;30-1020;0;78 CN/1991;04/02/1991;04/02/1994
FORMENTO, ALBERTO LUIS;20-07646715-4;;VER EL EXPTE.;1;          ;    ;1001;CIUDAD DE BUENOS AIRES;CAPITAL FEDERAL;;30-1020;0;78 CN/1991;04/02/1991;04/02/1994
FOXMAN FUEGUINA S.A.;30-62992493-7;EXPCNC 5278/2003;MONTE;7490;          ;    ;1140;CABA;CIUDAD DE BUENOS AIRES;(011  )4686-1071;30-2056;0;107 GI/2015;22/01/2015;22/01/2018
FRAMONT S.A.;30-61024391-2;;SARMIENTO;1183;5;    ;C1041AAW;CIUDAD DE BUENOS AIRES;CAPITAL FEDERAL;;30-1133;0;561 CN/1991;01/11/1991;01/11/1994
FRANCISCO MARTIN LASERNA S.A.;30-52976933-0;;MALAVER DR ANTONIO;2174;          ;    ;B1602DTB;FLORIDA;BUENOS AIRES;;0;02-431;3283 CN/1993;29/06/1993;29/06/1996
FRAVEGA S.A.C.I. E I.;30-52687424-9;EXPCNC 5630/2013;VALENTIN GOMEZ;2813;3°        ;    ;C1191AAA;CABA;CIUDAD DE BUENOS AIRES;(011  )4959-6600;30-2236;0;6654 -E-APN-ENACOM#MCO/2016;14/09/2016;14/09/2019
FRIMETAL S.A.;30-59697015-6;EX- -APN-REYS#ENACOM 56260290/2025;BATLLE Y ORDOÑEZ JOSE PABLO TORCUAT;3436;          ;    ;2000;ROSARIO;SANTA FE;(0341 )483 -5743;30-3016;0;2648 APN-DNAYRT#ENACOM/2025;16/07/2025;16/07/2028
FRIMETAL S.A.;30-59697015-6;EX- -APN-REYS#ENACOM 56260290/2025;BATLLE Y ORDOÑEZ JOSE PABLO TORCUATO;3436;          ;    ;S2012HFT;ROSARIO;SANTA FE;(0341 )483 -5743;30-3016;0;2648 APN-DNAYRT#ENACOM/2025;16/07/2025;16/07/2028
FS24 S.R.L.;30-71008071-9;EXPCNC 600/2008;MONTEAGUDO;278;PB        ;    ;C1437EVF;CABA;CIUDAD DE BUENOS AIRES;;30-2761;0;12949 APN-DNAYRT#ENACOM/2024;27/12/2024;27/12/2027
FUJITSU DO BRASIL LIMITADA SUCURSAL ARGENTINA;30-71198384-4;EXPCNC 5848/2014;BOUCHARD;599;20;    ;C1106ABG;CABA;CIUDAD DE BUENOS AIRES;(011  )4850-1217;30-1999;0;1737 GI/2014;11/06/2014;11/06/2017
FURUKAWA ELECTRIC LATAM S.A.;30-70790405-0;EX- -APN-SDYME#ENACOM 15725207/2018;MAIPU;255;11;B   ;1048;CABA;CIUDAD DE BUENOS AIRES;(0800 )800 -9701;30-2421;0;2257 APN-DNAYRT#ENACOM/2018;25/04/2018;25/04/2021
FUTURE GRAPHICS LLC ARGENTINA S.A.;30-70823800-3;EX- -APN-REYS#ENACOM 47034353/2020;AGUSTIN MAGALDI;2102;          ;    ;1286;CABA;CIUDAD DE BUENOS AIRES;(011  )5582-6171;30-2642;0;3424 APN-DNAYRT#ENACOM/2020;08/09/2020;08/09/2023
G Y P NEW TREE S.A.;30-69837610-0;EXPAFTIC 4928/2015;AVDA. CORRIENTES;4175;PB        ;    ;C1119AAA;CABA;CIUDAD DE BUENOS AIRES;(011  )5171-4000;30-2144;0;562 DINAPTIC/2015;13/11/2015;13/11/2018
GALANDER S.A.;30-69891427-7;EXPCNC E 14719/1999;INDEPENDENCIA;2049;PB        ;    ;C1225AAC;CIUDAD AUTONOMA BUENOS AIRES;CIUDAD DE BUENOS AIRES;(011  )4943-3366;30-1452;02-488;3423 GI/2013;10/09/2013;10/09/2016
GALANDER S.A.;30-69891427-7;EXPCNC E 14719/1999;LA VOZ DEL INTERIOR;6848;          ;    ;X5008HLB;CORDOBA;CORDOBA;(0351 )475 -9000;30-1452;02-488;3423 GI/2013;10/09/2013;10/09/2016
GALANDER S.R.L.;30-60166436-0;EXPCNC E 5187/1998;CORRIENTES;2641;          ;    ;X5006BEA;CORDOBA;CORDOBA;(0351 )456 -3333;30-828;02-374;2580 GI/2003;04/06/2003;04/06/2006
GALANDER, JORGE ALBERTO;20-08620138-1;EXPCNC 1782/2006;ARENALES;3252;1;1;C1425BEP;CIUDAD AUTONOMA BUENOS AIRES;CIUDAD DE BUENOS AIRES;(011  )4827-4156;30-1569;0;1812 GI/2006;12/05/2006;12/05/2009
GALANDER, JORGE ALBERTO;20-08620138-1;EXPCNC 1782/2006;SABATTINI DR AMADEO;2616;          ;    ;X5014AUU;CORDOBA;CORDOBA;(0351 )456 -1881;30-1569;0;1812 GI/2006;12/05/2006;12/05/2009
GALILEO LA RIOJA S.A.;30-58746879-0;EXPCNC 3268/2011;ALBERDI JUAN BAUTISTA;315;1;A   ;C1424BYD;CIUDAD AUTONOMA BUENOS AIRES;CIUDAD DE BUENOS AIRES;(011  )4904-1684;30-1824;02-517;1368 GI/2011;20/04/2011;20/04/2014
GALILEO LA RIOJA S.A.;30-58746879-0;EXPCNC 3268/2011;RUCCI JOSE IGNACIO;1051;          ;    ;B1822CJU;VALENTIN ALSINA;BUENOS AIRES;(011  )4229-5513;30-1824;02-517;1368 GI/2011;20/04/2011;20/04/2014
GARBARINO SOCIEDAD ANONIMA, INDUSTRIAL, COMERCIAL E INMOBILIARIA;30-54008821-3;EXPCNC 1129/2010;BOLIVAR;874;          ;    ;1066;CABA;CIUDAD DE BUENOS AIRES;;30-2218;0;4958 ENACOM/2016;07/07/2016;07/07/2019
GARBARINO SOCIEDAD ANONIMA, INDUSTRIAL, COMERCIAL E INMOBILIARIA;30-54008821-3;EXPCNC 1129/2010;JOSE GUEVARA;533;          ;    ;C1427BRK;CABA;CIUDAD DE BUENOS AIRES;(011  )4556-8000;30-2218;0;4958 ENACOM/2016;07/07/2016;07/07/2019
GARMIN ARGENTINA S.R.L.;33-71236921-9;EXPCNC 3502/2013;RIOBAMBA;340;11;D   ;C1025ABH;CIUDAD AUTONOMA BUENOS AIRES;CIUDAD DE BUENOS AIRES;(011  )4953-4880;30-1916;0;1597 GI/2013;16/05/2013;16/05/2016
GASEI SOCIEDAD ANONIMA;30-58752434-8;EXPCNC 9446/2014;AVDA. IRIARTE;2568;          ;    ;C1291ACH;CABA;CIUDAD DE BUENOS AIRES;(011  )4303-0480;30-3096;0;7878 APN-DNLAYR#ENACOM/2026;22/05/2026;01/01/2099
GB SISTEMAS S.A.;30-69877089-5;;PERU;921;          ;    ;5500;MENDOZA;MENDOZA;;30-966;02-440;7 SU/1990;16/03/1990;16/03/1993
GC GLOBAL COMUNICATIONS S.A.;33-71114530-9;EXPCNC 10498/2010;PASO DR JUAN JOSE;514;9;904;C1031ABL;CIUDAD AUTONOMA BUENOS AIRES;CIUDAD DE BUENOS AIRES;(011  )6970-0200;30-1807;0;3720 GI/2010;10/11/2010;10/11/2013
GCS TELECOMUNICACIONES Y SERVICIOS S.R.L.;30-71167520-1;EX- -APN-ALYAT#ENACOM 38972544/2026;SALGUERO;2430;          ;    ;1425;CABA;CIUDAD DE BUENOS AIRES;(011  )4444-2664;30-3093;0;7775 APN-DNLAYR/2026;19/05/2026;
GE CONSUMER & INDUSTRIAL ARGENTINA S.A.;30-67992375-3;EXPCNC 6478/2015;NICOLAS DE VEDIA;3616;6°        ;    ;C1430DAH;CABA;CIUDAD DE BUENOS AIRES;(011  )5556-3322;30-2096;0;143 DINAPTIC/2015;21/08/2015;21/08/2018
GE HEALTHCARE ARGENTINA S.A.;33-65323593-9;EXPCNC 10575/2013;VEDIA;3616;6º        ;    ;C1430DAH;CABA;CIUDAD DE BUENOS AIRES;(011  )5757-2120;30-3022;0;2650 APN-DNAYRT#ENACOM/2025;16/07/2025;16/07/2028
GE SENSING & INSPECTION TECHNOLOGIES GMBH;30-70855947-0;EXPCNC 1299/2009;JUANA MANSO;205;4;    ;1107;CABA;CIUDAD DE BUENOS AIRES;(011  )2171-1445;30-2556;0;11552 APN-DNAYRT#ENACOM/2019;30/10/2019;30/10/2022
GE SENSING & INSPECTION TECHNOLOGIES GMBH;30-70855947-0;EXPCNC 1299/2009;VEDIA;3616;6;    ;1430;CABA;CIUDAD DE BUENOS AIRES;(011  )5757-2139;30-2556;0;11552 APN-DNAYRT#ENACOM/2019;30/10/2019;30/10/2022
GEA FARM TECHNOLOGIES ARGENTINA S.R.L.;33-69558652-9;EXPCNC 13269/2012;STEPHENSON JORGE;2752;          ;    ;B1667AKD;TORTUGUITAS;BUENOS AIRES;(011  )4147-9080;30-1886;0;4880 GI/2012;14/12/2012;14/12/2015
GEA FARM TECHNOLOGIES ARGENTINA S.R.L.;33-69558652-9;EXPCNC 13269/2012;SUIPACHA;1111;18;    ;C1008AAW;CIUDAD AUTONOMA BUENOS AIRES;CIUDAD DE BUENOS AIRES;;30-1886;0;4880 GI/2012;14/12/2012;14/12/2015
GEDETE S.R.L.;30-61207057-8;;MEMBRILLAR;112;11;B   ;C1406DPD;CIUDAD DE BUENOS AIRES;CAPITAL FEDERAL;(011  )4613-2338;0;02-401;4227 SU/1987;16/10/1987;16/10/1990
GEMED S.R.L.;30-70793256-9;EXPCNC 9329/2012;PAROISSIEN;1686;5;    ;1429;CABA;CIUDAD DE BUENOS AIRES;;30-2488;0;1938 APN-DNAYRT#ENACOM/2019;28/02/2019;28/02/2022
GEN ROD S.A.;30-67854721-9;EX- -APN-REYS#ENACOM 52981383/2020;AD BARBIERI (EX LUIS MARIA DRAGO);1365;          ;    ;1852;BURZACO;BUENOS AIRES;(011  )5298-7200;30-2638;02-601;5100 APN-DNAYRT#ENACOM/2020;21/12/2020;04/09/2023
GEN ROD S.A.;30-67854721-9;EX- -APN-REYS#ENACOM 52981383/2020;ROQUE SAENZ PEÑA;995;9;A   ;1035;CABA;CIUDAD DE BUENOS AIRES;(011  )4326-6914;30-2638;02-601;5100 APN-DNAYRT#ENACOM/2020;21/12/2020;04/09/2023
GENBAND S.R.L.;30-71137733-2;EXPCNC 2170/2012;RIOBAMBA;340;11;D   ;C1025ABH;CIUDAD AUTONOMA BUENOS AIRES;CIUDAD DE BUENOS AIRES;(011  )4953-4960;30-1860;0;857 GI/2012;27/03/2012;27/03/2015
GENERAL ELECTRIC INTERNATIONAL INC.;30-60906894-5;EXPCNC 9349/2010;VEDIA;3616;          ;    ;C1425DWA;CABA;CIUDAD DE BUENOS AIRES;(011  )5556-2050;30-2037;0;4122 GI/2014;12/11/2014;12/11/2017
GENERAL INDUSTRIES ARGENTINA S.A.;30-50539550-2;EXPCNC E 8331/2000;PTE. GRAL. JULIO A. ROCA;4530;          ;    ;B1604BZR;FLORIDA OESTE;BUENOS AIRES;;0;02-451;7582 APN-DNAYRT#ENACOM/2023;28/09/2023;28/09/2026
GENERAL INDUSTRIES ARGENTINA S.A.;30-50539550-2;EXPCNC E 8331/2000;TRES ARROYOS;2835;          ;    ;C1416DDU;CIUDAD AUTONOMA BUENOS AIRES;CIUDAD DE BUENOS AIRES;;0;02-451;7582 APN-DNAYRT#ENACOM/2023;28/09/2023;28/09/2026
GENERAL MOTORS DE ARGENTINA S.R.L.;30-66207168-0;EXPENACOM 1844/2016;LIBERTADOR;101;13;    ;1638;VICENTE LOPEZ;CIUDAD DE BUENOS AIRES;(0341 )330 -8895;30-2984;0;257 APN-DNAYRT#ENACOM/2025;26/01/2025;26/01/2028
GENERAL MOTORS DE ARGENTINA S.R.L.;30-66207168-0;EXPENACOM 1844/2016;MAIPU;1210;5;    ;C1006ACT;CABA;CIUDAD DE BUENOS AIRES;(011  )4510-2700;30-2984;0;257 APN-DNAYRT#ENACOM/2025;26/01/2025;26/01/2028
GENIUS TOUCH S.A.;30-71550853-9;EXPENACOM 9761/2017;MANUEL ARTIGAS;5106;1;8;C1440BRB;CABA;CIUDAD DE BUENOS AIRES;(011  )4651-2762;30-2351;0;3 APN-DNPYC#ENACOM/2017;06/09/2017;17/01/2021
GEOCOM S.A.;30-70843240-3;EXPCNC 4924/2004;3 DE FEBRERO;1901;5;19;C1428AHC;CIUDAD AUTONOMA BUENOS AIRES;CIUDAD DE BUENOS AIRES;;30-1488;02-505;1328 GI/2008;16/04/2008;16/04/2011
GEOCOM S.A.;30-70843240-3;EXPCNC 4924/2004;PERON PRESIDENTE JUAN DOMINGO;3495;1;    ;B1651ABE;SAN ANDRES;BUENOS AIRES;(011  )4755-2600;30-1488;02-505;1328 GI/2008;16/04/2008;16/04/2011
GEOSISTEMAS S.R.L.;30-61712720-9;EXPCNC 12357/2009;VENEZUELA;676;          ;    ;C1095AAN;CIUDAD AUTONOMA BUENOS AIRES;CIUDAD DE BUENOS AIRES;(011  )4334-9218;30-1765;0;634 GI/2010;19/02/2010;19/02/2013
GEOTEK ARGENTINA S.A.;30-68079912-8;EXPCNC E 11752/1998;MOREAU DE JUSTO ALICIA;140;3;    ;C1107AAD;CIUDAD AUTONOMA BUENOS AIRES;CIUDAD DE BUENOS AIRES;(011  )4315-6230;30-1326;0;4468 GI/1998;12/11/1998;12/11/2001
GETTERSON ARGENTINA S.A.I. Y C.;30-50522763-4;EXPCNC 9519/2005;CORRIENTES;3240;          ;    ;C1193AAR;CIUDAD AUTONOMA BUENOS AIRES;CIUDAD DE BUENOS AIRES;(011  )6777-6034;30-1554;0;2503 GI/2012;27/07/2012;27/07/2015
GIGASET COMMUNICATIONS ARGENTINA S.R.L.;30-71064922-3;EXPCNC 13380/2008;ROCA PRES GRAL JULIO ARGENTINO;516;          ;    ;C1067ABN;CIUDAD AUTONOMA BUENOS AIRES;CIUDAD DE BUENOS AIRES;(011  )4340-8400;30-1720;0;812 GI/2012;27/03/2012;27/03/2015
GIGASET COMMUNICATIONS ARGENTINA S.R.L.;30-71064922-3;EXPCNC 13380/2008;ROCA PRES GRAL JULIO ARGENTINO;615;10;    ;C1067ABN;CABA;CIUDAD DE BUENOS AIRES;(011  )4340-8400;30-1720;0;812 GI/2012;27/03/2012;27/03/2015
GIRBOY S.R.L.;30-71013381-2;EXPCNC 12994/2009;ACHA GRAL MARIANO;4927;          ;    ;C1430DWU;CIUDAD AUTONOMA BUENOS AIRES;CIUDAD DE BUENOS AIRES;(011  )4544-1448;30-1762;0;152 GI/2010;13/01/2010;13/01/2013
GLOBAL COMMUNICATIONS LATINOAMERICA S.R.L.;30-71555949-4;EXPENACOM 11581/2017;PAREJA;3280;          ;    ;1429;CABA;CIUDAD DE BUENOS AIRES;(011  )5263-0283;30-2342;0;3204 DNAYRT#ENACOM/2020;07/08/2020;07/08/2023
GLOBAL COMUNICACIONES S.A.;30-63617122-7;EXPCNT 12319/1994;PERON TTE GRAL JUAN DOMINGO;2335;9;F   ;C1040AAK;CIUDAD AUTONOMA BUENOS AIRES;CIUDAD DE BUENOS AIRES;(011  )4951-4072;30-1234;0;2233 CN/1994;31/10/1994;31/10/1997
GLOBAL DATA INTERNATIONAL S.A.;33-70814856-9;EXPCNC 10013/2007;MORENO DOCTOR MARIANO;455;1;C   ;C1091AAI;CIUDAD AUTONOMA BUENOS AIRES;CIUDAD DE BUENOS AIRES;(011  )4343-6394;30-1669;0;5408 GI/2007;20/11/2007;20/11/2010
GLOBAL DATA INTERNATIONAL S.A.;33-70814856-9;EXPCNC 10013/2007;YRIGOYEN PRESIDENTE HIPOLITO;1910;3;B   ;C1089AAL;CIUDAD AUTONOMA BUENOS AIRES;CIUDAD DE BUENOS AIRES;(011  )4343-6394;30-1669;0;5408 GI/2007;20/11/2007;20/11/2010
GLOBAL ELECTRONICA S.R.L.;30-60767554-2;;TTE.GRAL.J.D.PERON;2335;9;F   ;1231;CIUDAD DE BUENOS AIRES;CAPITAL FEDERAL;;30-890;0;4001 SU/1988;05/01/1988;05/01/1991
GLOBAL SOLUTION S.A.;30-70988327-1;EXPCNC 2775/2015;AVDA. INTE F RABANAL;3220;1º        ;    ;C1437FQT;CABA;CIUDAD DE BUENOS AIRES;(011  )4918-4138;30-2071;0;1054 GI/2015;06/04/2015;06/04/2018
GLOBAL TELECOMMUNICATIONS SERVICES S.A.;30-70785694-3;EXPCNC 234/2008;TACUARI;344;2;A   ;C1071AAH;CIUDAD AUTONOMA BUENOS AIRES;CIUDAD DE BUENOS AIRES;(011  )5238-2280;30-1678;0;997 GI/2011;11/03/2011;11/03/2014
GLOBAL THINK TECHNOLOGY S.A.;30-70901693-4;EXPCNC 6544/2011;HUMBERTO PRIMO;843;6°        ;    ;X5000FAQ;CORDOBA;CORDOBA;(0351 )644 -4780;30-2880;0;6440 -APN-DNAYRT#ENACOM/2023;08/08/2023;01/01/2099
GLOBAL THINK TECHNOLOGY S.A.;30-70901693-4;EXPCNC 6544/2011;LIMA;575;6°        ;    ;C1073AAK;CABA;CIUDAD DE BUENOS AIRES;(011  )4382-1220;30-2880;0;6440 -APN-DNAYRT#ENACOM/2023;08/08/2023;01/01/2099
GLOBAL TRANS S.R.L.;30-71056697-2;EXPCNC 7058/2015;LIBERTADOR GRAL. SAN MARTIN OESTE;1890;          ;    ;5400;SAN JUAN;SAN JUAN;(0264 )436 -4581;30-3131;0;4994 APN-DNAYRT#ENACOM/2021;15/11/2021;15/11/2024
GLOBAL TRANS S.R.L.;30-71056697-2;EXPCNC 7058/2015;SANTO DOMINGO;2635;          ;    ;C1239AGE;CABA;CIUDAD DE BUENOS AIRES;;30-3131;0;4994 APN-DNAYRT#ENACOM/2021;15/11/2021;15/11/2024
GLOBALSTAR ARGENTINA S.R.L.;30-71590189-3;EX- -APN-SDYME#ENACOM 3526584/2020;SAN MARTIN;140;2;    ;C1004AAD;CABA;CIUDAD DE BUENOS AIRES;(011  )4872-1717;30-2589;0;7492 APN-DNAYRT#ENACOM/2022;30/12/2022;30/12/2025
GLOBO GROUP S.A.;33-71059142-9;EXPCNC 8728/2012;VENEZUELA;110;1;13;C1095AAD;CABA;CIUDAD DE BUENOS AIRES;(011  )4342-8369;30-2645;0;3693 APN-DNAYRT#ENACOM/2020;15/09/2020;15/09/2023
GMRA S.A.;30-71562186-6;EX- -APN-SDYME#ENACOM 18427270/2018;DEL LIBERTADOR;6350;3;    ;1428;CABA;CIUDAD DE BUENOS AIRES;(011  )4057-9143;30-2425;0;4323 APN-DNAYRT#ENACOM/2024;06/05/2024;06/05/2027
GMT SOLUTIONS S.R.L.;30-71623780-6;EX- -APN-SDYME#ENACOM 21791599/2019;ACASSUSO;6190;          ;    ;C1408FDV;CABA;CIUDAD DE BUENOS AIRES;(011  )6254-2260;30-2507;0;2633 APN-DNAYRT#ENACOM/2025;16/07/2025;16/07/2028
GO MARKET S.A.;30-70878051-7;EXPCNC 11887/2006;GARCIA JUAN AGUSTIN;2422;          ;    ;C1416ELD;CIUDAD AUTONOMA BUENOS AIRES;CIUDAD DE BUENOS AIRES;(011  )4586-0012;30-1613;0;689 GI/2007;02/02/2007;02/02/2010
GODOY, CARLOS EZEQUIEL;20-26801266-5;EX- -APN-SDYME#ENACOM 26702900/2018;CHIVILCOY;1178;          ;    ;1712;CASTELAR;BUENOS AIRES;(011  )6181-4998;30-2432;0;3169 APN-DNAYRT#ENACOM/2018;19/06/2018;19/06/2021
GODOY, CARLOS EZEQUIEL;20-26801266-5;EX- -APN-SDYME#ENACOM 26702900/2018;SUIPACHA;1087;8;B   ;1008;CABA;CIUDAD DE BUENOS AIRES;;30-2432;0;3169 APN-DNAYRT#ENACOM/2018;19/06/2018;19/06/2021
GOLDMUND S.A.;30-70860387-9;EXPCNC 7783/2004;HUMBOLDT;2355;1;    ;1425;CABA;CIUDAD DE BUENOS AIRES;(011  )6179-0130;30-2652;02-598;7505 DNAYRT#ENACOM/2023;28/09/2023;28/09/2026
GOLDMUND S.A.;30-70860387-9;EXPCNC 7783/2004;MANUEL A OCAMPO;1170;          ;    ;1686;HURLINGHAM;BUENOS AIRES;(011  )5064-4933;30-2652;02-598;7505 DNAYRT#ENACOM/2023;28/09/2023;28/09/2026
GOMEZ, LEANDRO SEBASTIAN;20-26522695-8;EX- -APN-ALYAT#ENACOM 21775611/2026;HIPOLITO YRIGOYEN;2112;6;26;1089;CABA;CIUDAD DE BUENOS AIRES;(011  )6274-0800;30-3083;0;7031 APN-DNLAYR#ENACOM/2026;27/04/2026;
GONGZHU TECH DEVELOPMENT S.A.;30-71010255-0;EXPCNC 12750/2013;LIMA;1125;4;A   ;C1073AAW;CABA;CIUDAD DE BUENOS AIRES;(011  )2056-3931;30-2389;0;382 APN-DNAYRT#ENACOM/2018;17/01/2018;17/01/2021
GOWEX ARGENTINA S.A.;30-71159524-0;EXPCNC 9804/2011;BUTTY ING ENRIQUE;240;4;44;C1001AFB;CIUDAD AUTONOMA BUENOS AIRES;CIUDAD DE BUENOS AIRES;(011  )4590-2370;30-1848;0;4123 GI/2011;17/10/2011;17/10/2014
GOWEX ARGENTINA S.A.;30-71159524-0;EXPCNC 9804/2011;BUTTY ING ENRIQUE;240;4;45;C1001AFB;CIUDAD AUTONOMA BUENOS AIRES;CIUDAD DE BUENOS AIRES;(011  )4590-2370;30-1848;0;4123 GI/2011;17/10/2011;17/10/2014
GPV S.A.;30-50416354-3;EX- -APN-REYS#ENACOM 2344662/2023;25 DE MAYO;565;          ;    ;1002;CABA;CIUDAD DE BUENOS AIRES;(011  )4006-7087;30-2850;0;1548 -APN-DNAYRT#ENACOM/2023;27/02/2023;27/02/2026
GRADICOM S.A.;30-70719506-8;EX- -APN-REYS#ENACOM 86438281/2021;VENEZUELA;1961;2;    ;1096;CABA;CIUDAD DE BUENOS AIRES;(011  )4943-6999;30-2743;02-619;5012 APN-DNAYRT#ENACOM/2021;15/11/2021;15/11/2024
GRATZ, JAVIER BERNARDO;20-16892521-3;EXPCNC 6999/2007;CASTRO BARROS PEDRO IGNACIO;945;PB        ;    ;C1217ABI;CABA;CIUDAD DE BUENOS AIRES;(011  )4957-4044;30-1649;02-503;1451 APN-DNLAYR#ENACOM/2025;14/10/2025;14/10/2028
GREAT CARS S.A.;30-71516251-9;EX- -APN-SDYME#ENACOM 8084520/2018;RUTA PANAMERICANA RAMAL PILAR KM 35.500;S/N;          ;    ;1667;TORTUGUITAS;BUENOS AIRES;(03327)453 -0500;30-2486;0;1936 APN-DNAYRT#ENACOM/2019;28/02/2019;28/02/2022
GREAT CARS S.A.;30-71516251-9;EX- -APN-SDYME#ENACOM 8084520/2018;SANTA FE;1643;5;    ;1060;CABA;CIUDAD DE BUENOS AIRES;;30-2486;0;1936 APN-DNAYRT#ENACOM/2019;28/02/2019;28/02/2022
GREENWORKING S.A.;30-71106876-3;EX- -APN-SDYME#ENACOM 65457012/2018;HUMBOLDT;324;          ;    ;1704;RAMOS MEJIA;BUENOS AIRES;(011  )3974-3968;30-2579;0;10 APN-DNAYRT#ENACOM/2020;13/01/2020;13/01/2023
GREENWORKING S.A.;30-71106876-3;EX- -APN-SDYME#ENACOM 65457012/2018;NUÑEZ;1750;PB        ;B   ;1429;CABA;CIUDAD DE BUENOS AIRES;(011  )4089-4515;30-2579;0;10 APN-DNAYRT#ENACOM/2020;13/01/2020;13/01/2023
GRIENSU S.A.;30-52649846-8;EXPCNC 2198/2012;JULIO A. ROCA;636;11;    ;C1067ABO;CABA;CIUDAD DE BUENOS AIRES;(011  )4342-8819;30-2971;0;12601 APN-DNAYRT#ENACOM/2024;19/12/2024;19/12/2027
GROLL, DIEGO ARIEL;20-25989386-1;EX- -APN-SDYME#ENACOM 20677850/2017;PACHECO;3208;PB        ;    ;1431;CABA;CIUDAD DE BUENOS AIRES;(011  )2153-1527;30-2784;0;1916 APN-DNAYRT#ENACOM/2022;31/03/2022;31/03/2025
GRUPO LINDE GAS ARGENTINA S.A.;30-50139538-9;EXPCNC 5838/2011;CRISOLOGO LARRALDE;1522;          ;    ;1872;AVELLANEDA;BUENOS AIRES;;30-2298;0;1 -APN-DNAYRT#ENACOM/2017;21/03/2017;17/01/2021
GRUPO LINDE GAS ARGENTINA S.A.;30-50139538-9;EXPCNC 5838/2011;LEANDRO A ALEM;1050;4°        ;    ;C1001AAS;CABA;CIUDAD DE BUENOS AIRES;(011  )9999-9999;30-2298;0;1 -APN-DNAYRT#ENACOM/2017;21/03/2017;17/01/2021
GRUPO NUCLEO S.A.;30-70933244-5;EXPENACOM 5126/2016;BRASIL;3237;          ;    ;C1260ABB;CABA;CIUDAD DE BUENOS AIRES;(011  )5091-9999;30-3069;0;4061 APN-DNLAYR#ENACOM/2026;10/02/2026;10/02/2029
GRUPO NUCLEO S.A.;30-70933244-5;EXPENACOM 5126/2016;CHACO;1670;          ;    ;B7600BMB;MAR DEL PLATA;BUENOS AIRES;(0223 )462 -9000;30-3069;0;4061 APN-DNLAYR#ENACOM/2026;10/02/2026;10/02/2029
GRUPO PROPELLER SOCIEDAD ANONIMA;30-70878416-4;EX- -APN-REYS#ENACOM 13549751/2023;CAMPICHUELO;260;PB        ;23;1405;CABA;CIUDAD DE BUENOS AIRES;(011  )3141-5670;30-2855;02-643;1598 -APN-DNAYRT#ENACOM/2023;27/02/2023;
GRUPO SIMPA S.A.;30-62832360-3;EX- -APN-REYS#ENACOM 44257432/2020;COLECTORA PANAMERICANA;1804;3;B   ;1642;VILLA ADELINA;BUENOS AIRES;(011  )4708-3300;30-2910;0;1323 -APN-DNAYRT#ENACOM/2024;17/02/2024;17/02/2027
GRUPO SIMPA S.A.;30-62832360-3;EX- -APN-REYS#ENACOM 44257432/2020;TUCUMAN;1455;          ;    ;C1050AAC;CABA;CIUDAD DE BUENOS AIRES;(011  )3155-8544;30-2910;0;1323 -APN-DNAYRT#ENACOM/2024;17/02/2024;17/02/2027
GRUPOS INTEGRADOS S.A.;30-71037341-4;EXPCNC 2042/2014;GRAL. JOSE G. ARTIGAS;378;          ;    ;C1406ABD;CABA;CIUDAD DE BUENOS AIRES;(011  )4613-0698;30-1974;0;914 GI/2014;18/03/2014;18/03/2017
GTE S.R.L.;30-70869092-5;EXPCNC 1525/2010;CARACAS;2673;          ;    ;C1417DUC;CABA;CIUDAD DE BUENOS AIRES;(011  )4896-0060;30-2991;02-675;361 APN-DNAYRT#ENACOM/2025;24/02/2025;24/02/2028
GULARO S.A.;30-51714969-8;EXPAFTIC 2633/2015;LIMA;575;7°        ;    ;C1073AAK;CABA;CIUDAD DE BUENOS AIRES;(011  )4726-7800;30-2943;0;6530 APN-DNAYRT#ENACOM/2024;30/06/2024;30/06/2027
GUNPLEX S.C.A.;30-51693066-3;;SUIPACHA;254;9;36;C1008AAF;CIUDAD DE BUENOS AIRES;CAPITAL FEDERAL;(011  )4326-8982;30-1044;0;225 CN/1991;24/05/1991;24/05/1994
GUTKIN, NESTOR JULIO;20-14769406-8;EX- -APN-SDYME#ENACOM 8139066/2020;JULIO ARGENTINO ROCA;771;8;12;C1067   ;CABA;CIUDAD DE BUENOS AIRES;(011  )5217-9931;30-2882;0;6974 APN-DNAYRT#ENACOM/2023;29/08/2023;29/08/2026
GUZMAN NACICH S.A.I.C.;30-63610183-0;;SANTA MAGDALENA;350;          ;    ;C1277ACB;CIUDAD AUTONOMA BUENOS AIRES;CIUDAD DE BUENOS AIRES;(011  )4302-5620;30-637;02-294;7 SU/1990;16/03/1990;16/03/1993
H.D.C. INTERNATIONAL S.A.;30-70828666-0;EXPAFTIC 1976/2015;FRAY JUSTO SANTA MARIA DE ORO;2752;7;41;1425;CABA;CIUDAD DE BUENOS AIRES;;30-2116;02-553;230 DINAPTIC/2015;21/08/2015;21/08/2018
H.D.C. INTERNATIONAL S.A.;30-70828666-0;EXPAFTIC 1976/2015;SALTA;3246;          ;    ;S2002JLN;ROSARIO;SANTA FE;(0341 )409 -4300;30-2116;02-553;230 DINAPTIC/2015;21/08/2015;21/08/2018
HALE CONSTRUCCIONES S.R.L.;30-70326873-7;EXPCNC 4264/2004;MANSO JUANA;1550;8;348;C1107CHF;CIUDAD AUTONOMA BUENOS AIRES;CIUDAD DE BUENOS AIRES;(011  )5291-9741;30-1485;0;3146 GI/2011;17/08/2011;17/08/2014
HAND - CELL S.A.;30-70196593-7;EXPCNC 7613/2003;25 DE MAYO;332;4;    ;C1002ABH;CABA;CIUDAD DE BUENOS AIRES;(011  )5217-0876;30-2499;0;2649 APN-DNAYRT#ENACOM/2025;16/07/2025;16/07/2028
HAWK TRACKER S.A.;30-70720642-6;EXPCNC 1454/2006;DEL LIBERTADOR;1235;          ;    ;B1638BEL;VICENTE LOPEZ;BUENOS AIRES;(011  )4837-9525;30-1566;0;1078 GI/2006;27/03/2006;27/03/2009
HAWK TRACKER S.A.;30-70720642-6;EXPCNC 1454/2006;PELLEGRINI CARLOS;1427;9;    ;C1011AAC;CIUDAD AUTONOMA BUENOS AIRES;CIUDAD DE BUENOS AIRES;(011  )4327-4199;30-1566;0;1078 GI/2006;27/03/2006;27/03/2009
HEADCOMM S.A.;30-70505063-1;EXPCNC 4094/2002;AYACUCHO;933;1;    ;1111;CABA;CIUDAD DE BUENOS AIRES;(011  )4813-0715;30-1960;0;4856 GI/2013;29/11/2013;29/11/2016
HELLERMANNTYTON S.R.L.;30-59515403-7;EXPCNC E 2997/2001;AVDA. LEANDRO N. ALEM;928;7;    ;C1001AAR;CIUDAD DE BUENOS AIRES;CAPITAL FEDERAL;;30-1392;0;2524 GI/2001;04/06/2001;04/06/2001
HELLERMANNTYTON S.R.L.;30-59515403-7;EXPCNC E 2997/2001;MONTEAGUDO;750;          ;    ;B1672AFP;VILLA LYNCH (PDO. GRAL. SAN MARTIN);BUENOS AIRES;;30-1392;0;2524 GI/2001;04/06/2001;04/06/2001
HERBER, SAMUEL FIDEL;20-04739518-7;EXPCNT 5556/1995;CASTILLO PEDRO DEL;1486;PB        ;    ;C1414AXF;CIUDAD AUTONOMA BUENOS AIRES;CIUDAD DE BUENOS AIRES;;30-1119;0;920 CN/1995;12/04/1995;12/04/1998
HERBER, SAMUEL FIDEL;20-04739518-7;EXPCNT 5556/1995;IRIGOYEN;1315;19;F   ;C1408CPC;CIUDAD AUTONOMA BUENOS AIRES;CIUDAD DE BUENOS AIRES;;30-1119;0;920 CN/1995;12/04/1995;12/04/1998
HERBER, SAMUEL FIDEL;20-04739518-7;EXPCNT 5556/1995;SARMIENTO;467;          ;    ;B2804EVD;CAMPANA;BUENOS AIRES;(03489)42  -2298;30-1119;0;920 CN/1995;12/04/1995;12/04/1998
HERBY MARINA S.A.;30-60563602-7;;AVDA. MONTES DE OCA;459;6;G   ;C1270AAE;CIUDAD DE BUENOS AIRES;CAPITAL FEDERAL;(011  )4312-7233;30-1108;0;427 CN/1991;29/08/1991;29/08/1994
HESCO S.A.;30-71696584-4;EX- -APN-REYS#ENACOM 65977786/2021;TUCUMAN;633;4;    ;1049;CABA;CIUDAD DE BUENOS AIRES;(011  )6768-6445;30-2735;0;5022 APN-DNAYRT#ENACOM/2021;15/11/2021;15/11/2024
HEWLETT PACKARD ARGENTINA S.R.L.;30-54203455-2;EXPCNC E 11983/1998;LIBERTADOR;7208;10;    ;1429;CABA;CIUDAD DE BUENOS AIRES;;30-1257;02-600;8819 APN-DNAYRT#ENACOM/2023;06/11/2023;06/11/2026
HID S.A.;30-61783980-2;EX- -APN-REYS#ENACOM 37375801/2021;FERRARI;372;          ;    ;C1414EGD;CABA;CIUDAD DE BUENOS AIRES;(011  )4855-5984;30-2942;0;6532 APN-DNAYRT#ENACOM/2024;30/06/2024;30/06/2027
HIGH TECH S.R.L.;30-68906438-4;;URUGUAY;750;          ;    ;C1015ABP;CIUDAD DE BUENOS AIRES;CAPITAL FEDERAL;;30-1093;0;344 CN/1991;12/07/1991;12/07/1994
HIKARI S.A.;30-56849877-8;EX- -APN-SDYME#ENACOM 70365380/2019;AVDA. SANTA FE;1429;          ;    ;C1060ABA;CABA;CIUDAD DE BUENOS AIRES;(011  )5032-2800;30-2542;0;9566 APN-DNAYRT#ENACOM/2019;23/08/2019;23/08/2022
HIKVISION ARGENTINA S.R.L.;30-71672322-0;EX- -APN-REYS#ENACOM 128388228/2024;BLAS PARERA;51;9º        ;1;B1602CSA;FLORIDA;BUENOS AIRES;(011  )2380-1641;30-2974;0;12598 APN-DNAYRT#ENACOM/2024;19/12/2024;19/12/2027
HILSON S.R.L.;30-70857804-1;EXPAFTIC 2221/2015;VIRREY DEL PINO;2458;8;A   ;1426;CABA;CIUDAD DE BUENOS AIRES;(011  )4773-4833;30-2120;0;270 DINAPTIC/2015;15/09/2015;15/09/2018
HILTI ARGENTINA S.R.L.;30-65696323-5;EXPENACOM 13328/2016;ADOLFO ALSINA;1609;          ;    ;C1088AAO;CABA;CIUDAD DE BUENOS AIRES;(011  )4721-4400;30-2258;0;7895 -E-APN-ENACOM#MCO/2016;21/11/2016;21/11/2019
HILTI ARGENTINA S.R.L.;30-65696323-5;EXPENACOM 13328/2016;PROFESOR MANUEL GARCIA;4760;          ;    ;B1605BIB;MUNRO;BUENOS AIRES;(011  )4721-4407;30-2258;0;7895 -E-APN-ENACOM#MCO/2016;21/11/2016;21/11/2019
HIPRA ARGENTINA S.A.;30-71188472-2;EX- -APN-REYS#ENACOM 91632843/2021;CALLE 48;726;          ;D   ;1900;LA PLATA;CIUDAD DE BUENOS AIRES;(011  )2835-6047;30-2747;0;12069 APN-DNAYRT#ENACOM/2024;22/11/2024;22/11/2027
HISPASAT S.A. SUCURSAL ARGENTINA;30-70847889-6;EXPCNC 11355/2010;GELLY Y OBES;2238;7º        ;    ;C1425EMB;CABA;CIUDAD DE BUENOS AIRES;(011  )4470-9454;30-1811;0;3998 GI/2010;19/11/2010;19/11/2013
HITACHI ENERGY ARGENTINA S.A.U.;30-71644180-2;EX- -APN-REYS#ENACOM 40725873/2023;CHILE;249;          ;    ;1098;CABA;CIUDAD DE BUENOS AIRES;(011  )6026-5238;30-2863;0;3938 -APN-DNAYRT#ENACOM/2023;02/05/2023;02/05/2026
HOCHNADEL, LUIS NORBERTO;20-12676240-3;EXPCNT 5556/1995;MAESTRO GRANADA;1733;          ;    ;B1609IUE;BOULOGNE;BUENOS AIRES;(011  )4763-7204;30-1244;0;920 CN/1995;12/04/1995;12/04/1998
HOCHNADEL, LUIS NORBERTO;20-12676240-3;EXPCNT 5556/1995;VER EL EXPTE.;1;          ;    ;1001;CIUDAD DE BUENOS AIRES;CAPITAL FEDERAL;;30-1244;0;920 CN/1995;12/04/1995;12/04/1998
HOCHNADEL, RICARDO JOSE;20-14452719-5;EXPCNC 762/2008;LAVALLE GRAL JUAN;2410;          ;    ;B1602DYT;FLORIDA;BUENOS AIRES;(011  )4718-3014;30-1681;0;762 GI/2012;27/03/2012;27/03/2015
HOCHNADEL, RICARDO JOSE;20-14452719-5;EXPCNC 762/2008;UGARTE MANUEL;3893;3;G   ;C1430BBK;CIUDAD AUTONOMA BUENOS AIRES;CIUDAD DE BUENOS AIRES;;30-1681;0;762 GI/2012;27/03/2012;27/03/2015
HOMOLOGAR S.R.L.;30-71572744-3;EX- -APN-SDYME#ENACOM 2561858/2018;CARLOS CALVO;3934;7;I   ;1230;CABA;BUENOS AIRES;;30-2911;0;1276 APN-DNAYRT#ENACOM/2024;17/02/2024;17/02/2027
HOMOLOGAR S.R.L.;30-71572744-3;EX- -APN-SDYME#ENACOM 2561858/2018;PEDRO DE MENDOZA;1853;          ;    ;1686;HURLINGHAM;BUENOS AIRES;(011  )4494-2690;30-2911;0;1276 APN-DNAYRT#ENACOM/2024;17/02/2024;17/02/2027
HONDA MOTOR DE ARGENTINA S.A.;30-57754677-7;EXPCNC 3635/2006;RUTA PROVINCIAL Nº 6 - KM 195;S/N;          ;    ;B2804FZE;CAMPANA;BUENOS AIRES;(011  )4889-9877;30-2968;0;11378 APN-DNAYRT#ENACOM/2024;22/10/2024;22/10/2027
HONDA MOTOR DE ARGENTINA S.A.;30-57754677-7;EXPCNC 3635/2006;SUIPACHA;1111;18;    ;C1008AAW;CABA;CIUDAD DE BUENOS AIRES;(011  )4114-3001;30-2968;0;11378 APN-DNAYRT#ENACOM/2024;22/10/2024;22/10/2027
HONDA MOTOR DE ARGENTINA S.A.;30-57754677-7;EXPCNC 3635/2006;SUIPACHA;1111;18;    ;C1008AAW;CIUDAD AUTONOMA BUENOS AIRES;CIUDAD DE BUENOS AIRES;;30-2968;0;11378 APN-DNAYRT#ENACOM/2024;22/10/2024;22/10/2027
HONEYWELL S.A.I.C.;30-58052350-8;EXPCNC 8406/2011;CARLOS PELLEGRINI;179;9º        ;    ;C1009ABC;CABA;CIUDAD DE BUENOS AIRES;;30-3006;0;1569 APN-DNAYRT#ENACOM/2025;17/05/2025;17/05/2028
HORIZON TRADING S.A.;30-71493161-6;EX- -APN-SDYME#ENACOM 11254438/2018;AV. CONGRESO;2440;5;    ;1428;CABA;CIUDAD DE BUENOS AIRES;(011  )2319-1429;30-3018;0;2644 APN-DNAYRT#ENACOM/2025;16/07/2025;16/07/2028
HOSPITAL PUBLICO DESCENTRALIZADO DR. GUILLERMO RAWSON;30-70949057-1;EXPCNTMESA E 10324/1995;AVDA. GUILLERMO RAWSON (SUR);494;          ;    ;J5400EZR;SAN JUAN;SAN JUAN;(0264 )422 -4005;30-1249;0;5076 GI/1995;20/07/1995;20/07/1998
HOSPITAL PUBLICO DESCENTRALIZADO DR. GUILLERMO RAWSON;30-70949057-1;EXPCNTMESA E 10324/1995;SARMIENTO;1251;          ;    ;C1041AAY;CABA;CIUDAD DE BUENOS AIRES;(011  )000 -0000;30-1249;0;5076 GI/1995;20/07/1995;20/07/1998
HOTEL VERSALLES;30-54673689-6;;ALVEAR PRESIDENTE MARCELO TORCUATO DE;1665;6;B   ;C1060AAE;CIUDAD AUTONOMA BUENOS AIRES;CIUDAD DE BUENOS AIRES;;30-1206;0;152 CN/1993;03/12/1993;03/12/1996
HOTELES FIRMAT S.A.;30-70833657-9;;PRIMERA JUNTA;994;          ;    ;1406;CIUDAD DE BUENOS AIRES;CAPITAL FEDERAL;;30-939;0;4022 SU/1989;30/01/1989;30/01/1992
HP INC ARGENTINA S.R.L.;30-71480937-3;EXPCNC 7006/2015;VEDIA;3616;7;    ;1430;CABA;CIUDAD DE BUENOS AIRES;;30-2098;0;6980 APN-DNAYRT#ENACOM/2024;26/07/2024;26/07/2027
HREN, JORGE RICARDO;23-11112527-9;;URIARTE;222;          ;    ;B1828KFF;BANFIELD;BUENOS AIRES;(011  )4288-1346;30-971;0;55 SU/1990;06/04/1990;06/04/1993
HREN, JORGE RICARDO;23-11112527-9;;VER EL EXPTE.;1;          ;    ;1001;CIUDAD DE BUENOS AIRES;CAPITAL FEDERAL;;30-971;0;55 SU/1990;06/04/1990;06/04/1993
HUACO S.A.;30-70873181-8;EXPCNC 802/2006;CHIVILCOY;2447;          ;    ;C1417ATI;CIUDAD AUTONOMA BUENOS AIRES;CIUDAD DE BUENOS AIRES;(011  )4796-1901;30-1563;0;1076 GI/06;27/03/2006;27/03/2009
HUACO S.A.;30-70873181-8;EXPCNC 802/2006;CONSTITUCION;267;          ;    ;D5700CSE;SAN LUIS;SAN LUIS;;30-1563;0;1076 GI/06;27/03/2006;27/03/2009
HUAWEI TECH. INVESTMENT CO. LTD.;30-70768991-5;EXPCNC 8909/2005;LEANDRO N. ALEM;815;8;    ;C1001AAD;CABA;CIUDAD DE BUENOS AIRES;(011  )4105-0500;30-3005;0;1570 APN-DNAYRT#ENACOM/2025;17/05/2025;17/05/2028
HUGHES DE ARGENTINA S.R.L.;33-71621931-9;EX- -APN-REYS#ENACOM 58093200/2022;MAIPU;1300;13º       ;    ;C1006ACT;CABA;CIUDAD DE BUENOS AIRES;(011  )4315-2900;30-2843;0;6447 APN-DNAYRT#ENACOM/2022;31/10/2022;31/10/2025
HUNTER DOUGLAS ARGENTINA S.A.;30-68077923-2;EXPCNC 6307/2009;LAPRIDA;4755;          ;    ;B1603ABG;VILLA MARTELLI;BUENOS AIRES;(011  )4709-8713;30-2872;0;6132 APN-DNAYRT#ENACOM/2023;07/07/2023;07/07/2026
HUNTER DOUGLAS ARGENTINA S.A.;30-68077923-2;EXPCNC 6307/2009;LIMA;575;7;    ;C1073AAK;CABA;CIUDAD DE BUENOS AIRES;(011  )4382-1696;30-2872;0;6132 APN-DNAYRT#ENACOM/2023;07/07/2023;07/07/2026
HYNET S.A.;30-70713941-9;EXPCNC 7699/2008;ROCA PRES GRAL JULIO ARGENTINO;620;12;    ;C1067ABO;CIUDAD AUTONOMA BUENOS AIRES;CIUDAD DE BUENOS AIRES;(011  )5128-1000;30-1709;0;3106 GI/2008;02/09/2008;02/09/2011
HYUNDAI MOTOR ARGENTINA S.A.;30-57409621-5;EXPENACOM 15433/2017;BLAS PARERA;3611;          ;    ;B1636CSG;OLIVOS;BUENOS AIRES;(011  )4799-0500;30-2357;0;719 APN-DNAYRT#ENACOM/2017;20/09/2017;17/01/2021
HYUNDAI MOTOR ARGENTINA S.A.;30-57409621-5;EXPENACOM 15433/2017;MAIPU;1210;5°        ;    ;C1006ACT;CABA;CIUDAD DE BUENOS AIRES;;30-2357;0;719 APN-DNAYRT#ENACOM/2017;20/09/2017;17/01/2021
I SYSTEMS SERVICIOS TELEMATICOS S.R.L.;30-70991013-9;EXPCNC 6487/2007;POSADAS GERVASIO ANTONIO;1564;1;2;C1112ADB;CIUDAD AUTONOMA BUENOS AIRES;CIUDAD DE BUENOS AIRES;(011  )4807-2660;30-1647;0;2884 GI/2010;23/08/2010;23/08/2013
I.J.C.V. S.R.L.;30-62247845-1;EXPCNT 3695/1995;MONTEVIDEO;2455;          ;    ;X5002CAU;CORDOBA;CORDOBA;(0351 )489 -3170;30-1079;0;633 CN/1995;17/03/1995;17/03/1998
I.J.C.V. S.R.L.;30-62247845-1;EXPCNT 3695/1995;PIEDRAS;824;5;B   ;C1070AAR;CIUDAD AUTONOMA BUENOS AIRES;CIUDAD DE BUENOS AIRES;(011  )4361-9053;30-1079;0;633 CN/1995;17/03/1995;17/03/1998
I.S.P GROUP S.R.L.;30-71113065-5;EX- -APN-ALYAT#ENACOM 54757066/2026;GARIBALDI;115;          ;    ;7540;CORONEL SUAREZ;BUENOS AIRES;;30-3115;0;8907 APN-DNLAYR#ENACOM/2026;16/07/2026;01/01/2099
I.S.P GROUP S.R.L.;30-71113065-5;EX- -APN-ALYAT#ENACOM 54757066/2026;PASEO COLON;1430;2º        ;2;1063;CABA;CIUDAD DE BUENOS AIRES;(011  )2344-2222;30-3115;0;8907 APN-DNLAYR#ENACOM/2026;16/07/2026;01/01/2099
IATEC S.A. (INDUSTRIA AUSTRAL DE TECNOLOGIA S.A.);30-71077905-4;EXPCNC 5090/2010;AVDA. PASEO COLON;221;2º        ;    ;C1063ACC;CABA;CIUDAD DE BUENOS AIRES;(011  )6394-2800;30-2192;02-558;2645 APN-DNAYRT#ENACOM/2025;16/07/2025;16/07/2028
IATEC S.A. (INDUSTRIA AUSTRAL DE TECNOLOGIA S.A.);30-71077905-4;EXPCNC 5090/2010;SARMIENTO;2950;          ;    ;V9420GIV;RIO GRANDE;TIERRA DEL FUEGO, ANTARTIDA E ISLAS DEL ATLANTICO SUR;(011  )6394-2800;30-2192;02-558;2645 APN-DNAYRT#ENACOM/2025;16/07/2025;16/07/2028
IATEL S.A.;30-50498082-7;;ROSAS BDIER GRAL JUAN MANUEL DE;1549;          ;    ;B1655IRD;JOSE LEON SUAREZ;BUENOS AIRES;;30-752;02-343;4181 SU/1986;05/05/1986;05/05/1989
IBERCOM MULTICOM S.A.;30-68210180-2;;LAUTARO;1645;          ;    ;C1406DLG;CIUDAD AUTONOMA BUENOS AIRES;CIUDAD DE BUENOS AIRES;(011  )4634-0036;30-994;0;49 CN/1990;21/12/1990;21/12/1993
IBM ARGENTINA S.A.;30-50396126-8;EXPCNC E 3223/1999;BUTTY ING ENRIQUE;275;19;    ;C1001AFA;CIUDAD AUTONOMA BUENOS AIRES;CIUDAD DE BUENOS AIRES;(011  )4319-6581;30-2617;0;2091 DNAYRT#ENACOM/2020;02/06/2020;02/06/2023
ICAP SOCIEDAD ANONIMA;30-50382598-4;EXPENACOM 13179/2016;DIAZ VELEZ;3531;          ;    ;C1200AAC;CABA;CIUDAD DE BUENOS AIRES;(011  )4865-3755;30-2577;0;11 DNAYRT#ENACOM/2020;13/01/2020;13/01/2023
ID GROUP S.A.;30-70805310-0;EXPCNC 5936/2010;SUAREZ;2778;          ;    ;C1284AGL;CABA;CIUDAD DE BUENOS AIRES;;30-2468;0;6428 APN-DNAYRT#ENACOM/2018;01/11/2018;01/11/2021
IDEC S.A.;33-70831074-9;EXPAFTIC 5341/2015;MAIPU;566;3°        ;F   ;C1006ACF;CABA;CIUDAD DE BUENOS AIRES;(011  )4328-3198;30-2148;0;664 DINAPTIC/2015;01/12/2015;01/12/2018
IDENTIMAX S.A.;30-70962583-3;EXPCNC 673/2013;CDRO. URTUBEY;2337;          ;    ;C1430BMA;CABA;CIUDAD DE BUENOS AIRES;(011  )4564-5200;30-3037;02-682;808 APN-DNLAYR#ENACOM/2025;25/09/2025;25/09/2028
IDT CORPORATION DE ARGENTINA S.A.;30-70739780-9;EXPCNC 4395/2002;CABILDO;642;3;    ;1426;CABA;CIUDAD DE BUENOS AIRES;(011  )9999-9999;30-1426;0;3650 GI/2002;10/09/2002;10/09/2005
IFM ELECTRONIC S.R.L.;30-71045716-2;EX- -APN-REYS#ENACOM 58221966/2022;LOLA MORA;421;10º       ;3;C1107DDA;CABA;CIUDAD DE BUENOS AIRES;(011  )3219-0101;30-3019;0;2642 APN-DNAYRT#ENACOM/2025;16/07/2025;16/07/2028
IFRANET S.A.;30-71471046-6;EX- -APN-SDYME#ENACOM 94799880/2019;BELGRANO GRAL MANUEL;229;          ;    ;B2804FWE;CAMPANA;BUENOS AIRES;(03489)43  -1758;30-2555;0;11541 APN-DNAYRT#ENACOM/2019;30/10/2019;30/10/2022
IFRANET S.A.;30-71471046-6;EX- -APN-SDYME#ENACOM 94799880/2019;LEANDRO N. ALEM;530;3;    ;1001;CABA;CIUDAD DE BUENOS AIRES;(011  )4893-1472;30-2555;0;11541 APN-DNAYRT#ENACOM/2019;30/10/2019;30/10/2022
IGARRETA MAQUINAS S.A.;30-68244000-3;EX- -APN-SDYME#ENACOM 57029988/2018;COLECTORA OESTE DE RUTA PANAMERICANA;28500;          ;    ;B1611GFX;DON TORCUATO;BUENOS AIRES;(011  )4846-4400;30-2989;0;363 APN-DNAYRT#ENACOM/2025;24/02/2025;24/02/2028
IGARRETA MAQUINAS S.A.;30-68244000-3;EX- -APN-SDYME#ENACOM 57029988/2018;GUAYRA;1717;1;    ;1429;CABA;CIUDAD DE BUENOS AIRES;(011  )4846-4400;30-2989;0;363 APN-DNAYRT#ENACOM/2025;24/02/2025;24/02/2028
IGT GLOBAL SOLUTIONS CORPORATION;30-61593482-4;EXPCNC E 9484/2000;AVDA. CABILDO;4566;7°        ;    ;C1429ABQ;CABA;CIUDAD DE BUENOS AIRES;(011  )4382-2128;30-2153;0;85 ENACOM/2016;22/02/2016;22/02/2019
IGT GLOBAL SOLUTIONS CORPORATION;30-61593482-4;EXPCNC E 9484/2000;TTE. GRAL. JUAN D. PERON;1219;7°        ;25;C1038AAY;CABA;CIUDAD DE BUENOS AIRES;(011  )4382-2128;30-2153;0;85 ENACOM/2016;22/02/2016;22/02/2019
IMAGEN E INFORMACION S.A.;30-70797372-9;EXPCNC 9965/2007;PERU;367;8;    ;C1067AAG;CIUDAD AUTONOMA BUENOS AIRES;CIUDAD DE BUENOS AIRES;(011  )4342-4742;30-1672;0;96 GI/2011;14/01/2011;14/01/2014
IMAGEN E INFORMACION S.A.;30-70797372-9;EXPCNC 9965/2007;QUITO;2618;3;    ;B1643HBH;BECCAR;BUENOS AIRES;(011  )4737-1030;30-1672;0;96 GI/2011;14/01/2011;14/01/2014
IMAGINARIAS S.R.L.;30-70757833-1;EXPCNC 2057/2007;MOREAU DE JUSTO ALICIA;2050;2;228;C1107AFP;CIUDAD AUTONOMA BUENOS AIRES;CIUDAD DE BUENOS AIRES;(011  )4313-1448;30-1626;0;1438 GI/2007;03/04/2007;03/04/2010
IMCO S.A.;30-62967426-4;EXPCNT 10974/1994;FLORIDA;375;3;A   ;C1005AAG;CIUDAD DE BUENOS AIRES;CAPITAL FEDERAL;(011  )4326-4473;30-1225;0;2136 CN/1994;06/10/1994;06/10/1997
IMPEX TELECOMMUNICATIONS ARGENTINA S.A.;30-71046901-2;EXPCNC 2699/2008;RIVADAVIA BERNARDINO;5040;9;D   ;C1424CES;CIUDAD AUTONOMA BUENOS AIRES;CIUDAD DE BUENOS AIRES;(011  )4904-0457;30-1692;0;1510 GI/2008;02/05/2008;02/05/2011
IMPORLATINA S.A.;30-63613427-5;;SOLIS;768;          ;    ;C1078AAP;CIUDAD AUTONOMA BUENOS AIRES;CIUDAD DE BUENOS AIRES;;30-1079;0;344 CN/1991;12/07/1991;12/07/1994
IMPORTADORA MEDITERRANEA SOCIEDAD ANONIMA;30-64202042-7;EX- -APN-ALYAT#ENACOM 45307829/2026;EMILIO CARAFFA;1921;PB        ;    ;5009;CORDOBA;CORDOBA;(0351 )489 -0576;30-3103;0;7928 APN-DNLAYR#ENACOM/2026;26/05/2026;01/01/2099
IMPORTADORA TECNOLOGICA S.A.;30-64348959-3;;PARANA;608;1;3;C1017AAN;CIUDAD AUTONOMA BUENOS AIRES;CIUDAD DE BUENOS AIRES;;30-1059;0;225 CN/1991;24/05/1991;24/05/1994
IMPORTADORA TEMPO S.A.;30-63366062-6;EXPCNT E 27075/1996;AVDA. CORRIENTES;1386;          ;    ;C1043ABN;CIUDAD DE BUENOS AIRES;CAPITAL FEDERAL;(011  )4375-2845;30-1264;0;516 GI/1996;29/01/1996;29/01/1999
IMPORTADORA Y EXPORTADORA ORIENTE S.A.;33-71069802-9;EXPCNC 4437/2010;ROTTA ANGEL;356;          ;    ;B1842AEH;MONTE GRANDE;BUENOS AIRES;(011  )4367-5745;30-1778;0;1882 GI/2010;04/06/2010;04/06/2013
IMPORTADORA Y EXPORTADORA ORIENTE S.A.;33-71069802-9;EXPCNC 4437/2010;TUCUMAN;540;15;E   ;C1049AAL;CIUDAD AUTONOMA BUENOS AIRES;CIUDAD DE BUENOS AIRES;(011  )4325-1774;30-1778;0;1882 GI/2010;04/06/2010;04/06/2013
INC S.A.;30-68731043-4;EXPCNC 7041/2004;BERUTI;2915;          ;    ;C1425BBI;CABA;CIUDAD DE BUENOS AIRES;;30-2493;0;2643 APN-DNAYRT#ENACOM/2025;16/07/2025;16/07/2028
INCHCAPE ARGENTINA S.A.;30-69558584-1;EXPCNC 1605/2010;BALBASTRO;650;          ;    ;1611;DON TORCUATO;BUENOS AIRES;;30-2856;0;1599 APN-DNAYRT#ENACOM/2023;27/02/2023;27/02/2026
INCHCAPE ARGENTINA S.A.;30-69558584-1;EXPCNC 1605/2010;EDUARDO MADERO;900;          ;    ;C1106ACV;CABA;CIUDAD DE BUENOS AIRES;(011  )2826-6109;30-2856;0;1599 APN-DNAYRT#ENACOM/2023;27/02/2023;27/02/2026
INCOBE S.R.L.;30-59653682-0;EXPCNT E 31090/1996;VENEZUELA;3390;          ;    ;C1211AAN;CIUDAD AUTONOMA BUENOS AIRES;CIUDAD DE BUENOS AIRES;(011  )4931-7999;30-915;0;2545 GI/1999;19/07/1999;19/07/2002
INCUBE S.A.;30-70815758-5;EXPCNC 11916/2006;14;1583;          ;    ;B1904CSG;LA PLATA;BUENOS AIRES;(0221 )417 -7702;30-1615;0;692 GI/2007;02/02/2007;02/02/2010
INCUBE S.A.;30-70815758-5;EXPCNC 11916/2006;CONGRESO;2140;6;B   ;C1428BVF;CIUDAD AUTONOMA BUENOS AIRES;CIUDAD DE BUENOS AIRES;(011  )4931-7855;30-1615;0;692 GI/2007;02/02/2007;02/02/2010
INDELMEC S.R.L.;30-58519161-9;EXPCNC 7142/2009;GURRUCHAGA;185;          ;    ;C1414DHC;CABA;CIUDAD DE BUENOS AIRES;(011  )4856-2909;30-2146;0;574 DINAPTIC/2015;13/11/2015;13/11/2018
INDRA AMERICA S.A.;30-60156992-9;EXPCNC E 1993/1998;SUIPACHA;1111;3;    ;C1008AAW;CIUDAD AUTONOMA BUENOS AIRES;CIUDAD DE BUENOS AIRES;(011  )4316-2000;30-1307;0;1739 GI/1998;06/04/1998;06/04/2001
INDRA SI S.A.;30-69313376-5;EXPCNC 11667/2009;CECILIA GRIERSON;255;5°        ;    ;C1107CPE;CABA;CIUDAD DE BUENOS AIRES;(011  )4400-1676;30-2873;0;6203 APN-DNAYRT#ENACOM/2023;14/07/2023;14/07/2026
INDUSTRIA FUEGUINA DE RELOJERIA ELECTRONICA S.A.;30-59553463-8;EXPENACOM 5795/2017;DOMINGO SARMIENTO;2920;          ;    ;V9420GIV;RIO GRANDE;TIERRA DEL FUEGO, ANTARTIDA E ISLAS DEL ATLANTICO SUR;(011  )5282-7400;30-2956;02-668;8025 APN-DNAYRT#ENACOM/2024;21/08/2024;21/08/2027
INDUSTRIA FUEGUINA DE RELOJERIA ELECTRONICA S.A.;30-59553463-8;EXPENACOM 5795/2017;OLAZABAL;1515;12°       ;1201;C1428DGG;CABA;CIUDAD DE BUENOS AIRES;(011  )5282-7400;30-2956;02-668;8025 APN-DNAYRT#ENACOM/2024;21/08/2024;21/08/2027
INDUSTRIAL & NAVAL GROUP S.A.;30-71014050-9;EXPCNC 10441/2007;MENDOZA PEDRO DE;1751;9;C   ;C1169AAB;CABA;CIUDAD DE BUENOS AIRES;;30-1670;0;4227 GI/2010;17/12/2010;17/12/2013
INDUSTRIAS ITACEN SOCIEDAD ANONIMA;30-71134881-2;EX- -APN-REYS#ENACOM 91157519/2025;12;231;          ;    ;1900;HERNANDEZ;BUENOS AIRES;(011  )5272-7000;30-3039;0;858 APN-DNLAYR#ENACOM/2025;26/09/2025;26/09/2028
INDUSTRIAS JOHN DEERE ARGENTINA SOCIEDAD ANONIMA;30-50372023-6;EXPCNC 2631/2010;AVDA. DEL LIBERTADOR;498;12º       ;    ;C1001ABR;CABA;CIUDAD DE BUENOS AIRES;(011  )4515-9201;30-3051;0;3439 APN-DNLAYR#ENACOM/2025;10/11/2025;10/11/2028
INDUSTRIAS QUIMICAS ESSEN S.R.L.;30-67622650-4;EXPCNC 3687/2014;ORTIZ;2324;          ;    ;1852;BURZACO;BUENOS AIRES;(011  )4238-0082;30-1979;0;1165 GI/2014;15/04/2014;15/04/2017
INDUSTRIAS QUIMICAS ESSEN S.R.L.;30-67622650-4;EXPCNC 3687/2014;TUCUMAN;540;15;E   ;1049;CABA;CIUDAD DE BUENOS AIRES;(011  )4238-0082;30-1979;0;1165 GI/2014;15/04/2014;15/04/2017
INDUSTRIAS SICA S.A.I.C.;30-50289158-4;EXPCNC 3701/2006;25 DE MAYO;1200;          ;    ;B1824NMY;LANUS;BUENOS AIRES;;30-1572;0;2340 GI/2006;16/06/2006;16/06/2009
INDUSTRIAS SICA S.A.I.C.;30-50289158-4;EXPCNC 3701/2006;RODRIGUEZ PEÑA NICOLAS;145;2;A   ;C1020ADC;CIUDAD AUTONOMA BUENOS AIRES;CIUDAD DE BUENOS AIRES;(011  )5227-5000;30-1572;0;2340 GI/2006;16/06/2006;16/06/2009
INDUSTRIAS UNICAS DE COMUNICACIONES S.R.L.;30-70813441-0;EXPCNC 806/2003;RABANAL INTE FRANCISCO;2846;          ;    ;C1437FQP;CIUDAD AUTONOMA BUENOS AIRES;CIUDAD DE BUENOS AIRES;(011  )4919-5098;30-1444;02-483;1503 GI/2003;25/03/2003;25/03/2006
INDYCO S.R.L.;30-62005780-7;EXPCNT 18261/1994;FERNANDEZ MORENO BALDOMERO;3054;          ;    ;C1406HIN;CIUDAD AUTONOMA BUENOS AIRES;CIUDAD DE BUENOS AIRES;(011  )4612-5524;30-1240;02-445;63 CN/1995;12/01/1995;12/01/1998
INFAS S.R.L.;33-61105269-9;EX- -APN-SDYME#ENACOM 54304130/2018;AVIADOR LOCATELLI;2098;          ;    ;5012;CORDOBA;CORDOBA;(0351 )465 -0128;30-2469;0;6723 APN-DNAYRT#ENACOM/2018;02/11/2018;02/11/2021
INFORMATICA FUEGUINA S.A.;30-71158891-0;EXPCNC 4973/2011;BRASIL;731;          ;    ;C1154AAK;CABA;CIUDAD DE BUENOS AIRES;(011  )4309-2014;30-2233;02-560;6639 -E-APN-ENACOM#MCO/2016;14/09/2016;14/09/2019
INFORMATICA Y TELECOMUNICACIONES S.A.;33-61583160-9;;SARMIENTO;744;          ;    ;5500;MENDOZA;MENDOZA;;30-948;0;4124 SU/1989;06/07/1989;06/07/1992
INFORMATION TECHNOLOGY S.A.;30-70938883-1;EX- -APN-ALYAT#ENACOM 56139171/2026;VELEZ SARSFIELD;172;          ;    ;5000;CORDOBA;CORDOBA;(011  )4770-9490;30-3113;0;8911 DNLAYR#ENACOM/2026;16/07/2026;01/01/2099
INFOSELL S.A.;30-66029179-9;EXPCNC E 3339/1997;LOLA MORA;322;          ;    ;1842;MONTE GRANDE;BUENOS AIRES;(011  )4326-3380;30-1213;0;1020 GI/1997;02/06/1997;02/06/2000
INFOSELL S.A.;30-66029179-9;EXPCNC E 3339/1997;SAENZ PEÑA PRES ROQUE;615;4;419;C1035AAB;CIUDAD AUTONOMA BUENOS AIRES;CIUDAD DE BUENOS AIRES;(011  )4326-3380;30-1213;0;1020 GI/1997;02/06/1997;02/06/2000
INFOTEL ARGENTINA S.A.;30-70089334-7;EXPCNC 7723/2002;SUIPACHA;868;2;    ;C1008AAR;CABA;CIUDAD DE BUENOS AIRES;(011  )9999-9999;30-1435;0;467 GI/2003;17/01/2003;17/01/2006
INGEFOT S.A.;30-64108517-7;;SAN MARTIN;575;1;C   ;1004;CIUDAD DE BUENOS AIRES;CAPITAL FEDERAL;;30-794;0;265 GI/1989;19/09/1989;19/09/1992
INGENICO DO BRASIL LIMITADA SUCURSAL ARGENTINA;30-70718565-8;EXPCNC 5185/2006;FLORIDA;375;5;D   ;C1005AAG;CIUDAD AUTONOMA BUENOS AIRES;CIUDAD DE BUENOS AIRES;(011  )4394-1046;30-1611;0;295 GI/2007;19/01/2007;19/01/2010
INGENIERIA COMERCIAL S.R.L.;30-71210288-4;EXPCNC 17255/2014;OTERO;375;          ;    ;1427;CABA;CIUDAD DE BUENOS AIRES;;30-2430;0;2921 APN-DNAYRT#ENACOM/2018;06/06/2018;06/06/2021
INGENIERIA COMERCIAL S.R.L.;30-71210288-4;EXPCNC 17255/2014;TRIUNVIRATO;252;          ;    ;1834;TEMPERLEY;BUENOS AIRES;(011  )4243-7729;30-2430;0;2921 APN-DNAYRT#ENACOM/2018;06/06/2018;06/06/2021
INGENIERIA OBRAS Y SERVICIOS TISICO S.A.;30-69138027-7;EXPENACOM 11356/2017;CALLAO;237;          ;    ;C1022AAC;CABA;CIUDAD DE BUENOS AIRES;;30-2345;0;462 -APN-DNAYRT#ENACOM/2017;27/07/2017;17/01/2021
INGENIERIA OBRAS Y SERVICIOS TISICO S.A.;30-69138027-7;EXPENACOM 11356/2017;MONTEVIDEO E/5 Y 6;356;          ;    ;1923;BERISSO;BUENOS AIRES;(0221 )678 -0000;30-2345;0;462 -APN-DNAYRT#ENACOM/2017;27/07/2017;17/01/2021
INGENIERO JORGE CESETTI S.R.L.;30-70926793-7;EXPENACOM 14484/2016;BUENOS AIRES;444;          ;    ;Q8300BCJ;NEUQUEN;NEUQUEN;(0299 )442 -5377;30-2927;02-662;3297 APN-DNAYRT#ENACOM/2024;04/04/2024;04/04/2027
INGENIERO JORGE CESETTI S.R.L.;30-70926793-7;EXPENACOM 14484/2016;LIBERTAD;860;3;D   ;1012;CABA;CIUDAD DE BUENOS AIRES;;30-2927;02-662;3297 APN-DNAYRT#ENACOM/2024;04/04/2024;04/04/2027
INGENIEROS ELECTRONICOS ASOCIADOS S.R.L.;33-62704588-9;EXPCNC 11860/2012;PIERES;266;          ;B   ;C1408HDD;CABA;CIUDAD DE BUENOS AIRES;(011  )00  -0000;30-1884;0;4656 GI/2012;27/11/2012;27/11/2015
INGENIEROS ELECTRONICOS ASOCIADOS S.R.L.;33-62704588-9;EXPCNC 11860/2012;SEBASTIAN ELCANO;3251;          ;    ;B7603GZC;MAR DEL PLATA;BUENOS AIRES;(0223 )489 -6000;30-1884;0;4656 GI/2012;27/11/2012;27/11/2015
INGEPAR S.R.L.;30-67135211-0;EXPCNC 491/2005;SAN MARTIN;1364;          ;    ;P3600MVB;FORMOSA;FORMOSA;(0371 )43  -3475;30-1248;0;4697 GI/1995;27/06/1995;27/06/1998
INGEPAR S.R.L.;30-67135211-0;EXPCNC 491/2005;VER EL EXPTE.;1;          ;    ;1001;CIUDAD DE BUENOS AIRES;CAPITAL FEDERAL;;30-1248;0;4697 GI/1995;27/06/1995;27/06/1998
INGRAM MICRO ARGENTINA S.A.;30-70200470-1;EXPCNC 8997/2008;USPALLATA;3878;          ;    ;C1437JCZ;CIUDAD AUTONOMA BUENOS AIRES;CIUDAD DE BUENOS AIRES;(011  )4909-9100;30-1714;0;3348 GI/2008;19/09/2008;19/09/2011
INGYTEC S.R.L.;30-60032144-3;EXPCNTMESA E 16265/1995;WHITE;1970;          ;    ;C1407IJN;CIUDAD AUTONOMA BUENOS AIRES;CIUDAD DE BUENOS AIRES;(011  )4683-6657;30-1260;0;7193 GI/1995;06/11/1995;06/11/1998
INHAR INGENIERIA HOSPITALARIA S.A.;30-70829083-8;EX- -APN-REYS#ENACOM 50203461/2025;JOSE INGENIEROS;2718;          ;    ;1643;BECCAR;BUENOS AIRES;(011  )5263-0920;30-3010;0;2637 APN-DNAYRT#ENACOM/2025;16/07/2025;16/07/2028
INHAR INGENIERIA HOSPITALARIA S.A.;30-70829083-8;EX- -APN-REYS#ENACOM 50203461/2025;LAVALLE;2024;          ;    ;1033;CABA;CIUDAD DE BUENOS AIRES;;30-3010;0;2637 APN-DNAYRT#ENACOM/2025;16/07/2025;16/07/2028
INITIUM S.R.L.;30-71486732-2;EX- -APN-SDYME#ENACOM 48064086/2018;PABLO PIZZURNO;965;          ;    ;1686;HURLINGHAM;BUENOS AIRES;(011  )6196-5950;30-2460;0;5523 APN-DNAYRT#ENACOM/2018;03/10/2018;03/10/2021
INITIUM S.R.L.;30-71486732-2;EX- -APN-SDYME#ENACOM 48064086/2018;PARANA;597;2;12;1015;CABA;CIUDAD DE BUENOS AIRES;(011  )6196-5950;30-2460;0;5523 APN-DNAYRT#ENACOM/2018;03/10/2018;03/10/2021
INLITES S.A.;30-70846590-5;EX- -APN-REYS#ENACOM 57016889/2021;CABELLO;3352;3;    ;1425;CABA;CIUDAD DE BUENOS AIRES;(011  )4717-5200;30-2723;0;3191 APN-DNAYRT#ENACOM/2021;03/08/2021;03/08/2024
INNER S.R.L.;30-67609840-9;EXPCNC E 3339/1997;RAFAELA;3591;          ;    ;C1407GUA;CIUDAD DE BUENOS AIRES;CAPITAL FEDERAL;(011  )4637-4518;30-1288;02-477;4724 GI/2000;27/04/2000;27/04/2003
INNER S.R.L.;30-67609840-9;EXPCNC E 3339/1997;RAFAELA;3591;          ;    ;C1407GUA;CIUDAD DE BUENOS AIRES;CIUDAD DE BUENOS AIRES;(011  )4637-4518;30-1288;02-477;4724 GI/2000;27/04/2000;27/04/2003
INSIGHT GROUP S.A.;30-71173813-0;EX- -APN-REYS#ENACOM 56436355/2025;SARMIENTO;412;1º        ;108;1041;CABA;CIUDAD DE BUENOS AIRES;(011  )5464-4100;30-3012;0;2636 APN-DNAYRT#ENACOM/2025;16/07/2025;16/07/2028
INSTAL ELECTRIC TELECOMUNICACIONES S.A.;30-70925941-1;EXPCNC 3636/2010;RIVADAVIA BERNARDINO;8348;          ;    ;C1407DYS;CIUDAD AUTONOMA BUENOS AIRES;CIUDAD DE BUENOS AIRES;;30-1781;0;2203 GI/2010;28/06/2010;28/06/2013
INSTAL ELECTRIC TELECOMUNICACIONES S.A.;30-70925941-1;EXPCNC 3636/2010;YRIGOYEN HIPOLITO;3853;          ;    ;B1650IFE;GENERAL SAN MARTIN;BUENOS AIRES;(011  )4006-4112;30-1781;0;2203 GI/2010;28/06/2010;28/06/2013
INSUMOS PARA PC S.R.L.;30-71061567-1;EX- -APN-ALYAT#ENACOM 27920786/2026;GRAL. JUAN B. BUSTOS;880;          ;    ;5000;CORDOBA;CORDOBA;(0351 )678 -8390;30-3086;0;7146 APN-DNLAYR#ENACOM/2026;04/05/2026;
INTAFACE INTERNATIONAL S.A.;30-70757570-7;EXPCNC 8963/2004;COLPAYO;56;7;C   ;C1405AVB;CIUDAD AUTONOMA BUENOS AIRES;CIUDAD DE BUENOS AIRES;(011  )4901-6660;30-1507;0;229 GI/2005;18/01/2005;18/01/2008
INTAFACE INTERNATIONAL S.A.;30-70757570-7;EXPCNC 8963/2004;YRIGOYEN PRESIDENTE HIPOLITO;1534;6;    ;C1089AAD;CIUDAD AUTONOMA BUENOS AIRES;CIUDAD DE BUENOS AIRES;(011  )4901-6660;30-1507;0;229 GI/2005;18/01/2005;18/01/2008
INTCOMEX ARGENTINA S.R.L.;30-70715140-0;EXPCNC 11508/2007;CALIFORNIA;1456;          ;    ;C1289AAD;CIUDAD AUTONOMA BUENOS AIRES;CIUDAD DE BUENOS AIRES;(011  )4016-6100;30-1675;0;4021 GI/2011;06/10/2011;06/10/2014
INTEC S.R.L.;30-62923314-4;EX- -APN-REYS#ENACOM 86896009/2023;CIUDAD DE LA PAZ;1965;3;B   ;1428;CABA;CIUDAD DE BUENOS AIRES;;30-2881;0;6976 -APN-DNAYRT#ENACOM/2023;29/08/2023;29/08/2026
INTEC S.R.L.;30-62923314-4;EX- -APN-REYS#ENACOM 86896009/2023;JUJUY;1412;3;31;5000;CORDOBA;CORDOBA;(0351 )489 -8827;30-2881;0;6976 -APN-DNAYRT#ENACOM/2023;29/08/2023;29/08/2026
INTEGRATED OUTSOURCING SERVICES S.A.;33-70050068-9;EXPCNC 9303/2005;CERRITO;1070;3;71;C1010AAV;CIUDAD AUTONOMA BUENOS AIRES;CIUDAD DE BUENOS AIRES;(011  )4815-6302;30-1553;0;4675 GI/2005;30/11/2005;30/11/2008
INTEL SOFTWARE DE ARGENTINA S.A.;30-70944960-1;EXPCNC 11487/2011;JUAN DIAZ DE SOLIS;1330;5;    ;B1638AEC;VICENTE LOPEZ;BUENOS AIRES;(011  )5898-8905;30-1854;0;8509 APN-DNAYRT#ENACOM/2023;31/10/2023;01/01/2099
INTEL SOFTWARE DE ARGENTINA S.A.;30-70944960-1;EXPCNC 11487/2011;MAIPU;1300;          ;    ;C1006ACT;CABA;CIUDAD DE BUENOS AIRES;(011  )999 -9999;30-1854;0;8509 APN-DNAYRT#ENACOM/2023;31/10/2023;01/01/2099
INTELAV S.R.L.;30-63584291-8;EXPCNC 1728/2003;LARRALDE CRISOLOGO;4251;          ;    ;C1430AJA;CIUDAD AUTONOMA BUENOS AIRES;CIUDAD DE BUENOS AIRES;(011  )4591-8566;30-972;0;363 GI/1997;28/01/1997;28/01/2000
INTELBRAS S.A. INDUSTRIA DE TELECOMUNICACAO ELECTRONICA BRASILEIRA;30-70701809-3;EXPCNC E 3404/2000;DE MAYO;1144;5;J   ;C1085ABO;CIUDAD AUTONOMA BUENOS AIRES;CIUDAD DE BUENOS AIRES;(011  )4382-2041;30-1367;0;290 GI/2012;27/01/2012;27/01/2015
INTEMA COMUNICACIONES S.A.;33-70859408-9;EXPCNC 1186/2007;CHACABUCO;646;          ;    ;C1069AAN;CABA;CIUDAD DE BUENOS AIRES;;30-2006;0;6971 APN-DNAYRT#ENACOM/2023;29/08/2023;29/08/2026
INTEPLA S.R.L.;30-59165868-5;EXPCNTMESA E 10324/1995;CALLE 14;1286;          ;    ;B1900DWB;LA PLATA;BUENOS AIRES;(0221 )425 -6565;30-2331;0;11728 APN-DNAYRT#ENACOM/2023;28/12/2023;28/12/2026
INTEPLA S.R.L.;30-59165868-5;EXPCNTMESA E 10324/1995;PASEO COLON;797;3;B   ;C1063ACH;CIUDAD AUTONOMA BUENOS AIRES;CIUDAD DE BUENOS AIRES;(011  )4345-4440;30-2331;0;11728 APN-DNAYRT#ENACOM/2023;28/12/2023;28/12/2026
INTER-SYSTEMS S.A.;30-66164328-1;EXPCNC 7669/2006;ESMERALDA;989;2;    ;C1007ABK;CIUDAD AUTONOMA BUENOS AIRES;CIUDAD DE BUENOS AIRES;(011  )4314-3800;30-1591;0;3767 GI/2006;11/09/2006;11/09/2009
INTERCONNECT S.A.;33-68825614-9;EXPCNC 11907/2008;ALEM LEANDRO NICEFORO;449;1;    ;C1003AAE;CIUDAD AUTONOMA BUENOS AIRES;CIUDAD DE BUENOS AIRES;(011  )5578-3033;30-1718;0;3642 GI/2008;17/10/2008;17/10/2011
INTERISA ARGENTINA S.A.;30-67789562-0;EXPCNT E 27075/1996;ROOSEVELT FRANKLIN D;2261;8;C   ;C1428BOG;CIUDAD AUTONOMA BUENOS AIRES;CIUDAD DE BUENOS AIRES;(011  )4793-4061;30-1263;0;516 GI/1996;29/01/1996;29/01/1999
INTERLAMP S.A.;30-64143264-0;;GAVILAN;2589;          ;    ;C1416ADA;CIUDAD AUTONOMA BUENOS AIRES;CIUDAD DE BUENOS AIRES;(011  )4581-5577;30-1052;0;225 CN/1991;24/05/1991;24/05/1994
INTERNATIONAL OPERATION S.R.L.;30-70791081-6;EXPCNC 3557/2010;LA PLATA;1987;PB        ;    ;C1250AAJ;CIUDAD AUTONOMA BUENOS AIRES;CIUDAD DE BUENOS AIRES;(011  )4922-4801;30-1789;0;3557 GI/2010;15/07/2010;15/07/2013
INTERNET POP MEDIA S.A.;30-71231700-7;EX- -APN-SDYME#ENACOM 26965680/2017;JUNCAL;2254;4;A   ;C1125ABD;CABA;CIUDAD DE BUENOS AIRES;(011  )5368-0540;30-2382;0;1646 APN-DNAYRT#ENACOM/2017;24/11/2017;24/11/2020
INTERTECNO S.R.L.;30-68586315-0;EXPCNC 2685/2008;BELGRANO MANUEL;1209;          ;    ;C1093AAA;CIUDAD AUTONOMA BUENOS AIRES;CIUDAD DE BUENOS AIRES;(011  )4383-4714;30-1690;0;1505 GI/2008;02/05/2008;02/05/2011
INTERTEL S.R.L.;30-61010510-2;;SAN JOSE;334;3;    ;C1076AAH;CIUDAD AUTONOMA BUENOS AIRES;CIUDAD DE BUENOS AIRES;;30-1175;0;2525 CN/1993;13/05/1993;13/05/1996
INTERVET ARGENTINA S.A.;30-69137338-6;EX- -APN-REYS#ENACOM 139831961/2024;TALCAHUANO;750;6;    ;1013;CABA;CIUDAD DE BUENOS AIRES;(011  )6090-7000;30-2983;0;260 APN-DNAYRT#ENACOM/2025;26/01/2025;26/01/2028
INTERWAVE S.A.;30-71488371-9;EX- -APN-SDYME#ENACOM 24374082/2017;TERRADA;5625;          ;    ;C1419DMG;CABA;CIUDAD DE BUENOS AIRES;(011  )4621-4749;30-2796;02-629;3320 APN-DNAYRT#ENACOM/2022;15/06/2022;15/06/2025
INVITROGEN ARGENTINA S.A.;30-70724875-7;EX- -APN-SDYME#ENACOM 4840121/2018;FRANCISCO ITURRI;1474;          ;    ;C1427AED;CABA;CIUDAD DE BUENOS AIRES;(011  )4556-2808;30-2852;0;5058 APN-DNLAYR#ENACOM/2026;26/02/2026;
IR COMUNICACIONES S.A.;30-59607351-0;EXPCNC 2766/2004;LIMA;575;          ;    ;C1073AAK;CIUDAD AUTONOMA BUENOS AIRES;CIUDAD DE BUENOS AIRES;;30-1480;0;5692 GI/2007;11/12/2007;11/12/2010
IR COMUNICACIONES S.A.;30-59607351-0;EXPCNC 2766/2004;LIMA;575;6;    ;C1073AAK;CIUDAD AUTONOMA BUENOS AIRES;CIUDAD DE BUENOS AIRES;;30-1480;0;5692 GI/2007;11/12/2007;11/12/2010
IR COMUNICACIONES S.A.;30-59607351-0;EXPCNC 2766/2004;RODRIGUEZ DEL BUSTO;2724;          ;    ;X5009DXJ;CORDOBA;CORDOBA;(0351 )481 -3161;30-1480;0;5692 GI/2007;11/12/2007;11/12/2010
IRAOLA TECNOLOGIA SALUD S.R.L.;33-71600139-9;EX- -APN-REYS#ENACOM 10668396/2022;VIAMONTE;2146;7;    ;1056;CABA;CIUDAD DE BUENOS AIRES;(011  )4952-9800;30-2781;0;597 APN-DNAYRT#ENACOM/2022;22/02/2022;22/02/2025
IRET ELECTRONICA S.R.L.;30-64274793-9;EXPCNC E 11614/1999;4;1662;          ;    ;B1904CIL;LA PLATA;BUENOS AIRES;(0221 )482 -6962;30-1352;02-463;4884 GI/2012;14/12/2012;14/12/2015
IRET ELECTRONICA S.R.L.;30-64274793-9;EXPCNC E 11614/1999;ARAOZ ALFARO DR GREGORIO;449;4;18;C1405CIE;CIUDAD AUTONOMA BUENOS AIRES;CIUDAD DE BUENOS AIRES;;30-1352;02-463;4884 GI/2012;14/12/2012;14/12/2015
IRIDIUM ARGENTINA S.A.;30-68150446-6;EXPCNC E 12789/1998;AV. LEANDRO N. ALEM;1110;13;    ;1001;CIUDAD DE BUENOS AIRES;CIUDAD DE BUENOS AIRES;(011  )4310-2200;30-1327;0;4449 GI/1998;12/11/1998;12/11/2001
IRIDIUM ARGENTINA S.A.;30-68150446-6;EXPCNC E 12789/1998;SUIPACHA;1111;18;    ;C1008AAW;CIUDAD AUTONOMA BUENOS AIRES;CIUDAD DE BUENOS AIRES;(011  )4313-4760;30-1327;0;4449 GI/1998;12/11/1998;12/11/2001
IRION S.A.;30-69558409-8;EX- -APN-REYS#ENACOM 37489087/2020;RAMALLO;1639;          ;    ;1429;CABA;CIUDAD DE BUENOS AIRES;(011  )4703-0200;30-2625;0;2788 APN-DNAYRT#ENACOM/2020;03/07/2020;03/07/2023
IRRI-AR S.A.;30-70978189-4;EXPCNC 15523/2014;SUIPACHA;1380;7°        ;    ;C1011ACD;CABA;CIUDAD DE BUENOS AIRES;(011  )4345-0550;30-2398;0;708 APN-DNAYRT#ENACOM/2018;29/01/2018;29/01/2021
ISIADEN S.A.;30-68845494-4;EXPCNC 7537/2003;PERON EVA (EX AV. DEL TRABAJO);7455;          ;    ;C1439BTM;CIUDAD AUTONOMA BUENOS AIRES;CIUDAD DE BUENOS AIRES;(011  )4686-1071;30-1473;0;668 GI/2008;14/02/2008;14/02/2011
ISOLA, JUAN CARLOS;20-04629813-7;;RAMALLO;3075;          ;    ;C1429DVA;CIUDAD AUTONOMA BUENOS AIRES;CIUDAD DE BUENOS AIRES;(011  )4544-7721;30-1168;0;4883 CN/1992;21/12/1992;21/12/1995
ISREX S.A.;30-67778469-1;EXPCNT E 28080/1996;MITRE BARTOLOME;3949;          ;    ;C1201AAW;CIUDAD AUTONOMA BUENOS AIRES;CIUDAD DE BUENOS AIRES;(011  )4958-3730;30-1268;0;761 GI/1996;28/02/1996;28/02/1999
ISUZU VEHICULOS COMERCIALES DE ARGENTINA S.A.;30-71057436-3;EXPCNC 8746/2010;BERUTI ANTONIO LUIS;110;4;A   ;B1828HND;BANFIELD;BUENOS AIRES;(011  )4854-1189;30-1799;0;3341 GI/2010;07/10/2010;07/10/2013
ISUZU VEHICULOS COMERCIALES DE ARGENTINA S.A.;30-71057436-3;EXPCNC 8746/2010;WARNES CNEL IGNACIO;1249;          ;    ;C1414AAM;CIUDAD AUTONOMA BUENOS AIRES;CIUDAD DE BUENOS AIRES;(011  )4854-1189;30-1799;0;3341 GI/2010;07/10/2010;07/10/2013
IT LATINOAMERICA S.A.;30-70840712-3;EXPCNC 4881/2005;PARANA;123;4;105;C1017AAC;CIUDAD AUTONOMA BUENOS AIRES;CIUDAD DE BUENOS AIRES;(011  )4372-9579;30-1528;0;2837 GI/2005;18/07/2005;18/07/2008
ITALTEL ARGENTINA S.A.;30-63204322-4;EX- -APN-SDYME#ENACOM 39468839/2018;AV DEL LIBERTADOR;6550;8;    ;1428;CABA;CIUDAD DE BUENOS AIRES;(011  )4316-6800;30-2448;0;4377 APN-DNAYRT#ENACOM/2018;27/08/2018;27/08/2021
ITALTEL SIT S.P.A.;30-59496377-2;EXPCNC 491/2005;ALMAFUERTE;730;8;    ;C1437JLU;CIUDAD AUTONOMA BUENOS AIRES;CIUDAD DE BUENOS AIRES;(011  )4911-0736;30-1144;0;4697 GI/1995;27/06/1995;27/06/1998
ITAUTEC.COM SERVICOS S.A.;30-68835820-1;EXPCNC 3235/2007;YRIGOYEN PRESIDENTE HIPOLITO;1530;1;    ;C1089AAD;CIUDAD AUTONOMA BUENOS AIRES;CIUDAD DE BUENOS AIRES;(011  )5239-0060;30-1634;0;2191 GI/2007;22/05/2007;22/05/2010
ITEON TECH S.A.S.;30-71640286-6;EX- -APN-SDYME#ENACOM 21392317/2019;3 DE FEBRERO;2172;5°        ;    ;C1428AHH;CABA;CIUDAD DE BUENOS AIRES;(011  )9999-9999;30-2505;0;920 APN-DNAYRT#ENACOM/2025;22/04/2025;22/04/2028
ITEON TECH S.A.S.;30-71640286-6;EX- -APN-SDYME#ENACOM 21392317/2019;AVELLANEDA;2333;          ;    ;1852;BURZACO;BUENOS AIRES;(011  )5755-5167;30-2505;0;920 APN-DNAYRT#ENACOM/2025;22/04/2025;22/04/2028
ITM ARGENTINA S.A.;30-69684711-4;EXPCNC 5037/2010;CERRITO;484;2;A   ;C1010AAJ;CABA;CIUDAD DE BUENOS AIRES;(011  )5317-6657;30-1784;0;6633 -E-APN-ENACOM#MCO/2016;13/09/2016;13/09/2019
ITM ARGENTINA S.A.;30-69684711-4;EXPCNC 5037/2010;PARANA;774;5;A   ;1017;CABA;CIUDAD DE BUENOS AIRES;(011  )5317-6657;30-1784;0;6633 -E-APN-ENACOM#MCO/2016;13/09/2016;13/09/2019
ITRON ARGENTINA S.A.;30-70776631-6;EXPCNC 7110/2013;SUIPACHA;268;12;    ;1008;CABA;CIUDAD DE BUENOS AIRES;;30-2439;0;3724 -APN-DNAYRT#ENACOM/2018;08/08/2018;08/08/2021
ITT BORNEMANN-GOULDS PUMPS S.R.L.;30-59801999-8;EX- -APN-REYS#ENACOM 76844132/2020;DR. MARIANO MORENO;4380;          ;    ;B1605BOF;MUNRO;BUENOS AIRES;(011  )5721-2591;30-2670;0;254 APN-DNAYRT#ENACOM/2021;25/01/2021;25/01/2024
ITURAN DE ARGENTINA S.A.;30-70089662-1;EXPCNC E 5383/2001;AVDA. B. RIVADAVIA;717;3°        ;39;C1002AAF;CABA;CIUDAD DE BUENOS AIRES;(011  )4892-1400;30-2861;0;3084 APN-DNAYRT#ENACOM/2023;10/04/2023;
ITURAN DE ARGENTINA S.A.;30-70089662-1;EXPCNC E 5383/2001;SUCRE;2480;3;C   ;B1643AQS;BECCAR;BUENOS AIRES;;30-2861;0;3084 APN-DNAYRT#ENACOM/2023;10/04/2023;
ITURAN ROAD TRACK ARGENTINA S.A.;30-71503736-6;EXPAFTIC 5732/2015;ECHEVERRIA;1980;          ;    ;B1604ABV;FLORIDA OESTE;BUENOS AIRES;(011  )5280-0300;30-3054;0;4424 APN-DNLAYR#ENACOM/2025;01/12/2025;01/12/2028
ITURAN ROAD TRACK ARGENTINA S.A.;30-71503736-6;EXPAFTIC 5732/2015;RIVADAVIA;717;3;39;1002;CABA;CIUDAD DE BUENOS AIRES;(011  )4892-1400;30-3054;0;4424 APN-DNLAYR#ENACOM/2025;01/12/2025;01/12/2028
J.M.P. COMUNICACIONES S.R.L.;30-69197716-8;EXPCNC 10342/2010;CHILE;541;PB        ;    ;U9003JKF;COMODORO RIVADAVIA;CHUBUT;(0297 )448 -4614;30-2266;0;9379 -E-APN-ENACOM#MCO/2016;21/12/2016;21/12/2019
J.M.P. COMUNICACIONES S.R.L.;30-69197716-8;EXPCNC 10342/2010;PALPA;3477;PB        ;A   ;C1426DPM;CABA;CIUDAD DE BUENOS AIRES;(011  )4553-5733;30-2266;0;9379 -E-APN-ENACOM#MCO/2016;21/12/2016;21/12/2019
J.M.P. COMUNICACIONES S.R.L.;30-69197716-8;EXPCNC 10342/2010;VIRREY LORETO;3428;          ;    ;C1426DYN;CIUDAD DE BUENOS AIRES;CAPITAL FEDERAL;;30-2266;0;9379 -E-APN-ENACOM#MCO/2016;21/12/2016;21/12/2019
J.T. ARGENTINA S.A.;30-69213614-0;EXPCNC E 9819/1998;ARMENIA;2260;1;8;C1425FBF;CIUDAD AUTONOMA BUENOS AIRES;CIUDAD DE BUENOS AIRES;;30-1323;0;3500 GI/1998;08/09/1998;08/09/2001
JAEJ S.A.;30-60656652-9;EXPENACOM 8268/2016;CATAMARCA;3426;          ;    ;1640;MARTINEZ;BUENOS AIRES;(011  )4717-1011;30-2967;0;11377 APN-DNAYRT#ENACOM/2024;22/10/2024;22/10/2027
JAEJ S.A.;30-60656652-9;EXPENACOM 8268/2016;COSTANERA;1221;1;    ;1107;CABA;CIUDAD DE BUENOS AIRES;(011  )4717-1011;30-2967;0;11377 APN-DNAYRT#ENACOM/2024;22/10/2024;22/10/2027
JARSE INDUSTRIAL Y COMERCIAL SOCIEDAD ANONIMA;30-70927346-5;EX- -APN-SDYME#ENACOM 26738264/2018;MANUEL GARCIA;120/124;          ;    ;1284;CABA;CIUDAD DE BUENOS AIRES;(011  )4308-1838;30-2434;0;3186 APN-DNAYRT#ENACOM/2018;22/06/2018;22/06/2021
JENCK S.A.;30-63288438-5;EX- -APN-SDYME#ENACOM 54034302/2019;ALVAREZ THOMAS;228;          ;    ;C1427CCP;CABA;CIUDAD DE BUENOS AIRES;;30-2948;0;6758 APN-DNAYRT#ENACOM/2024;15/07/2024;15/07/2027
JOHNSON & JOHNSON MEDICAL S.A.;30-59849850-0;EXPAFTIC 5901/2015;MENDOZA;1259;          ;    ;C1428DJG;CABA;CIUDAD DE BUENOS AIRES;(011  )4708-6765;30-2151;0;680 DINAPTIC/2015;02/12/2015;02/12/2018
JOHNSON CONTROLS BE ARGENTINA S.R.L.;30-57454003-4;EX- -APN-SDYME#ENACOM 84072554/2019;CARLOS PELLEGRINI;1135;6;    ;1009;CABA;CIUDAD DE BUENOS AIRES;(011  )4706-7976;30-2548;0;10719 APN-DNAYRT#ENACOM/2019;08/10/2019;08/10/2022
JORDACHE ARGENTINA S.A.;33-62804738-9;;CNEL. APOLINARIO FIGUEROA;872;          ;    ;C1416DPH;CIUDAD DE BUENOS AIRES;CAPITAL FEDERAL;(011  )4581-1577;30-1210;0;322 CN/1994;18/02/1994;18/02/1997
JP SERVICIOS S.A.;30-69995303-9;EX- -APN-SDYME#ENACOM 12945604/2018;CARLOS PELLEGRINI;763;3;    ;1009;CABA;CIUDAD DE BUENOS AIRES;(011  )5219-4861;30-2423;0;2288 APN-DNAYRT#ENACOM/2018;25/04/2018;25/04/2021
JUAN DEBERNARDI S.R.L.;30-60422370-5;EX- -APN-REYS#ENACOM 124765495/2023;SOLER;3330;1;    ;1425;CABA;CIUDAD DE BUENOS AIRES;(011  )4962-8442;30-2900;0;8821 -APN-DNAYRT#ENACOM/2023;06/11/2023;06/11/2026
JUEGOS DE VIDEO ARGENTINA S.R.L.;30-71545457-9;EXPENACOM 12994/2017;LIBERTADOR;5930;          ;    ;1428;CABA;CIUDAD DE BUENOS AIRES;(011  )5367-4362;30-2347;0;226 APN-DNPYC#ENACOM/2017;08/09/2017;17/01/2021
JUKEBOX S.A.;30-71010577-0;EX- -APN-SDYME#ENACOM 45679314/2019;BONPLAND;1248;2;A   ;1414;CABA;CIUDAD DE BUENOS AIRES;(011  )4958-9800;30-2521;0;7042 APN-DNAYRT#ENACOM/2019;24/05/2019;24/05/2022
JUKI S.A.C.I.F.I.A.;33-52328758-9;EXPCNC 9465/2006;ARDOINO;1004;          ;    ;B1704EIV;RAMOS MEJIA;BUENOS AIRES;(011  )4653-5714;30-1599;0;728 GI/2012;07/03/2012;07/03/2015
JUKI S.A.C.I.F.I.A.;33-52328758-9;EXPCNC 9465/2006;CORRIENTES;524;10;    ;C1043AAS;CIUDAD AUTONOMA BUENOS AIRES;CIUDAD DE BUENOS AIRES;(011  )4003-5700;30-1599;0;728 GI/2012;07/03/2012;07/03/2015
JUMBO RETAIL ARGENTINA S.A.;30-70877296-4;EXPCNC 10150/2014;SUIPACHA;1111;18;    ;C1008AAW;CABA;CIUDAD DE BUENOS AIRES;(011  )4733-1000;30-2013;0;2805 GI/2014;19/08/2014;19/08/2017
JUNIPER NETWORKS ARGENTINA S.R.L.;30-71433664-5;EX- -APN-SDYME#ENACOM 23074676/2018;CERRITO;1070;3;71;1010;CABA;CIUDAD DE BUENOS AIRES;(011  )5383-3544;30-2901;0;9639 APN-DNAYRT#ENACOM/2023;09/11/2023;09/11/2026
JUNIPER NETWORKS MEXICO S.A. DE C.V.;30-70840548-1;EXPCNC 11165/2007;ALEM LEANDRO NICEFORO;1110;13;    ;C1001AAT;CIUDAD AUTONOMA BUENOS AIRES;CIUDAD DE BUENOS AIRES;(011  )4310-2200;30-1673;0;3134 GI/2011;17/08/2011;17/08/2014
K.M.G. FUEGUINA S.A.;30-71189252-0;EXPENACOM 10243/2017;GRAL O HIGGINS;156;          ;    ;V9420CGD;RIO GRANDE;TIERRA DEL FUEGO, ANTARTIDA E ISLAS DEL ATLANTICO SUR;(011  )5282-7400;30-2324;0;274 -APN-DNAYRT#ENACOM/2017;28/06/2017;17/01/2021
K.M.G. FUEGUINA S.A.;30-71189252-0;EXPENACOM 10243/2017;OLAZABAL;1515;12;1201;C1428DGG;CABA;CIUDAD DE BUENOS AIRES;(011  )5282-7400;30-2324;0;274 -APN-DNAYRT#ENACOM/2017;28/06/2017;17/01/2021
K.R.M. INGENIERIA S.A.C.I.A.F.S.;30-57807760-6;EXPCNC 6421/2004;VIAMONTE;377;7°        ;    ;C1053ABG;CABA;CIUDAD DE BUENOS AIRES;(011  )5666-5625;30-1492;0;11544 APN-DNAYRT#ENACOM/2019;30/10/2019;30/10/2022
KANSAI S.R.L.;33-68579955-9;;ALSINA DOCTOR ADOLFO;1441;3;309;C1088AAK;CIUDAD AUTONOMA BUENOS AIRES;CIUDAD DE BUENOS AIRES;(011  )4322-5513;30-1034;0;225 CN/1991;24/05/1991;24/05/1994
KAPSCH TRAFFICCOM TRANSPORTATION ARGENTINA S.A.;30-70705148-1;EX- -APN-REYS#ENACOM 7598120/2024;CABILDO;86;7;    ;1426;CABA;CIUDAD DE BUENOS AIRES;(011  )4775-0203;30-2909;0;1325 -APN-DNAYRT#ENACOM/2024;17/02/2024;17/02/2027
KARCHER S.A.;30-71098851-6;EXPCNC 8729/2013;CORDOBA;950;12;C   ;C1054AAV;CIUDAD AUTONOMA BUENOS AIRES;CIUDAD DE BUENOS AIRES;;30-1941;0;3395 GI/2013;04/09/2013;04/09/2016
KARCHER S.A.;30-71098851-6;EXPCNC 8729/2013;PANAMERICANA;28644;          ;    ;B1611GFZ;DON TORCUATO;BUENOS AIRES;(011  )4748-5000;30-1941;0;3395 GI/2013;04/09/2013;04/09/2016
KARL STORZ ENDOSCOPIA ARGENTINA S.A.;30-67820498-2;EX- -APN-REYS#ENACOM 91492640/2024;CECILIA GRIERSON;255;6;    ;1107;CABA;CIUDAD DE BUENOS AIRES;(011  )4718-0919;30-2964;0;8338 APN-DNAYRT#ENACOM/2024;03/09/2024;03/09/2027
KELCOM S.R.L.;30-71110764-5;EXPCNC 4889/2010;PROMETEO;3036;          ;    ;C1429AUB;CIUDAD AUTONOMA BUENOS AIRES;CIUDAD DE BUENOS AIRES;(011  )4542-9664;30-1782;0;2194 GI/2010;28/06/2010;28/06/2013
KEYTECH S.A.;30-60747569-1;EXPCNC E 15261/1998;DEL LIBERTADOR;250;          ;    ;B1638BEO;VICENTE LOPEZ;BUENOS AIRES;(011  )4796-1211;30-1179;0;5463 GI/1998;29/12/1998;29/12/2001
KEYTEL S.R.L.;33-65007479-9;;AVDA. CORRIENTES;2565;6;4;1046;CIUDAD DE BUENOS AIRES;CAPITAL FEDERAL;;30-795;0;4166 SU/1986;12/09/1986;12/09/1989
KIA ARGENTINA S.A.;30-70753507-1;EXPAFTIC 7398/2015;BOUCHARD;680;          ;    ;C1008AAW;CABA;CIUDAD DE BUENOS AIRES;(011  )4719-7722;30-2610;0;2105 APN-DNAYRT#ENACOM/2020;03/06/2020;03/06/2023
KIA ARGENTINA S.A.;30-70753507-1;EXPAFTIC 7398/2015;SUCRE;1932;          ;    ;B1643AQN;BECCAR;BUENOS AIRES;(011  )4719-7722;30-2610;0;2105 APN-DNAYRT#ENACOM/2020;03/06/2020;03/06/2023
KINGVOX INDUSTRIAL Y COMERCIAL S.R.L.;30-50469372-0;;AVDA. JUAN B. JUSTO;7202;          ;    ;C1407FAX;CIUDAD DE BUENOS AIRES;CAPITAL FEDERAL;;30-742;02-338;4059 SU/1986;17/04/1986;17/04/1989
KM OFFICE SOLUTIONS S.A.;30-70757787-4;EXPCNC 10890/2006;ITUZAINGO;1151;1;    ;C1272AFI;CIUDAD AUTONOMA BUENOS AIRES;CIUDAD DE BUENOS AIRES;(011  )4300-8500;30-1612;0;1530 GI/2009;24/01/2007;24/01/2010
KODAK ALARIS S.A.I.C.;33-71423088-9;EXPCNC 12528/2014;SAN VLADIMIRO;3056;1;5Y6 ;B1642GMB;SAN ISIDRO;BUENOS AIRES;(011  )3160-0698;30-2681;0;541 APN-DNAYRT#ENACOM/2021;18/02/2021;18/02/2024
KODAK ALARIS S.A.I.C.;33-71423088-9;EXPCNC 12528/2014;VIAMONTE;611;          ;    ;C1053ABM;CABA;CIUDAD DE BUENOS AIRES;;30-2681;0;541 APN-DNAYRT#ENACOM/2021;18/02/2021;18/02/2024
KODAK ARGENTINA S.A.I.C.;30-52564969-1;EXPCNC 4233/2006;BONPLAND;1930;          ;    ;C1414CMZ;CIUDAD AUTONOMA BUENOS AIRES;CIUDAD DE BUENOS AIRES;(011  )4773-6105;30-1575;0;1378 GI/2010;26/04/2010;26/04/2013
KODAK ARGENTINA S.A.I.C.;30-52564969-1;EXPCNC 4233/2006;COSTA RICA;5379;          ;    ;B1667JUU;TORTUGUITAS;BUENOS AIRES;(03327)45  -8145;30-1575;0;1378 GI/2010;26/04/2010;26/04/2013
KOE S.A.;30-70955430-8;;LAMADRID;1509;          ;    ;2400;SAN FRANCISCO (DPTO. SAN JUSTO);CORDOBA;;30-1148;0;709 CN/1991;30/11/1991;30/11/1994
KOLKE ARGENTINA S.A.;30-70894948-1;EXPCNC 10696/2005;USPALLATA;1992;PA        ;    ;C1282AEH;CABA;CIUDAD DE BUENOS AIRES;(011  )4304-8222;30-2181;0;2035 ENACOM/2016;29/04/2016;29/04/2019
KOMBI ELECTRONICA S.A.;30-56963489-6;EXPCNC 3298/2002;VICENTE LOPEZ;2240;4°        ;F   ;C1128ACJ;CABA;CIUDAD DE BUENOS AIRES;(011  )3972-9238;30-2141;0;527 DINAPTIC/2015;11/11/2015;11/11/2018
KOMPUSUR S.A.;30-60933119-0;EXPAFTIC 405/2015;CHASCOMUS;5602;          ;    ;C1440AQ ;CABA;CIUDAD DE BUENOS AIRES;(011  )4114-9900;30-2517;02-584;6107 APN-DNAYRT#ENACOM/2019;09/05/2019;09/05/2022
KOPY RIGHT S.R.L.;30-63611773-7;;AVDA. CARLOS FOREST;888;          ;    ;C1427CES;CIUDAD DE BUENOS AIRES;CAPITAL FEDERAL;(011  )4551-6016;30-983;0;526 SU/1990;17/10/1990;17/10/1993
KORES S.A.;33-52532069-9;;SANTA MAGDALENA;673;          ;    ;C1277ACG;CIUDAD DE BUENOS AIRES;CAPITAL FEDERAL;;30-937;0;4241 SU/1988;27/12/1988;27/12/1991
KRIKORIAN, AVAK ARMEN;20-14011197-0;EXPCNC 9242/2007;FLORIDA;537;          ;PB  ;C1005AAK;CIUDAD AUTONOMA BUENOS AIRES;CIUDAD DE BUENOS AIRES;(011  )4322-5774;30-1671;0;5469 GI/2007;29/11/2007;29/11/2010
KRONE COMUNICACIONES S.A.;33-68896621-9;EXPCNC E 5378/1997;IRIARTE;1607;          ;    ;C1291ABG;CIUDAD DE BUENOS AIRES;CAPITAL FEDERAL;(011  )4302-2121;30-1298;0;1964 GI/1997;06/08/1997;06/08/2000
KRONEN INTERNACIONAL S.A.;30-60451400-9;EX- -APN-SDYME#ENACOM 14183679/2018;AV. CORRIENTES;330;          ;    ;1043;CABA;CIUDAD DE BUENOS AIRES;(011  )4489-4470;30-2436;0;3365 -APN-DNAYRT#ENACOM/2018;05/07/2018;05/07/2021
KSB COMPAÑIA SUDAMERICANA DE BOMBAS S.A.;33-50142415-9;EX- -APN-REYS#ENACOM 23005488/2024;25 DE MAYO;489;5;    ;1002;CABA;CIUDAD DE BUENOS AIRES;(011  )4044-4572;30-2935;0;4325 DNAYRT/2024;06/05/2024;06/05/2027
KSB COMPAÑIA SUDAMERICANA DE BOMBAS S.A.;33-50142415-9;EX- -APN-REYS#ENACOM 23005488/2024;ADER;3625;          ;    ;1606;CARAPACHAY;BUENOS AIRES;(011  )4766-3021;30-2935;0;4325 DNAYRT/2024;06/05/2024;06/05/2027
KYNDRYL ARGENTINA S.A.;30-71707223-1;EX- -APN-REYS#ENACOM 126179539/2021;ING. BUTTY;275;16;    ;1001;CABA;CIUDAD DE BUENOS AIRES;(011  )5286-6581;30-2783;0;1666 APN-DNAYRT#ENACOM/2022;20/03/2022;20/03/2025
L.I.E. LABORATORIO DE INGENIERIA ELECTRONICA S.R.L.;30-64927024-0;EXPCNC E 6332/1998;LAVALLE;1536;1°        ;4;C1048AAL;CABA;CIUDAD DE BUENOS AIRES;(011  )5218-4233;0;02-615;12586 APN-DNAYRT#ENACOM/2024;19/12/2024;19/12/2027
L.I.E. LABORATORIO DE INGENIERIA ELECTRONICA S.R.L.;30-64927024-0;EXPCNC E 6332/1998;SARGENTO ROMERO;1532;          ;    ;X5010AFB;CORDOBA;CORDOBA;(0351 )466 -7312;0;02-615;12586 APN-DNAYRT#ENACOM/2024;19/12/2024;19/12/2027
LA CASA DEL CALCULO ELECTRONICO;30-60037033-9;;TUCUMAN;1514;          ;    ;C1050AAF;CIUDAD DE BUENOS AIRES;CAPITAL FEDERAL;;30-1115;0;529 CN/1991;04/10/1991;04/10/1994
LA EMILIA S.A.;30-63916908-8;EX- -APN-REYS#ENACOM 93922506/2021;RAULET;55;          ;    ;C1437DMA;CABA;CIUDAD DE BUENOS AIRES;;30-2748;0;10768 APN-DNAYRT#ENACOM/2024;03/10/2024;03/10/2027
LA INDUSTRIAL ELECTRICA S.A.;30-64561473-5;EX- -APN-SDYME#ENACOM 15706544/2018;MONTIEL;3062;          ;    ;C1440EWF;CABA;CIUDAD DE BUENOS AIRES;(011  )5009-7041;30-2422;0;2258 APN-DNAYRT#ENACOM/2018;25/04/2018;25/04/2021
LABORATORIO DE TELECOMUNICACIONES S.A.;30-70308044-4;EXPCNC 5113/2005;CORDOBA;1184;1;A   ;C1055AAO;CIUDAD AUTONOMA BUENOS AIRES;CIUDAD DE BUENOS AIRES;(011  )4011-9200;30-1530;0;704 GI/2012;22/02/2012;22/02/2015
LABORATORIOS ALVEAR S.A.;30-71181638-7;EX- -APN-SDYME#ENACOM 8672829/2018;JUJUY;1197;2;D   ;1229;CABA;CIUDAD DE BUENOS AIRES;(011  )4308-4474;30-2840;0;6440 APN-DNAYRT#ENACOM/2022;31/10/2022;31/10/2025
LADE PROFESIONAL S.A.;30-61160581-8;EXPCNC 938/2010;SEGUROLA DR SATURNINO;1879;          ;    ;C1407AOK;CIUDAD AUTONOMA BUENOS AIRES;CIUDAD DE BUENOS AIRES;(011  )4639-8939;30-1911;0;1153 GI/2013;17/04/2013;17/04/2016
LAS TRES VICTORIAS S.A.;30-61661640-0;;ENTRE RIOS;1945;          ;    ;B7600EDI;MAR DEL PLATA;BUENOS AIRES;(0223 )42  -0443;30-1032;0;145 CN/1991;11/04/1991;11/04/1994
LAS TRES VICTORIAS S.A.;30-61661640-0;;VER EL EXPTE.;1;          ;    ;1001;CIUDAD DE BUENOS AIRES;CAPITAL FEDERAL;;30-1032;0;145 CN/1991;11/04/1991;11/04/1994
LATINOTCA.COM S.A.;30-70834665-5;EXPCNC 11026/2005;PARANA;194;          ;    ;C1017AAD;CIUDAD AUTONOMA BUENOS AIRES;CIUDAD DE BUENOS AIRES;(011  )4373-2226;30-1559;0;49 GI/2006;12/01/2006;12/01/2009
LE ALPI S.A.;30-58987023-5;;AVDA. CORRIENTES;4137;          ;    ;C1195AAA;CIUDAD DE BUENOS AIRES;CAPITAL FEDERAL;;30-561;0;144 GI/1983;01/01/1983;01/01/1986
LEANVAL SOCIEDAD ANONIMA;30-59947912-7;EXPAFTIC 6442/2015;FEDERICO ECHELAINE;675;          ;    ;V9420HBG;RIO GRANDE;TIERRA DEL FUEGO, ANTARTIDA E ISLAS DEL ATLANTICO SUR;(011  )6700-9481;30-2679;02-617;922 APN-DNAYRT#ENACOM/2025;22/04/2025;22/04/2028
LEANVAL SOCIEDAD ANONIMA;30-59947912-7;EXPAFTIC 6442/2015;USPALLATA;2776;          ;    ;1437;CABA;CIUDAD DE BUENOS AIRES;;30-2679;02-617;922 APN-DNAYRT#ENACOM/2025;22/04/2025;22/04/2028
LEDVANCE S.A.;30-50091427-7;EX- -APN-SDYME#ENACOM 12214048/2018;LAVALLE;1473;3;    ;1048;CABA;CIUDAD DE BUENOS AIRES;(011  )3754-8037;30-2997;0;714 APN-DNAYRT#ENACOM/2025;10/03/2025;10/03/2028
LEMMUK S.A.;30-70154340-4;;BROWN ALTE GUILLERMO;1050;          ;    ;B1842BKT;MONTE GRANDE;BUENOS AIRES;;30-923;02-423;4132 SU/1988;06/07/1988;06/07/1991
LENOVO (SPAIN), S.L. SUCURSAL ARGENTINA;30-70923764-7;EXPCNC 6551/2005;MEXICO;2051;3°        ;    ;B1640DLY;MARTINEZ;BUENOS AIRES;(011  )5070-5395;30-1536;0;211 DINAPTIC/2015;21/08/2015;21/08/2018
LENOVO (SPAIN), S.L. SUCURSAL ARGENTINA;30-70923764-7;EXPCNC 6551/2005;PARAGUAY;577;3°        ;    ;C1057AAE;CABA;CIUDAD DE BUENOS AIRES;(011  )5070-5395;30-1536;0;211 DINAPTIC/2015;21/08/2015;21/08/2018
LENOVO ARGENTINA S.R.L.;30-71473138-2;EXPENACOM 16479/2016;LIBERTADOR DEL AV.;7208;6;    ;1429;CABA;CIUDAD DE BUENOS AIRES;(011  )4836-7800;30-2607;0;5467 APN-DNAYRT#ENACOM/2023;12/06/2023;12/06/2026
LEXMARK INTERNATIONAL DE ARGENTINA INC.;30-68146634-3;EXPCNC E 10322/2000;MOREAU DE JUSTO ALICIA;1960;3;301;C1107AFN;CIUDAD AUTONOMA BUENOS AIRES;CIUDAD DE BUENOS AIRES;(011  )4319-8900;30-2027;02-652;9950 APN-DNAYRT#ENACOM/2023;14/11/2023;14/11/2026
LEXZAR MOBILE S.A.;30-70942203-7;EXPCNC 5881/2006;CALLAO;1870;3;    ;C1024AAR;CIUDAD AUTONOMA BUENOS AIRES;CIUDAD DE BUENOS AIRES;(011  )4808-9300;30-1584;0;3141 GI/2006;02/08/2006;02/08/2009
LEYRIA, FERNANDO GABRIEL;20-24318185-3;EXPENACOM 11077/2017;FACUNDO QUIROGA;2880;          ;    ;5009;CORDOBA;CORDOBA;(0351 )576 -0122;30-2337;0;363 -APN-DNAYRT#ENACOM/2017;19/07/2017;17/01/2021
LEYRIA, FERNANDO GABRIEL;20-24318185-3;EXPENACOM 11077/2017;JUN B JUSTO;3012;          ;    ;1416;CABA;CIUDAD DE BUENOS AIRES;(011  )5219-4554;30-2337;0;363 -APN-DNAYRT#ENACOM/2017;19/07/2017;17/01/2021
LG ELECTRONICS ARGENTINA S.A.;30-70728048-0;EXPCNC 8323/2004;JURAMENTO;1775;13;    ;1428;CABA;CIUDAD DE BUENOS AIRES;(011  )3411-5170;30-1504;0;4892 -APN-DNAYRT#ENACOM/2023;19/05/2023;01/01/2099
LGS REPRESENTACIONES S.R.L.;30-71071211-1;EXPCNC 1982/2014;TUCUMAN;540;15;E   ;C1049AAL;CIUDAD AUTONOMA BUENOS AIRES;CIUDAD DE BUENOS AIRES;(011  )4325-1774;30-1972;0;692 GI/2014;26/02/2014;26/02/2017
LGS REPRESENTACIONES S.R.L.;30-71071211-1;EXPCNC 1982/2014;USPALLATA;9850;          ;    ;1657;LOMA HERMOSA;BUENOS AIRES;(011  )4721-0957;30-1972;0;692 GI/2014;26/02/2014;26/02/2017
LIEFRINK Y MARX S.A.;30-54001929-7;EXPCNC E 15250/1998;FITZ ROY;173;          ;    ;1414;CABA;CIUDAD DE BUENOS AIRES;(011  )4856-4747;30-749;0;11342 APN-DNAYRT#ENACOM/2023;21/12/2023;21/12/2026
LIGURE S.R.L.;30-70906120-4;EXPCNC 12882/2011;CORRIENTES;3169;7;70;C1193AAD;CIUDAD AUTONOMA BUENOS AIRES;CIUDAD DE BUENOS AIRES;(011  )4861-2741;30-1857;0;5542 GI/2011;28/12/2011;28/12/2014
LIGURE S.R.L.;30-70906120-4;EXPCNC 12882/2011;FOTHERINGHAM;435;          ;    ;Q8302HBI;NEUQUEN;NEUQUEN;(0299 )578 -0402;30-1857;0;5542 GI/2011;28/12/2011;28/12/2014
LILUS S.A.;30-70901764-7;EXPCNC 5328/2008;AVDA. CORRIENTES;1820;4°        ;D   ;C1045AAN;CABA;CIUDAD DE BUENOS AIRES;(011  )4373-4578;30-2438;0;3699 -APN-DNAYRT#ENACOM/2018;08/08/2018;08/08/2021
LIMANSKY S.A.;30-52162910-6;EX- -APN-SDYME#ENACOM 41287120/2018;DE MAYO;1370;11;298;1086;CABA;CIUDAD DE BUENOS AIRES;(011  )5219-1519;30-2451;0;4509 APN-DNAYRT#ENACOM/2018;29/08/2018;29/08/2021
LIMANSKY S.A.;30-52162910-6;EX- -APN-SDYME#ENACOM 41287120/2018;INT. OCTAVIO ZOBBOLI;1895;          ;    ;2300;RAFAELA;SANTA FE;(03492)50  -7419;30-2451;0;4509 APN-DNAYRT#ENACOM/2018;29/08/2018;29/08/2021
LION VENTURES S.A.;30-71243200-0;EX- -APN-REYS#ENACOM 11215556/2022;COSTA RICA;5546;2;207;1414;CABA;CIUDAD DE BUENOS AIRES;(011  )5311-7555;30-2779;0;599 APN-DNAYRT#ENACOM/2022;22/02/2022;22/02/2025
LITION SOFT S.A.;30-70837679-1;EXPCNC 6553/2005;ALVAREZ THOMAS CNEL IGNACIO;198;2;G   ;C1427CCO;CIUDAD AUTONOMA BUENOS AIRES;CIUDAD DE BUENOS AIRES;(011  )5246-0000;30-1535;0;3718 GI/2005;14/09/2005;14/09/2008
LJV S.A.;30-71211392-4;EXPAFTIC 4654/2015;ARTIGAS GRAL JOSE GERVASIO;1850;PB        ;    ;C1416AKR;CABA;CIUDAD DE BUENOS AIRES;(011  )4584-4699;30-2644;0;3441 APN-DNAYRT#ENACOM/2020;08/09/2020;08/09/2023
LJV S.A.;30-71211392-4;EXPAFTIC 4654/2015;CABILDO;738;          ;    ;1617;GENERAL PACHECO;BUENOS AIRES;(011  )6849-5420;30-2644;0;3441 APN-DNAYRT#ENACOM/2020;08/09/2020;08/09/2023
LOGI-NET S.A.;30-70871370-4;EXPCNC 6349/2006;ESCALADA DE SAN MARTIN REMEDIOS;3887;PB        ;    ;C1407EVK;CIUDAD AUTONOMA BUENOS AIRES;CIUDAD DE BUENOS AIRES;(011  )4568-6342;30-1586;0;3784 GI/2006;11/09/2006;11/09/2009
LOGI-NET S.A.;30-70871370-4;EXPCNC 6349/2006;SANABRIA;1871;8;    ;C1407MCI;CIUDAD AUTONOMA BUENOS AIRES;CIUDAD DE BUENOS AIRES;(011  )4639-0614;30-1586;0;3784 GI/2006;11/09/2006;11/09/2009
LOGITECH ARGENTINA S.R.L.;30-71234378-4;EX- -APN-REYS#ENACOM 54587470/2020;AVDA. LEANDRO ALEM;928;7°        ;721;C1001AAR;CABA;CIUDAD DE BUENOS AIRES;(011  )4559-3103;30-2636;0;7642 APN-DNAYRT#ENACOM/2023;09/10/2023;09/10/2026
LOGITECH ARGENTINA S.R.L.;30-71234378-4;EX- -APN-REYS#ENACOM 54587470/2020;LEANDRO N. ALEM;882;13;    ;1057;CABA;CIUDAD DE BUENOS AIRES;(011  )5219-4967;30-2636;0;7642 APN-DNAYRT#ENACOM/2023;09/10/2023;09/10/2026
LOGOTEC S.A.;33-58307108-9;EXPCNC 4636/2002;DORREGO CNEL MANUEL;2265;PB        ;    ;C1414CLE;CIUDAD AUTONOMA BUENOS AIRES;CIUDAD DE BUENOS AIRES;(011  )4774-1492;30-638;02-289;2966 CN/1993;09/06/1993;09/06/1996
LOGOTEC S.A.;33-58307108-9;EXPCNC 4636/2002;MERCEDES;255;7;H   ;C1407AHC;CIUDAD AUTONOMA BUENOS AIRES;CIUDAD DE BUENOS AIRES;(011  )4771-9211;30-638;02-289;2966 CN/1993;09/06/1993;09/06/1996
LOJACK ARGENTINA IMPORTADORA E INSTALADORA S.A.;30-68253084-3;EXPCNT E 28080/1996;ALEM LEANDRO NICEFORO;986;7;    ;C1001AAR;CIUDAD AUTONOMA BUENOS AIRES;CIUDAD DE BUENOS AIRES;(011  )4313-0066;30-1267;0;761 GI/1996;28/02/1996;28/02/1999
LQNET S.A.;33-71032510-9;EXPCNC 5746/2008;VICTOR HUGO;625;          ;    ;C1407BWK;CABA;CIUDAD DE BUENOS AIRES;(011  )2150-4153;30-2155;0;83 ENACOM/2016;22/02/2016;22/02/2019
LRC MICROONDAS S.R.L.;30-64450342-5;;LITUANIA;2353;          ;    ;X5004FGM;CORDOBA;CORDOBA;;30-1187;0;4458 CN/1993;01/09/1993;01/09/1996
LT ZERO S.R.L.;30-71094044-0;EX- -APN-REYS#ENACOM 68260744/2022;CALLAO;257;3;C   ;1022;CABA;CIUDAD DE BUENOS AIRES;(011  )6373-6807;30-3068;0;2232 APN-DNLAYR#ENACOM/2026;22/01/2026;22/01/2029
LUCENT TECHNOLOGIES S.A. ARGENTINA;33-64257998-9;EXPCNC 1728/2003;SAN MARTIN;344;29;    ;C1004AAH;CIUDAD AUTONOMA BUENOS AIRES;CIUDAD DE BUENOS AIRES;(011  )4340-8600;30-1285;0;4723 GI/2000;27/04/2000;27/04/2003
LUIS G. LEDESMA COMUNICACIONES S.A.;30-67918948-0;EXPCNT E 27075/1996;VENEZUELA;110;18;C   ;C1095AAD;CIUDAD AUTONOMA BUENOS AIRES;CIUDAD DE BUENOS AIRES;;30-1265;0;516 GI/1996;29/01/1996;29/01/1999
LUMENAC S.A.;30-60116615-8;EX- -APN-REYS#ENACOM 81980211/2021;AVDA. JUAN B. JUSTO;2469;6º        ;A   ;C1414CXA;CABA;CIUDAD DE BUENOS AIRES;(011  )9999-9999;30-2733;02-616;5024 APN-DNAYRT#ENACOM/2021;15/11/2021;15/11/2024
LUMENAC S.A.;30-60116615-8;EX- -APN-REYS#ENACOM 81980211/2021;WILLIAM MORRIS;567;          ;    ;B1603BSE;VILLA MARTELLI;BUENOS AIRES;(011  )4709-3300;30-2733;02-616;5024 APN-DNAYRT#ENACOM/2021;15/11/2021;15/11/2024
LUMINATEC S.R.L.;30-71622761-4;EX- -APN-SDYME#ENACOM 4568249/2019;LEANDRO N. ALEM;1026;4;H   ;C1001AAS;CABA;CIUDAD DE BUENOS AIRES;(011  )3088-1999;30-2870;0;5902 APN-DNAYRT#ENACOM/2023;28/06/2023;28/06/2026
LÜSQTOFF ARGENTINA S.A.;30-71207115-6;EX- -APN-REYS#ENACOM 123292197/2023;MANUEL BELGRANO;1068;          ;    ;B1704ETV;RAMOS MEJIA;BUENOS AIRES;(011  )6146-8386;30-2904;02-654;10176 -APN-DNAYRT#ENACOM/2023;21/11/2023;21/11/2026
LUZEN S.R.L.;30-70991007-4;EXPCNC 11851/2006;LAVALLE GRAL JUAN;1625;11;1102;C1048AAM;CIUDAD AUTONOMA BUENOS AIRES;CIUDAD DE BUENOS AIRES;(011  )4371-6119;30-1617;0;845 GI/2007;08/02/2007;08/02/2010
LYFORT MERCANTILE S.R.L.;30-64195142-7;;AVDA. CRAMER;2635;          ;    ;C1428CTQ;CIUDAD DE BUENOS AIRES;CAPITAL FEDERAL;(011  )4543-4788;30-1053;0;225 CN/1991;24/05/1991;24/05/1994
LYNSA S.A.;30-68007780-7;EXPCNC 9073/2011;ROOSEVELT FRANKLIN D;2445;5;D   ;C1428BOK;CIUDAD AUTONOMA BUENOS AIRES;CIUDAD DE BUENOS AIRES;(011  )4785-5475;30-1842;0;3979 GI/2011;30/09/2011;30/09/2014
M. ROZENBAUM E HIJOS S.A.I.C.E.I.;30-53746454-9;EXPCNC E 957/2001;ARENAL CONCEPCION;4040;          ;    ;C1427EKN;CIUDAD AUTONOMA BUENOS AIRES;CIUDAD DE BUENOS AIRES;(011  )4844-1488;30-1388;0;1940 GI/2007;26/04/2007;26/04/2010
M.S.A. MAGIC SOFTWARE ARGENTINA S.A.;30-68237992-4;EX- -APN-SDYME#ENACOM 8538002/2019;ATUEL;362;          ;    ;C1437EPD;CABA;CIUDAD DE BUENOS AIRES;(011  )2469-9087;30-2489;0;1939 APN-DNAYRT#ENACOM/2019;01/03/2019;01/03/2022
M31 ELECTRONICA S.R.L.;30-64539832-3;EXPCNC E 4179/1998;CHIVILCOY;3041;          ;    ;C1417ATU;CABA;CIUDAD DE BUENOS AIRES;(011  )9999-9999;30-2908;02-655;1327 APN-DNAYRT#ENACOM/2024;17/02/2024;17/02/2027
M31 ELECTRONICA S.R.L.;30-64539832-3;EXPCNC E 4179/1998;TOMAS ESPORA;3770;          ;    ;B1672AUD;VILLA LYNCH;BUENOS AIRES;(011  )4753-9127;30-2908;02-655;1327 APN-DNAYRT#ENACOM/2024;17/02/2024;17/02/2027
MACH ELECTRONICS S.A.;30-68258089-1;EXPCNC E 6383/2001;PEDRO DEL CASTILLO;748;PB        ;    ;C1414AWP;CABA;CIUDAD DE BUENOS AIRES;(011  )4532-9229;30-1409;02-599;8062 APN-DNAYRT#ENACOM/2023;20/10/2023;20/10/2026
MACH S.R.L.;30-60455839-1;EXPCNC 1008/2002;LOLA MORA;457;8;805;1107;CABA;CIUDAD DE BUENOS AIRES;;30-2611;0;5293 APN-DNAYRT#ENACOM/2023;02/06/2023;02/06/2026
MACOR INSUMOS HOSPITALARIOS S.R.L.;33-66036317-9;EX- -APN-SDYME#ENACOM 7076124/2020;TRONADOR;893;          ;    ;1427;CABA;CIUDAD DE BUENOS AIRES;(011  )4551-3233;30-2877;0;6443 APN-DNAYRT#ENACOM/2023;08/08/2023;08/08/2026
MACROTEL S.A.;30-61706493-2;EXPCNC 4196/2003;SARMIENTO DOMINGO FAUSTINO;930;          ;    ;C1041AAT;CABA;CIUDAD DE BUENOS AIRES;(011  )4327-0101;30-649;0;3142 GI/2006;02/08/2006;02/08/2009
MACROTEL S.A.;30-61706493-2;EXPCNC 4196/2003;SARMIENTO DOMINGO FAUSTINO;930;          ;    ;C1041AAT;CIUDAD AUTONOMA BUENOS AIRES;CIUDAD DE BUENOS AIRES;(011  )4327-0101;30-649;0;3142 GI/2006;02/08/2006;02/08/2009
MADERFOZ S.A.;30-61764370-3;;FLORIDA;274;          ;    ;C1005AAF;CIUDAD DE BUENOS AIRES;CAPITAL FEDERAL;;30-1070;0;313 CN/1991;28/06/1991;28/06/1994
MADITEL S.A.;30-65485646-6;EXPCNT E 31090/1996;TUCUMAN;338;          ;    ;C1049AAH;CIUDAD DE BUENOS AIRES;CAPITAL FEDERAL;(011  )4311-2120;30-1273;0;1552 GI/1996;18/06/1996;18/06/1999
MAGAN, ELSA BEATRIZ;27-06138467-2;;RIVADAVIA;5431;1;6;1424;CIUDAD DE BUENOS AIRES;CAPITAL FEDERAL;;30-829;0;4212 SU/1986;12/11/1986;12/11/1989
MAGLIO ROBERTO HORACIO E HIJO S.C.C.;30-62357034-3;;AVDA. MARTIN GARCIA;768;          ;    ;C1268ABQ;CIUDAD DE BUENOS AIRES;CAPITAL FEDERAL;(011  )4361-0942;30-1100;0;426 CN/1991;29/08/1991;29/08/1994
MAGNETI MARELLI REPUESTOS S.A.;30-70757013-6;EXPCNC 8525/2008;BERNARDO DE IRIGOYEN;190;3;B   ;1072;CABA;CIUDAD DE BUENOS AIRES;(011  )000 -0000;30-2878;0;6444 APN-DNAYRT#ENACOM/2023;08/08/2023;08/08/2026
MAGNETI MARELLI REPUESTOS S.A.;30-70757013-6;EXPCNC 8525/2008;PRESIDENTE HIPOLITO YRIGOYEN;571;8;    ;1638;VICENTE LOPEZ;BUENOS AIRES;(011  )4589-0850;30-2878;0;6444 APN-DNAYRT#ENACOM/2023;08/08/2023;08/08/2026
MAGRI TELEFONIA S.R.L.;30-62888288-2;EXPCNC 3778/2008;IRIGOYEN DOCTOR BERNARDO DE;214;1;D   ;C1072AAF;CIUDAD AUTONOMA BUENOS AIRES;CIUDAD DE BUENOS AIRES;(011  )5353-7741;30-1698;0;2156 GI/2008;18/06/2008;18/06/2011
MAGRI TELEFONIA S.R.L.;30-62888288-2;EXPCNC 3778/2008;SAVIO;108;          ;    ;B2900KDO;SAN NICOLAS DE LOS ARROYOS;BUENOS AIRES;(03461)50  -0300;30-1698;0;2156 GI/2008;18/06/2008;18/06/2011
MAKITA HERRAMIENTAS ELECTRICAS DE ARGENTINA S.A.;30-69291647-2;EXPENACOM 738/2017;LISANDRO DE LA TORRE;1246;          ;    ;1633;PILAR;BUENOS AIRES;(0230 )444 -1100;30-2672;0;250 APN-DNAYRT#ENACOM/2021;25/01/2021;25/01/2024
MAKITA HERRAMIENTAS ELECTRICAS DE ARGENTINA S.A.;30-69291647-2;EXPENACOM 738/2017;PTE. ROQUE SAENZ PEÑA;270;6;A   ;1035;CABA;CIUDAD DE BUENOS AIRES;(011  )4328-0106;30-2672;0;250 APN-DNAYRT#ENACOM/2021;25/01/2021;25/01/2024
MAR MAQUINARIAS S.A.;30-67777497-1;EX- -APN-SDYME#ENACOM 38967057/2018;BERNARDO DE IRIGOYEN;1285;          ;    ;B1609BFU;BOULOGNE SUR MER;BUENOS AIRES;(011  )4710-0100;30-2444;0;4287 APN-DNAYRT#ENACOM/2018;21/08/2018;21/08/2021
MAR MAQUINARIAS S.A.;30-67777497-1;EX- -APN-SDYME#ENACOM 38967057/2018;MAIPU;1210;5;    ;C1006ACS;CABA;CIUDAD DE BUENOS AIRES;;30-2444;0;4287 APN-DNAYRT#ENACOM/2018;21/08/2018;21/08/2021
MARCONI COMMUNICATIONS ARGENTINA S.A.;30-70474466-4;EXPCNC 497/2002;PELLEGRINI CARLOS;1149;10;    ;C1009ABW;CIUDAD AUTONOMA BUENOS AIRES;CIUDAD DE BUENOS AIRES;(011  )4322-5300;30-1416;0;1894 GI/2005;27/04/2005;27/04/2008
MARCONI RADIO S.R.L.;30-61521663-8;EXPCNC 491/2005;ROSETTI;2275;          ;    ;1636;OLIVOS;BUENOS AIRES;;30-691;02-318;4697 GI/1995;27/06/1995;27/06/1998
MARED II S.R.L.;33-68902160-9;;RIVADAVIA;742;          ;    ;5000;CORDOBA;CORDOBA;;30-762;02-352;4057 SU/1986;15/05/1986;15/05/1989
MARKEM-IMAJE S.A.;30-52815043-4;EX- -APN-SDYME#ENACOM 75382872/2019;AV DE LOS CONSTITUYENTES;2240;          ;    ;1617;GENERAL PACHECO;BUENOS AIRES;(011  )5280-3660;30-2841;0;4422 APN-DNLAYR#ENACOM/2025;01/12/2025;01/12/2028
MARKEM-IMAJE S.A.;30-52815043-4;EX- -APN-SDYME#ENACOM 75382872/2019;PICO;4842;1;8;1429;CABA;CIUDAD DE BUENOS AIRES;(011  )000 -0000;30-2841;0;4422 APN-DNLAYR#ENACOM/2025;01/12/2025;01/12/2028
MARKETING INTELLIGENCE S.A.;30-71112379-9;EXPCNC 9644/2011;FLORIDA;439;1;1,2;C1005AAI;CIUDAD AUTONOMA BUENOS AIRES;CIUDAD DE BUENOS AIRES;(011  )4711-8986;30-1846;0;4005 GI/2011;06/10/2011;06/10/2014
MARKETRONICS DE ARGENTINA S.A.;30-70735628-2;EXPCNC E 1648/2001;AVDA. IRIARTE;1609;          ;    ;1291;CIUDAD DE BUENOS AIRES;CAPITAL FEDERAL;(011  )4303-2221;30-1389;0;1925 GI/2001;30/04/2001;30/04/2004
MARKETRONICS S.A.;30-59900603-2;;VIAMONTE;675;7°        ;D   ;C1053ABM;CAPITAL FEDERAL;CIUDAD DE BUENOS AIRES;(011  )9999-9999;30-1074;0;313 CN/1991;28/06/1991;28/06/1994
MARPATECH S.A.C.;30-71150544-6;EXPCNC 8915/2011;GRAL. BARTOLOME MITRE;751;1;E   ;1708;MORON;BUENOS AIRES;;30-2890;0;7660 DNAYRT#ENACOM/2023;11/10/2023;11/10/2026
MARPATECH S.A.C.;30-71150544-6;EXPCNC 8915/2011;SUPERI JOSE;1314;5;C   ;C1426BAF;CIUDAD AUTONOMA BUENOS AIRES;CIUDAD DE BUENOS AIRES;(011  )3575-0055;30-2890;0;7660 DNAYRT#ENACOM/2023;11/10/2023;11/10/2026
MARTINIANO ROMERO S.A.;30-59710334-0;EXPCNC 1728/2003;AVDA. DE MAYO;769;PB        ;10;C1084AAC;CIUDAD DE BUENOS AIRES;CAPITAL FEDERAL;(011  )4343-5619;30-424;0;363 GI/1997;28/01/1997;28/01/2000
MASNET S.A.;30-71026798-3;EXPCNC 6668/2015;AVALOS;767;          ;    ;C1427AXG;CABA;CIUDAD DE BUENOS AIRES;(011  )4553-5900;30-2094;0;150 DINAPTIC/2015;21/08/2015;21/08/2018
MASSALIN PARTICULARES SOCIEDAD DE RESPONSABILIDAD LIMITADA;33-50060698-9;EX- -APN-REYS#ENACOM 123860125/2022;AVDA. RIVADAVIA;26950;          ;    ;1722;MERLO;BUENOS AIRES;(011  )5957-3006;30-3120;0;940 APN-DNLAYR#ENACOM/2023;22/07/2026;01/01/2099
MASSALIN PARTICULARES SOCIEDAD DE RESPONSABILIDAD LIMITADA;33-50060698-9;EX- -APN-REYS#ENACOM 123860125/2022;LAVALLOL;4740;          ;    ;1419;CABA;CIUDAD DE BUENOS AIRES;;30-3120;0;940 APN-DNLAYR#ENACOM/2023;22/07/2026;01/01/2099
MASUE S.A.;30-63520132-7;;AVDA. CORDOBA;1233;10;A   ;C1055AAC;CIUDAD DE BUENOS AIRES;CAPITAL FEDERAL;;30-1047;0;225 CN/1991;24/05/1991;24/05/1994
MATEC MEDICION S.R.L.;30-70991633-1;EXPCNC 5691/2008;FEDERICO LACROZE;3020;          ;    ;C1426CQQ;CABA;CIUDAD DE BUENOS AIRES;(011  )4554-5243;30-2498;0;3326 APN-DNAYRT#ENACOM/2022;15/06/2022;15/06/2025
MATERTEL S.A.;30-52038833-4;EXPCNC 1366/2004;SARMIENTO DOMINGO FAUSTINO;1977;          ;    ;C1044AAC;CIUDAD AUTONOMA BUENOS AIRES;CIUDAD DE BUENOS AIRES;(011  )4573-6700;30-1033;0;2821 GI/2007;26/06/2007;26/06/2010
MATYCA S.A.;30-70845459-8;EXPCNC 783/2005;AVDA. COLON;423;1;2;5500;MENDOZA;MENDOZA;;30-1578;0;2889 GI/2006;21/07/2006;21/07/2009
MAURO COMUNICACIONES S.C.A.;30-55177487-9;;RECONQUISTA;611;1;    ;C1003ABM;CIUDAD AUTONOMA BUENOS AIRES;CIUDAD DE BUENOS AIRES;;30-754;02-345;4124 SU/1989;06/07/1989;06/07/1992
MAX PRECISION S.A.;30-62964854-9;;11 DE SEPTIEMBRE;2440;          ;    ;C1428AJD;CIUDAD AUTONOMA BUENOS AIRES;CIUDAD DE BUENOS AIRES;(011  )4783-0517;30-1117;0;529 CN/1991;04/10/1991;04/10/1994
MAXIFON S.A.;30-68209834-8;EXPCNT E 28709/1996;HUMBERTO PRIMO;1286;          ;    ;C1103ACZ;CIUDAD DE BUENOS AIRES;CAPITAL FEDERAL;(011  )4305-0576;30-1270;0;859 GI/1996;21/03/1996;21/03/1999
MAYCAR SOCIEDAD ANONIMA;30-61286533-3;EX- -APN-SDYME#ENACOM 45885833/2018;AVDA. CHORROARIN;1002;          ;    ;C1427CXU;CABA;CIUDAD DE BUENOS AIRES;(011  )4829-1200;30-2760;0;5328 APN-DNAYRT#ENACOM/2021;30/11/2021;30/11/2024
MCAFEE ARGENTINA S.A.;30-69232347-1;EXPCNC E 6207/2000;COSSETTINI OLGA;240;3;    ;C1107CCF;CIUDAD AUTONOMA BUENOS AIRES;CIUDAD DE BUENOS AIRES;(011  )4515-4200;30-1372;0;2942 GI/2012;24/08/2012;24/08/2015
MED-EL LATINO AMERICA S.R.L.;30-69620881-2;EXPENACOM 5719/2016;VIAMONTE;2146;3;    ;C1056ABH;CABA;CIUDAD DE BUENOS AIRES;(011  )4954-0404;30-2826;0;859 APN-DNLAYR#ENACOM/2025;26/09/2025;26/09/2028
MEDEROS, JUAN CLAUDIO;20-14182601-9;;AVDA. CORRIENTES;2835;2;A   ;C1193AAA;CIUDAD DE BUENOS AIRES;CAPITAL FEDERAL;(011  )4961-1827;30-984;0;526 SU/1990;17/10/1990;17/10/1993
MEDIATEL S.A.;30-69153550-5;EXPCNC E 5140/2000;BARTOLOME CRUZ;2360;4;B   ;B1636DVH;OLIVOS;BUENOS AIRES;;30-2332;0;253 APN-DNAYRT#ENACOM/2021;25/01/2021;25/01/2024
MEDIATEL S.A.;30-69153550-5;EXPCNC E 5140/2000;CORDOBA;817;3º        ;6;1054;CABA;CIUDAD DE BUENOS AIRES;(011  )6801-0999;30-2332;0;253 APN-DNAYRT#ENACOM/2021;25/01/2021;25/01/2024
MEDICAL FLOW SOLUTIONS S.A.;30-70998136-2;EXPCNC 8259/2009;AVDA. LEANDRO N. ALEM;1050;13;    ;C1001AAS;CABA;CIUDAD DE BUENOS AIRES;(011  )5031-1500;30-2475;0;5006 APN-DNAYRT#ENACOM/2021;15/11/2021;15/11/2024
MEDICAL FLOW SOLUTIONS S.A.;30-70998136-2;EXPCNC 8259/2009;FONDO DE LA LEGUA;936;2;    ;1642;MARTINEZ;BUENOS AIRES;(011  )4500-1000;30-2475;0;5006 APN-DNAYRT#ENACOM/2021;15/11/2021;15/11/2024
MEDINA RIVERO, ROBERTO WALDO;20-12939030-2;EXPCNC 1905/2007;SALVADORES CNEL;1474;1;B   ;C1296ACD;CABA;CIUDAD DE BUENOS AIRES;(011  )4470-1461;30-1622;0;1511 GI/2013;06/05/2013;06/05/2016
MEDITECNA S.R.L.;30-66127835-4;EXPCNC 8072/2005;MARGARIÑOS CERVANTES;1767;          ;    ;1416;CABA;CIUDAD DE BUENOS AIRES;;30-2951;0;7098 APN-DNAYRT#ENACOM/2024;26/07/2024;26/07/2027
MEDTRONIC LATIN AMERICA, INC.;30-66004264-0;EXPCNC 9036/2010;VEDIA;3610;2;    ;14330;CABA;CIUDAD DE BUENOS AIRES;;30-2614;0;4893 DNAYRT#ENACOM/2023;19/05/2023;19/05/2026
MEEL S.R.L.;30-50401259-6;;AVDA. CNEL. IGNACIO WARNES;2371;          ;    ;C1427DPC;CIUDAD DE BUENOS AIRES;CAPITAL FEDERAL;(011  )4553-7071;30-1212;0;322 CN/1994;18/02/1994;18/02/1997
MEGAHERTZ S.R.L.;30-61215533-6;;ELIZALDE PADRE;305;          ;    ;B1702FLG;CIUDADELA;BUENOS AIRES;(011  )4657-5638;30-850;0;21 CN/1991;11/01/1991;11/01/1994
MEGAHERTZ S.R.L.;30-61215533-6;;SALTA;998;          ;    ;C1074AAT;CIUDAD AUTONOMA BUENOS AIRES;CIUDAD DE BUENOS AIRES;;30-850;0;21 CN/1991;11/01/1991;11/01/1994
MEGATRANS S.A.;30-67736148-0;EXPCNC 491/2005;BALCARCE;216;2;    ;C1064AAF;CIUDAD AUTONOMA BUENOS AIRES;CIUDAD DE BUENOS AIRES;(011  )4343-8510;30-1511;0;815 GI/2005;22/02/2005;22/02/2008
MEGGA COMUNICACIONES S.A.;30-70760414-6;EXPCNC 1136/2007;LAVALLEJA GRAL JUAN ANTONIO;747;          ;    ;C1414DTO;CIUDAD AUTONOMA BUENOS AIRES;CIUDAD DE BUENOS AIRES;(011  )4867-5151;30-1620;0;0 /;08/03/2007;08/03/2010
MEKTRON S.R.L.;30-60611059-2;;DOMINGO CULLEN;5209;1;7;C1431BXI;CIUDAD DE BUENOS AIRES;CAPITAL FEDERAL;(011  )4854-4508;30-837;0;4231 SU/1986;09/12/1986;09/12/1989
MELLER COMUNICACIONES S.A.;30-60881661-1;EXPCNC E 1103/2000;RUTA NACIONAL Nº 7 - KM. 695,4;S/N;          ;    ;5730;VILLA MERCEDES;SAN LUIS;(0265 )42  -4793;30-851;0;1469 GI/2000;25/02/2000;25/02/2003
MELLER COMUNICACIONES S.A.;30-60881661-1;EXPCNC E 1103/2000;VER EL EXPTE.;1;          ;    ;1001;CIUDAD DE BUENOS AIRES;CAPITAL FEDERAL;;30-851;0;1469 GI/2000;25/02/2000;25/02/2003
MENDOZA QUICKSERV S.A.;33-71112454-9;EXPCNC 13184/2010;BELGRANO MANUEL;535;5;A   ;C1092AAF;CIUDAD AUTONOMA BUENOS AIRES;CIUDAD DE BUENOS AIRES;;30-1818;0;85 GI/2011;14/01/2011;14/01/2014
MENDOZA QUICKSERV S.A.;33-71112454-9;EXPCNC 13184/2010;MITRE BARTOLOME;521;          ;    ;M5500EHA;MENDOZA;MENDOZA;;30-1818;0;85 GI/2011;14/01/2011;14/01/2014
MENTRAU S.A.;30-71126299-3;EX- -APN-SDYME#ENACOM 1281456/2019;MARCELO TORCUATO DE ALVEAR;1308;21;B   ;1058;CABA;CIUDAD DE BUENOS AIRES;(011  )6980-1540;30-2483;0;2076 APN-DNAYRT#ENACOM/2019;01/03/2019;01/03/2022
MER SYSTEMS S.A.;30-71199099-9;EXPCNC 12151/2011;BALBOA;474;          ;    ;C1427ATH;CIUDAD AUTONOMA BUENOS AIRES;CIUDAD DE BUENOS AIRES;(011  )6824-1191;30-1856;0;5282 GI/2011;12/12/2011;12/12/2014
MERCADOLIBRE S.R.L.;30-70308853-4;EX- -APN-REYS#ENACOM 88392596/2022;AVDA. CASEROS;3039;2º        ;    ;1264;CABA;CIUDAD DE BUENOS AIRES;(011  )5962-2376;30-3071;0;4060 APN-DNLAYR#ENACOM/2026;10/02/2026;10/02/2029
MERCADOLIBRE S.R.L.;30-70308853-4;EX- -APN-REYS#ENACOM 88392596/2022;POSTA;4789;6º        ;    ;1430;CABA;CIUDAD DE BUENOS AIRES;(011  )5962-2376;30-3071;0;4060 APN-DNLAYR#ENACOM/2026;10/02/2026;10/02/2029
MERCEDES-BENZ ARGENTINA S.A.U.;30-50298736-0;EXPCNC 1234/2009;VILLAFLOR AZUCENA;435;5;    ;C1107CII;CIUDAD AUTONOMA BUENOS AIRES;CIUDAD DE BUENOS AIRES;(011  )4808-8817;30-1731;0;8022 |APN-DNAYRT#ENACOM/2024;21/08/2024;21/08/2027
MERCEDES-BENZ CAMIONES Y BUSES ARGENTINA S.A.U.;30-71634944-2;EX- -APN-REYS#ENACOM 62305250/2020;SARGENTO CABRAL;3770;          ;    ;1605;MUNRO;CIUDAD DE BUENOS AIRES;(011  )4808-8857;30-2664;0;5101 APN-DNAYRT#ENACOM/2020;21/12/2020;21/12/2023
MERCK S.A.;30-50383256-5;EXPCNC 6828/2014;TRONADOR;4890;4°        ;    ;C1430DNN;CABA;CIUDAD DE BUENOS AIRES;(011  )4546-8100;30-2797;0;3319 APN-DNAYRT#ENACOM/2022;15/06/2022;15/06/2025
MERCOTEL S.R.L.;30-65328970-3;EXPCNC 3732/2004;VIEL;2079;          ;    ;C1424BKO;CIUDAD DE BUENOS AIRES;CAPITAL FEDERAL;(011  )4774-4144;30-1481;0;1899 GI/2004;09/06/2004;09/06/2007
MERCURY COMMUNICATIONS S.A.;33-65777536-9;EXPCNC 3295/2002;ALEM LEANDRO NICEFORO;584;6;    ;C1001AAN;CIUDAD AUTONOMA BUENOS AIRES;CIUDAD DE BUENOS AIRES;(011  )4314-4530;30-1178;0;2235 GI/2009;24/06/2009;24/06/2012
MERTIND ARGENTINA S.A.;30-70897889-9;EXPCNC 3481/2007;PERON TTE GRAL JUAN DOMINGO;1948;3;F   ;C1040AAD;CIUDAD AUTONOMA BUENOS AIRES;CIUDAD DE BUENOS AIRES;(011  )4953-8288;30-1633;0;2094 GI/2010;15/06/2010;15/06/2013
MERWIN INKJET SISTEMS S.A.;30-70921249-0;EX- -APN-REYS#ENACOM 64897984/2020;DR. EDUARDO WILDE;644;          ;    ;1609;BOULOGNE;BUENOS AIRES;(011  )5195-8926;30-2653;0;4105 APN-DNAYRT#ENACOM/2020;10/10/2020;10/10/2023
MERWIN INKJET SISTEMS S.A.;30-70921249-0;EX- -APN-REYS#ENACOM 64897984/2020;IBERA;1987;1;B   ;1429;CABA;CIUDAD DE BUENOS AIRES;(011  )4940-8300;30-2653;0;4105 APN-DNAYRT#ENACOM/2020;10/10/2020;10/10/2023
METROCITY S.A.;30-70709116-5;EXPCNC 9218/2006;ECHEVERRIA ESTEBAN;60;          ;    ;B1603CXB;VILLA MARTELLI;BUENOS AIRES;(011  )4730-4539;30-1602;0;1175 GI/2010;08/04/2010;08/04/2013
METROCITY S.A.;30-70709116-5;EXPCNC 9218/2006;VIAMONTE GRAL JUAN JOSE;377;          ;    ;C1053ABG;CIUDAD AUTONOMA BUENOS AIRES;CIUDAD DE BUENOS AIRES;;30-1602;0;1175 GI/2010;08/04/2010;08/04/2013
METROCOM S.A.;30-64528524-3;;MEDRANO;630;1;    ;C1179AAL;CIUDAD AUTONOMA BUENOS AIRES;CIUDAD DE BUENOS AIRES;(011  )4862-7358;30-1089;0;344 CN/1991;12/07/1991;12/07/1994
METROCOM S.A.;30-64528524-3;;MELO CARLOS FRANCISCO;2070;          ;    ;B1602CWL;FLORIDA;BUENOS AIRES;(011  )4791-1555;30-1089;0;344 CN/1991;12/07/1991;12/07/1994
MF GROUP CONSULTORES ESPECIALIZADOS S.R.L.;30-71590654-2;EX- -APN-ALYAT#ENACOM 43716864/2026;PERU;453;3;E   ;1067;CABA;CIUDAD DE BUENOS AIRES;(011  )5235-2131;30-3095;0;7773 APN-DNLAYR#ENACOM/2026;19/05/2026;
MICHELIN ARGENTINA S.A.I.C.F.;30-52551488-5;EX- -APN-SDYME#ENACOM 20105112/2017;LASCANO;5130;          ;    ;C1417HAF;CABA;CIUDAD DE BUENOS AIRES;(011  )4630-3022;30-2364;0;509 APN-DNPYC#ENACOM/2017;05/10/2017;17/01/2021
MICROBELL S.A.;30-70839018-2;EX- -APN-REYS#ENACOM 67912049/2021;CNEL. RAMON LISTA;5168;PB        ;    ;1417;CABA;CIUDAD DE BUENOS AIRES;(011  )4649-9050;30-2740;0;5017 APN-DNAYRT#ENACOM/2021;15/11/2021;15/11/2024
MICROCOM ARGENTINA SOCIEDAD ANONIMA;30-69388767-0;EXPAFTIC 12/2016;CALIFORNIA;2082;1°        ;D114;C1289AAP;CABA;CIUDAD DE BUENOS AIRES;(011  )6091-8585;30-2160;0;1332 ENACOM/2016;14/04/2016;14/04/2019
MICROCOM ARGENTINA SOCIEDAD ANONIMA;30-69388767-0;EXPAFTIC 12/2016;RICHIERI BIS;65;          ;    ;S2002LOA;ROSARIO;SANTA FE;(0341 )437 -5777;30-2160;0;1332 ENACOM/2016;14/04/2016;14/04/2019
MICROGLOBAL ARGENTINA S.A.;30-66153522-5;EXPCNC 7681/2002;PIEDRAS;1702;          ;    ;C1140ABL;CABA;CIUDAD DE BUENOS AIRES;(011  )4370-2100;30-3130;0;9595 APN-DNLAYR#ENACOM/2026;14/08/2026;01/01/2099
MICROSOFT DE ARGENTINA S.R.L.;30-64570631-1;EX- -APN-SDYME#ENACOM 50590137/2018;CARLOS DELLA PAOLERA;261;23º       ;    ;C1001ADA;CABA;CIUDAD DE BUENOS AIRES;(011  )6852-4517;30-2866;0;4925 APN-DNAYRT#ENACOM/2023;19/05/2023;19/05/2026
MICROWAVE DATA SYSTEMS ARGENTINA S.R.L.;30-69170737-3;EXPCNC 4372/2002;FAHY PADRE;2738;          ;    ;C1417CNB;CIUDAD AUTONOMA BUENOS AIRES;CIUDAD DE BUENOS AIRES;(011  )4568-1990;30-1428;0;7238 -E-APN-ENACOM#MCO/2016;18/10/2016;18/10/2019
MICROWAVE INTERNATIONAL S.A.;30-61083691-3;EXPCNC E 5378/1997;SUIPACHA;470;          ;703;C1008AAJ;CIUDAD DE BUENOS AIRES;CAPITAL FEDERAL;(011  )4326-3493;30-1296;02-457;1964 GI/1997;06/08/1997;06/08/2000
MINARELLI S.A.;30-70861051-4;EX- -APN-ALYAT#ENACOM 56616508/2026;BOEDO;21;4;    ;1206;CABA;CIUDAD DE BUENOS AIRES;(011  )2651-3892;30-3119;0;8965 APN-DNLAYR#ENACOM/2026;16/07/2026;01/01/2099
MINETECH SOCIEDAD DE RESPONSABILIDAD LIMITADA;30-71402853-3;EXPCNC 12166/2014;ZAPIOLA;4248;3°        ;C   ;C1429AOD;CABA;CIUDAD DE BUENOS AIRES;(011  )5199-1055;30-2021;0;666 APN-DNAYRT#ENACOM/2024;09/01/2024;09/01/2027
MINETTI, MARCO FERNANDO;20-17571437-6;EXPCNC 542/2003;9 DE JULIO;260;          ;    ;2407;CLUCELLAS;SANTA FE;(03492)49  -9184;30-1441;02-481;983 GI/2003;11/02/2003;11/02/2006
MIRANDA, EDGARDO FABIAN;20-20586224-3;EX- -APN-REYS#ENACOM 80197683/2025;PALPA;2828;PB        ;    ;1426;CABA;CIUDAD DE BUENOS AIRES;(011  )5622-0940;30-3035;0;774 -APN-DNLAYR#ENACOM/2025;24/09/2025;24/09/2028
MIRGOR SOCIEDAD ANONIMA COMERCIAL INDUSTRIAL FINANCIERA INMOBILIARIA AGROPECUARIA;30-57803607-1;EX- -APN-ALYAT#ENACOM 68175479/2026;CHASCOMUS;5602;          ;    ;1440;CIUDAD DE BUENOS AIRES;CIUDAD DE BUENOS AIRES;(011  )4687-1021;30-3133;02-693;9387 APN-DNLAYR#ENACOM/2026;06/08/2026;01/01/2099
MIRGOR SOCIEDAD ANONIMA COMERCIAL INDUSTRIAL FINANCIERA INMOBILIARIA AGROPECUARIA;30-57803607-1;EX- -APN-ALYAT#ENACOM 68175479/2026;EINSTEIN;1111;          ;    ;9420;RIO GRANDE;TIERRA DEL FUEGO, ANTARTIDA E ISLAS DEL ATLANTICO SUR;(011  )3752-7173;30-3133;02-693;9387 APN-DNLAYR#ENACOM/2026;06/08/2026;01/01/2099
MIRIAD S.A.;30-62075145-2;;AVDA. CORRIENTES;1386;11;    ;C1043ABN;CIUDAD DE BUENOS AIRES;CAPITAL FEDERAL;(011  )4552-1609;30-954;0;327 GI/1989;13/10/1989;13/10/1992
MITESIA S.A.;30-71145758-1;EXPENACOM 10431/2017;MORENO;970;3;71;C1091AAT;CABA;CIUDAD DE BUENOS AIRES;(011  )4342-0148;30-2330;0;276 -APN-DNAYRT#ENACOM/2017;29/06/2017;17/01/2021
MITRE MUÑOZ, MARCELO EDUARDO;20-13014668-7;EX- -APN-SDYME#ENACOM 6135568/2020;AMENABAR;3240;12°       ;C   ;C1429AEH;CABA;CIUDAD DE BUENOS AIRES;(011  )9999-9999;30-3063;02-686;402 APN-DNLAYR#ENACOM/2026;07/01/2026;07/01/2029
MITRE MUÑOZ, MARCELO EDUARDO;20-13014668-7;EX- -APN-SDYME#ENACOM 6135568/2020;INDEPENDENCIA;1580;          ;    ;4002;SAN MIGUEL DE TUCUMAN;TUCUMAN;(0381 )519 -1991;30-3063;02-686;402 APN-DNLAYR#ENACOM/2026;07/01/2026;07/01/2029
MITRE MUÑOZ, MARCELO EDUARDO;20-13014668-7;EX- -APN-SDYME#ENACOM 6135568/2020;SUIPACHA;140;          ;    ;C1008AAD;CIUDAD AUTONOMA BUENOS AIRES;CIUDAD DE BUENOS AIRES;;30-3063;02-686;402 APN-DNLAYR#ENACOM/2026;07/01/2026;07/01/2029
MITROL S.R.L.;30-62156402-8;EXPCNC 7907/2006;BEIRO FRANCISCO;2335;          ;    ;C1419HXC;CIUDAD AUTONOMA BUENOS AIRES;CIUDAD DE BUENOS AIRES;(011  )4574-3131;30-1593;02-494;3775 GI/2012;05/10/2012;05/10/2015
MITSU MOTORS S.A.;30-71586693-1;EX- -APN-SDYME#ENACOM 11086053/2019;PANAMERICANA RAMAL PILAR KM 35500;S/N;          ;    ;1667;TORTUGUITAS;BUENOS AIRES;(011  )3782-2583;30-2869;0;5352 APN-DNAYRT#ENACOM/2023;06/06/2023;06/06/2026
MITSU MOTORS S.A.;30-71586693-1;EX- -APN-SDYME#ENACOM 11086053/2019;SANTA FE;1643;5;    ;1060;CABA;CIUDAD DE BUENOS AIRES;;30-2869;0;5352 APN-DNAYRT#ENACOM/2023;06/06/2023;06/06/2026
MITUTOYO SUL AMERICANA LTDA.;30-70733592-7;EX- -APN-SDYME#ENACOM 1724919/2018;PTE R. S. PEÑA;720;5;A   ;C1035AAP;CABA;CIUDAD DE BUENOS AIRES;(011  )4394-9652;30-2731;0;9163 APN-DNAYRT#ENACOM/2024;23/09/2024;23/09/2027
MM COMUNICACIONES S.A.;30-70868590-5;EXPCNC 8186/2009;CHARLONE;381;1°        ;C   ;C1427BXG;CABA;CIUDAD DE BUENOS AIRES;;30-2190;02-557;3743 ENACOM/2016;08/06/2016;08/06/2019
MM COMUNICACIONES S.A.;30-70868590-5;EXPCNC 8186/2009;SAN LUIS;59;          ;    ;S2407BLA;PLAZA CLUCELLAS;SANTA FE;(03492)49  -9184;30-2190;02-557;3743 ENACOM/2016;08/06/2016;08/06/2019
MOCORETA S.A.;30-54165580-4;;AVDA. RUIZ HUIDOBRO;3860;          ;    ;C1430CJS;CIUDAD DE BUENOS AIRES;CAPITAL FEDERAL;;30-811;0;4176 SU/1986;23/09/1986;23/09/1989
MOLINOS MARIMBO S.A.I. Y C.;30-53758291-6;EX- -APN-SDYME#ENACOM 20367381/2017;ARRASCAETA;88;          ;    ;2670;LA CARLOTA;CORDOBA;(03584)43  -4256;30-2368;0;499 APN-DNPYC#ENACOM/2017;05/10/2017;17/01/2021
MOLINOS MARIMBO S.A.I. Y C.;30-53758291-6;EX- -APN-SDYME#ENACOM 20367381/2017;JUAN FRANCISCO SEGUI;3964;2;B   ;1430;CABA;CIUDAD DE BUENOS AIRES;;30-2368;0;499 APN-DNPYC#ENACOM/2017;05/10/2017;17/01/2021
MONSANTO ARGENTINA S.R.L.;30-50350872-5;EX- -APN-SDYME#ENACOM 2885052/2019;MAIPU;1210;10;    ;1006;CABA;CIUDAD DE BUENOS AIRES;(011  )4316-2429;30-2484;0;3007 APN-DNAYRT#ENACOM/2019;12/03/2019;12/03/2022
MONSANTO ARGENTINA S.R.L.;30-50350872-5;EX- -APN-SDYME#ENACOM 2885052/2019;RUTA PROVINCIAL 31 KM 170;S/N°;          ;    ;2705;ROJAS;BUENOS AIRES;(02475)46  -9513;30-2484;0;3007 APN-DNAYRT#ENACOM/2019;12/03/2019;12/03/2022
MONTESIN S.A.;30-62882501-3;;AVDA. CORDOBA;2635;4;    ;C1187AAA;CIUDAD DE BUENOS AIRES;CAPITAL FEDERAL;;30-1030;0;145 CN/1991;11/04/1991;11/04/1994
MONTI, RICARDO JOSE AMBROSIO;20-04285804-9;;PIEDRAS;666;5;11;C1070AAN;CIUDAD DE BUENOS AIRES;CAPITAL FEDERAL;(011  )4361-6132;30-1154;0;719 CN/1991;10/12/1991;10/12/1994
MORPHO DE ARGENTINA S.A.;30-71405022-9;EXPENACOM 16598/2016;AVDA. A. MOREAU DE JUSTO;240;1°        ;    ;C1107AAF;CABA;CIUDAD DE BUENOS AIRES;(011  )4390-9607;30-2282;0;943 -APN-ENACOM#MCO/2017;13/02/2017;13/02/2020
MOTEK S.A.;30-62130075-6;;AVDA. RUIZ HUIDOBRO;3860;          ;    ;C1430CJS;CIUDAD DE BUENOS AIRES;CAPITAL FEDERAL;(011  )4541-0337;30-940;0;4022 SU/1989;30/01/1989;30/01/1992
MOTOROLA MOBILITY OF ARGENTINA S.A.;30-71124798-6;EXPCNC 6847/2010;DEL LIBERTADOR;1295;4°        ;    ;B1638BEL;VICENTE LOPEZ;BUENOS AIRES;(011  )4317-5202;30-1796;0;772 APN-DNLAYR#ENACOM/2025;24/09/2025;
MOTOROLA MOBILITY OF ARGENTINA S.A.;30-71124798-6;EXPCNC 6847/2010;SUIPACHA;1111;18;    ;C1008AAW;CABA;CIUDAD DE BUENOS AIRES;(011  )4114-3011;30-1796;0;772 APN-DNLAYR#ENACOM/2025;24/09/2025;
MOTOROLA SOLUTIONS ARGENTINA S.A.;30-66205353-4;EXPCNC E 6716/1998;DEL LIBERTADOR;1855;          ;    ;B1638BGE;VICENTE LOPEZ;BUENOS AIRES;(011  )4837-4008;30-2999;0;923 APN-DNAYRT#ENACOM/2025;22/04/2025;22/04/2028
MOTOROLA SOLUTIONS ARGENTINA S.A.;30-66205353-4;EXPCNC E 6716/1998;SUIPACHA;1111;18;    ;C1008AAW;CIUDAD AUTONOMA BUENOS AIRES;CIUDAD DE BUENOS AIRES;(011  )4114-3011;30-2999;0;923 APN-DNAYRT#ENACOM/2025;22/04/2025;22/04/2028
MOVATEC S.A.;30-61455746-6;EXPCNC 4864/2006;JUAN B JUSTO;332;          ;    ;B1602BKF;FLORIDA;BUENOS AIRES;(011  )4795-6112;30-1580;02-492;1305 APN-DNAYRT#ENACOM/2019;23/12/2019;23/12/2022
MOVATEC S.A.;30-61455746-6;EXPCNC 4864/2006;MANUEL GARCIA;50;PB        ;    ;C1284ACB;CABA;CIUDAD DE BUENOS AIRES;(011  )4600-8478;30-1580;02-492;1305 APN-DNAYRT#ENACOM/2019;23/12/2019;23/12/2022
MOVIL CARGA S.A.;30-70883915-5;EXPCNC 8665/2004;ALEM LEANDRO NICEFORO;1110;11;    ;C1001AAT;CIUDAD AUTONOMA BUENOS AIRES;CIUDAD DE BUENOS AIRES;(011  )4000-7800;30-1505;0;4392 GI/2004;27/12/2004;27/12/2007
MPR GROUP S.R.L.;30-71796855-3;EX- -APN-ALYAT#ENACOM 72991904/2026;BERUTI;3657;          ;    ;1425;CABA;CIUDAD DE BUENOS AIRES;(011  )2687-3607;30-3136;0;9417 APN-DNLAYR#ENACOM/2026;07/08/2026;01/01/2099
MRD SOLUCIONES S.A.;30-71248431-0;EX- -APN-REYS#ENACOM 83869048/2020;NAZARRE;4457;          ;    ;1417;CABA;CIUDAD DE BUENOS AIRES;(011  )3180-2687;30-2692;0;751 APN-DNAYRT#ENACOM/2021;08/03/2021;08/03/2024
MSG COMUNICACIONES S.A.;30-67728983-6;EXPCNC E 9935/2000;MONTEVIDEO;524;8;C   ;1019;CABA;CIUDAD DE BUENOS AIRES;(011  )4374-0503;30-1382;0;3479 GI/2004;18/10/2004;18/10/2007
MSG COMUNICACIONES S.A.;30-67728983-6;EXPCNC E 9935/2000;OLGA COSSETTINI;363;          ;    ;C1107BVA;CABA;CIUDAD DE BUENOS AIRES;(011  )5359-2338;30-1382;0;3479 GI/2004;18/10/2004;18/10/2007
MT GROUP S.A.;30-71536887-7;EX- -APN-ALYAT#ENACOM 40507050/2026;AGÜERO;759;          ;    ;1171;CABA;CIUDAD DE BUENOS AIRES;(011  )3824-3510;30-3090;02-688;7735 APN-DNLAYR#ENACOM/2026;19/05/2026;
MUDSKI, DURGAN;20-07146051-8;;25 DE MAYO;846;          ;    ;A4400EPR;SALTA;SALTA;(0387 )431 -0026;30-1007;0;20 CN/1991;11/01/1991;11/01/1994
MUDSKI, DURGAN;20-07146051-8;;VER EL EXPTE.;1;          ;    ;1001;CIUDAD DE BUENOS AIRES;CAPITAL FEDERAL;;30-1007;0;20 CN/1991;11/01/1991;11/01/1994
MULTIJACTO S.A.;30-63208973-9;EXPENACOM 13308/2017;OLGA COSSETTINI;363;3;    ;C1107CCG;CABA;CIUDAD DE BUENOS AIRES;(011  )4319-7100;30-3114;0;8908 APN-DNLAYR#ENACOM/2026;16/07/2026;01/01/2099
MULTIJACTO S.A.;30-63208973-9;EXPENACOM 13308/2017;RUTA NAC. 8 KM;176.4;          ;    ;2740;ARRECIFES;BUENOS AIRES;(02478)45  -0611;30-3114;0;8908 APN-DNLAYR#ENACOM/2026;16/07/2026;01/01/2099
MULTIPOINT S.A.;33-67741441-9;EXPENACOM 15165/2016;CORDOBA;4860;          ;    ;C1414BAT;CABA;CIUDAD DE BUENOS AIRES;(011  )4779-5555;30-2275;0;9449 -E-APN-ENACOM#MCO/2016;23/12/2016;23/12/2019
MULTIRADIO S.A.;30-57378574-2;EXPCNC E 8224/1999;AVDA. CORDOBA;4860;          ;    ;C1414BAT;CABA;CIUDAD DE BUENOS AIRES;(011  )4779-5500;30-822;0;7654 APN-DNAYRT#ENACOM/2023;10/10/2023;10/10/2026
MULTISPORTS S.A.;33-71146295-9;EXPCNC 18131/2014;LIBERTAD;282;          ;    ;C1001ABP;CABA;CIUDAD DE BUENOS AIRES;;30-2060;0;113 GI/2015;22/01/2015;22/01/2018
MULTISPORTS S.A.;33-71146295-9;EXPCNC 18131/2014;LURO;2681;          ;    ;7600;MAR DEL PLATA;BUENOS AIRES;(0223 )494 -5575;30-2060;0;113 GI/2015;22/01/2015;22/01/2018
MULTITEC SUDAMERICANA S.R.L.;30-64271480-1;EX- -APN-SDYME#ENACOM 104706920/2019;MONTEVIDEO;955;7;D   ;1017;CABA;CIUDAD DE BUENOS AIRES;;30-2937;0;4322 APN-DNAYRT#ENACOM/2024;06/05/2024;06/05/2027
MULTITEC SUDAMERICANA S.R.L.;30-64271480-1;EX- -APN-SDYME#ENACOM 104706920/2019;SARMIENTO;1337;2;E   ;1337;CABA;CIUDAD DE BUENOS AIRES;(011  )4481-4178;30-2937;0;4322 APN-DNAYRT#ENACOM/2024;06/05/2024;06/05/2027
MULTIVIDEO S.A.;30-58996878-2;;25 DE MAYO;267;8;    ;C1002ABE;CIUDAD AUTONOMA BUENOS AIRES;CIUDAD DE BUENOS AIRES;(011  )4343-0069;30-993;0;49 CN/1990;21/12/1990;21/12/1993
MUNDITOL S.A.I.C.E.F. E I.;30-51933627-4;EX- -APN-REYS#ENACOM 89592912/2023;HONDURAS;3757;          ;    ;1180;CABA;CIUDAD DE BUENOS AIRES;(011  )4821-9999;30-2883;02-647;7401 -APN-DNAYRT#ENACOM/2023;06/09/2023;06/09/2026
MUNDO ELECTRONICO S.R.L.;30-65751222-9;EXPCNT 6487/1994;CARLOS PELLEGRINI;767;          ;    ;C1009ABO;CIUDAD DE BUENOS AIRES;CAPITAL FEDERAL;(011  )4322-1362;30-1221;0;1627 CN/1994;17/08/1994;17/08/1997
MUTUALIDAD ARGENTINA DE HIPOACUSICOS;30-52406740-0;EXPCNC 7093/2009;PERON TTE GRAL JUAN DOMINGO;1654;          ;    ;C1037ACF;CIUDAD AUTONOMA BUENOS AIRES;CIUDAD DE BUENOS AIRES;(011  )4909-5200;30-1747;0;2798 GI/2009;06/08/2009;06/08/2012
MYRIOTA PTY LTD;30-71802567-9;EX- -APN-REYS#ENACOM 13308579/2025;CARLOS PELLEGRINI;775;4;    ;1009;CABA;CIUDAD DE BUENOS AIRES;(011  )5841-5851;30-3026;0;121 APN-DNLAYR#ENACOM/2025;11/09/2025;11/09/2028
N&F DISTRIBUTIONS S.A.;30-71428671-0;EXPCNC 3484/2015;ENTRE RIOS;1450;1º        ;    ;B1636GBH;OLIVOS;BUENOS AIRES;(011  )9999-9999;30-2074;0;1330 GI/2015;16/04/2015;16/04/2018
N&F DISTRIBUTIONS S.A.;30-71428671-0;EXPCNC 3484/2015;ORTIZ DE OCAMPO;3050;3;301;1425;CABA;CIUDAD DE BUENOS AIRES;(011  )4342-8310;30-2074;0;1330 GI/2015;16/04/2015;16/04/2018
NANO CARE S.A.;30-71514501-0;EX- -APN-SDYME#ENACOM 17843490/2017;AVENIDA CASEROS;2618;          ;    ;C1264AAS;CABA;CIUDAD DE BUENOS AIRES;(011  )3189-1084;30-2359;0;721 APN-DNAYRT#ENACOM/2017;20/09/2017;17/01/2021
NANOCOMM S.A.;30-70961264-2;EXPCNC 11873/2009;JOAQUIN V. GONZALEZ;5076;          ;    ;C1419AYN;CABA;CIUDAD DE BUENOS AIRES;(011  )5274-7373;30-2239;0;7238 -E-APN-ENACOM#MCO/2016;18/10/2016;18/10/2019
NATECH SOLUTIONS S.R.L.;30-71536374-3;EXPENACOM 3541/2017;PASAJE 1490;1097 SBI;          ;    ;2000;FISHERTON;SANTA FE;(011  )5427-3982;30-2295;0;16 -APN-DNAYRT#ENACOM/2017;21/03/2017;17/01/2021
NATECH SOLUTIONS S.R.L.;30-71536374-3;EXPENACOM 3541/2017;PRESIDENTE MANUEL QUINTANA;293;          ;    ;1014;CABA;CIUDAD DE BUENOS AIRES;(011  )5427-3982;30-2295;0;16 -APN-DNAYRT#ENACOM/2017;21/03/2017;17/01/2021
NATELCO S.A.I.C.;30-54850798-3;EXPCNC E 5861/2000;MONTES DE OCA MANUEL AUGUSTO;2185;          ;    ;C1270ABI;CIUDAD AUTONOMA BUENOS AIRES;CIUDAD DE BUENOS AIRES;(011  )4303-0530;30-1370;0;9346 GI/2000;22/08/2000;22/08/2003
NATELCO S.A.I.C.;30-54850798-3;EXPCNC E 5861/2000;SARMIENTO DOMINGO FAUSTINO;552;12;    ;C1041AAL;CIUDAD AUTONOMA BUENOS AIRES;CIUDAD DE BUENOS AIRES;(011  )4394-0043;30-1370;0;9346 GI/2000;22/08/2000;22/08/2003
NATURAL MICROSYSTEMS LATIN AMERICA S.A.;30-68831569-3;EXPCNC E 4684/1998;PERON TTE GRAL JUAN DOMINGO;328;3;    ;C1038AAH;CIUDAD AUTONOMA BUENOS AIRES;CIUDAD DE BUENOS AIRES;;30-1314;0;2105 GI/1998;21/05/1998;21/05/2001
NAVAL MOTOR SOCIEDAD ANONIMA;30-52142451-2;EX- -APN-REYS#ENACOM 78836921/2022;AVDA. DEL LIBERTADOR;701;          ;    ;1638;VICENTE LOPEZ;BUENOS AIRES;(011  )4796-1777;30-3081;0;6464 APN-DNLAYR#ENACOM/2026;07/04/2026;01/01/2099
NAVAL MOTOR SOCIEDAD ANONIMA;30-52142451-2;EX- -APN-REYS#ENACOM 78836921/2022;CORDOBA;991;6º        ;A   ;1054;CABA;CIUDAD DE BUENOS AIRES;;30-3081;0;6464 APN-DNLAYR#ENACOM/2026;07/04/2026;01/01/2099
NAVEIRO, RAUL JORGE;20-05184754-8;EXPCNC E 7266/1998;LAPRIDA;2741;          ;    ;B1879BTI;QUILMES OESTE;BUENOS AIRES;(011  )4250-2312;30-1243;02-473;516 GI/2015;13/02/2015;13/02/2018
NAVEIRO, RAUL JORGE;20-05184754-8;EXPCNC E 7266/1998;VENEZUELA;770;3;H   ;C1095AAP;CIUDAD DE BUENOS AIRES;CAPITAL FEDERAL;(011  )4342-5993;30-1243;02-473;516 GI/2015;13/02/2015;13/02/2018
NAVITIME S.A.;30-70093030-7;EXPENACOM 3961/2016;TUCUMAN;622;4;    ;C1049AAN;CABA;CIUDAD DE BUENOS AIRES;(011  )4328-6295;30-2193;0;4858 ENACOM/2016;06/07/2016;06/07/2019
NAVITRONIC S.R.L.;30-56171600-1;;MAIPU;842;          ;    ;B1646HAD;SAN FERNANDO;BUENOS AIRES;(011  )4745-0354;30-751;02-342;40 GI/1990;18/01/1990;18/01/1993
NCR ARGENTINA S.R.L.;30-52530926-2;EXPCNC 2188/2005;AVDA. CORRIENTES;1615;          ;    ;C1042AAC;CIUDAD DE BUENOS AIRES;CAPITAL FEDERAL;(011  )4379-0206;30-1165;0;5344 GI/2005;29/12/2005;29/12/2008
NEC ARGENTINA S.A.;30-59020343-9;EXPCNC 625/2002;MENDOZA PEDRO DE;443;          ;    ;C1156ACE;CIUDAD AUTONOMA BUENOS AIRES;CIUDAD DE BUENOS AIRES;(011  )4010-6057;30-2015;02-648;7658 APN-DNAYRT#ENACOM/2023;11/10/2023;11/10/2026
NECCORD S.A.;30-69301737-4;EXPCNC E 13709/1998;CABRERA MONS PABLO;1870;          ;    ;X5008HHB;CORDOBA;CORDOBA;(0351 )489 -4800;30-1329;0;4449 GI/1998;12/11/1998;12/11/2001
ÑEEMBY S.A.;30-61983908-7;EXPCNT E 30255/1996;BAUNESS CARLOS;1565;          ;    ;C1431DNC;CIUDAD AUTONOMA BUENOS AIRES;CIUDAD DE BUENOS AIRES;;30-1177;0;5242 GI/2007;08/11/2007;08/11/2010
ÑEEMBY S.A.;30-61983908-7;EXPCNT E 30255/1996;RIVADAVIA;12396;          ;    ;B1702CHT;CIUDADELA;BUENOS AIRES;(011  )4647-2100;30-1177;0;5242 GI/2007;08/11/2007;08/11/2010
NEI S.A.;30-64583525-1;EXPCNC 1725/2007;RIO CUARTO;1419;PB        ;    ;C1292AAC;CIUDAD AUTONOMA BUENOS AIRES;CIUDAD DE BUENOS AIRES;(011  )4301-8308;30-1627;0;1434 GI/2007;03/04/2007;03/04/2010
NESTLE ARGENTINA S.A.;30-54676404-0;EXPCNC 1570/2012;CARLOS PELLEGRINI;887;10º       ;    ;C1009ABQ;CABA;CIUDAD DE BUENOS AIRES;;30-2975;0;12597 APN-DNAYRT#ENACOM/2024;19/12/2024;19/12/2027
NET CONNECTION INTERNATIONAL S.R.L.;30-70744153-0;EXPCNC E 5912/1999;PELLEGRINI CARLOS;739;8;18;C1009ABO;CIUDAD AUTONOMA BUENOS AIRES;CIUDAD DE BUENOS AIRES;(011  )4394-0461;30-1344;0;3356 GI/2002;29/08/2002;29/08/2005
NET WORK S.R.L.;30-66106458-3;EXPCNT E 31090/1996;LORETO VIRREY;3878;          ;    ;C1427DXF;CIUDAD AUTONOMA BUENOS AIRES;CIUDAD DE BUENOS AIRES;(011  )4555-3290;30-1274;0;1552 GI/1996;18/06/1996;18/06/1999
NETCO S.A.;30-65150548-4;EXPCNC 4778/2007;RIVADAVIA BERNARDINO;1479;4;    ;C1033AAE;CIUDAD AUTONOMA BUENOS AIRES;CIUDAD DE BUENOS AIRES;(011  )4381-4002;30-1994;0;1732 GI/2014;11/06/2014;11/06/2017
NETELCOM S.A.;30-70182569-8;EXPCNC 14812/2008;PASEO COLON;275;2;    ;C1063ACC;CABA;CIUDAD DE BUENOS AIRES;(011  )5353-6511;30-1724;0;4544 GI/2008;10/12/2008;10/12/2011
NETIO S.R.L.;30-70786947-6;EXPCNC 3916/2005;DONADO AGUSTIN;1045;1;    ;C1427CZE;CABA;CIUDAD DE BUENOS AIRES;(011  )4554-9997;30-2118;0;283 DINAPTIC/2015;15/09/2015;15/09/2018
NETWORK BROADCAST S.A.;30-70795169-5;EXPCNC 8396/2003;PARANA;771;4;    ;1017;CABA;CIUDAD DE BUENOS AIRES;;30-2993;02-676;418 APN-DNAYRT#ENACOM/2025;28/02/2025;28/02/2028
NEW DUNE IMPORTS S.R.L.;30-71895599-4;EX- -APN-REYS#ENACOM 133637042/2025;AVELLANEDA;124;          ;    ;6400;TRENQUE LAUQUEN;BUENOS AIRES;(02392)51  -4171;30-3059;0;5879 APN-DNLAYR#ENACOM/2025;16/12/2025;16/12/2028
NEWELL BRANDS DE ARGENTINA S.A.;30-70734470-5;EX- -APN-REYS#ENACOM 26578111/2021;CABILDO;2677;11;    ;1428;CABA;CIUDAD DE BUENOS AIRES;;30-2940;02-665;6533 APN-DNAYRT#ENACOM/2024;30/06/2024;30/06/2027
NEWELL BRANDS DE ARGENTINA S.A.;30-70734470-5;EX- -APN-REYS#ENACOM 26578111/2021;VIAMONTE;1145;6;A   ;1053;CABA;CIUDAD DE BUENOS AIRES;(011  )5289-2010;30-2940;02-665;6533 APN-DNAYRT#ENACOM/2024;30/06/2024;30/06/2027
NEWSAN S.A.;30-64261755-5;EXPCNC 3986/2007;ROQUE PEREZ;3650;          ;    ;C1430FBX;CABA;CIUDAD DE BUENOS AIRES;;30-2832;02-638;935 APN-DNLAYR#ENACOM/2025;30/09/2025;30/09/2028
NEWTECH SOLUTIONS S.A.;30-70778894-8;EXPCNC 3519/2003;MOREAU DE JUSTO ALICIA;270;1;    ;C1107AAF;CIUDAD AUTONOMA BUENOS AIRES;CIUDAD DE BUENOS AIRES;(011  )4320-5400;30-1451;0;4124 GI/2006;03/10/2006;03/10/2009
NEWTON STATION S.R.L.;30-71198096-9;EX- -APN-REYS#ENACOM 82217476/2023;ROSETI;2118;          ;    ;1431;CABA;CIUDAD DE BUENOS AIRES;(011  )6423-6041;30-2885;0;7345 -APN-DNAYRT#ENACOM/2023;04/09/2023;04/09/2026
NEXSYS ARGENTINA S.A.;30-70174960-6;EXPCNC 4732/2010;PARANA;785;6°        ;    ;C1017AAO;CABA;CIUDAD DE BUENOS AIRES;(011  )5353-0928;30-2750;0;5004 -APN-DNAYRT#ENACOM/2021;15/11/2021;15/11/2024
NEXTEL COMMUNICATIONS ARGENTINA S.R.L.;30-67877531-9;EXPCNC 1416/2006;COSSETTINI OLGA;363;          ;    ;C1107CCG;CIUDAD AUTONOMA BUENOS AIRES;CIUDAD DE BUENOS AIRES;;30-2156;0;227 ENACOM/2016;04/03/2016;04/03/2019
NEXUS ELECTRIC S.A.;30-71439827-6;EX- -APN-SDYME#ENACOM 37630779/2018;SANTA FE;1923;11;D   ;1123;CABA;CIUDAD DE BUENOS AIRES;;0;02-578;4480 APN-DNAYRT#ENACOM/2018;29/08/2018;29/08/2021
NEXUS ELECTRIC S.A.;30-71439827-6;EX- -APN-SDYME#ENACOM 37630779/2018;SERU;63;          ;    ;5500;MENDOZA;MENDOZA;(0261 )655 -8221;0;02-578;4480 APN-DNAYRT#ENACOM/2018;29/08/2018;29/08/2021
NG ELECTRONICA S.A.;30-68849588-8;EXPCNC 7682/2012;IBERA;3243;          ;    ;C1429CMY;CIUDAD AUTONOMA BUENOS AIRES;CIUDAD DE BUENOS AIRES;(011  )4014-0000;30-1876;02-525;2941 GI/2012;24/08/2012;24/08/2015
NG SOLUCIONES TECNOLOGICAS S.R.L.;30-70999124-4;EXPENACOM 2128/2016;SAN NICOLAS;1326;          ;    ;C1407DCZ;CABA;CIUDAD DE BUENOS AIRES;(011  )5581-0024;30-2179;0;1562 ENACOM/2016;19/04/2016;19/04/2019
NGA SISTEMAS ELECTRONICOS SATELITALES S.R.L.;30-70797466-0;EXPCNC 3017/2002;URUGUAY;864;5;503;C1015ABR;CIUDAD AUTONOMA BUENOS AIRES;CIUDAD DE BUENOS AIRES;(011  )4815-2857;30-1421;0;1181 GI/2012;20/04/2012;20/04/2015
NICE S.A.;30-67731051-7;EXPCNC E 6237/1999;BELGRANO MANUEL;553;4;N   ;C1092AAF;CIUDAD AUTONOMA BUENOS AIRES;CIUDAD DE BUENOS AIRES;(011  )4343-1718;30-1346;0;2443 GI/1999;01/07/1999;01/07/2002
NIKE ARGENTINA S.R.L.;30-67815546-9;EXPCNC 2215/2008;ALEM LEANDRO NICEFORO;1110;13;    ;C1001AAT;CIUDAD AUTONOMA BUENOS AIRES;CIUDAD DE BUENOS AIRES;(011  )4796-6423;30-1687;0;4403 GI/2008;28/03/2008;28/03/2011
NIKE ARGENTINA S.R.L.;30-67815546-9;EXPCNC 2215/2008;DEL LIBERTADOR;2442;7;    ;B1636DSR;OLIVOS;BUENOS AIRES;(011  )4796-6423;30-1687;0;4403 GI/2008;28/03/2008;28/03/2011
NION TECNOLOGIA Y COMUNICACIONES S.R.L.;30-71578001-8;EX- -APN-SDYME#ENACOM 22423071/2019;SARMIENTO;1287;5º        ;1;C1041AAY;CABA;CIUDAD DE BUENOS AIRES;(011  )5387-2077;30-2798;0;3318 APN-DNAYRT#ENACOM/2022;15/06/2022;15/06/2025
NISSAN ARGENTINA S.A.;30-71158535-0;EXPCNC 2979/2013;AV DEL LIBERTADOR;390;          ;    ;B1638BEP;VICENTE LOPEZ;BUENOS AIRES;(011  )5533-6800;30-3074;0;5056 APN-DNLAYR#ENACOM/2026;26/02/2026;
NISSAN ARGENTINA S.A.;30-71158535-0;EXPCNC 2979/2013;MAIPU;267;13;    ;C1084ABE;CABA;CIUDAD DE BUENOS AIRES;(011  )5533-6800;30-3074;0;5056 APN-DNLAYR#ENACOM/2026;26/02/2026;
NOBLEX ARGENTINA S.A.;30-50071173-2;EXPCNC 6522/2005;JARAMILLO;3670;          ;    ;C1430AGF;CABA;CIUDAD DE BUENOS AIRES;;30-1537;02-490;9790 APN-DNAYRT#ENACOM/2019;30/08/2019;30/08/2022
NOBLEX ARGENTINA S.A.;30-50071173-2;EXPCNC 6522/2005;ROQUE PEREZ;3650;          ;    ;C1430FBX;CABA;CIUDAD DE BUENOS AIRES;;30-1537;02-490;9790 APN-DNAYRT#ENACOM/2019;30/08/2019;30/08/2022
NOETEC S.R.L.;30-71614651-7;EX- -APN-REYS#ENACOM 43034072/2021;AVDA. TTE. GRAL. DONATO ALVAREZ;706;          ;    ;C1406BOS;CABA;CIUDAD DE BUENOS AIRES;(011  )5263-3705;30-2982;02-674;261 APN-DNAYRT#ENACOM/2025;26/01/2025;26/01/2028
NOKIA ARGENTINA S.A.;30-69154843-7;EXPCNC E 1918/1997;BUTTY ING ENRIQUE;240;14;    ;C1001AFB;CIUDAD AUTONOMA BUENOS AIRES;CIUDAD DE BUENOS AIRES;(011  )4814-9777;30-1286;0;5308 GI/2011;12/12/2011;12/12/2014
NOKIA SOLUTIONS AND NETWORKS ARGENTINA S.A.;30-71023592-5;EXPCNC 9701/2007;CORRIENTES;420;7;    ;C1043AAR;CABA;CIUDAD DE BUENOS AIRES;(011  )4131-9500;30-2811;0;667 APN-DNLAYR#ENACOM/2025;22/09/2025;22/09/2028
NOR-K S.R.L.;30-61816309-8;EXPCNT 14765/1994;GRAL. MANUEL A. RODRIGUEZ;1817;          ;    ;C1416CMO;CIUDAD DE BUENOS AIRES;CAPITAL FEDERAL;(011  )4584-6044;30-1679;02-504;441 GI/2008;30/01/2008;30/01/2011
NORDENWAGEN S.A.;30-64920153-2;EXPCNC 6669/2006;CORRIENTES;531;9;    ;C1043AAF;CIUDAD AUTONOMA BUENOS AIRES;CIUDAD DE BUENOS AIRES;(011  )5238-6060;30-2930;0;4326 APN-DNAYRT#ENACOM/2024;06/05/2024;06/05/2027
NORDENWAGEN S.A.;30-64920153-2;EXPCNC 6669/2006;MELO CARLOS FRANCISCO;689;          ;    ;B1638CHA;VICENTE LOPEZ;BUENOS AIRES;(011  )4795-9786;30-2930;0;4326 APN-DNAYRT#ENACOM/2024;06/05/2024;06/05/2027
NOROGHI S.A.;30-71361250-9;EXPAFTIC 2248/2015;TALCAHUANO;718;4;A   ;1013;CABA;CIUDAD DE BUENOS AIRES;(011  )4409-8888;30-2119;0;285 DINAPTIC/2015;15/09/2015;15/09/2018
NORTECOM S.R.L.;30-60090977-7;;SAENZ PEÑA;1622;          ;    ;B1650KVF;VILLA MAIPU;BUENOS AIRES;(011  )4752-1988;30-622;02-284;4170 SU/1988;23/08/1988;23/08/1991
NORTECOM S.R.L.;30-60090977-7;;VER EL EXPTE.;1;          ;    ;1001;CIUDAD DE BUENOS AIRES;CAPITAL FEDERAL;;30-622;02-284;4170 SU/1988;23/08/1988;23/08/1991
NORTEL NETWORKS DE ARGENTINA S.A.;30-67783045-6;EXPCNC E 6714/1998;BOUCHARD HIPOLITO;557;17;    ;C1106ABG;CIUDAD AUTONOMA BUENOS AIRES;CIUDAD DE BUENOS AIRES;(011  )5550-7200;30-1319;0;2178 GI/2007;22/05/2007;22/05/2010
NORTH SYSTEM S.R.L.;30-71068314-6;EXPENACOM 271/2016;GORRITI;6046;4;OF 4;1414;CABA;CIUDAD DE BUENOS AIRES;(011  )5870-5475;30-2164;0;1277 ENACOM/2016;13/04/2016;13/04/2019
NOVACOM S.A.;30-68626842-6;EXPCNT E 33247/1996;AVDA. JUJUY;84;4;    ;C1083AAN;CIUDAD DE BUENOS AIRES;CAPITAL FEDERAL;(011  )4866-2020;30-1275;0;2500 GI/1996;13/08/1996;13/08/1999
NOVATECH SOLUTIONS S.A.;33-70901429-9;EXPCNC 8249/2010;USPALLATA;2770;          ;    ;C1437JCD;CABA;CIUDAD DE BUENOS AIRES;(011  )4941-2163;30-2992;0;416 APN-DNAYRT#ENACOM/2025;28/02/2025;28/02/2028
NRD COMUNICACIONES S.A.;33-61335457-9;;BLAS PASCAL;147;          ;    ;B1611IIC;DON TORCUATO;BUENOS AIRES;(011  )4727-0025;30-854;02-390;4101 SU/1987;16/06/1987;16/06/1990
NRD COMUNICACIONES S.A.;33-61335457-9;;VER EL EXPTE.;1;          ;    ;1001;CIUDAD DE BUENOS AIRES;CAPITAL FEDERAL;;30-854;02-390;4101 SU/1987;16/06/1987;16/06/1990
NTZ ELECTRONICS S.R.L.;30-71478979-8;EXPENACOM 3879/2016;F.D. ROOSVELT;3343;2;    ;1430;CABA;CIUDAD DE BUENOS AIRES;(011  )4871-5929;30-2187;0;3125 ENACOM/2016;20/05/2016;20/05/2019
NYSSA S.R.L.;30-67671072-4;EXPCNC 2392/2012;BERMUDEZ CAP JUSTO GERMAN;4358;          ;    ;B1605DIF;MUNRO;BUENOS AIRES;(011  )4756-6718;30-1862;0;1041 GI/2012;13/04/2012;13/04/2015
NYSSA S.R.L.;30-67671072-4;EXPCNC 2392/2012;BILLINGHURST;1796;11;B   ;C1425DTJ;CIUDAD AUTONOMA BUENOS AIRES;CIUDAD DE BUENOS AIRES;(011  )4756-6718;30-1862;0;1041 GI/2012;13/04/2012;13/04/2015
O.M. SYSTEMS S.R.L.;30-64273813-1;EXPCNC 5186/2005;AVENIDA INDEPENDENCIA;2029;          ;    ;C1225AAC;CIUDAD DE BUENOS AIRES;CAPITAL FEDERAL;(011  )4308-5102;30-1246;0;3709 GI/2005;14/09/2005;14/09/2008
OCCHI, LUIS;20-15237106-4;;BESTOSO;559;          ;    ;7600;MAR DEL PLATA;BUENOS AIRES;(0223 )4650-0190;0;02-465;314 CN/1993;23/12/1993;23/12/1996
OFFICENET S.A.;33-69214822-9;EXPCNC 708/2008;VIEYTES JUAN HIPOLITO;1690;          ;    ;C1275AGR;CIUDAD AUTONOMA BUENOS AIRES;CIUDAD DE BUENOS AIRES;(011  )4136-6666;30-1684;0;1070 GI/2008;28/03/2008;28/03/2011
OFISER S.A.;30-60166818-8;EXPCNT 2454/1991;AVDA. CORDOBA;456;3;A   ;C1054AAQ;CIUDAD DE BUENOS AIRES;CAPITAL FEDERAL;(011  )4312-0311;30-1045;0;225 CN/1991;24/05/1991;24/05/1994
OHPIC S.A.;30-71625104-3;EX- -APN-REYS#ENACOM 93643138/2024;LIBERTADOR;6570;7;B   ;1428;CABA;CIUDAD DE BUENOS AIRES;(011  )6250-0579;30-2965;0;10684 APN-DNAYRT#ENACOM/2024;30/09/2024;30/09/2027
OKI BR ARGENTINA S.A.;30-71023561-5;EXPCNC 8952/2007;ESMERALDA;715;3;A   ;C1007ABG;CABA;CIUDAD DE BUENOS AIRES;(011  )5239-0060;30-2210;0;4874 ENACOM/2016;06/07/2016;06/07/2019
OLICART S.A.;30-65479739-7;EXPCNC 7867/2004;MEXICO;871;2;    ;C1097AAQ;CIUDAD DE BUENOS AIRES;CAPITAL FEDERAL;(011  )4342-7988;30-1502;0;3880 GI/2004;18/11/2004;18/11/2007
OLIVETTI ARGENTINA S.A.C.I.;30-52538517-1;;SUIPACHA;1109;9;    ;C1008AAW;CIUDAD AUTONOMA BUENOS AIRES;CIUDAD DE BUENOS AIRES;(011  )4515-4048;30-653;0;3283 CN/1993;29/06/1993;29/06/1996
OLS ARGENTINA S.A.;30-69795880-7;EXPCNC E 9060/1998;MONTEVIDEO;595;4;C   ;C1019ABK;CIUDAD DE BUENOS AIRES;CAPITAL FEDERAL;(011  )4374-1002;30-1224;0;3662 GI/2002;10/09/2002;10/09/2005
OMBUMED S.A.;30-71688175-6;EX- -APN-REYS#ENACOM 93407384/2022;HUASARES;2255;7;3;1428;CABA;CIUDAD DE BUENOS AIRES;;30-2829;0;6166 APN-DNAYRT#ENACOM/2022;13/10/2022;13/10/2025
OMEGA ELECTRONICA S.A.;33-54057441-9;;AMBROSETTI JUAN BAUTISTA;491;6;    ;C1405BIE;CIUDAD AUTONOMA BUENOS AIRES;CIUDAD DE BUENOS AIRES;;30-747;0;4081 SU/1986;05/05/1986;05/05/1989
OMNISAT S.A.;30-69330140-4;EXPCNC E 15687/1998;BRASIL;731;          ;    ;1154;CIUDAD DE BUENOS AIRES;CIUDAD DE BUENOS AIRES;(011  )4309-2004;30-1336;0;217 GI/1999;22/01/1999;22/01/2002
OMNISAT S.A.;30-69330140-4;EXPCNC E 15687/1998;BRASIL;731;          ;    ;C1154AAK;CIUDAD AUTONOMA BUENOS AIRES;CIUDAD DE BUENOS AIRES;;30-1336;0;217 GI/1999;22/01/1999;22/01/2002
OMNITRACS S.A.;30-69231917-2;EXPCNC E 11020/1998;BELGRANO;3294;          ;    ;1611;DON TORCUATO;BUENOS AIRES;(011  )9999-9999;30-2067;0;635 GI/2015;05/03/2015;05/03/2018
OMNITRACS S.A.;30-69231917-2;EXPCNC E 11020/1998;CORRIENTES;345;          ;    ;C1043AAD;CABA;CIUDAD DE BUENOS AIRES;(011  )9999-9999;30-2067;0;635 GI/2015;05/03/2015;05/03/2018
OMNITRONIC SOCIEDAD ANONIMA;30-65502325-5;EXPENACOM 2348/2016;11 DE SEPTIEMBRE;2633;10;1;1428;CABA;CIUDAD DE BUENOS AIRES;;30-2180;0;2034 ENACOM/2016;29/04/2016;29/04/2019
OMNITRONIC SOCIEDAD ANONIMA;30-65502325-5;EXPENACOM 2348/2016;GRAL. JOSE DE SAN MARTIN SUR;36;1;    ;M5501ACN;GODOY CRUZ;MENDOZA;(0261 )422 -0359;30-2180;0;2034 ENACOM/2016;29/04/2016;29/04/2019
OMRON ELECTRONICS LLC. SUCURSAL ARGENTIN;30-69728776-7;EX- -APN-REYS#ENACOM 119155732/2025;SAN MARTIN;140;18;    ;1004;CABA;CIUDAD DE BUENOS AIRES;(011  )5365-8355;30-3050;0;3288 APN-DNLAYR#ENACOM/2025;07/11/2025;07/11/2028
OMT S.R.L.;30-71517110-0;EXPENACOM 6595/2016;AVDA. CORRIENTES;2143;4°        ;D   ;C1045AAD;CABA;CIUDAD DE BUENOS AIRES;(011  )4952-2409;30-2836;0;2515 APN-DNLAYR#ENACOM/2025;29/10/2025;29/10/2028
OMT S.R.L.;30-71517110-0;EXPENACOM 6595/2016;URUGUAY;467;          ;    ;U9020CSI;SARMIENTO;CHUBUT;(0297 )418 -1666;30-2836;0;2515 APN-DNLAYR#ENACOM/2025;29/10/2025;29/10/2028
ONITY S.A.;30-70758489-7;EXPENACOM 4801/2016;CARLOS PELEGRINI;961;3;    ;C1009ABS;CABA;CIUDAD DE BUENOS AIRES;(011  )4309-9500;30-2222;0;6596 -E-APN-ENACOM#MCO/2016;02/09/2016;02/09/2019
OPTIVOZ S.A.;30-70851598-8;EXPCNC 4249/2008;AMENABAR JOSE DE;23;          ;    ;C1426AIA;CIUDAD AUTONOMA BUENOS AIRES;CIUDAD DE BUENOS AIRES;;30-1696;0;1986 GI/2008;03/06/2008;03/06/2011
OPTIVOZ S.A.;30-70851598-8;EXPCNC 4249/2008;TUCUMAN;540;10;B   ;C1049AAL;CIUDAD AUTONOMA BUENOS AIRES;CIUDAD DE BUENOS AIRES;(011  )5022-8435;30-1696;0;1986 GI/2008;03/06/2008;03/06/2011
OPTYTEK S.R.L.;30-71624603-1;EX- -APN-REYS#ENACOM 60777389/2024;JORGE LUIS BORGUES;489;          ;    ;5151;LA CALERA;CORDOBA;(0351 )272 -3174;30-2953;0;6979 APN-REYS#ENACOM/2024;26/07/2024;26/07/2027
ORBCOMM DE ARGENTINA S.A.;30-71087113-9;EX- -APN-SDYME#ENACOM 26548797/2018;ELPIDIO GONZALEZ;2706;6;B   ;1416;CIUDAD DE BUENOS AIRES;CIUDAD DE BUENOS AIRES;;30-3124;0;1918 APN-DNAYRT#ENACOM/2022;31/03/2022;31/03/2025
ORBITH S.A.;30-71553907-8;EX- -APN-SDYME#ENACOM 36049100/2018;ARISTOBULO DEL VALLE;1257;1;    ;C1295ADE;CABA;CIUDAD DE BUENOS AIRES;(011  )3656-1100;30-2767;0;129 APN-DNAYRT#ENACOM/2022;07/02/2022;07/02/2025
ORICA ARGENTINA S.A.I.C.;30-68624174-9;EXPCNC 288/2008;25 DE MAYO;749;1;3;C1002ABO;CIUDAD AUTONOMA BUENOS AIRES;CIUDAD DE BUENOS AIRES;;30-1685;0;1665 GI/2011;20/05/2011;20/05/2014
ORUX S.A.;30-70887966-1;EXPCNC 930/2005;AVDA. BERNARDINO RIVADAVIA;3238;3;A   ;C1203AAR;CIUDAD DE BUENOS AIRES;CAPITAL FEDERAL;(011  )4773-1452;30-1514;0;997 GI/2005;28/02/2005;28/02/2008
ORVA ELECTRONICA S.R.L.;00-00002388-0;;JOSE BONIFACIO;2445;          ;    ;1406;CIUDAD DE BUENOS AIRES;CAPITAL FEDERAL;;30-814;02-371;4205 SU/1986;28/10/1986;28/10/1989
OSRAM S.A.;30-71519761-4;EX- -APN-SDYME#ENACOM 29295855/2017;FONDO DE LA LEGUA;1044;2;C   ;1640;MARTINEZ;BUENOS AIRES;(011  )5808-4656;30-2412;0;1344 APN-DNAYRT#ENACOM/2018;13/03/2018;13/03/2021
OSRAM S.A.;30-71519761-4;EX- -APN-SDYME#ENACOM 29295855/2017;LAVALLE;1473;3;301;C1048AAI;CABA;CIUDAD DE BUENOS AIRES;;30-2412;0;1344 APN-DNAYRT#ENACOM/2018;13/03/2018;13/03/2021
OTIS (ARGENTINA) S.A.;30-51696072-4;EX- -APN-REYS#ENACOM 73218356/2020;LUJAN;2902;PB        ;    ;C1294ACL;CABA;CIUDAD DE BUENOS AIRES;(011  )6274-8430;30-2661;0;4506 APN-DNAYRT#ENACOM/2020;11/11/2020;11/11/2023
OTTO BOCK ARGENTINA S.A.;30-70708019-8;EX- -APN-REYS#ENACOM 51845255/2023;ADOLFO ALSINA;1746;          ;    ;1088;CABA;CIUDAD DE BUENOS AIRES;(011  )5368-6362;30-2865;02-645;4894 -APN-DNAYRT#ENACOM/2023;19/05/2023;19/05/2026
PADTEC S.A.;30-71066796-5;EXPCNC 4028/2010;MOREAU DE JUSTO ALICIA;1848;1;1;C1107AFL;CIUDAD AUTONOMA BUENOS AIRES;CIUDAD DE BUENOS AIRES;(011  )5272-2010;30-1948;0;3983 GI/2013;08/10/2013;08/10/2016
PAMPA SERVICES S.R.L.;30-71536026-4;EX- -APN-SDYME#ENACOM 5870786/2018;LA PAMPA;2075;18;B   ;1428;CABA;CIUDAD DE BUENOS AIRES;(011  )3045-3045;30-2884;0;6972 APN-DNAYRT#ENACOM/2023;29/08/2023;01/01/2099
PANASONIC ARGENTINA S.A.;30-61380181-9;EXPCNC E 2582/1998;MANUEL GARCIA;352;          ;    ;1284;CIUDAD DE BUENOS AIRES;CAPITAL FEDERAL;(011  )4308-1610;30-1002;0;1739 GI/1998;06/04/1998;06/04/2001
PANASONIC DO BRASIL LIMITADA SUCURSAL ARGENTINA;30-70829025-0;EXPCNC 2988/2003;MANUEL GARCIA;352;          ;    ;C1284ACH;CABA;CIUDAD DE BUENOS AIRES;(011  )4122-7200;30-2454;02-579;5061 APN-DNAYRT#ENACOM/2018;17/09/2018;17/09/2021
PANTECH ARGENTINA S.A.;30-70934322-6;EXPCNC 7848/2005;CHACABUCO BAT DE;361;5;E   ;C1069AAG;CIUDAD AUTONOMA BUENOS AIRES;CIUDAD DE BUENOS AIRES;(011  )4342-1230;30-1548;0;4176 GI/2005;21/10/2005;21/10/2008
PARALLEL S.A.;30-57921525-5;EXPCNC 6173/2009;CORRIENTES;316;1;151;C1043AAQ;CIUDAD AUTONOMA BUENOS AIRES;CIUDAD DE BUENOS AIRES;(011  )4732-3232;30-1744;0;2620 GI/2009;27/07/2009;27/07/2012
PARALLEL S.A.;30-57921525-5;EXPCNC 6173/2009;DEL LIBERTADOR;15400;          ;    ;B1642CKN;SAN ISIDRO;BUENOS AIRES;(011  )4732-3232;30-1744;0;2620 GI/2009;27/07/2009;27/07/2012
PARKER HANNIFIN ARGENTINA SOCIEDAD ANONIMA INDUSTRIAL Y COMERCIAL;30-51649014-0;EX- -APN-SDYME#ENACOM 103689635/2019;JORGE STEPHESON;2711;          ;    ;1667;TORTUGUITAS;BUENOS AIRES;(03327)44  -4129;30-2564;0;12537 APN-DNAYRT#ENACOM/2019;12/12/2019;12/12/2022
PARKER HANNIFIN ARGENTINA SOCIEDAD ANONIMA INDUSTRIAL Y COMERCIAL;30-51649014-0;EX- -APN-SDYME#ENACOM 103689635/2019;TUCUMAN;1;4;    ;1049;CABA;CIUDAD DE BUENOS AIRES;(011  )4379-6800;30-2564;0;12537 APN-DNAYRT#ENACOM/2019;12/12/2019;12/12/2022
PASETTO, ALDO JORGE ROBERTO;20-06012691-8;;GORRITI;7101;          ;    ;S2007BRO;ROSARIO;SANTA FE;(0341 )457 -2420;30-1099;0;426 CN/1991;29/08/1991;29/08/1994
PAYWAY S.A.U.;30-71766440-6;EX- -APN-AASYST#ENACOM 986512/2026;LAVARDEN;247;          ;    ;1437;CABA;CIUDAD DE BUENOS AIRES;(011  )6695-1234;30-3066;0;932 APN-DNLAYR#ENACOM/2026;12/01/2026;12/01/2029
PC 14 SILICIA S.R.L.;30-71708346-2;EX- -APN-AASYST#ENACOM 9832022/2026;BENITO JUAREZ;5415;          ;    ;1650;VILLA LINCH;BUENOS AIRES;(011  )5465-7823;30-3073;0;5064 APN-DNLAYR#ENACOM/2026;26/02/2025;
PC-ARTS ARGENTINA S.A.;30-70860230-9;EXPCNC 7974/2008;TUCUMAN;2163;          ;    ;1050;CABA;CIUDAD DE BUENOS AIRES;(011  )5634-8175;30-3009;02-678;2639 APN-DNAYRT#ENACOM/2025;16/07/2025;16/07/2028
PC-ARTS ARGENTINA S.A.;30-70860230-9;EXPCNC 7974/2008;VIRREY DEL PINO;2458;8°        ;B   ;C1426EGR;CABA;CIUDAD DE BUENOS AIRES;(011  )3699-7102;30-3009;02-678;2639 APN-DNAYRT#ENACOM/2025;16/07/2025;16/07/2028
PEPPERL+FUCHS ARGENTINA S.R.L.;30-71068308-1;EX- -APN-SDYME#ENACOM 17830388/2017;MAIPU;267;13°       ;    ;1084;CABA;CIUDAD DE BUENOS AIRES;(011  )4415-9340;30-3000;0;924 APN-DNAYRT#ENACOM/2025;22/04/2025;22/04/2028
PEPPERL+FUCHS ARGENTINA S.R.L.;30-71068308-1;EX- -APN-SDYME#ENACOM 17830388/2017;PICO;1641;1º        ;B   ;1429;CABA;CIUDAD DE BUENOS AIRES;(011  )4843-7475;30-3000;0;924 APN-DNAYRT#ENACOM/2025;22/04/2025;22/04/2028
PERFORMANCE SPECIALTY PRODUCTS ARGENTINA S.A.U.;30-71554744-5;EX- -APN-SDYME#ENACOM 21162773/2019;BUTTY ENRIQUE ING.;240;11°       ;    ;1001;CABA;CIUDAD DE BUENOS AIRES;(011  )4429-1596;30-2510;0;5576 APN-DNAYRT#ENACOM/2019;29/04/2019;29/04/2022
PEUGEOT CITROËN ARGENTINA S.A.;30-50474453-8;EXPCNC 2491/2007;CARLOS PELLEGRINI;1023;14°       ;    ;C1009ABU;CABA;CIUDAD DE BUENOS AIRES;;30-2782;02-628;1419 APN-DNAYRT#ENACOM/2022;12/03/2022;12/03/2025
PEUGEOT CITROËN ARGENTINA S.A.;30-50474453-8;EXPCNC 2491/2007;PRESIDENTE JUAN D. PERON;1001;          ;    ;1682;VILLA BOSCH;BUENOS AIRES;(011  )4734-3271;30-2782;02-628;1419 APN-DNAYRT#ENACOM/2022;12/03/2022;12/03/2025
PFAHLER COMUNICACIONES S.A.;30-57161561-0;;SAN MARTIN;575;1;C   ;C1004AAK;CIUDAD DE BUENOS AIRES;CAPITAL FEDERAL;(011  )4322-7511;30-1009;0;21 CN/1991;11/01/1991;11/01/1994
PFIZER SOCIEDAD DE RESPONSABILIDAD LIMITADA;30-50351851-8;EX- -APN-REYS#ENACOM 87688385/2021;CARLOS BERG;3669;1º        ;    ;C1437BEM;CABA;CIUDAD DE BUENOS AIRES;(011  )2321-9650;30-2995;02-677;715 APN-DNAYRT#ENACOM/2025;10/03/2025;10/03/2028
PFIZER SOCIEDAD DE RESPONSABILIDAD LIMITADA;30-50351851-8;EX- -APN-REYS#ENACOM 87688385/2021;COLECTORA PANAMERICANA;1804;1;    ;1607;VILLA ADELINA;BUENOS AIRES;(011  )4788-7000;30-2995;02-677;715 APN-DNAYRT#ENACOM/2025;10/03/2025;10/03/2028
PHICOMS S.R.L.;30-68026642-1;EXPCNC 7885/2008;MAGARIÑOS CERVANTES ALEJANDRO;4944;          ;    ;C1407MLH;CIUDAD AUTONOMA BUENOS AIRES;CIUDAD DE BUENOS AIRES;(011  )4639-5673;30-1708;0;4586 GI/2011;31/10/2011;31/10/2014
PHILIPS ARGENTINA SOCIEDAD ANONIMA;30-50052723-0;EXPCNC E 5235/1998;VEDIA NICOLAS DE;3892;          ;    ;C1430DAL;CIUDAD AUTONOMA BUENOS AIRES;CIUDAD DE BUENOS AIRES;(011  )4546-7777;30-2602;0;7032 APN-DNLAYR#ENACOM/2026;27/04/2026;
PHILIPS DOMESTIC APPLIANCES ARGENTINA S.A.;30-71690107-2;EX- -APN-REYS#ENACOM 33079247/2022;AVDA. DEL LIBERTADOR;7208;2º        ;12;C1429BMS;CABA;CIUDAD DE BUENOS AIRES;(011  )5048-9953;30-2795;0;3321 APN-DNAYRT#ENACOM/2022;15/06/2022;15/06/2025
PHOENIX CONTACT S.A.;30-68149923-3;EXPCNC 3966/2006;CECILIA GRIERSON;255;8;    ;1107;CABA;CIUDAD DE BUENOS AIRES;;30-2654;0;4106 APN-DNAYRT#ENACOM/2020;10/10/2020;10/10/2023
PILISAR S.A.;33-70918084-9;EXPCNC 16921/2014;ROQUE PEREZ;3650;          ;    ;1430;CABA;CIUDAD DE BUENOS AIRES;(011  )4545-5100;30-2632;02-609;6204 APN-DNAYRT#ENACOM/2023;14/07/2023;14/07/2026
PINAMAR SOLEADO S.A.;30-69077229-5;;BRASIL;731;2;    ;C1154AAK;CIUDAD AUTONOMA BUENOS AIRES;CIUDAD DE BUENOS AIRES;;30-897;02-413;145 CN/1991;11/04/1991;11/04/1994
PIONEER INTERNATIONAL LATIN AMERICA S.A. SUCURSAL ARGENTINA;30-71208507-6;EXPENACOM 8663/2017;CIUDAD DE LA PAZ;1965;8;C   ;1428;CABA;CIUDAD DE BUENOS AIRES;(011  )5729-7312;30-2970;0;12624 APN-DNAYRT#ENACOM/2024;19/12/2024;19/12/2027
PIRELLI NEUMATICOS SOCIEDAD ANONIMA INDUSTRIAL Y COMERCIAL;33-50223253-9;EXPAFTIC 4671/2015;CARLOS PELLEGRINI;1265;9°        ;    ;C1009ABY;CABA;CIUDAD DE BUENOS AIRES;(011  )4489-6601;30-2142;02-555;575 DINAPTIC/2015;13/11/2015;13/11/2018
PIRELLI NEUMATICOS SOCIEDAD ANONIMA INDUSTRIAL Y COMERCIAL;33-50223253-9;EXPAFTIC 4671/2015;CERVANTES;1901;          ;    ;B1722NFO;MERLO;BUENOS AIRES;(011  )4489-6601;30-2142;02-555;575 DINAPTIC/2015;13/11/2015;13/11/2018
PISCINA NATURAL S.R.L.;30-71605740-9;EX- -APN-REYS#ENACOM 39733576/2021;12 DE OCTUBRE;4307;          ;    ;1879;QUILMES OESTE;BUENOS AIRES;(011  )3536-3802;30-2720;0;3107 APN-DNAYRT#ENACOM/2021;03/08/2021;03/08/2024
PISCINA NATURAL S.R.L.;30-71605740-9;EX- -APN-REYS#ENACOM 39733576/2021;CARLOS CALVO;3779;1;A   ;1229;CABA;CIUDAD DE BUENOS AIRES;(011  )00  -0000;30-2720;0;3107 APN-DNAYRT#ENACOM/2021;03/08/2021;03/08/2024
PIXART S.R.L.;30-70840824-3;EXPENACOM 10559/2017;INGENIERO HUERGO;1437;1;B   ;1107;CABA;CIUDAD DE BUENOS AIRES;(011  )4300-5900;30-2333;0;304 -APN-DNAYRT#ENACOM/2017;07/07/2017;17/01/2021
PLANEX S.A.;30-65998023-8;EXPCNC E 4043/1999;MADERO DOCTOR EDUARDO;1020;2;    ;C1106ACX;CABA;CIUDAD DE BUENOS AIRES;(011  )4315-3217;30-2996;0;716 APN-DNAYRT#ENACOM/2025;10/03/2025;10/03/2028
PLAZA FAN IMPORTACION Y DISTRIBUCION S.A.;30-69450040-0;EX- -APN-REYS#ENACOM 18361277/2023;CABILDO;702;11;1101;1426;CABA;CIUDAD DE BUENOS AIRES;(011  )6000-7677;30-2859;02-644;2558 -APN-DNAYRT#ENACOM/2023;22/03/2023;22/03/2026
PLW WORLD GROUP S.R.L.;30-70980446-0;EX- -APN-SDYME#ENACOM 55032545/2018;MEXICO;625;4;    ;1097;CABA;CIUDAD DE BUENOS AIRES;(011  )5252-7030;30-3029;0;621 APN-DNLAYR#ENACOM/2021;19/09/2025;19/09/2028
POLITRONICS S.A.;30-58345335-7;;CNEL. TOMAS DE ROCAMORA;4355;          ;    ;C1184ABG;CABA;CIUDAD DE BUENOS AIRES;(011  )9999-9999;30-501;02-238;48 GI/1982;01/01/1982;01/01/1985
POLYCOM TELECOMUNICACOES DO BRASIL LIMITADA;30-71049384-3;EXPCNC 5054/2010;LEANDRO N. ALEM;1110;13°       ;    ;C1001AAT;CABA;CIUDAD DE BUENOS AIRES;;30-2316;0;7587 APN-DNAYRT#ENACOM/2023;02/10/2023;02/10/2026
POLYTECH S.A.;33-64335874-9;EXPCNC 8536/2007;VIDAL CELESTINO;3850;          ;    ;C1429AHT;CIUDAD AUTONOMA BUENOS AIRES;CIUDAD DE BUENOS AIRES;(011  )4701-6220;30-1664;0;4728 GI/2007;16/10/2007;16/10/2010
POP CARGO S.R.L.;30-71588179-5;EX- -APN-SDYME#ENACOM 10108824/2020;PERU;367;12°       ;B   ;C1067AAG;CABA;CIUDAD DE BUENOS AIRES;(011  )5256-5230;30-2600;0;1354 APN-DNAYRT#ENACOM/2020;03/03/2020;03/03/2023
POSITIVO ARGENTINA S.R.L.;30-71573274-9;EX- -APN-SDYME#ENACOM 54047734/2019;GURRUCHAGA;830;5;    ;1414;CABA;CIUDAD DE BUENOS AIRES;(011  )4129-8811;30-2894;0;9755 APN-DNAYRT#ENACOM/2023;13/11/2023;13/11/2026
POSNET S.R.L.;30-62017749-7;EX- -APN-SDYME#ENACOM 21195343/2018;PERU;143;8;    ;C1067AAC;CIUDAD AUTONOMA BUENOS AIRES;CIUDAD DE BUENOS AIRES;(011  )4340-9800;30-3015;0;2632 APN-DNAYRT#ENACOM/2025;16/07/2025;16/07/2028
POSTHAC S.A.;30-70844708-7;EXPCNC 9730/2005;MAZA;1225;          ;    ;C1240ADA;CIUDAD DE BUENOS AIRES;CAPITAL FEDERAL;(011  )4931-6555;30-1556;0;4795 GI/2005;13/12/2005;13/12/2008
POSWARE SOLUTIONS GROUP S.R.L.;30-70856625-6;EXPCNC 4393/2004;MOREAU DE JUSTO ALICIA;740;1;19;C1107AAP;CIUDAD AUTONOMA BUENOS AIRES;CIUDAD DE BUENOS AIRES;(011  )4342-0066;30-1489;0;2422 GI/2004;20/07/2004;20/07/2007
POTENCO S.A.;30-71474460-3;EXPENACOM 6022/2017;MARCELO TORCUATO DE ALVEAR;1308;21;    ;C1058AAV;CABA;CIUDAD DE BUENOS AIRES;(011  )6091-8780;30-2305;0;87 -APN-DNAYRT#ENACOM/2017;21/04/2017;17/01/2021
POUYET ARGENTINA S.A.;30-66304333-8;EXPCNC E 3339/1997;LAVARDEN;143;          ;    ;C1437FBC;CIUDAD DE BUENOS AIRES;CAPITAL FEDERAL;(011  )4911-4664;30-1290;0;1020 GI/1997;02/06/1997;02/06/2000
POWERMETER S.A.S.;33-71597310-9;EX- -APN-REYS#ENACOM 74652113/2022;NEUQUEN;687;4;12;1405;CABA;CIUDAD DE BUENOS AIRES;(011  )6137-0947;30-2821;02-636;4675 APN-DNAYRT#ENACOM/2022;30/08/2022;30/08/2025
POYRY INFRA S.A.;30-70545159-8;;CARACAS;1634;          ;    ;1640;MARTINEZ;BUENOS AIRES;;30-896;02-412;4047 SU/1988;29/02/1988;28/02/1991
PREVENT GAS S.A.;33-71426914-9;EX- -APN-REYS#ENACOM 94609966/2025;SENILLOSA;1229;          ;    ;1424;CABA;CIUDAD DE BUENOS AIRES;(011  )4922-3804;30-3044;0;1007 APN-DNLAYR#ENACOM/2025;02/10/2025;02/10/2028
PRIMER OPERADOR PRIVADO INDEPENDIENTE ARGENTINA S.A.;30-69129692-6;EXPCNC 613/2002;JOSE ANTONIO CABRERA;5329;1;    ;C1414BGW;CABA;CIUDAD DE BUENOS AIRES;;30-1417;0;4128 GI/2009;01/12/2009;01/12/2012
PRIMER OPERADOR PRIVADO INDEPENDIENTE ARGENTINA S.A.;30-69129692-6;EXPCNC 613/2002;URIARTE;1225;          ;    ;C1414DAI;CIUDAD AUTONOMA BUENOS AIRES;CIUDAD DE BUENOS AIRES;;30-1417;0;4128 GI/2009;01/12/2009;01/12/2012
PRIMERA RED INTERACTIVA DE MEDIOS ARGENTINOS (PRIMA) S.A.;33-68211565-9;EXPCNC 7323/2006;HORNOS GRAL;690;          ;    ;C1272ACL;CIUDAD AUTONOMA BUENOS AIRES;CIUDAD DE BUENOS AIRES;;30-2223;0;6596 -E-APN-ENACOM#MCO/2016;02/09/2016;02/09/2019
PRIMERA RED INTERACTIVA DE MEDIOS ARGENTINOS (PRIMA) S.A.;33-68211565-9;EXPCNC 7323/2006;MANSO JUANA;205;1;    ;C1107CBE;CIUDAD AUTONOMA BUENOS AIRES;CIUDAD DE BUENOS AIRES;;30-2223;0;6596 -E-APN-ENACOM#MCO/2016;02/09/2016;02/09/2019
PRIMOR DISTRIBUCIONES S.R.L.;30-71631286-7;EX- -APN-ALYAT#ENACOM 16183030/2026;SAN LORENZO;3298;          ;    ;1826;REMEDIOS DE ESCALADA;BUENOS AIRES;(011  )3319-6413;30-3079;0;6609 APN-DNLAYR#ENACOM/2026;14/04/2026;
PRIMOR DISTRIBUCIONES S.R.L.;30-71631286-7;EX- -APN-ALYAT#ENACOM 16183030/2026;TACUARI;237;          ;    ;1071;CABA;CIUDAD DE BUENOS AIRES;(011  )2172-4007;30-3079;0;6609 APN-DNLAYR#ENACOM/2026;14/04/2026;
PROCESSING DATA ARGENTINA S.A.;30-71194283-8;EX- -APN-REYS#ENACOM 133382351/2025;MAIPU;255;          ;    ;1414;CABA;CIUDAD DE BUENOS AIRES;(011  )4328-3995;30-3060;0;5988 APN-DNLAYR#ENACOM/2025;17/12/2025;17/12/2028
PROD S.A.;30-70700309-6;EXPCNC 1038/2006;ROOSEVELT FRANKLIN D;5322;3;A   ;C1431BZL;CIUDAD AUTONOMA BUENOS AIRES;CIUDAD DE BUENOS AIRES;;30-1564;0;1073 GI/06;27/03/2006;27/03/2009
PRODUCIR INTEGRAL S.A.;30-71224270-8;EX- -APN-REYS#ENACOM 128795376/2025;MOREAU DE JUSTO ALICIA;1930;4;405;1107;CABA;CIUDAD DE BUENOS AIRES;(011  )3650-2158;30-3056;0;4498 -APN-DNLAYR#ENACOM/2025;02/12/2025;02/12/2028
PRODUCTOS ROCHE SOCIEDAD ANONIMA QUIMICA E INDUSTRIAL;30-52744428-0;EXPCNC 4814/2009;AVDA. LEANDRO N. ALEM;986;10°       ;    ;C1001AAR;CABA;CIUDAD DE BUENOS AIRES;;30-2641;0;7387 APN-DNAYRT#ENACOM/2023;05/09/2023;05/09/2026
PRODUCTOS ROCHE SOCIEDAD ANONIMA QUIMICA E INDUSTRIAL;30-52744428-0;EXPCNC 4814/2009;RAWSON;3150;          ;    ;B1610BAL;RICARDO ROJAS;BUENOS AIRES;(011  )5129-8374;30-2641;0;7387 APN-DNAYRT#ENACOM/2023;05/09/2023;05/09/2026
PROGEU ACCESORIOS DE PISCINAS S.R.L.;30-71192111-3;EXPENACOM 14501/2016;AZOPARDO;477;1;1;C1107ADE;CABA;CIUDAD DE BUENOS AIRES;(011  )4150-9395;30-2270;0;9422 -E-APN-ENACOM#MCO/2016;22/12/2016;22/12/2019
PROGEU ACCESORIOS DE PISCINAS S.R.L.;30-71192111-3;EXPENACOM 14501/2016;RUTA PROVINCIAL 40;KM 94,5;          ;    ;6605;NAVARRO;BUENOS AIRES;(011  )4150-9395;30-2270;0;9422 -E-APN-ENACOM#MCO/2016;22/12/2016;22/12/2019
PROMAX S.R.L.;30-61553068-5;;VIEDMA;712;PB        ;    ;X5016CMP;CORDOBA;CORDOBA;;30-909;02-419;4003 CN/1992;29/10/1992;29/10/1995
PROPATO HERMANOS S.A.I.C.;30-55425869-3;EX- -APN-REYS#ENACOM 18113321/2020;LARREA;1381;          ;    ;C1117ABK;CABA;CIUDAD DE BUENOS AIRES;(011  )5556-8800;30-2622;0;2602 APN-DNAYRT#ENACOM/2020;20/06/2020;20/06/2023
PROPATO HERMANOS S.A.I.C.;30-55425869-3;EX- -APN-REYS#ENACOM 18113321/2020;RODRIGUEZ PEÑA;2169;          ;    ;1676;SANTOS LUGARES;BUENOS AIRES;(011  )5556-8800;30-2622;0;2602 APN-DNAYRT#ENACOM/2020;20/06/2020;20/06/2023
PROSEGUR ACTIVA ARGENTINA S.A.;30-70977656-4;EX- -APN-REYS#ENACOM 47562635/2021;TRES ARROYOS;2835;          ;    ;C1416DDU;CABA;CIUDAD DE BUENOS AIRES;(011  )4430-0109;30-2716;0;7318 APN-DNAYRT#ENACOM/2024;06/08/2024;06/08/2027
PROTEK SEGURIDAD ELECTRONICA GLOBAL S.A.;30-69919130-9;EXPCNC E 6843/2000;BACACAY;2870;          ;    ;C1406GDZ;CIUDAD DE BUENOS AIRES;CAPITAL FEDERAL;(011  )4637-1444;0;02-374;9685 GI/2000;01/09/2000;01/09/2003
PROWAY S.A.;30-67771451-0;EXPCNC E 7538/1998;ROSETI CNEL MANUEL;1620;          ;    ;C1427BWH;CIUDAD AUTONOMA BUENOS AIRES;CIUDAD DE BUENOS AIRES;(011  )4555-3666;30-1322;0;3098 GI/1998;30/07/1998;30/07/2001
PROYECCIONES DIGITALES S.A.;30-68728975-3;EXPCNC 5127/2010;CORRIENTES;1386;11;1102;C1043ABN;CIUDAD AUTONOMA BUENOS AIRES;CIUDAD DE BUENOS AIRES;(011  )5353-1110;30-1932;0;2911 GI/2013;12/08/2013;12/08/2016
PROYESCO S.A.;30-61137374-7;EX- -APN-SDYME#ENACOM 21423898/2019;AVDA. BELGRANO;1680;PB        ;B   ;C1093AAR;CABA;CIUDAD DE BUENOS AIRES;(011  )4313-8094;30-2509;0;5577 APN-DNAYRT#ENACOM/2019;29/04/2019;29/04/2022
PSIAR S.A.;30-66319469-7;EXPCNC E 11773/1999;AVENIDA DE MAYO;963;3;9;C1084AAE;CIUDAD DE BUENOS AIRES;CAPITAL FEDERAL;(011  )4345-2351;30-1353;0;4641 GI/1999;15/10/1999;15/10/2002
PST ELETRONICA LTDA.;30-70200395-0;EXPCNC 10823/2013;CORONEL CETZ;166;          ;    ;B1642AGD;SAN ISIDRO;BUENOS AIRES;(011  )4700-0051;30-2569;0;5769 APN-DNLAYR#ENACOM/2025;16/12/2025;16/12/2028
PST ELETRONICA LTDA.;30-70200395-0;EXPCNC 10823/2013;LAMARCA EMILIO;4678;PB        ;    ;C1419ASJ;CABA;CIUDAD DE BUENOS AIRES;;30-2569;0;5769 APN-DNLAYR#ENACOM/2025;16/12/2025;16/12/2028
Q.B. S.A.;30-67794711-6;;PIEDRAS;575;1;I   ;C1070AAK;CIUDAD DE BUENOS AIRES;CAPITAL FEDERAL;;30-1049;0;225 CN/1991;24/05/1991;24/05/1994
QISUR LED S.R.L.;30-71577478-6;EX- -APN-REYS#ENACOM 40299017/2024;BOGOTA;985;1;101;1640;MARTINEZ;BUENOS AIRES;(011  )6474-0120;30-2934;02-663;4328 APN-DNAYRT#ENACOM/2024;06/05/2024;06/05/2027
QMAX S.R.L.;33-70824884-9;EXPCNC 2221/2008;SILVINO OLIVIERI;235;          ;    ;C1407AZC;CABA;CIUDAD DE BUENOS AIRES;(011  )4671-5353;30-2405;02-588;933 APN-DNAYRT#ENACOM/2020;24/01/2020;24/01/2023
QUANTUM TECNOLOGIA S.A.;30-70867697-3;EXPCNC 6925/2012;LAVARDEN;145;PB        ;    ;C1437FBC;CABA;CIUDAD DE BUENOS AIRES;(011  )5253-8025;30-2202;0;4307 ENACOM/2016;21/06/2016;21/06/2019
QUONON S.R.L.;30-61228380-6;;LAVOISIER;3536;          ;    ;C1431DTL;CIUDAD DE BUENOS AIRES;CAPITAL FEDERAL;(011  )4572-6832;30-1192;0;5236 CN/1993;30/09/1993;30/09/1996
RACKLATINA S.A.;30-67969632-3;EXPCNC 7338/2005;GAONA;2682;          ;    ;B1746DAR;FRANCISCO ALVAREZ;BUENOS AIRES;;30-1546;0;1715 GI/2009;15/10/2012;15/10/2015
RACKLATINA S.A.;30-67969632-3;EXPCNC 7338/2005;YRIGOYEN PRESIDENTE HIPOLITO;615;4;A   ;C1086AAI;CIUDAD AUTONOMA BUENOS AIRES;CIUDAD DE BUENOS AIRES;(011  )4342-2662;30-1546;0;1715 GI/2009;15/10/2012;15/10/2015
RADIO AVISO S.A.;30-59096645-9;;LIBERTAD;1796;          ;    ;X5004FEL;CORDOBA;CORDOBA;(0351 )4478-9704;30-1151;0;709 CN/1991;30/11/1991;30/11/1994
RADIO AVISO S.A.;30-59096645-9;;VIRREY NICOLAS ANTONIO ARREDONDO;2310;4;9;C1426DZD;CIUDAD AUTONOMA BUENOS AIRES;CIUDAD DE BUENOS AIRES;;30-1151;0;709 CN/1991;30/11/1991;30/11/1994
RADIO EXPRESS S.A.;30-68302496-8;EXPCNC E 10519/1998;TUCUMAN;540;25;E   ;C1049AAL;CIUDAD AUTONOMA BUENOS AIRES;CIUDAD DE BUENOS AIRES;(011  )4327-4555;30-1324;0;3628 GI/1998;11/09/1998;11/09/2001
RADIO LLAMADA S.A.C.I.;30-54380000-3;EXPCNT E 28080/1996;CORRIENTES;1965;13;E   ;C1045AAB;CIUDAD AUTONOMA BUENOS AIRES;CIUDAD DE BUENOS AIRES;;30-678;0;761 GI/1996;28/02/1996;28/02/1999
RADIO LLAMADA S.A.C.I.;30-54380000-3;EXPCNT E 28080/1996;MOREAU DE JUSTO ALICIA;1848;2;33;C1107AFL;CIUDAD AUTONOMA BUENOS AIRES;CIUDAD DE BUENOS AIRES;(011  )4313-2708;30-678;0;761 GI/1996;28/02/1996;28/02/1999
RADIO VICTORIA ARGENTINA S.A.;30-58481198-2;EXPCNC 5607/2005;COMBATE DE MONTEVIDEO;755;          ;    ;V9420DQO;RIO GRANDE;TIERRA DEL FUEGO, ANTARTIDA E ISLAS DEL ATLANTICO SUR;(011  )4863-4000;30-1531;02-641;3195 APN-DNLAYR#ENACOM/2025;06/11/2025;06/11/2028
RADIO VICTORIA ARGENTINA S.A.;30-58481198-2;EXPCNC 5607/2005;TTE. GRAL. JUAN D. PERON;2825;          ;    ;C1028AAA;CABA;CIUDAD DE BUENOS AIRES;;30-1531;02-641;3195 APN-DNLAYR#ENACOM/2025;06/11/2025;06/11/2028
RADIO VICTORIA S.A.I.C.;33-53533849-9;;PERON TTE GRAL JUAN DOMINGO;2823;          ;    ;C1198AAA;CIUDAD AUTONOMA BUENOS AIRES;CIUDAD DE BUENOS AIRES;;30-1042;0;225 CN/1991;24/05/1991;24/05/1994
RADIONET S.R.L.;33-70796374-9;EXPCNC 8580/2004;MERCEDES;166;PB        ;4;C1407AHB;CIUDAD DE BUENOS AIRES;CAPITAL FEDERAL;(011  )4636-2363;30-1506;0;440 GI/2008;30/01/2008;30/01/2011
RAICOM S.A.;30-64478447-5;EXPCNC 1302/2014;ANGEL GALLARDO;618;2;C   ;C1405DJT;CABA;CIUDAD DE BUENOS AIRES;(011  )4958-4906;30-2892;02-653;10408 -APN-DNAYRT#ENACOM/2023;24/11/2023;24/11/2026
RAIZEN ARGENTINA S.A.U.;30-50672680-4;EX- -APN-REYS#ENACOM 52940555/2021;DEL LIBERTADOR;7208;15;    ;C1429BMS;CABA;CIUDAD DE BUENOS AIRES;;30-2728;0;7436 APN-DNAYRT#ENACOM/2024;12/08/2024;12/08/2027
RAMOS, MARCOS DANIEL;20-24659066-5;EXPCNC 3413/2007;J.V. GONZALEZ;769;          ;    ;6300;SANTA ROSA;LA PAMPA;(02954)43  -2373;30-1631;0;3929 GI/2010;19/11/2010;19/11/2013
RAMOS, MARCOS DANIEL;20-24659066-5;EXPCNC 3413/2007;YRIGOYEN PRESIDENTE HIPOLITO;615;4;A   ;C1086AAI;CIUDAD AUTONOMA BUENOS AIRES;CIUDAD DE BUENOS AIRES;(011  )4342-2662;30-1631;0;3929 GI/2010;19/11/2010;19/11/2013
RANKO S.A.;30-63233179-3;EXPCNC 7708/2003;GAONA;3353;5;A   ;1406;CABA;CIUDAD DE BUENOS AIRES;;30-2173;0;2630 APN-DNAYRT#ENACOM/2025;16/07/2025;16/07/2028
RAYO ELECTRONICA S.C.A.;30-53085098-2;;BELGRANO MANUEL;990;6;    ;C1092AAW;CIUDAD AUTONOMA BUENOS AIRES;CIUDAD DE BUENOS AIRES;(011  )4334-1779;30-900;0;4047 SU/1988;29/02/1988;28/02/1991
REC TECH S.A.U.;30-71805480-6;EX- -APN-REYS#ENACOM 34733398/2024;ZAPIOLA;737;1;    ;1426;CABA;CIUDAD DE BUENOS AIRES;(011  )7894-7256;30-2929;0;4203 DNAYRT#ENACOM/2024;23/04/2024;23/04/2027
RECYCLER S.A.;30-71292480-9;EX- -APN-REYS#ENACOM 57879783/2020;25 DE MAYO;901;          ;    ;3100;PARANA;CORRIENTES;(0343 )421 -7880;30-2657;0;4427 APN-DNAYRT#ENACOM/2020;29/10/2020;29/10/2023
RECYCLER S.A.;30-71292480-9;EX- -APN-REYS#ENACOM 57879783/2020;HIPOLITO YRIGOYEN;820;2;6;1086;CABA;CIUDAD DE BUENOS AIRES;;30-2657;0;4427 APN-DNAYRT#ENACOM/2020;29/10/2020;29/10/2023
REDCOTEL S.A.;30-70907159-5;EXPCNC 10439/2005;ALSINA DOCTOR ADOLFO;971;4;    ;C1088AAA;CIUDAD AUTONOMA BUENOS AIRES;CIUDAD DE BUENOS AIRES;(011  )5917-8496;30-1560;0;809 GI/2009;11/03/2009;11/03/2012
REDES Y DISTRIBUCION S.A.;30-70790057-8;EXPCNC 2181/2005;CUBA;2777;          ;    ;C1428AES;CABA;CIUDAD DE BUENOS AIRES;(011  )4896-9801;30-2515;0;5942 APN-DNAYRT#ENACOM/2019;06/05/2019;06/05/2022
REHUE S.A.;30-71132981-8;EX- -APN-REYS#ENACOM 117768500/2024;ALBERDI;1440;          ;    ;5519;SAN JOSE;MENDOZA;;30-2969;02-672;12072 APN-DNAYRT#ENACOM/2024;22/11/2024;22/11/2027
RENAULT ARGENTINA S.A.;30-50331781-4;EXPCNC 240/2010;SANTA MARIA DE ORO FRAY JUSTO;1744;          ;    ;C1414DBB;CIUDAD AUTONOMA BUENOS AIRES;CIUDAD DE BUENOS AIRES;(011  )4778-2000;30-3042;0;950 APN-DNLAYR#ENACOM/2025;30/09/2025;30/09/2028
RENAULT TRUCKS ARGENTINA S.A.;33-66200181-9;EXPCNC 14314/2014;AVDA. CORRIENTES;327;12;    ;C1043AAD;CABA;CIUDAD DE BUENOS AIRES;(011  )9999-9999;30-2033;0;4047 GI/2014;30/10/2014;30/10/2017
RENAULT TRUCKS ARGENTINA S.A.;33-66200181-9;EXPCNC 14314/2014;COSTA RICA;5490;          ;    ;B1615GKX;GRAND BOURG;BUENOS AIRES;(03327)41  -5667;30-2033;0;4047 GI/2014;30/10/2014;30/10/2017
RENSET S.A.;30-64193122-1;;CORRIENTES;330;6;612;C1043AAQ;CIUDAD AUTONOMA BUENOS AIRES;CIUDAD DE BUENOS AIRES;;30-1184;02-462;3763 CN/1993;05/08/1993;05/08/1996
RENSET S.A.;30-64193122-1;;SARMIENTO DOMINGO FAUSTINO;246;3;    ;C1041AAF;CIUDAD AUTONOMA BUENOS AIRES;CIUDAD DE BUENOS AIRES;(011  )4331-1314;30-1184;02-462;3763 CN/1993;05/08/1993;05/08/1996
REPRESENTACIONES DE COMUNICACIONES S.A.;30-65613098-5;;AV. URUGUAY;4958;          ;    ;1609;BOULOGNE;BUENOS AIRES;(011  )4856-6775;30-1176;0;2525 CN/1993;13/05/1993;13/05/1996
RESEARCH IN MOTION ARGENTINA S.A.;30-71049373-8;EXPCNC 4865/2011;ALEM LEANDRO NICEFORO;1110;13;    ;C1001AAT;CIUDAD AUTONOMA BUENOS AIRES;CIUDAD DE BUENOS AIRES;(011  )5556-5967;30-1832;0;2514 GI/2011;27/06/2011;27/06/2014
RESPIFLOW S.A.;30-70824925-0;EX- -APN-SDYME#ENACOM 24586782/2017;CALLAO;441;17;D   ;C1022AAE;CABA;CIUDAD DE BUENOS AIRES;(011  )4374-4957;30-2383;0;1847 APN-DNAYRT#ENACOM/2017;04/12/2017;04/12/2020
RESTEL S.A.;30-66122144-1;EXPCNC E 13839/1999;LIBERTI TOMAS;1236;PB        ;B   ;C1265ABB;CIUDAD AUTONOMA BUENOS AIRES;CIUDAD DE BUENOS AIRES;(011  )5032-8682;30-1355;02-462;3682 GI/2009;27/10/2009;27/10/2012
RESTEL S.A.;30-66122144-1;EXPCNC E 13839/1999;TOMAS LIBERTI;1236;PB        ;B   ;1265;CIUDAD DE BUENOS AIRES;CIUDAD DE BUENOS AIRES;;30-1355;02-462;3682 GI/2009;27/10/2009;27/10/2012
RETAIL COMMUNICATION S.A.;30-70809619-5;EXPCNC 11553/2007;VILELA;1980;          ;    ;C1429DAB;CIUDAD AUTONOMA BUENOS AIRES;CIUDAD DE BUENOS AIRES;(011  )4701-4636;30-1677;0;85 GI/2008;14/01/2008;14/01/2011
REVILT S.A.;30-68061122-6;;AVENIDA L N ALEM ;734;9;    ;C1001AAP;CIUDAD DE BUENOS AIRES;CAPITAL FEDERAL;;30-1043;0;225 CN/1991;24/05/1991;24/05/1994
RF INNOVATION S.R.L.;30-71421173-7;EX- -APN-ALYAT#ENACOM 41172880/2026;TRIPOLI;4030;          ;    ;1419;CABA;CIUDAD DE BUENOS AIRES;(011  )5501-4049;30-3094;0;7829 APN-DNLAYR#ENACOM/2026;21/05/2026;01/01/2099
RGIS ARGENTINA SERVICIOS DE STOCK S.R.L.;30-70721677-4;EXPAFTIC 6354/2015;BERUTI;4583;3;    ;1425;CABA;CIUDAD DE BUENOS AIRES;;30-2168;0;1290 ENACOM/2016;13/04/2016;13/04/2019
RGIS ARGENTINA SERVICIOS DE STOCK S.R.L.;30-70721677-4;EXPAFTIC 6354/2015;ROSALES;2483;2;AYB ;1636;OLIVOS;BUENOS AIRES;(011  )4799-7707;30-2168;0;1290 ENACOM/2016;13/04/2016;13/04/2019
RI ARMOBAR S.A.S.;30-71658771-8;EX- -APN-ALYAT#ENACOM 59813662/2026;CARLOS PELLEGRINI;3131;          ;    ;7600;MAR DEL PLATA;BUENOS AIRES;(0223 )520 -7063;30-3118;0;8943 DNLAYR#ENACOM/2026;16/07/2026;01/01/2099
RIBEIRO SOCIEDAD ANONIMA COMERCIAL, INDUSTRIAL, FINANCIERA, AGROPECUARIA E INMOBILIARIA;30-52596685-9;EXPAFTIC 4144/2015;AVDA. CORRIENTES;4678;          ;    ;C1195AAS;CABA;CIUDAD DE BUENOS AIRES;(011  )5235-7999;30-2137;0;443 DINAPTIC/2015;27/10/2015;27/10/2018
RICOH ARGENTINA SOCIEDAD ANONIMA;30-50423158-1;EXPCNC 10417/2014;LEANDRO N. ALEM;986;10º       ;    ;C1001AAR;CABA;CIUDAD DE BUENOS AIRES;(011  )4829-1200;30-2462;0;11178 APN-DNAYRT#ENACOM/2024;16/10/2024;16/10/2027
RINGER S.A.;33-59613398-9;;CERRITO;1054;4;    ;C1010AAV;CIUDAD DE BUENOS AIRES;CAPITAL FEDERAL;(011  )4814-3483;30-855;0;21 CN/1991;11/01/1991;11/01/1994
RIVA, GUILLERMO ANDRES;20-14989413-7;;LAPRIDA;1357;          ;    ;B2942DXQ;BARADERO;BUENOS AIRES;(0332 )48  -3143;30-895;0;4047 SU/1988;29/02/1988;28/02/1991
RMI ELECTRONICA SOCIEDAD DE RESPONSABILIDAD LIMITADA;30-70821096-6;EXPCNC 6083/2006;JUAN MANUEL DE ROSAS;2969;          ;B7  ;B1655ABA;JOSE LEON SUAREZ;BUENOS AIRES;(011  )4722-1101;30-3088;0;7398 APN-DNLAYR/2026;12/05/2026;
RMI ELECTRONICA SOCIEDAD DE RESPONSABILIDAD LIMITADA;30-70821096-6;EXPCNC 6083/2006;MONTEVIDEO;566;3;A   ;1019;CABA;CIUDAD DE BUENOS AIRES;(011  )9999-9999;30-3088;0;7398 APN-DNLAYR/2026;12/05/2026;
ROBERT BOSCH ARGENTINA INDUSTRIAL S.A.;30-67742314-1;EXPCNC 5058/2015;BLANCO ENCALADA;250;          ;    ;B1642AMQ;SAN ISIDRO;BUENOS AIRES;(011  )5296-5239;30-3001;0;925 APN-DNAYRT#ENACOM/2025;22/04/2025;22/04/2028
ROBERT BOSCH ARGENTINA INDUSTRIAL S.A.;30-67742314-1;EXPCNC 5058/2015;SUIPACHA;1111;18°       ;    ;C1008AAW;CABA;CIUDAD DE BUENOS AIRES;(011  )5296-5200;30-3001;0;925 APN-DNAYRT#ENACOM/2025;22/04/2025;22/04/2028
ROBERT BOSCH ARGENTINA S.A.;30-50544501-1;EXPCNC E 6820/1998;AVDA. CORDOBA;5160;PB        ;    ;C1414BAW;CIUDAD DE BUENOS AIRES;CAPITAL FEDERAL;(011  )4754-7652;30-1321;0;4469 GI/2010;23/12/2010;23/12/2013
ROBERTO C. RUMBO S.R.L.;30-59042877-5;EX- -APN-REYS#ENACOM 19453328/2023;CONCEJAL TRIBULATO;1050;          ;    ;1663;SAN MIGUEL;BUENOS AIRES;(011  )9999-9999;30-2858;0;2168 -APN-DNAYRT#ENACOM/2023;09/03/2023;01/01/2099
ROBERTO C. RUMBO S.R.L.;30-59042877-5;EX- -APN-REYS#ENACOM 19453328/2023;LEOPOLDO LUGONES;1661;          ;    ;1611;DON TORCUATO ESTE;BUENOS AIRES;(011  )5263-7862;30-2858;0;2168 -APN-DNAYRT#ENACOM/2023;09/03/2023;01/01/2099
ROCHE DIABETES CARE ARGENTINA S.A.;30-71492133-5;EXPENACOM 13671/2016;AVDA. LEANDRO N. ALEM;986;10º       ;    ;C1001AAR;CABA;CIUDAD DE BUENOS AIRES;(011  )2574-1616;30-2919;02-657;2641 APN-DNAYRT#ENACOM/2024;13/03/2024;13/03/2027
ROCHE DIABETES CARE ARGENTINA S.A.;30-71492133-5;EXPENACOM 13671/2016;RAWSON;3150;          ;    ;B1610BAL;RICARDO ROJAS;BUENOS AIRES;(011  )5564-9390;30-2919;02-657;2641 APN-DNAYRT#ENACOM/2024;13/03/2024;13/03/2027
ROCIMEX S.R.L.;30-64265931-2;EXPCNC 3985/2011;PLUTARCO;3022;          ;    ;C1430ESB;CABA;CIUDAD DE BUENOS AIRES;(011  )4983-9239;30-1827;0;1669 GI/2011;20/05/2011;20/05/2014
ROCIMEX S.R.L.;30-64265931-2;EXPCNC 3985/2011;POTOSI;3964;          ;    ;C1199ACF;CABA;CIUDAD DE BUENOS AIRES;(011  )9999-9999;30-1827;0;1669 GI/2011;20/05/2011;20/05/2014
RODADOS DEL PLATA S.A.;30-67814963-9;EXPCNC 6338/2006;DARDO ROCHA;1654;          ;    ;B1640FSR;MARTINEZ;BUENOS AIRES;(011  )4717-0221;30-2887;0;7461 APN-DNAYRT#ENACOM/2023;18/09/2023;18/09/2026
RODADOS DEL PLATA S.A.;30-67814963-9;EXPCNC 6338/2006;URUGUAY;705;11°       ;    ;C1015ABO;CABA;CIUDAD DE BUENOS AIRES;(011  )4717-0221;30-2887;0;7461 APN-DNAYRT#ENACOM/2023;18/09/2023;18/09/2026
RODRIGUEZ, FERNANDO GABRIEL;20-21465754-7;EXPENACOM 4290/2016;GUISE;1984;PB        ;    ;1425;CABA;CIUDAD DE BUENOS AIRES;(011  )5185-1302;30-2209;0;4874 ENACOM/2016;06/07/2016;06/07/2019
ROITZ S.A.;30-71469151-8;EXPCNC 3363/2015;AGUSTIN MAGALDI;1864;1;    ;C1286AFP;CABA;CIUDAD DE BUENOS AIRES;;30-2075;0;1329 GI/2015;16/04/2015;16/04/2018
ROITZ S.A.;30-71469151-8;EXPCNC 3363/2015;ANTARTIDA ARGENTINA;732;          ;    ;1621;BENAVIDEZ;CIUDAD DE BUENOS AIRES;(0348 )462 -7261;30-2075;0;1329 GI/2015;16/04/2015;16/04/2018
ROLNIK, MARISA ANDREA;27-17801707-7;EXPCNC 7459/2009;FALCON CNEL RAMON LORENZO;1440;6;    ;C1406GND;CIUDAD AUTONOMA BUENOS AIRES;CIUDAD DE BUENOS AIRES;(011  )4431-8000;30-1751;0;3063 GI/2009;01/09/2009;01/09/2012
RONCO S.A.;30-66031602-3;EXPCNT E 29125/1996;AVDA. ADOLFO DAVILA;846;3;1;1107;CIUDAD DE BUENOS AIRES;CAPITAL FEDERAL;(011  )4345-6001;30-1271;0;1019 GI/1996;11/04/1996;11/04/1999
RUIZ SEBASTIAN Y GOTTLING MARIA ALEJANDRA S.H.;30-68123787-5;;LAVALLE;1141;          ;    ;1048;CIUDAD DE BUENOS AIRES;CAPITAL FEDERAL;;30-1023;0;96 CN/1991;06/03/1991;06/03/1994
RUNCO HERMANOS S.C.;30-60396211-3;EXPCNT 12592/1994;BERNARDO DE IRIGOYEN;308;1;    ;C1072AAH;CIUDAD DE BUENOS AIRES;CAPITAL FEDERAL;(011  )4334-1420;30-1235;0;2343 CN/1994;11/11/1994;11/11/1997
RURALINK COMUNICATION S.A.;30-71006771-2;EXPENACOM 330/2017;AMENABAR;1415;3;C   ;C1426   ;CABA;CIUDAD DE BUENOS AIRES;(011  )999 -9999;30-2278;0;312 -APN-ENACOM#MCO/2017;01/02/2017;01/02/2020
RURALINK COMUNICATION S.A.;30-71006771-2;EXPENACOM 330/2017;AV. BUZON;782;          ;    ;B7000   ;TANDIL;BUENOS AIRES;(0249 )422 -1063;30-2278;0;312 -APN-ENACOM#MCO/2017;01/02/2017;01/02/2020
S.E.A. SISTEMAS ELECTRONICOS ARGENTINOS S.A.;30-52207725-5;;PARANA;690;4;    ;C1017AAN;CIUDAD AUTONOMA BUENOS AIRES;CIUDAD DE BUENOS AIRES;(011  )4375-4288;30-876;02-403;20 CN/1991;11/01/1991;11/01/1994
S.K.F. ARGENTINA S.A.;30-52547959-1;EX- -APN-REYS#ENACOM 58334468/2023;OLGA COSSETTINI;363;3;    ;1107;CABA;CIUDAD DE BUENOS AIRES;(011  )6532-1640;30-2867;0;5284 -APN-DNAYRT#ENACOM/2023;02/06/2023;02/06/2026
SABELLI Y COMPAÑIA S.R.L.;30-52590731-3;;BRASIL;1765;          ;    ;C1154ABE;CIUDAD DE BUENOS AIRES;CAPITAL FEDERAL;;30-718;0;4060 SU/1985;14/11/1985;14/11/1988
SADETEL S.A.;30-57498306-8;;CENTRAL Y 12;S/N;          ;    ;Q8302MTA;NEUQUEN;NEUQUEN;(0299 )449 -6000;30-590;0;428 GI/1983;01/01/1983;01/01/1986
SADETEL S.A.;30-57498306-8;;JOSE FELIX BOGADO;4445;          ;    ;C1183AAA;CIUDAD DE BUENOS AIRES;CAPITAL FEDERAL;;30-590;0;428 GI/1983;01/01/1983;01/01/1986
SADETEL S.A.;30-57498306-8;;SAENZ PEÑA PRES ROQUE;555;3;    ;C1035AAA;CIUDAD AUTONOMA BUENOS AIRES;CIUDAD DE BUENOS AIRES;(011  )4341-7000;30-590;0;428 GI/1983;01/01/1983;01/01/1986
SAGASTI, EMILIANO JORGE;20-17031766-2;EXPCNC 799/2007;SAENZ VALIENTE JUAN;931;8;54;1428;CABA;CIUDAD DE BUENOS AIRES;(011  )2303-4606;30-2977;0;12953 APN-DNAYRT#ENACOM/2024;27/12/2024;27/12/2027
SAINZ, GEORGE ARIEL;20-05302571-5;;NEWBERY JORGE;3778;          ;    ;C1427EGQ;CIUDAD AUTONOMA BUENOS AIRES;CIUDAD DE BUENOS AIRES;;30-729;0;4007 SU/1986;13/01/1986;13/01/1989
SALAS, CARLOS ALBERTO;20-10810822-4;EXPCNT 14765/1994;BOGOTA;1751;          ;    ;C1406GBE;CIUDAD DE BUENOS AIRES;CAPITAL FEDERAL;(011  )4631-6483;30-1237;02-470;2650 CN/1994;07/12/1994;07/12/1997
SAMSUNG ELECTRONICS ARGENTINA S.A.;30-68412579-2;EXPCNC 3749/2015;HIPOLITO BOUCHARD;710;7º        ;    ;C1106ABL;CABA;CIUDAD DE BUENOS AIRES;;30-2443;0;8095 APN-DNAYRT#ENACOM/2024;27/08/2024;27/08/2027
SANCHEZ, ENZO ARIEL;23-26038749-9;;AVDA. GAONA;4547;          ;    ;1702;CIUDADELA;BUENOS AIRES;;30-1082;0;344 CN/1991;12/07/1991;12/07/1994
SANDVIK MINING AND CONSTRUCTION ARGENTINA S.A.;30-70752277-8;;VERA;737;          ;    ;C1414AOO;CIUDAD DE BUENOS AIRES;CAPITAL FEDERAL;(011  )4854-1108;30-1087;02-447;344 CN/1991;12/07/1991;12/07/1994
SANGUINETI, GERMAN JORGE;20-27462100-2;EX- -APN-ALYAT#ENACOM 57198996/2026;3 DE FEBRERO;3743;          ;    ;2000;ROSARIO;SANTA FE;;30-3116;0;8925 APN-DNLAYR#ENACOM/2026;16/07/2026;01/01/2099
SATELCO INGENIERIA S.A.;30-70725232-0;EXPCNC 941/2004;SARMIENTO DOMINGO FAUSTINO;1919;          ;    ;S2000FVE;ROSARIO;SANTA FE;(0341 )449 -2131;30-2073;0;1242 GI/2015;16/04/2015;16/04/2018
SATELCO INGENIERIA S.A.;30-70725232-0;EXPCNC 941/2004;TUCUMAN;540;15;E   ;C1049AAL;CIUDAD AUTONOMA BUENOS AIRES;CIUDAD DE BUENOS AIRES;(011  )4325-1774;30-2073;0;1242 GI/2015;16/04/2015;16/04/2018
SATELCO S.R.L.;30-64104966-9;;OROÑO;1406;2;C   ;2000;ROSARIO;SANTA FE;;0;02-446;96 CN/1991;06/03/1991;06/03/1994
SATELIDATOS S.A.;30-69878259-1;EXPCNC E 14671/1999;ESPINOSA GERVASIO;845;          ;    ;C1405AMI;CIUDAD AUTONOMA BUENOS AIRES;CIUDAD DE BUENOS AIRES;(011  )4433-5600;30-1356;0;5275 GI/1999;17/11/1999;17/11/2002
SATELNET S.A.;30-63691504-8;EXPCNT 5162/1994;FLORIDA;537;5;    ;C1005AAK;CIUDAD AUTONOMA BUENOS AIRES;CIUDAD DE BUENOS AIRES;(011  )4393-1744;30-1216;0;1301 CN/1994;13/07/1994;13/07/1997
SATO ARGENTINA S.A.;30-64497347-2;EXPCNC 10536/2014;POLA;3166;          ;    ;C1439ENL;CABA;CIUDAD DE BUENOS AIRES;(011  )4887-9000;30-2893;0;8077 APN-DNAYRT#ENACOM/2023;23/10/2023;23/10/2026
SCANIA ARGENTINA S.A.U.;30-51742430-3;EXPCNC 4149/2012;BUTTY ING ENRIQUE;240;          ;    ;C1001AFB;CIUDAD AUTONOMA BUENOS AIRES;CIUDAD DE BUENOS AIRES;(03327)4510-0000;30-2738;0;5019 APN-DNAYRT#ENACOM/2021;15/11/2021;15/11/2024
SCHLUMBERGER ARGENTINA S.A.;30-52659878-0;EXPCNC E 7733/2001;SAENZ PEÑA PRES ROQUE;1149;13;    ;C1035AAG;CIUDAD AUTONOMA BUENOS AIRES;CIUDAD DE BUENOS AIRES;(011  )4344-5100;30-2117;0;228 DINAPTIC/2015;21/08/2015;21/08/2018
SCHMIDBERG, EDUARDO MIGUEL;23-07603732-9;EXPCNC 7967/2007;ZAPIOLA BDIER GRAL JOSE MATIAS;1834;5;C   ;C1428CWB;CIUDAD AUTONOMA BUENOS AIRES;CIUDAD DE BUENOS AIRES;(011  )4144-0477;30-1658;0;4654 GI/2007;08/10/2007;08/10/2010
SCHNEIDER ELECTRIC ARGENTINA S.A.;30-59219954-4;EXPCNC 13616/2014;ROQUE SAENZ PEÑA;1134;2;    ;1035;CABA;CIUDAD DE BUENOS AIRES;(011  )3110-3211;30-2962;02-670;8336 APN-DNAYRT#ENACOM/2024;03/09/2024;03/09/2027
SCHNEIDER ELECTRIC SYSTEMS ARGENTINA S.A.;30-71088274-2;EXPCNC 14386/2012;NUÑEZ IGNACIO;4334;          ;    ;C1430AND;CABA;CIUDAD DE BUENOS AIRES;(011  )6345-2100;30-1888;0;168 GI/2013;11/01/2013;11/01/2016
SCHREDER ARGENTINA S.A.;30-70969638-2;EXPCNC 459/2013;DR. ALEUS;3115;          ;    ;1651;SAN ANDRES;BUENOS AIRES;(011  )4517-8873;30-2413;0;1533 APN-DNAYRT#ENACOM/2018;20/03/2018;20/03/2021
SCHREDER ARGENTINA S.A.;30-70969638-2;EXPCNC 459/2013;REGIMIENTO PATRICIOS;1052;          ;517;1265;CABA;CIUDAD DE BUENOS AIRES;;30-2413;0;1533 APN-DNAYRT#ENACOM/2018;20/03/2018;20/03/2021
SEAM S.R.L.;30-59944166-9;EXPCNT 18261/1994;9 DE JULIO;1101;          ;    ;B8000AQW;BAHIA BLANCA;BUENOS AIRES;(0291 )454 -4360;30-672;0;63 CN/1995;12/01/1995;12/01/1998
SECONT S.R.L.;30-61594225-8;EXPCNC E 5922/2001;VIRREY LORETO;2878;          ;    ;C1426DYB;CIUDAD DE BUENOS AIRES;CAPITAL FEDERAL;(011  )4551-2455;30-1406;0;3469 GI/2004;18/10/2004;18/10/2007
SECOR COMUNICACIONES S.A.;33-63584970-9;;MONROE;2630;8;B   ;C1428BLR;CIUDAD AUTONOMA BUENOS AIRES;CIUDAD DE BUENOS AIRES;(011  )4543-4135;30-1203;0;151 CN/1993;03/12/1993;03/12/1996
SEGDATRON SOCIEDAD DE RESPONSABILIDAD LIMITADA;30-69525421-7;EXPCNC E 2385/2001;IBERA;1903;          ;    ;C1429CLI;CABA;CIUDAD DE BUENOS AIRES;(011  )4702-9939;30-2612;0;4891 DNAYRT#ENACOM/2023;19/05/2023;
SEL LATIN AMERICA LLC;30-71166817-5;EX- -APN-SDYME#ENACOM 39189113/2018;ESMERALDA;819;2;C   ;1007;CABA;CIUDAD DE BUENOS AIRES;(011  )4314-0997;30-2739;0;12578 APN-DNAYRT#ENACOM/2024;19/12/2024;19/12/2027
SEL LATIN AMERICA LLC;30-71166817-5;EX- -APN-SDYME#ENACOM 39189113/2018;MONROE;87;1;B   ;B1609DYA;BOULOGNE;BUENOS AIRES;(011  )4765-1843;30-2739;0;12578 APN-DNAYRT#ENACOM/2024;19/12/2024;19/12/2027
SELEC S.A.;30-61518748-4;EXPCNC 13706/2012;CRAMER;3355;          ;    ;C1429AJI;CIUDAD AUTONOMA BUENOS AIRES;CIUDAD DE BUENOS AIRES;(011  )4704-5080;30-1889;0;166 GI/2013;11/01/2013;11/01/2016
SELEC S.A.;30-61518748-4;EXPCNC 13706/2012;ROCA PRES GRAL JULIO ARGENTINO;1649;          ;    ;S2000CYG;ROSARIO;SANTA FE;(0341 )426 -0002;30-1889;0;166 GI/2013;11/01/2013;11/01/2016
SELECTION S.A.I.C.F.I.;30-53734433-0;;PERON TTE GRAL JUAN DOMINGO;1561;1;    ;C1037ACC;CIUDAD AUTONOMA BUENOS AIRES;CIUDAD DE BUENOS AIRES;(011  )4382-2400;30-921;0;3763 CN/1993;05/08/1993;05/08/1996
SEMAK S.A.;30-64007913-0;EX- -APN-SDYME#ENACOM 37168869/2018;AVENIDA BELGRANO;1580;5;    ;1093;CABA;CIUDAD DE BUENOS AIRES;(011  )5756-9281;30-2774;0;491 APN-DNAYRT#ENACOM/2022;03/02/2022;03/02/2025
SEMAK S.A.;30-64007913-0;EX- -APN-SDYME#ENACOM 37168869/2018;BELGRANO;1580;5;    ;1093;CABA;CIUDAD DE BUENOS AIRES;(011  )5756-9282;30-2774;0;491 APN-DNAYRT#ENACOM/2022;03/02/2022;03/02/2025
SEMAPI S.A.;30-58652413-1;EXPCNC 7548/2004;LAS HERAS;419;          ;    ;B2804GTC;CAMPANA;BUENOS AIRES;(03489)43  -1111;30-1500;0;3866 GI/2004;18/11/2004;18/11/2007
SEMAPI S.A.;30-58652413-1;EXPCNC 7548/2004;MOREAU DE JUSTO ALICIA ;740;1;A   ;C1107AAP;CIUDAD AUTONOMA BUENOS AIRES;CIUDAD DE BUENOS AIRES;(011  )4342-0066;30-1500;0;3866 GI/2004;18/11/2004;18/11/2007
SEÑALCO SUDAMERICANA S.A.;30-52135084-5;EXPAFTIC 3647/2015;FEDERICO LACROZE;2563;          ;    ;C1426CPK;CABA;CIUDAD DE BUENOS AIRES;(011  )4553-2219;30-2128;0;387 DINAPTIC/2015;14/10/2015;14/10/2018
SEÑALCO SUDAMERICANA S.A.;30-52135084-5;EXPAFTIC 3647/2015;FRANKLIN D ROOSEVELT;5418;5;501;1431;CABA;CIUDAD DE BUENOS AIRES;;30-2128;0;387 DINAPTIC/2015;14/10/2015;14/10/2018
SENCINET LATAM ARGENTINA S.A.;30-63820379-7;EXPCNC 11094/2005;LOLA MORA;421;15;    ;C1107DDA;CIUDAD AUTONOMA BUENOS AIRES;CIUDAD DE BUENOS AIRES;;30-1161;0;4839 GI/2012;11/12/2012;11/12/2015
SENSORMATIC ARGENTINA S.A.;30-58447048-4;EXPAFTIC 1922/2015;CERRITO;1070;3º        ;71;C1010AAV;CABA;CIUDAD DE BUENOS AIRES;(011  )4708-7931;30-2522;0;7221 APN-DNAYRT#ENACOM/2019;28/05/2019;28/05/2022
SENSORMATIC ARGENTINA S.A.;30-58447048-4;EXPAFTIC 1922/2015;THAMES;139;          ;    ;B1609JUC;BOULOGNE;BUENOS AIRES;(011  )4708-7931;30-2522;0;7221 APN-DNAYRT#ENACOM/2019;28/05/2019;28/05/2022
SERVICE TECNICO INTEGRAL S.A.;30-57460095-9;EXPCNC E 7903/1998;DONADO;813;          ;    ;1427;CABA;CIUDAD DE BUENOS AIRES;;30-936;0;3097 GI/1998;30/07/1998;30/07/2001
SERVICIO SATELITAL S.A.;30-65889103-7;EXPCNC E 3131/2001;SUIPACHA;1067;4;    ;C1008AAU;CABA;CIUDAD DE BUENOS AIRES;(011  )5032-8910;30-1395;0;6445 -APN-DNAYRT#ENACOM/2023;08/08/2023;08/08/2026
SERVICIOS ARM S.A.;30-70952583-9;EXPENACOM 14602/2016;CARLOS PELLEGRINI;1427;          ;    ;1011;CABA;CIUDAD DE BUENOS AIRES;(011  )4836-2868;30-3057;0;4852 APN-DNLAYR#ENACOM/2025;05/12/2025;05/12/2028
SERVICIOS BIOAGUAS S.R.L.;30-69229293-2;EX- -APN-REYS#ENACOM 49740626/2024;EMILIO MITRE;337;          ;    ;1424;CABA;CIUDAD DE BUENOS AIRES;;30-2955;0;6952 DNAYRT#ENACOM/2024;26/07/2024;26/07/2027
SERVICIOS BIOAGUAS S.R.L.;30-69229293-2;EX- -APN-REYS#ENACOM 49740626/2024;PANAMERICANA KM 47,5 - SEPTIEMBRE;151;          ;    ;1625;BELEN DE ESCOBAR;BUENOS AIRES;;30-2955;0;6952 DNAYRT#ENACOM/2024;26/07/2024;26/07/2027
SERVICIOS DE COMUNICACIONES S.R.L. - SER COM S.R.L.;30-71142930-8;EXPCNC 3928/2012;ALEM;338;3;C   ;5400;SAN JUAN;SAN JUAN;(011  )6206-3105;30-1866;0;1803 GI/2012;01/06/2012;01/06/2015
SERVICIOS DE COMUNICACIONES S.R.L. - SER COM S.R.L.;30-71142930-8;EXPCNC 3928/2012;TINOGASTA;4454;          ;    ;1417;CABA;CIUDAD DE BUENOS AIRES;;30-1866;0;1803 GI/2012;01/06/2012;01/06/2015
SERVICIOS PARA EL TRANSPORTE DE INFORMACION S.A.U.;30-67785492-4;EXPENACOM 6403/2016;CASEROS;3039;9;    ;1264;CABA;CIUDAD DE BUENOS AIRES;;30-2581;0;4062 APN-DNLAYR#ENACOM/2026;10/02/2026;10/02/2029
SERVICOM S.R.L.;30-61504455-1;;74;1065;          ;    ;B1902DNQ;LA PLATA;BUENOS AIRES;;30-777;0;2841 CN/1992;07/09/1992;07/09/1995
SERVILEC S.R.L.;30-54688999-4;EXPCNC E 1016/1998;CALLE 526;972;          ;    ;1900;LA PLATA;BUENOS AIRES;(0221 )482 -6538;30-683;02-313;822 GI/1998;10/02/1998;10/02/2001
SES SISTEMAS ELECTRONICOS S.A.;30-52116696-3;EXPAFTIC 6023/2015;25 DE MAYO;267;2;    ;C1002ABE;CIUDAD AUTONOMA BUENOS AIRES;CIUDAD DE BUENOS AIRES;(011  )4343-7739;30-2839;0;6437 APN-DNAYRT#ENACOM/2022;31/10/2022;31/10/2025
SES SISTEMAS ELECTRONICOS S.A.;30-52116696-3;EXPAFTIC 6023/2015;ESPINOSA GERVASIO;1045;          ;    ;C1405AMM;CIUDAD AUTONOMA BUENOS AIRES;CIUDAD DE BUENOS AIRES;;30-2839;0;6437 APN-DNAYRT#ENACOM/2022;31/10/2022;31/10/2025
SF TECHNOLOGY S.A.;30-70913809-6;EXPCNC 11253/2012;BOEDO MARIANO;1912;          ;    ;C1239AAW;CIUDAD AUTONOMA BUENOS AIRES;CIUDAD DE BUENOS AIRES;(011  )4921-3292;30-1883;0;4356 GI/2012;21/11/2012;21/11/2015
SG S.R.L.;30-71777961-0;EX- -APN-ALYAT#ENACOM 50563829/2026;RIO BAMBA;S/N;          ;    ;4600;SAN SALVADOR DE JUJUY;JUJUY;(0388 )521 -0877;30-3111;0;8912 APN-DNLAYR#ENACOM/2026;16/07/2026;01/01/2099
SHERLOG INTERNATIONAL S.A.;30-71313440-2;EXPCNC 15001/2013;AVDA. LEANDRO N. ALEM;465;1º        ;B   ;C1003AAE;CABA;CIUDAD DE BUENOS AIRES;(011  )4076-9926;30-2508;0;5564 APN-DNAYRT#ENACOM/2019;26/04/2019;26/04/2022
SHIMANO ARGENTINA S.A.U.;30-71618433-8;EX- -APN-REYS#ENACOM 26891273/2020;ESTADOS UNIDOS;20;5;    ;1101;CABA;CIUDAD DE BUENOS AIRES;(011  )5353-3466;30-2615;0;5903 DNAYRT#ENACOM/2023;28/06/2023;01/01/2099
SHIMANO LATIN AMERICA REPRESENTACAO LIMITADA - SUCURSAL ARGENTINA;30-71199065-4;EXPCNC 3348/2014;AZCUENAGA;1860;          ;    ;1128;CABA;CIUDAD DE BUENOS AIRES;(011  )4801-4177;30-2463;0;5954 APN-DNAYRT#ENACOM/2018;17/10/2018;17/10/2021
SHIMRAI S.R.L.;30-71114880-5;EX- -APN-REYS#ENACOM 132612493/2024;SAN JUAN;27;          ;    ;1878;QUILMES OESTE;BUENOS AIRES;(011  )5664-3622;30-2973;0;12599 APN-DNAYRT#ENACOM/2024;19/12/2024;19/12/2027
SIAE MICROELETTRONICA S.A.;30-71057093-7;EXPCNC 8562/2008;MONTEVIDEO;496;4;44;1019;CABA;CIUDAD DE BUENOS AIRES;;30-2700;0;3298 APN-DNAYRT#ENACOM/2024;04/04/2024;04/04/2027
SIEMENS HEALTHCARE SOCIEDAD ANONIMA;30-71496863-3;EXPENACOM 13221/2017;LAVALLE;1447;4;1;C1048AAI;CABA;CIUDAD DE BUENOS AIRES;(011  )5432-6000;30-3004;0;928 APN-DNAYRT#ENACOM/2025;22/04/2025;22/04/2028
SIEMENS MOBILITY S.A.;30-71617056-6;EX- -APN-REYS#ENACOM 105286757/2023;LAVALLE;1446;4;1;1048;CABA;CIUDAD DE BUENOS AIRES;(011  )2792-8892;30-2899;02-651;8823 -APN-DNAYRT#ENACOM/2023;06/11/2023;06/11/2026
SIEMENS S.A.;30-50336489-8;EXPCNC E 4239/1997;GRAL. JUAN LAVALLE;1447;4°        ;I   ;C1048AAI;CABA;CIUDAD DE BUENOS AIRES;;30-2036;0;1428 APN-DNAYRT#ENACOM/2017;13/11/2017;17/01/2021
SIEMENS S.A.;33-71657893-9;EX- -APN-REYS#ENACOM 84259044/2020;LAVALLE;1447;4;I   ;1048;CABA;CIUDAD DE BUENOS AIRES;;30-2674;0;1324 APN-DNAYRT#ENACOM/2024;17/02/2024;17/02/2027
SIGNIFY ARGENTINA S.A.;33-71492461-9;EXPENACOM 14330/2017;CERRITO;1136;          ;    ;1010;CABA;CIUDAD DE BUENOS AIRES;(011  )9999-9999;30-2355;0;2634 APN-DNAYRT#ENACOM/2025;16/07/2025;16/07/2028
SIGNIFY ARGENTINA S.A.;33-71492461-9;EXPENACOM 14330/2017;NICOLAS REPETTO;3656;4;    ;B1636CTL;OLIVOS;BUENOS AIRES;(011  )5336-6973;30-2355;0;2634 APN-DNAYRT#ENACOM/2025;16/07/2025;16/07/2028
SILICON ROAD S.R.L.;30-68520335-5;EXPCNC E 1016/1998;LAVALLE GRAL JUAN;1882;6;    ;C1051ABB;CIUDAD AUTONOMA BUENOS AIRES;CIUDAD DE BUENOS AIRES;(011  )4375-3462;30-1305;0;822 GI/1998;10/02/1998;10/02/2001
SIMICRO S.R.L.;30-60988737-7;;ESMERALDA;574;          ;    ;C1007ABD;CIUDAD DE BUENOS AIRES;CAPITAL FEDERAL;(011  )4393-8220;30-885;02-407;55 CN/1991;24/01/1991;24/01/1994
SIQAT S.R.L.;30-70729451-1;EXPCNC 2408/2013;BELGRANO MANUEL;624;10;    ;C1092AAT;CABA;CIUDAD DE BUENOS AIRES;(011  )4342-2662;30-3067;0;2573 APN-DNLARY#ENACOM/2026;23/01/2026;23/01/2029
SISELEC S.A.;30-60687160-7;EXPCNC 3542/2007;25 DE MAYO;267;2°        ;217;C1002ABE;CABA;CIUDAD DE BUENOS AIRES;(011  )5453-0000;30-1638;0;7239 -E-APN-ENACOM#MCO/2016;18/10/2016;18/10/2019
SISTECO S.A.;30-58952483-3;;AVDA. PTE. FIGUEROA ALCORTA;3259;1;    ;C1425CKL;CIUDAD DE BUENOS AIRES;CAPITAL FEDERAL;(011  )4803-4604;30-1142;0;666 CN/1991;21/11/1991;21/11/1994
SISTEMA DE VIDEO COMUNICACION S.A.;30-60661559-7;EXPCNT 6487/1994;AVDA. CORDOBA;827;9;    ;C1054AAH;CIUDAD DE BUENOS AIRES;CAPITAL FEDERAL;(011  )4313-4283;30-1223;0;1627 CN/1994;17/08/1994;17/08/1997
SISTEMAS DE CODIFICACION S.A.;30-70797262-5;EXPENACOM 11853/2016;DR. BERNARDO DE IRIGOYEN;330;6°        ;135;C1072AAH;CABA;CIUDAD DE BUENOS AIRES;(011  )4238-3500;30-2255;0;7242 -E-APN-ENACOM#MCO/2016;19/10/2016;19/10/2019
SISTEMAS DE CODIFICACION S.A.;30-70797262-5;EXPENACOM 11853/2016;DR. LUIS MARIA DRAGO;1980;          ;    ;B1852LHB;BURZACO;BUENOS AIRES;(011  )4238-3500;30-2255;0;7242 -E-APN-ENACOM#MCO/2016;19/10/2016;19/10/2019
SISTEMAS ELECTRONICOS DE REGISTRACION S.A.;30-59198525-2;EXPCNC E 5478/2001;GORRITI;4682;          ;    ;1414;CIUDAD DE BUENOS AIRES;CAPITAL FEDERAL;(011  )4831-2722;30-1400;0;4173 GI/2001;04/09/2001;04/09/2004
SISTEMAS GRAFICOS S.A.;30-58652437-9;;AVDA. INDEPENDENCIA;3018;          ;    ;C1225AAZ;CIUDAD DE BUENOS AIRES;CAPITAL FEDERAL;;30-981;0;504 SU/1990;05/10/1990;05/10/1993
SISTEMAS INTEGRADOS DE CONTROL S.A.;30-66317678-8;EXPCNC 6267/2010;DE MAYO;1437;4;H   ;C1085ABE;CIUDAD AUTONOMA BUENOS AIRES;CIUDAD DE BUENOS AIRES;(011  )3151-5100;30-1793;0;2750 GI/2010;09/08/2010;09/08/2013
SISTEMAS INTEGRADOS DE CONTROL S.A.;30-66317678-8;EXPCNC 6267/2010;SANTA ROSA;1718;          ;    ;B1602CKF;FLORIDA;BUENOS AIRES;(011  )4791-1161;30-1793;0;2750 GI/2010;09/08/2010;09/08/2013
SISTEMAS IRRADIANTES S.R.L.;30-60155708-4;;CHORROARIN;265;          ;    ;1824;LANUS;BUENOS AIRES;;30-823;02-389;225 CN/1991;24/05/1991;24/05/1994
SISTEMAS Y COMUNICACIONES S.R.L.;30-64545923-3;EXPCNT 5556/1995;TUCUMAN;660;          ;    ;C1049AAN;CIUDAD DE BUENOS AIRES;CAPITAL FEDERAL;(011  )4322-5743;30-1141;0;920 CN/1995;12/04/1995;12/04/1998
SISTEVAL S.A.;30-58370135-0;;AVDA. PTE. FIGUEROA ALCORTA;3796;          ;    ;C1425CLQ;CIUDAD DE BUENOS AIRES;CAPITAL FEDERAL;(011  )4801-8012;30-904;02-454;2730 CN/1992;28/08/1992;28/08/1995
SITELCO S.A.I.C.;30-54675920-9;;ARAOZ PEDRO MIGUEL;1272;          ;    ;C1414DPZ;CIUDAD AUTONOMA BUENOS AIRES;CIUDAD DE BUENOS AIRES;(011  )4773-2199;30-791;02-365;4145 SU/1986;11/08/1986;11/08/1989
SITERCO S.R.L.;30-61441187-9;;AVENIDA DE CIRCUNVALACION Y SAMPAYO;S/N;          ;    ;6000;JUNIN;BUENOS AIRES;(02362)44  -0300;30-721;0;2217 CN/1992;07/08/1992;07/08/1995
SITERCO S.R.L.;30-61441187-9;;CORRIENTES;1296;3;30;C1043AAZ;CIUDAD AUTONOMA BUENOS AIRES;CIUDAD DE BUENOS AIRES;(011  )4314-0040;30-721;0;2217 CN/1992;07/08/1992;07/08/1995
SITRE SOLUTION GROUP S.A.;30-61718032-0;EXPCNC 6901/2005;LA PAMPA;4872;          ;    ;C1431CQH;CIUDAD DE BUENOS AIRES;CAPITAL FEDERAL;(011  )4523-6104;30-1542;0;3711 GI/2005;14/09/2005;14/09/2008
SKYTECH S.R.L.;30-68065377-8;EXPCNC 5303/2003;WENCESLAO VILLAFAÑE;67;PB        ;    ;C1160AEA;CIUDAD DE BUENOS AIRES;CAPITAL FEDERAL;(011  )4300-7940;30-1458;0;3693 GI/2003;04/09/2003;04/09/2006
SMARTMATION S.A.;30-71140615-4;EX- -APN-SDYME#ENACOM 24788513/2017;DR. PEDRO IGNACIO RIVERA;4919;          ;    ;C1431BVI;CABA;CIUDAD DE BUENOS AIRES;(011  )6731-8853;30-2923;02-658;3299 APN-DNAYRT#ENACOM/2024;04/04/2024;04/04/2027
SMB COMMUNITY S.R.L.;30-71043968-7;EXPCNC 4343/2011;RIVADAVIA BERNARDINO;1559;9;C   ;C1033AAF;CIUDAD AUTONOMA BUENOS AIRES;CIUDAD DE BUENOS AIRES;(011  )6841-0224;30-1828;0;1919 GI/2011;01/06/2011;01/06/2014
SMC ARGENTINA S.A.;30-65923663-6;EX- -APN-SDYME#ENACOM 26141922/2018;SAENZ PEÑA PRES ROQUE;832;5;    ;C1035AAQ;CIUDAD AUTONOMA BUENOS AIRES;CIUDAD DE BUENOS AIRES;;30-2857;0;1600 -APN-DNAYRT#ENACOM/2023;27/02/2023;27/02/2026
SOARCEC S.A.;30-61797266-9;;PASAJE CARABELAS;291;5;B   ;C1009AAA;CIUDAD DE BUENOS AIRES;CAPITAL FEDERAL;;30-1017;0;55 CN/1991;24/01/1991;24/01/1994
SOBREPATAS S.R.L.;30-71590887-1;EX- -APN-AASYST#ENACOM 143579645/2025;ARTILLEROS;2361;          ;    ;1428;CABA;CIUDAD DE BUENOS AIRES;(011  )6218-9000;30-3064;0;686 APN-DNLAYR#ENACOM/2026;09/01/2026;09/01/2029
SOCIEDAD ANONIMA IMPORTADORA Y EXPORTADORA DE LA PATAGONIA;30-50673003-8;EXPAFTIC 5340/2015;SUIPACHA;924;          ;    ;C1008AAT;CABA;CIUDAD DE BUENOS AIRES;(011  )4328-5403;30-2188;0;3125 ENACOM/2016;20/05/2016;20/05/2019
SOCOM S.R.L.;30-65763755-2;;CAMPAMENTO CENTRAL;1092;          ;    ;8318;PLAZA HUINCUL;NEUQUEN;(0299 )46  -3606;30-1198;0;5361 CN/1993;13/10/1993;13/10/1996
SOFACE S.A.;30-65661936-4;EXPCNC 9523/2010;URUGUAY;766;8°        ;46;C1015ABP;CABA;CIUDAD DE BUENOS AIRES;(011  )4371-0150;30-2637;0;3290 APN-DNAYRT#ENACOM/2020;04/09/2020;04/09/2023
SOFRE NETWORKS S.A.;30-71813948-8;EX- -APN-REYS#ENACOM 79495466/2025;RONDEAU;3367;3;    ;1262;CABA;CIUDAD DE BUENOS AIRES;(011  )5327-1481;30-3034;0;809 APN-DNLAYR#ENACOM/2025;25/09/2025;25/09/2028
SOFRECOM ARGENTINA S.A.;30-65699223-5;EXPCNC E 17370/1999;RECONQUISTA;609;3;    ;C1003ABM;CIUDAD AUTONOMA BUENOS AIRES;CIUDAD DE BUENOS AIRES;(011  )4515-9000;30-1361;0;1139 GI/2000;08/03/2007;08/03/2010
SOLIDMATION S.A.;30-71190027-2;EXPENACOM 754/2017;DR. PEDRO IGNACIO RIVERA;4919;          ;    ;C1431BVI;CABA;CIUDAD DE BUENOS AIRES;(011  )5263-0307;30-2307;0;87 -APN-DNAYRT#ENACOM/2017;21/04/2017;17/01/2021
SOLIDYNE S.R.L.;30-55152725-1;EXPCNC 3830/2009;3 DE FEBRERO;3254;          ;    ;C1429BFJ;CIUDAD AUTONOMA BUENOS AIRES;CIUDAD DE BUENOS AIRES;(011  )4702-0090;30-1739;02-511;1978 GI/2012;01/06/2012;01/06/2015
SOLNIK S.A.;30-70945325-0;EXPCNC 11882/2013;DR EMILIO RAVIGNANI;1724;          ;    ;C1414CPP;CABA;CIUDAD DE BUENOS AIRES;(011  )4770-9750;30-3021;02-680;2652 APN-DNAYRT#ENACOM/2025;16/07/2025;16/07/2028
SOLNIK S.A.;30-70945325-0;EXPCNC 11882/2013;ISLAS MALVINAS;3001;          ;    ;V9420AJK;RIO GRANDE;TIERRA DEL FUEGO, ANTARTIDA E ISLAS DEL ATLANTICO SUR;(011  )4770-9750;30-3021;02-680;2652 APN-DNAYRT#ENACOM/2025;16/07/2025;16/07/2028
SOLUCIONES INTEGRALES DE INGENIERIA Y DESARROLLO S.R.L.;30-70881374-1;EX- -APN-REYS#ENACOM 72783282/2023;CALLE 2;53;          ;    ;3561;AVELLANEDA;SANTA FE;(03482)48  -1024;30-2875;02-646;6206 -APN-DNAYRT#ENACOM/2023;14/07/2023;14/07/2026
SOLUCIONES INTELIGENTES S.A.;30-70100244-6;EXPCNC E 3098/2000;AVDA. CORRIENTES;524;11;    ;C1043AAS;CIUDAD DE BUENOS AIRES;CAPITAL FEDERAL;(011  )4328-7301;30-1366;0;5761 GI/2000;22/05/2000;22/05/2003
SOLUTION BOX S.R.L.;30-70797502-0;EXPCNC 6864/2005;GONCALVES DIAS;658;          ;    ;C1276ACH;CABA;CIUDAD DE BUENOS AIRES;(011  )6091-1214;30-2662;0;10528 APN-DNAYRT#ENACOM/2023;30/11/2023;30/11/2026
SOLUTIONS 2 GO S.R.L.;30-71581000-6;EX- -APN-REYS#ENACOM 46302449/2022;MAIPU;1300;13;    ;C1006ACT;CABA;CIUDAD DE BUENOS AIRES;(011  )9999-9999;30-2799;0;3316 APN-DNAYRT#ENACOM/2022;15/06/2022;15/06/2025
SOMECO ELECTRONICS S.A.;30-70217915-3;EXPCNC 13064/2012;SAENZ PEÑA PRES ROQUE;788;9;    ;C1035AAP;CABA;CIUDAD DE BUENOS AIRES;(011  )4655-3333;30-2176;0;2372 ENACOM/2016;09/05/2016;09/05/2019
SOMORGUJO S.R.L.;30-64030038-4;;YATAY;941;          ;    ;C1184ADQ;CIUDAD AUTONOMA BUENOS AIRES;CIUDAD DE BUENOS AIRES;;30-1041;0;225 CN/1991;24/05/1991;24/05/1994
SONAVOX S.R.L.;33-61256080-9;;MITRE GRAL BARTOLOME;1072;          ;    ;B2804AQT;CAMPANA;BUENOS AIRES;;30-1008;0;21 CN/1991;11/01/1991;11/01/1994
SONET S.R.L.;30-66105110-4;;PERON TTE GRAL JUAN DOMINGO;1515;6;F   ;C1037ACC;CIUDAD AUTONOMA BUENOS AIRES;CIUDAD DE BUENOS AIRES;(011  )4372-9876;30-1207;0;314 CN/1993;23/12/1993;23/12/1996
SONIN TRADING S.R.L.;30-69118230-0;EXPCNC E 6548/2001;WARNES;1872;          ;    ;1101;CIUDAD DE BUENOS AIRES;CAPITAL FEDERAL;(011  )4776-1082;30-1407;0;4888 GI/2001;19/10/2001;19/10/2004
SONTEC TCL ARGENTINA S.A.;33-62325509-9;EXPCNC 3914/2011;CHACABUCO BAT DE;734;          ;    ;9420;RIO GRANDE;TIERRA DEL FUEGO, ANTARTIDA E ISLAS DEL ATLANTICO SUR;(02964)42  -3109;30-2022;02-542;11466 APN-DNAYRT#ENACOM/2019;29/10/2019;13/12/2020
SONTEC TCL ARGENTINA S.A.;33-62325509-9;EXPCNC 3914/2011;PERON TTE GRAL JUAN DOMINGO;2825;          ;    ;C1198AAA;CIUDAD AUTONOMA BUENOS AIRES;CIUDAD DE BUENOS AIRES;(011  )4863-4000;30-2022;02-542;11466 APN-DNAYRT#ENACOM/2019;29/10/2019;13/12/2020
SONY ARGENTINA S.A.;30-67992887-9;EXPCNC E 2100/2001;CORRIENTES;345;          ;    ;1043;CABA;CIUDAD DE BUENOS AIRES;(011  )5109-2309;30-1390;0;2635 APN-DNAYRT#ENACOM/2025;16/07/2025;01/01/2099
SONY ARGENTINA S.A.;30-67992887-9;EXPCNC E 2100/2001;CORRIENTES;545;3;    ;1043;CABA;CIUDAD DE BUENOS AIRES;;30-1390;0;2635 APN-DNAYRT#ENACOM/2025;16/07/2025;01/01/2099
SONY ERICSSON MOBILE COMMUNICATIONS INTERNATIONAL AB - SUC. ARGENTINA;30-70790967-2;EXPCNC 314/2003;CERRITO;740;          ;    ;C1010AAP;CIUDAD AUTONOMA BUENOS AIRES;CIUDAD DE BUENOS AIRES;;30-1440;0;1354 GI/2009;08/04/2009;08/04/2012
SONY ERICSSON MOBILE COMMUNICATIONS INTERNATIONAL AB - SUC. ARGENTINA;30-70790967-2;EXPCNC 314/2003;GUEMES GRAL MARTIN MIGUEL DE;676;          ;    ;B1638CJF;VICENTE LOPEZ;BUENOS AIRES;(011  )4319-5705;30-1440;0;1354 GI/2009;08/04/2009;08/04/2012
SONY INTERACTIVE ENTERTAINMENT ARGENTINA S.R.L.;30-71480652-8;EXPENACOM 6895/2017;EDUARDO MADERO;942;13;    ;1106;CABA;CIUDAD DE BUENOS AIRES;(011  )4373-5555;30-2313;0;2100 DNAYRT#ENACOM/2020;02/06/2020;02/06/2023
SOUTH TRADING CORP S.R.L.;30-71036385-0;EX- -APN-SDYME#ENACOM 65378605/2019;LAVALLE;652;3;A   ;1047;CABA;CIUDAD DE BUENOS AIRES;(011  )5352-7100;30-2540;0;9519 APN-DNAYRT#ENACOM/2019;21/08/2019;21/08/2022
SOUTHERN SOLUTIONS GROUP ARG S.R.L.;30-71394320-3;EXPENACOM 10788/2017;OLAZABAL;1515;6;B608;C1428DGG;CABA;CIUDAD DE BUENOS AIRES;(011  )6287-9839;30-2335;0;304 -APN-DNAYRT#ENACOM/2017;07/07/2017;17/01/2021
SPECIALIZED BICYCLE COMPONENTS ARGENTINA S.R.L.;30-71190063-9;EX- -APN-SDYME#ENACOM 38183972/2018;DEL LIBERTADOR;1124;          ;    ;B1638BEX;VICENTE LOPEZ;BUENOS AIRES;(011  )4797-6562;30-2442;0;4118 APN-DNAYRT#ENACOM/2018;16/08/2018;16/08/2021
SPECIALIZED BICYCLE COMPONENTS ARGENTINA S.R.L.;30-71190063-9;EX- -APN-SDYME#ENACOM 38183972/2018;ORTIZ DE OCAMPO;3302;          ;    ;C1425DSV;CABA;CIUDAD DE BUENOS AIRES;(011  )4797-6562;30-2442;0;4118 APN-DNAYRT#ENACOM/2018;16/08/2018;16/08/2021
SPECTRAL S.R.L.;30-63417418-0;;ROJAS;2085;          ;    ;C1416CPU;CIUDAD DE BUENOS AIRES;CAPITAL FEDERAL;(011  )4582-8290;30-1160;0;2841 CN/1992;07/09/1992;07/09/1995
SPIRAX SARCO S.A.;30-50432897-6;EXPENACOM 3346/2016;AUTOPISTA PANAMERICANA  - COLECTORA ESTE;24951;          ;    ;B1611DFB;DON TORCUATO;BUENOS AIRES;(011  )4589-1300;30-2958;0;8024 APN-DNAYRT#ENACOM/2024;21/08/2024;21/08/2027
SPIRAX SARCO S.A.;30-50432897-6;EXPENACOM 3346/2016;DEL LIBERTADOR;498;          ;    ;C1001ABR;CABA;CIUDAD DE BUENOS AIRES;(011  )4541-9200;30-2958;0;8024 APN-DNAYRT#ENACOM/2024;21/08/2024;21/08/2027
ST. JUDE MEDICAL ARGENTINA S.A.;30-70759635-6;EXPCNC 7067/2009;PEÑA;2167;3;A   ;1010;CABA;CIUDAD DE BUENOS AIRES;(011  )3723-3700;30-2130;0;8167 APN-DNAYRT#ENACOM/2024;30/08/2024;30/08/2027
STAMARIS S.A.;30-53289988-1;;RIVADAVIA;102;          ;    ;Q8300HHD;NEUQUEN;NEUQUEN;(0299 )42  -2919;30-1022;0;96 CN/1991;06/03/1991;06/03/1994
STANDARD ELECTRIC S.A.;30-65647925-2;;SALGUERO JERONIMO;60;          ;    ;C1177ADB;CIUDAD AUTONOMA BUENOS AIRES;CIUDAD DE BUENOS AIRES;;30-773;02-358;4128 SU/1986;04/07/1986;04/07/1989
STARA ARGENTINA S.A.;30-71235420-4;EX- -APN-REYS#ENACOM 38360772/2024;SAN LORENZO;1035;7;5;2000;ROSARIO;SANTA FE;(0341 )266 -4240;30-2938;02-664;4321 DNAYRT#ENACOM/2024;06/05/2024;06/05/2027
STARLIGHT ELECTRONICA SOCIEDAD DE RESPONSABILIDAD LIMITADA;30-51638546-0;EXPCNC 6725/2003;CHACABUCO;61;PB        ;    ;1702;CIUDADELA;BUENOS AIRES;(011  )6065-5300;0;02-570;1981 APN-DNAYRT#ENACOM/2017;13/12/2017;13/12/2020
STARLIGHT ELECTRONICA SOCIEDAD DE RESPONSABILIDAD LIMITADA;30-51638546-0;EXPCNC 6725/2003;COSQUIN;10;6º        ;B   ;C1408GIB;CABA;CIUDAD DE BUENOS AIRES;(011  )6065-5300;0;02-570;1981 APN-DNAYRT#ENACOM/2017;13/12/2017;13/12/2020
STARLINK ARGENTINA S.R.L.;30-71754087-1;EX- -APN-REYS#ENACOM 14498471/2024;SUIPACHA;1111;18;    ;1008;CABA;CIUDAD DE BUENOS AIRES;(011  )4114-3000;30-2913;0;1709 -APN-DNAYRT#ENACOM/2024;21/02/2024;21/02/2027
START.AR S.A.;30-71539325-1;EX- -APN-REYS#ENACOM 74189532/2024;DEL LIBERTADOR;5723/574;13;    ;1428;CABA;CIUDAD DE BUENOS AIRES;(011  )5976-3976;30-2954;0;6965 APN-REYS#ENACOM/2024;26/07/2024;26/07/2027
STARX SECURITY S.R.L.;30-70967328-5;EXPCNC 4926/2012;PEPIRI;758;          ;    ;C1437EIP;CIUDAD AUTONOMA BUENOS AIRES;CIUDAD DE BUENOS AIRES;(011  )5901-6500;30-1870;0;1977 GI/2012;01/06/2012;01/06/2015
STECK ELECTRIC S.A.;30-70866776-1;EX- -APN-ALYAT#ENACOM 67634113/2026;PTE. ROQUE SAENZ PEÑA;1134;2;    ;1035;CABA;CIUDAD DE BUENOS AIRES;(011  )5127-5304;30-3132;02-692;9388 APN-DNLAYR#ENACOM/2026;06/08/2026;01/01/2099
STOREY SOCIEDAD ANONIMA;33-68515964-9;EXPCNC 5483/2013;AVDA. CORDOBA;657;          ;    ;1054;CABA;CIUDAD DE BUENOS AIRES;(011  )4723-3500;30-2563;0;12308 -APN-DNAYRT#ENACOM/2019;27/11/2019;27/11/2022
STRUMBO HIJOS S.A.;30-61262065-9;;JOSE BIANCO;618;          ;    ;1684;EL PALOMAR;BUENOS AIRES;;30-583;02-271;428 GI/1983;01/01/1983;01/01/1986
STRYKER CORPORATION SUCURSAL ARGENTINA;30-68746810-0;EX- -APN-SDYME#ENACOM 12445635/2018;LAS HERAS;1947;4;    ;1127;CABA;CIUDAD DE BUENOS AIRES;(011  )4118-4800;30-2986;0;228 APN-DNAYRT#ENACOM/2025;26/01/2025;26/01/2028
STYLUS S.A.;30-61223835-5;EXPCNC E 6581/1998;OLAVARRIA;1964;          ;    ;C1288ACB;CABA;CIUDAD DE BUENOS AIRES;(011  )4105-6100;30-2639;0;3348 APN-DNAYRT#ENACOM/2020;07/09/2020;07/09/2023
SUPERMERCADOS MAYORISTAS MAKRO S.A.;30-58962149-9;EXPCNC 2379/2005;MAIPU ;1210;5;    ;C1006ACT;CIUDAD DE BUENOS AIRES;CAPITAL FEDERAL;;30-1549;0;4172 GI/2005;21/10/2005;21/10/2008
SUPERMERCADOS MAYORISTAS MAKRO S.A.;30-58962149-9;EXPCNC 2379/2005;RICARDO GUTIERREZ;3647;          ;    ;B1605EHC;MUNRO;BUENOS AIRES;(011  )4756-0081;30-1549;0;4172 GI/2005;21/10/2005;21/10/2008
SUPPORT PRO TRADING S.A.;30-71525477-4;EX- -APN-SDYME#ENACOM 50449094/2019;ALICIA MOREAU DE JUSTO;1050;          ;    ;C1107AAV;CABA;CIUDAD DE BUENOS AIRES;(011  )4342-3717;30-2528;0;7855 APN-DNAYRT#ENACOM/2019;10/06/2019;10/06/2022
SUPPORT PRO TRADING S.A.;30-71525477-4;EX- -APN-SDYME#ENACOM 50449094/2019;SANTA FE;2332;3°        ;    ;C1123AAS;CABA;CIUDAD DE BUENOS AIRES;(011  )4342-3717;30-2528;0;7855 APN-DNAYRT#ENACOM/2019;10/06/2019;10/06/2022
SURAP S.A.S.;30-71654658-2;EX- -APN-SDYME#ENACOM 85033855/2019;RIO DE JANEIRO;1045;6;A   ;1405;CABA;CIUDAD DE BUENOS AIRES;(011  )4862-9147;30-2549;0;934 APN-DNLAYR#ENACOM/2025;30/09/2025;30/09/2028
SURELY S.A.;30-67970230-7;EXPCNC 5029/2009;AVDA. CASEROS;3039;7º        ;703;C1264AAK;CABA;CIUDAD DE BUENOS AIRES;(011  )2206-1550;30-1755;0;11667 APN-DNAYRT#ENACOM/2024;31/10/2024;31/10/2027
SURIX S.R.L.;30-69833779-2;EXPCNC E 15316/1998;CORREA;2573;          ;    ;C1429DRO;CIUDAD DE BUENOS AIRES;CAPITAL FEDERAL;(011  )4702-5500;30-1334;0;5462 GI/1998;29/12/1998;29/12/2001
SUTEC S.A.;30-70847613-3;EXPCNC 4237/2006;CASTRO;1260;          ;    ;1237;CABA;CIUDAD DE BUENOS AIRES;(011  )4922-9991;30-1579;0;2899 GI/2006;21/07/2006;21/07/2009
SWISSTEL S.R.L.;30-69731691-0;EXPCNC 2272/2003;ARCOS ING ANTONIO;3291;          ;    ;C1429AZI;CIUDAD AUTONOMA BUENOS AIRES;CIUDAD DE BUENOS AIRES;(011  )4797-1989;30-1447;0;2059 GI/2003;04/06/2003;04/06/2006
SWITCHING S.A.;30-57665056-2;EXPCNC 9593/2009;GODOY CRUZ;2841;4;    ;C1425FQM;CIUDAD AUTONOMA BUENOS AIRES;CIUDAD DE BUENOS AIRES;(011  )4778-6900;30-1881;0;4302 GI/2012;12/11/2012;12/11/2015
SYMBAR S.A.;30-69437933-4;EXPCNC E 3147/1999;MARCOS SASTRE;2214;          ;    ;B1610CSD;RICARDO ROJAS;BUENOS AIRES;;30-2838;0;1383 APN-DNLAYR#ENACOM/2025;09/10/2025;09/10/2028
SYMBAR S.A.;30-69437933-4;EXPCNC E 3147/1999;URIBURU;754;PB        ;3;C1027AAP;CABA;CIUDAD DE BUENOS AIRES;;30-2838;0;1383 APN-DNLAYR#ENACOM/2025;09/10/2025;09/10/2028
SYMBOL TECHNOLOGIES LATIN AMERICA INC. SUCURSAL ARGENTINA;30-70744410-6;EXPCNC E 732/2001;MOREAU DE JUSTO ALICIA;1148;4°        ;C405;C1107AAX;CABA;CIUDAD DE BUENOS AIRES;(011  )4341-4594;30-2208;0;4880 ENACOM/2016;06/07/2016;06/07/2019
SYMTRON S.A.;30-71389530-6;EX- -APN-ALYAT#ENACOM 66323354/2026;ALICIA MOREAU DE JUSTO;740;1;    ;1107;CABA;CIUDAD DE BUENOS AIRES;(011  )2502-1996;30-3126;02-690;9097 APN-DNLAYR#ENACOM/2026;27/07/2026;01/01/2099
SYNTRONIC S.A.;30-70924131-8;EXPCNC 5622/2006;CALIFORNIA;2082;1;D104;C1289AAP;CIUDAD AUTONOMA BUENOS AIRES;CIUDAD DE BUENOS AIRES;(011  )4303-4440;30-1581;0;2890 GI/2006;21/07/2006;21/07/2009
SYSTEL S.A.;30-68093763-6;EXPAFTIC 2827/2015;CUBA;4601;          ;B   ;C1429AYK;CABA;CIUDAD DE BUENOS AIRES;(011  )4701-7333;30-2744;0;5011 APN-DNAYRT#ENACOM/2021;15/11/2021;15/11/2024
SYSTEL S.A.;30-68093763-6;EXPAFTIC 2827/2015;VELEZ SARSFIELD;5555;          ;    ;X5016GGA;CORDOBA;CORDOBA;(0351 )493 -1001;30-2744;0;5011 APN-DNAYRT#ENACOM/2021;15/11/2021;15/11/2024
SYSTEM S.A.;30-63324246-8;;AVDA. CORDOBA;433;          ;    ;C1054AAD;CIUDAD DE BUENOS AIRES;CAPITAL FEDERAL;(011  )4312-1844;30-985;0;526 SU/1990;17/10/1990;17/10/1993
T.C.E. S.A.;30-64335867-7;;RIVADAVIA;6035;          ;    ;B7604BTU;MAR DEL PLATA;BUENOS AIRES;(0223 )477 -2309;30-1200;0;152 CN/1993;03/12/1993;03/12/1996
T.N.A. COMUNICACIONES S.A.;30-71113591-6;EX- -APN-SDYME#ENACOM 3586769/2020;SANCHEZ DE BUSTAMANTE;2364;6°        ;A   ;C1425DUV;CABA;CIUDAD DE BUENOS AIRES;(011  )4896-4748;30-2586;0;628 APN-DNAYRT#ENACOM/2020;21/01/2020;21/01/2023
T.S.L. MOBILE S.A.;30-70988936-9;EXPCNC 13914/2013;MORENO DOCTOR MARIANO;1355;          ;    ;C1091ABA;CABA;CIUDAD DE BUENOS AIRES;(011  )4342-7649;30-2613;0;2102 DNAYRT#ENACOM/2020;02/06/2020;02/06/2023
T.S.L. MOBILE S.A.;30-70988936-9;EXPCNC 13914/2013;SIMON DE IRIONDO;1256;3°        ;D   ;B1644BLZ;VICTORIA;BUENOS AIRES;(011  )4383-5757;30-2613;0;2102 DNAYRT#ENACOM/2020;02/06/2020;02/06/2023
TAE ALMADA S.A.;33-70823766-9;EXPCNC 6027/2005;ANCHORENA DR TOMAS MANUEL DE;1775;5;A   ;C1425ELM;CIUDAD AUTONOMA BUENOS AIRES;CIUDAD DE BUENOS AIRES;(011  )4828-0905;30-1533;0;4435 GI/2009;29/12/2009;29/12/2012
TAGUAY S.A.;30-71166113-8;EXPENACOM 7759/2017;ATTE. HERNAN CARASSAI AV. LIBERTADOR;498;9;P   ;C1001ABR;CABA;CIUDAD DE BUENOS AIRES;(011  )2034-4000;30-2339;0;363 -APN-DNAYRT#ENACOM/2017;19/07/2017;17/01/2021
TAGUAY S.A.;30-71166113-8;EXPENACOM 7759/2017;VICENTE LOPEZ Y PLANES;261;          ;    ;X2589BRC;MONTE BUEY;CORDOBA;(03467)47  -2412;30-2339;0;363 -APN-DNAYRT#ENACOM/2017;19/07/2017;17/01/2021
TAURI CERTS S.R.L.;30-71701764-8;EX- -APN-REYS#ENACOM 28335203/2021;NEMESIO ALVAREZ;575;2;D   ;1744;MORENO;BUENOS AIRES;(011  )2022-1308;30-2705;0;4243 APN-DNAYRT#ENACOM/2024;04/04/2024;04/04/2027
TCT MOBILE S.A.;30-71193098-8;EXPENACOM 3371/2017;CARLOS PELLEGRINI;833;4°        ;A   ;C1009ABQ;CABA;CIUDAD DE BUENOS AIRES;(011  )9999-9999;30-2338;0;363 -APN-DNAYRT#ENACOM/2017;19/07/2017;17/01/2021
TCT MOBILE S.A.;30-71193098-8;EXPENACOM 3371/2017;LAVALLE;1853;          ;    ;C1051ABA;CABA;CIUDAD DE BUENOS AIRES;(011  )2457-6517;30-2338;0;363 -APN-DNAYRT#ENACOM/2017;19/07/2017;17/01/2021
TEC INSTRUMENTAL S.A.;30-64150457-9;EX- -APN-SDYME#ENACOM 22890637/2017;BLAS PARERA;1007;          ;    ;1602;VICENTE LOPEZ;BUENOS AIRES;(011  )5435-8840;30-2370;0;850 APN-DNAYRT#ENACOM/2017;10/10/2017;17/01/2021
TEC INSTRUMENTAL S.A.;30-64150457-9;EX- -APN-SDYME#ENACOM 22890637/2017;RUIZ HUIDOBRO;2543;          ;    ;1429;CABA;CIUDAD DE BUENOS AIRES;(011  )00  -0000;30-2370;0;850 APN-DNAYRT#ENACOM/2017;10/10/2017;17/01/2021
TECCAM S.R.L.;30-70889813-5;EXPCNC 6512/2010;FRANCISCO BUCARELLI;3053;          ;    ;C1431DRM;CABA;CIUDAD DE BUENOS AIRES;(011  )4542-2382;30-2627;0;5901 -APN-DNAYRT#ENACOM/2023;28/06/2023;28/06/2026
TECH DEPOT S.A.;30-71025995-6;EXPCNC 3756/2011;CALIFORNIA;2082;3;303;C1289AAP;CIUDAD AUTONOMA BUENOS AIRES;CIUDAD DE BUENOS AIRES;(011  )5294-2504;30-1826;0;1699 GI/2011;20/05/2011;20/05/2014
TECH MIND S.A.;30-70756852-2;EXPCNC 10099/2011;PLAZA;760;          ;    ;C1427CVB;CIUDAD AUTONOMA BUENOS AIRES;CIUDAD DE BUENOS AIRES;(011  )4877-7100;30-1849;0;4328 GI/2011;24/10/2011;24/10/2014
TECHNOLOGY BUREAU S.A.;30-64647964-5;EXPCNC E 14385/1998;FLORIDA;537;24;    ;C1005AAK;CABA;CIUDAD DE BUENOS AIRES;(011  )5070-9000;30-2631;0;3069 APN-DNAYRT#ENACOM/2020;06/08/2020;06/08/2023
TECHNOLOGY GROUP S.R.L.;30-69132456-3;EXPCNC 3384/2005;CRAMER;2827;3;B   ;C1428CTU;CABA;CIUDAD DE BUENOS AIRES;(011  )4742-2658;30-2854;0;1606 -APN-DNAYRT#ENACOM/2023;27/02/2023;27/02/2026
TECHNOLOGY GROUP S.R.L.;30-69132456-3;EXPCNC 3384/2005;JULIAN NAVARRO;2911;          ;    ;B1643   ;BECCAR;BUENOS AIRES;;30-2854;0;1606 -APN-DNAYRT#ENACOM/2023;27/02/2023;27/02/2026
TECMACO INTEGRAL S.A.;30-62840617-7;EXPCNC 5743/2014;JERONIMO SALGUERO;2533;8;2;1425;CABA;CIUDAD DE BUENOS AIRES;(011  )4086-5050;30-1990;0;1605 GI/2014;26/05/2014;26/05/2017
TECNET S.A.;30-62248251-3;EXPCNC E 6133/2000;25 DE MAYO;457;6;    ;1002;CIUDAD DE BUENOS AIRES;CIUDAD DE BUENOS AIRES;(011  )4516-8700;30-1371;0;9345 GI/2000;22/08/2000;22/08/2003
TECNET S.A.;30-62248251-3;EXPCNC E 6133/2000;URUGUAY;362;6;    ;C1015ABH;CIUDAD AUTONOMA BUENOS AIRES;CIUDAD DE BUENOS AIRES;(011  )4372-6895;30-1371;0;9345 GI/2000;22/08/2000;22/08/2003
TECNICAS AVANZADAS EN INFORMATICA S.A.;30-64458179-5;EXPCNC 3423/2010;ARCOS ING ANTONIO;2419;4;A   ;C1428AFM;CIUDAD AUTONOMA BUENOS AIRES;CIUDAD DE BUENOS AIRES;(011  )5217-2000;30-1790;0;2424 GI/2010;15/07/2010;15/07/2013
TECNO ACCION S.A.;30-62738989-9;EXPCNC E 6692/1999;BERNARDINO RIVADAVIA;620;7;    ;C1002AAR;CABA;CIUDAD DE BUENOS AIRES;(011  )4321-8900;30-1347;0;3065 GI/2009;01/09/2009;01/09/2012
TECNO INTERNACIONAL S.A.;30-63811456-5;;AVDA. RIVADAVIA;5040;7;A/B ;C1424CES;CIUDAD DE BUENOS AIRES;CAPITAL FEDERAL;(011  )4903-2827;30-982;0;504 SU/1990;05/10/1990;05/10/1993
TECNO RF S.A.;30-70753223-4;EXPCNC E 8572/2001;ACEVEDO EDUARDO;617;5;B   ;C1405BVI;CIUDAD AUTONOMA BUENOS AIRES;CIUDAD DE BUENOS AIRES;(011  )4777-1080;30-1413;0;118 GI/2002;03/01/2002;03/01/2005
TECNO RF S.A.;30-70753223-4;EXPCNC E 8572/2001;MAGALLANES;992;          ;    ;B1642DUD;SAN ISIDRO;BUENOS AIRES;(011  )4742-3027;30-1413;0;118 GI/2002;03/01/2002;03/01/2005
TECNO STAFF S.A.;30-70345919-2;EXPCNC 15448/2008;LARRAZABAL CNEL MARIANO;1695;          ;    ;C1440CUI;CIUDAD AUTONOMA BUENOS AIRES;CIUDAD DE BUENOS AIRES;(011  )4682-0041;30-1727;0;161 GI/2009;19/01/2009;19/01/2012
TECNO VOZ S.A.;30-66108539-4;EXPCNC 5815/2005;AV. FEDERICO LACROZE;3194;1;    ;1426;CIUDAD DE BUENOS AIRES;CIUDAD DE BUENOS AIRES;(011  )5554-8190;30-1532;0;3653 GI/2012;26/09/2012;26/09/2015
TECNO VOZ S.A.;30-66108539-4;EXPCNC 5815/2005;LACROZE FEDERICO;3194;1;    ;C1426CQR;CIUDAD AUTONOMA BUENOS AIRES;CIUDAD DE BUENOS AIRES;(011  )5554-8100;30-1532;0;3653 GI/2012;26/09/2012;26/09/2015
TECNOLOGIA APLICADA S.R.L.;33-63855834-9;;CATAMARCA (N);1569;          ;    ;J5400DYE;SAN JUAN;SAN JUAN;;30-1104;0;427 CN/1991;29/08/1991;29/08/1994
TECNOLOGIA WORK OUT S.A.;30-70884758-1;EXPCNC 15803/2014;BELGRANO;430;3;D   ;C1092AAR;CABA;CIUDAD DE BUENOS AIRES;(011  )5552-1041;30-2047;0;4400 GI/2014;10/12/2014;10/12/2017
TECNOLOGIA WORK OUT S.A.;30-70884758-1;EXPCNC 15803/2014;MONTEVIDEO;1;          ;    ;1923;BERISSO;BUENOS AIRES;(0221 )644 -1172;30-2047;0;4400 GI/2014;10/12/2014;10/12/2017
TECNOLOGIAS DE INFORMACION S.A.;33-71057617-9;EX- -APN-SDYME#ENACOM 11642359/2018;FLORIDA;537;9;    ;1005;CABA;CIUDAD DE BUENOS AIRES;(011  )3810-4847;30-2414;0;1699 APN-DNAYRT#ENACOM/2018;27/03/2018;27/03/2021
TECNORED S.A.;30-70905461-5;EXPCNC 4225/2011;AVDA. AGUSTIN TOSCO NOROESTE COLECTORA;980;          ;    ;5000;CORDOBA;CORDOBA;;30-1829;0;1911 GI/2011;01/06/2011;01/06/2014
TECNORED S.A.;30-70905461-5;EXPCNC 4225/2011;BERUTI;2374;1°        ;A   ;C1117AAB;CABA;CIUDAD DE BUENOS AIRES;;30-1829;0;1911 GI/2011;01/06/2011;01/06/2014
TECNOSUR S.A.;30-71041830-2;EXPCNC 6275/2011;GOBERNADOR UGARTE;3636;          ;    ;B1605EJO;MUNRO;BUENOS AIRES;(011  )3262-6156;30-2456;02-571;5199 APN-DNAYRT#ENACOM/2018;21/12/2018;22/12/2020
TECNOSUR S.A.;30-71041830-2;EXPCNC 6275/2011;JOSE GUEVARA;533;          ;    ;C1427BRK;CABA;CIUDAD DE BUENOS AIRES;;30-2456;02-571;5199 APN-DNAYRT#ENACOM/2018;21/12/2018;22/12/2020
TECNOTRONIC S.A.;30-70993031-8;EXPCNC 8513/2007;ANCHORENA DR TOMAS MANUEL DE;1775;5;A   ;C1425ELM;CIUDAD AUTONOMA BUENOS AIRES;CIUDAD DE BUENOS AIRES;(011  )4828-0905;30-1660;0;4560 GI/2007;05/10/2007;05/10/2010
TECNOTRONIC S.A.;30-70993031-8;EXPCNC 8513/2007;POSADAS;162;          ;    ;V9420EAD;RIO GRANDE;TIERRA DEL FUEGO, ANTARTIDA E ISLAS DEL ATLANTICO SUR;(02964)43  -0871;30-1660;0;4560 GI/2007;05/10/2007;05/10/2010
TECNOUS S.A.;30-59892922-6;EXPCNC 9063/2007;CASEROS;824;          ;    ;C1152AAR;CIUDAD AUTONOMA BUENOS AIRES;CIUDAD DE BUENOS AIRES;(011  )5368-4401;30-1668;0;5409 GI/2007;20/11/2007;20/11/2010
TECNOVIA S.A.;30-68246198-1;EX- -APN-REYS#ENACOM 62778112/2022;PUJOL;1325;          ;    ;C1416CIE;CABA;CIUDAD DE BUENOS AIRES;(011  )5244-2982;30-2812;02-632;4117 APN-DNAYRT#ENACOM/2022;26/07/2022;26/07/2025
TECOAR S.A.;30-69797596-5;EXPCNC E 16799/1999;RIVADAVIA;1367;9°        ;B   ;C1033AAD;CABA;CIUDAD DE BUENOS AIRES;;30-1358;0;6023 APN-DNAYRT#ENACOM/2018;22/10/2018;22/10/2021
TECSIDEL ARGENTINA S.A.;30-71057783-4;EX- -APN-SDYME#ENACOM 11310752/2019;AV BELGRANO;355;4;1;C1092AAQ;CABA;CIUDAD DE BUENOS AIRES;(011  )4343-5935;30-3048;0;2622 APN-DNLAYR#ENACOM/2025;29/10/2025;29/10/2028
TECSIDEL ARGENTINA S.A.;30-71057783-4;EX- -APN-SDYME#ENACOM 11310752/2019;RUFINO CUERVO;1085;          ;    ;X5009GAA;CORDOBA;CORDOBA;(0351 )488 -6622;30-3048;0;2622 APN-DNLAYR#ENACOM/2025;29/10/2025;29/10/2028
TECSS S.R.L.;30-70981439-3;EXPCNC 5301/2007;ALVAREZ JONTE;158;          ;    ;9001;COMODORO RIVADAVIA;CHUBUT;;30-2825;0;1006 APN-DNLAYR#ENACOM/2025;02/10/2025;02/10/2028
TECSS S.R.L.;30-70981439-3;EXPCNC 5301/2007;ARMENIA;2245;4;A   ;C1425FBE;CABA;CIUDAD DE BUENOS AIRES;(011  )9999-9999;30-2825;0;1006 APN-DNLAYR#ENACOM/2025;02/10/2025;02/10/2028
TELEARTE SOCIEDAD ANONIMA EMPRESA DE RADIO Y TELEVISION;30-60160629-8;EXPCNC 13020/2009;AVDA. DORREGO;1782;          ;    ;C1414CKZ;CABA;CIUDAD DE BUENOS AIRES;(011  )4654-1325;30-1764;0;275 GI/2010;22/01/2010;22/01/2013
TELEAST S.A.;33-63260630-9;;CACHIMAYO;860;          ;    ;C1424ARD;CIUDAD DE BUENOS AIRES;CAPITAL FEDERAL;(011  )4921-5927;30-1103;0;20 CN/1991;11/01/1991;11/01/1994
TELECENTRO S.A.;30-64089726-7;EX- -APN-REYS#ENACOM 14527962/2024;CORRIENTES;640;3;38A ;1043;CABA;CIUDAD DE BUENOS AIRES;;30-2915;0;3300 APN-DNAYRT#ENACOM/2024;04/04/2024;04/04/2027
TELECOM ARGENTINA S.A.;30-63945373-8;EX- -APN-SDYME#ENACOM 29958999/2018;DORREGO;2520;          ;    ;1425;CABA;CIUDAD DE BUENOS AIRES;;30-3008;0;3180 APN-DNAYRT#ENACOM/2022;31/05/2025;31/05/2028
TELECOM ARGENTINA S.A.;30-63945373-8;EX- -APN-SDYME#ENACOM 29958999/2018;GRAL. HORNOS;690;PB        ;    ;1272;CABA;CIUDAD DE BUENOS AIRES;;30-3008;0;3180 APN-DNAYRT#ENACOM/2022;31/05/2025;31/05/2028
TELECOM PERSONAL S.A.;30-67818644-5;EXPCNC 9716/2005;ALICIA MOREAU DE JUSTO;50;4°        ;    ;C1107AAB;CABA;CIUDAD DE BUENOS AIRES;(011  )4706-6900;30-2250;0;7315 -E-APN-ENACOM#MCO/2016;20/10/2016;20/10/2019
TELECOM PERSONAL S.A.;30-67818644-5;EXPCNC 9716/2005;MOREAU DE JUSTO ALICIA;50;7;    ;C1107AAB;CIUDAD AUTONOMA BUENOS AIRES;CIUDAD DE BUENOS AIRES;(011  )4706-6900;30-2250;0;7315 -E-APN-ENACOM#MCO/2016;20/10/2016;20/10/2019
TELECOM SOLUCIONES S.A.;30-68236043-3;EXPCNC E 5378/1997;MOREAU DE JUSTO ALICIA;50;11;    ;C1107AAB;CIUDAD AUTONOMA BUENOS AIRES;CIUDAD DE BUENOS AIRES;(011  )4346-1100;30-1299;0;1964 GI/1997;06/08/1997;06/08/2000
TELECOMUNICACIONES AMPER ARGENTINA S.A.;30-58377167-7;EXPCNTMESA E 13810/1995;ROCA PRES GRAL JULIO ARGENTINO;620;6;    ;C1067ABO;CIUDAD AUTONOMA BUENOS AIRES;CIUDAD DE BUENOS AIRES;(011  )4331-7810;30-1256;0;6472 GI/1995;20/09/1995;20/09/1998
TELECOMUNICACIONES DEL SUR S.A.;30-71473417-9;EXPCNC 2953/2015;AV. SAN MARTIN;S/N;          ;    ;8418;ING. JACOBACCI;RIO NEGRO;(011  )6521-8009;30-2619;02-591;2790 APN-DNAYRT#ENACOM/2020;04/07/2020;04/07/2023
TELECOMUNICACIONES DEL SUR S.A.;30-71473417-9;EXPCNC 2953/2015;LEANDRO N. ALEM;584;11°       ;    ;C1001AAN;CABA;CIUDAD DE BUENOS AIRES;(011  )4403-9706;30-2619;02-591;2790 APN-DNAYRT#ENACOM/2020;04/07/2020;04/07/2023
TELECOMUNICACIONES FUEGUINAS S.A.;30-71149852-0;EXPCNC 1986/2011;25 DE MAYO;260;3;4;9410;USHUAIA;TIERRA DEL FUEGO, ANTARTIDA E ISLAS DEL ATLANTICO SUR;(02964)42  -9620;30-2957;02-669;8023 APN-DNAYRT#ENACOM/2024;21/08/2024;21/08/2027
TELECOMUNICACIONES FUEGUINAS S.A.;30-71149852-0;EXPCNC 1986/2011;INDEPENDENCIA;2049;PB        ;1;C1225AAC;CABA;CIUDAD DE BUENOS AIRES;(011  )4308-1128;30-2957;02-669;8023 APN-DNAYRT#ENACOM/2024;21/08/2024;21/08/2027
TELECOMUNICACIONES INFOTEL S.A.;30-67986772-1;EXPCNC E 3339/1997;LAVALLE GRAL JUAN;2306;4;407;C1052AAB;CIUDAD AUTONOMA BUENOS AIRES;CIUDAD DE BUENOS AIRES;;30-1292;0;1020 GI/1997;08/07/1997;08/07/2000
TELECOPIA S.A.;30-58775374-6;;LAVALLE;1454;1;    ;C1048AAJ;CIUDAD DE BUENOS AIRES;CAPITAL FEDERAL;;30-738;0;666 CN/1991;21/11/1991;21/11/1994
TELECROM S.R.L.;30-59331843-1;;MENTRUYT;1344;          ;    ;B1828CXJ;BANFIELD;BUENOS AIRES;(011  )4248-6723;30-891;0;4001 SU/1988;05/01/1988;05/01/1991
TELECTRONICA CODIFICACION S.A.;30-70732907-2;EXPCNC 11240/2006;BELGRANO MANUEL;1580;1;    ;C1093AAQ;CIUDAD AUTONOMA BUENOS AIRES;CIUDAD DE BUENOS AIRES;(011  )4381-5222;30-1607;0;345 GI/2010;27/01/2010;27/01/2013
TELEFAX S.A.;30-61137602-9;;LAVALLE;1141;          ;    ;1048;CIUDAD DE BUENOS AIRES;CAPITAL FEDERAL;;30-798;0;40 GI/1990;18/01/1990;18/01/1993
TELEFONIA AUTOMATICA S.A.;30-58000786-0;;LEIVA;4363;          ;    ;C1427EMI;CIUDAD DE BUENOS AIRES;CAPITAL FEDERAL;(011  )4854-2701;30-875;0;344 CN/1991;12/07/1991;12/07/1994
TELEFONICA DATA ARGENTINA S.A.;30-69119165-2;EXPCNC E 9705/2000;SUIPACHA;150;5;    ;C1008AAD;CIUDAD AUTONOMA BUENOS AIRES;CIUDAD DE BUENOS AIRES;(011  )4333-6215;30-1381;0;4285 GI/2004;21/12/2004;21/12/2007
TELEFONICA DATA ARGENTINA S.A.;30-69119165-2;EXPCNC E 9705/2000;TUCUMAN;1;18;    ;C1049AAA;CIUDAD AUTONOMA BUENOS AIRES;CIUDAD DE BUENOS AIRES;(011  )4333-6215;30-1381;0;4285 GI/2004;21/12/2004;21/12/2007
TELEFONICA DE ARGENTINA S.A.;30-63945397-5;EXPCNC 1597/2002;CORRIENTES;707;PB        ;    ;1043;CABA;CIUDAD DE BUENOS AIRES;;30-2271;0;7366 APN-DNAYRT#ENACOM/2022;06/12/2022;06/12/2025
TELEFONICA DE ARGENTINA S.A.;30-63945397-5;EXPCNC 1597/2002;CORRIENTES;707;PB        ;    ;C1043AAH;CIUDAD AUTONOMA BUENOS AIRES;CIUDAD DE BUENOS AIRES;;30-2271;0;7366 APN-DNAYRT#ENACOM/2022;06/12/2022;06/12/2025
TELEFONICA MOVILES ARGENTINA S.A.;30-67881435-7;EXPCNC 799/2006;CORRIENTES;707;PB        ;    ;C1043AAH;CIUDAD AUTONOMA BUENOS AIRES;CIUDAD DE BUENOS AIRES;;30-2272;0;4500 APN-DNLAYR#ENACOM/2025;02/11/2025;02/11/2025
TELEFONICA ON THE SPOT SERVICES S.A.U.SUCURSAL EN ARGENTINA;30-70983651-6;EX- -APN-SDYME#ENACOM 66970957/2019;AV INDEPENDENCIA;169;PB        ;    ;C1099AAB;CABA;CIUDAD DE BUENOS AIRES;(011  )4332-2017;30-2541;0;9568 APN-DNAYRT#ENACOM/2019;23/08/2019;23/08/2022
TELEMED S.R.L.;30-68180067-7;EXPCNC E 13736/1999;25 DE MAYO;347;4º        ;445;C1002ABG;CABA;CIUDAD DE BUENOS AIRES;(011  )4311-5649;30-1354;0;2 APN-DNAYRT#ENACOM/2024;02/01/2024;02/01/2027
TELEMET SIAP S.A.;30-60642642-5;EXPCNC 8912/2004;AÑASCO JOSE IGNACIO;2741;          ;    ;C1416CUM;CIUDAD AUTONOMA BUENOS AIRES;CIUDAD DE BUENOS AIRES;;30-1232;0;3349 GI/2008;19/09/2008;19/09/2011
TELEMONITOREO S.A.;30-68823335-2;EXPCNC E 6616/1998;URQUIZA GRAL JUSTO JOSE DE;340;P         ;    ;C1215ADH;CIUDAD AUTONOMA BUENOS AIRES;CIUDAD DE BUENOS AIRES;(011  )4957-0182;30-1318;0;2712 GI/1998;08/07/1998;08/07/2001
TELEQUIPO S.A.;30-62686462-3;;AVDA. SANTA FE;1643;1;    ;C1060ABC;CIUDAD DE BUENOS AIRES;CAPITAL FEDERAL;;30-597;02-276;508 GI/1983;01/01/1983;01/01/1986
TELERGY S.A.;30-70890631-6;EXPCNC 9362/2007;BULNES;2756;2;    ;C1425DKX;CIUDAD AUTONOMA BUENOS AIRES;CIUDAD DE BUENOS AIRES;(011  )4806-2277;30-1665;0;5243 GI/2007;08/11/2007;08/11/2010
TELESERV ARGENTINA S.R.L.;30-70846284-1;EXPCNC 6913/2008;MONTEVIDEO;770;4;    ;C1019ABP;CIUDAD AUTONOMA BUENOS AIRES;CIUDAD DE BUENOS AIRES;(011  )5595-1753;30-1705;0;3801 GI/2011;15/09/2011;15/09/2014
TELESERV ARGENTINA S.R.L.;30-70846284-1;EXPCNC 6913/2008;RUIZ MORENO;265;          ;    ;B2930IPE;SAN PEDRO;BUENOS AIRES;(011  )5595-1753;30-1705;0;3801 GI/2011;15/09/2011;15/09/2014
TELESPAZIO S.P.A.;30-68251835-5;EXPCNC 4420/2002;CALIFORNIA;2082;1;D113;C1289AAP;CIUDAD AUTONOMA BUENOS AIRES;CIUDAD DE BUENOS AIRES;(011  )4110-1306;30-2321;0;262 -APN-DNAYRT#ENACOM/2017;19/06/2017;17/01/2021
TELETEX S.A.;30-59787608-0;;PIEDRAS;333;PB        ;    ;C1070AAG;CIUDAD DE BUENOS AIRES;CIUDAD DE BUENOS AIRES;(011  )4342-8074;30-938;0;3627 GI/1998;11/09/1998;11/09/2001
TELEUSHUAIA S.A.;30-60739496-9;;COSTA RICA;4941;          ;    ;C1414BSO;CIUDAD DE BUENOS AIRES;CAPITAL FEDERAL;;30-1091;0;344 CN/1991;12/07/1991;12/07/1994
TELEXTORAGE S.A.;30-69688102-9;EXPCNC 9556/2003;ALEM LEANDRO NICEFORO;896;12;    ;C1001AAQ;CIUDAD AUTONOMA BUENOS AIRES;CIUDAD DE BUENOS AIRES;(011  )5238-3500;30-1472;0;227 GI/2004;15/01/2004;15/01/2007
TELINEX S.A.I.C.;33-50415160-9;;SAN MARTIN;663;3;    ;C1004AAM;CIUDAD AUTONOMA BUENOS AIRES;CIUDAD DE BUENOS AIRES;(011  )4312-1312;30-947;02-435;4122 SU/1989;26/06/1989;26/06/1992
TELINVER S.A.;30-65411876-7;EXPCNC E 3339/1997;TUCUMAN;1;18;    ;C1049AAA;CIUDAD DE BUENOS AIRES;CAPITAL FEDERAL;(011  )4348-1890;30-1294;0;1020 GI/1997;08/07/1997;08/07/2000
TELLEX S.A.;30-63040207-3;EXPCNC E 17581/1999;ACOYTE;449;          ;    ;C1405BCG;CIUDAD AUTONOMA BUENOS AIRES;CIUDAD DE BUENOS AIRES;(011  )4904-0382;30-1362;0;1140 GI/2000;04/02/2000;04/02/2003
TELMEX ARGENTINA S.A.;33-69509841-9;EXPCNC 13307/2010;AVDA. DE MAYO;878;          ;    ;C1084AAQ;CABA;CIUDAD DE BUENOS AIRES;(011  )4000-3030;30-1819;0;566 GI/2011;17/02/2011;17/02/2014
TELTRONIC S.A.;30-70744258-8;EXPCNC E 10164/2000;MAIPU;812;PB        ;17;C1006ACL;CIUDAD DE BUENOS AIRES;CAPITAL FEDERAL;(011  )4894-1321;30-1384;0;183 GI/2001;11/01/2001;11/01/2004
TELTRONICS S.A.;33-65851649-9;EXPCNT 6487/1994;PARANA;123;          ;20;C1017AAC;CIUDAD DE BUENOS AIRES;CAPITAL FEDERAL;(011  )4372-7593;30-1220;0;1627 CN/1994;17/08/1994;17/08/1997
TEMPEL S.A.;30-70719188-7;EX- -APN-REYS#ENACOM 17746831/2025;FOREST;931;          ;    ;1427;CABA;CIUDAD DE BUENOS AIRES;;30-2998;0;921 APN-DNAYRT#ENACOM/2025;22/04/2025;22/04/2028
TEMPEL S.A.;30-70719188-7;EX- -APN-REYS#ENACOM 17746831/2025;JUAN BAUTISTA ALBERDI;431;5;501;1636;OLIVOS;BUENOS AIRES;(011  )4897-7184;30-2998;0;921 APN-DNAYRT#ENACOM/2025;22/04/2025;22/04/2028
TEMTEC S.A.;30-70797770-8;EXPENACOM 9643/2016;PALESTINA;684;          ;    ;1182;CABA;CIUDAD DE BUENOS AIRES;(011  )4862-0062;30-2235;0;6648 -E-APN-ENACOM#MCO/2016;14/09/2016;14/09/2019
TENACTA S.A.;30-68263948-9;EXPENACOM 10821/2016;GIRARDOT;1449;          ;    ;C1427AKE;CABA;CIUDAD DE BUENOS AIRES;(011  )4554-7444;30-2242;0;6957 APN-DNAYRT#ENACOM/2022;29/11/2022;29/11/2025
TERMOMETRIA ARGENTINA S.A.;30-70997078-6;EXPENACOM 2342/2017;GURRUCHAGA;1177;4;    ;1414;CABA;CIUDAD DE BUENOS AIRES;(011  )4773-1139;30-2287;0;1623 -APN-ENACOM#MCO/2017;09/03/2017;09/03/2020
TESAM ARGENTINA S.A.;30-68732541-5;EXPCNC E 16721/1999;AGUSTIN MAZA;2140;2;    ;C1240ADT;CABA;CIUDAD DE BUENOS AIRES;(011  )4114-2254;30-2524;0;7720 APN-DNAYRT#ENACOM/2019;05/06/2019;05/06/2022
TESAM ARGENTINA S.A.;30-68732541-5;EXPCNC E 16721/1999;AVDA. LEANDRO N. ALEM;619;1;    ;C1001AAB;CABA;CIUDAD DE BUENOS AIRES;;30-2524;0;7720 APN-DNAYRT#ENACOM/2019;05/06/2019;05/06/2022
TESLA ARGENTINA S.R.L.;30-71937441-3;EX- -APN-ALYAT#ENACOM 64810385/2026;EDUARDO MADERO;900;16º       ;    ;1106;CABA;CIUDAD DE BUENOS AIRES;(011  )4114-5509;30-3127;02-691;9244 APN-DNLAYR#ENACOM/2026;03/08/2026;01/01/2099
TESMA S.A.I.C.;30-54727362-8;EXPCNC 58/2006;ROCA PRES GRAL JULIO ARGENTINO;4009;          ;    ;B1604BZG;FLORIDA OESTE;BUENOS AIRES;;30-1561;02-491;270 GI/2010;22/01/2010;22/01/2013
TESMA S.A.I.C.;30-54727362-8;EXPCNC 58/2006;ROSARIO;683;7;32;C1424CCM;CIUDAD AUTONOMA BUENOS AIRES;CIUDAD DE BUENOS AIRES;;30-1561;02-491;270 GI/2010;22/01/2010;22/01/2013
TESTO ARGENTINA S.A.;30-70803189-1;EXPCNC 7862/2008;YERBAL;5266;4;    ;1407;CABA;CIUDAD DE BUENOS AIRES;;30-2678;0;407 APN-DNAYRT#ENACOM/2021;25/01/2021;25/01/2024
TEVE COMPRAS 2001 S.R.L.;30-68845272-0;EX- -APN-REYS#ENACOM 9170668/2024;CORRIENTES;4850;          ;    ;1414;CABA;CIUDAD DE BUENOS AIRES;(011  )4857-5050;30-2912;0;2021 -APN-DNAYRT#ENACOM/2024;27/02/2024;27/02/2027
TEVELAM S.R.L.;30-60443849-3;EXPCNC 12530/2010;LEIVA MANUEL;3985;          ;    ;C1427EMA;CIUDAD AUTONOMA BUENOS AIRES;CIUDAD DE BUENOS AIRES;;30-1816;0;35 GI/2011;11/01/2011;11/01/2014
TEVELAM S.R.L.;30-60443849-3;EXPCNC 12530/2010;MITRE BARTOLOME;1130;          ;    ;B1604AKQ;FLORIDA OESTE;BUENOS AIRES;(011  )4730-1111;30-1816;0;35 GI/2011;11/01/2011;11/01/2014
TEVYCOM FAPECO S.A.;33-51703033-9;EXPCNT 10974/1994;DEFENSA;363;          ;    ;1065;CIUDAD DE BUENOS AIRES;CIUDAD DE BUENOS AIRES;;30-1226;02-466;1347 GI/2008;16/04/2008;16/04/2011
TEVYCOM FAPECO S.A.;33-51703033-9;EXPCNT 10974/1994;IRIGOYEN DOCTOR BERNARDO DE;190;6;    ;C1072AAD;CIUDAD AUTONOMA BUENOS AIRES;CIUDAD DE BUENOS AIRES;(011  )4331-8027;30-1226;02-466;1347 GI/2008;16/04/2008;16/04/2011
TEYPE S.A.;30-70837513-2;EXPCNC 7411/2004;DARDO ROCHA;1978;          ;09-oct;B1640FSX;MARTINEZ;BUENOS AIRES;(011  )4717-0171;30-1499;0;3830 GI/2004;18/11/2004;18/11/2007
TEYPE S.A.;30-70837513-2;EXPCNC 7411/2004;JOSE LEON CABEZON;3263;          ;    ;C1419FCM;CIUDAD DE BUENOS AIRES;CAPITAL FEDERAL;(011  )4717-5133;30-1499;0;3830 GI/2004;18/11/2004;18/11/2007
THE WALT DISNEY COMPANY (ARGENTINA) S.A.;30-63984459-1;EXPCNC 8730/2013;TUCUMAN;1;4;    ;C1049AAA;CIUDAD AUTONOMA BUENOS AIRES;CIUDAD DE BUENOS AIRES;(011  )4814-8500;30-1943;0;3541 GI/2013;17/09/2013;17/09/2016
TLRD ARGENTINA S.A.;30-71418871-9;EXPENACOM 270/2016;PASAJE TTE M PRUDAN;1219;PB        ;2;C1242AEA;CABA;CIUDAD DE BUENOS AIRES;(011  )3180-9306;30-2530;0;8180 APN-DNAYRT#ENACOM/2019;25/06/2019;25/06/2022
TODOFAX S.R.L.;30-64077248-0;;ESMERALDA;1066;3;B   ;C1007ABN;CIUDAD DE BUENOS AIRES;CAPITAL FEDERAL;(011  )4312-6489;30-1013;0;55 CN/1991;24/01/1991;24/01/1994
TODOMUSICA S.A.;30-60966180-8;EX- -APN-SDYME#ENACOM 33935573/2017;WARNES;2280;          ;    ;1427;CABA;CIUDAD DE BUENOS AIRES;(011  )5544-8000;30-2387;0;11188 APN-DNAYRT#ENACOM/2023;14/12/2023;14/12/2026
TOKO ARGENTINA S.A.;30-68826020-1;EXPCNC 17328/2014;URIARTE;1847;          ;    ;C1414DAU;CABA;CIUDAD DE BUENOS AIRES;(011  )4831-1007;30-2052;0;4722 GI/2014;30/12/2014;30/12/2017
TORRADO, EDUARDO DANIEL;20-11684686-2;EX- -APN-REYS#ENACOM 111941700/2021;DEFENSA;269;          ;    ;1065;CABA;CIUDAD DE BUENOS AIRES;(011  )4589-5307;30-2766;0;130 APN-DNAYRT#ENACOM/2022;07/01/2022;07/01/2025
TOSHIBA DE ARGENTINA S.R.L.;30-71196559-5;EXPCNC 2770/2012;MADERO DOCTOR EDUARDO;1020;5;B   ;C1106ACX;CIUDAD AUTONOMA BUENOS AIRES;CIUDAD DE BUENOS AIRES;(011  )4516-1500;30-1864;0;1198 GI/2012;20/04/2012;20/04/2015
TOTAL HOME S.A.;30-71179042-6;EXPAFTIC 6992/2015;AVDA. CABILDO;3654;10;C   ;C1429AAU;CABA;CIUDAD DE BUENOS AIRES;(011  )9999-9999;30-2161;0;449 ENACOM/2016;18/03/2016;18/03/2019
TOTAL HOME S.A.;30-71179042-6;EXPAFTIC 6992/2015;MARTIN M. GUEMES;695;          ;    ;B1638CJE;VICENTE LOPEZ;BUENOS AIRES;(011  )4796-1006;30-2161;0;449 ENACOM/2016;18/03/2016;18/03/2019
TOTALNEO S.R.L.;30-71512360-2;EXPENACOM 1259/2016;GRAL JUAN JOSE VIAMONTE;1453;8°        ;54;C1055ABA;CABA;CIUDAD DE BUENOS AIRES;(011  )2303-4606;30-3013;0;2638 APN-DNAYRT#ENACOM/2025;16/07/2025;16/07/2028
TOYOTA ARGENTINA SOCIEDAD ANONIMA;33-67913936-9;EXPCNC 4158/2006;EDUARDO MADERO;1020;5º        ;    ;C1106ACX;CABA;CIUDAD DE BUENOS AIRES;;30-3076;0;6258 APN-DNLAYR#ENACOM/2026;31/03/2026;
TOYOTA MATERIAL HANDLING MERCOSUR INDUSTRIA E COMERCIO DE EQUIPAMENTOS LIMITADA;30-70868780-0;EXPAFTIC 6750/2015;AVDA. E. MADERO;1020;5°        ;    ;C1106ACX;CABA;CIUDAD DE BUENOS AIRES;(011  )4846-1200;30-2988;0;359 APN-DNAYRT#ENACOM/2025;24/02/2025;24/02/2028
TOYOTA MATERIAL HANDLING MERCOSUR INDUSTRIA E COMERCIO DE EQUIPAMENTOS LIMITADA;30-70868780-0;EXPAFTIC 6750/2015;PARIS;165;          ;    ;1611;DON TORCUATO;BUENOS AIRES;(011  )2152-0000;30-2988;0;359 APN-DNAYRT#ENACOM/2025;24/02/2025;24/02/2028
TP-LINK S.R.L.;30-71238644-0;EXPCNC 5613/2013;AVDA. LEANDRO N. ALEM;592;11;    ;C1001AAN;CABA;CIUDAD DE BUENOS AIRES;(011  )4516-0399;30-1931;0;2681 GI/2013;07/08/2013;07/08/2016
TRACK MAR S.A.C.I.;30-56304491-4;EX- -APN-SDYME#ENACOM 23165313/2017;PANAMERICANA;KM 31.5;          ;    ;1618;EL TALAR;BUENOS AIRES;(011  )3805-8378;30-2371;0;1064 APN-DNAYRT#ENACOM/2017;20/10/2017;17/01/2021
TRACK MAR S.A.C.I.;30-56304491-4;EX- -APN-SDYME#ENACOM 23165313/2017;TUCUMAN;1429;10;C   ;C1050AAC;CABA;CIUDAD DE BUENOS AIRES;(011  )00  -0000;30-2371;0;1064 APN-DNAYRT#ENACOM/2017;20/10/2017;17/01/2021
TRACKING IOT ARGENTINA S.A.;30-71879111-8;EX- -APN-REYS#ENACOM 76423449/2025;PALERMO;1;5;A   ;1425;VENADOS GRANDES;CHACO;;30-3030;0;698 -APN-DNLAYR/2025;22/09/2025;22/09/2028
TRAFIC COMUNICACIONES S.R.L.;30-71116426-6;EXPCNC 1036/2010;O´HIGGINS;4160;          ;    ;1429;CABA;CIUDAD DE BUENOS AIRES;(011  )4555-6565;30-2536;0;8731 APN-DNAYRT#ENACOM/2019;19/07/2019;19/07/2022
TRAMEC ELECTRONICA S.R.L.;30-50443891-7;EXPCNT 5162/1994;SAN LORENZO;2646;          ;    ;B1636BVX;OLIVOS;BUENOS AIRES;(011  )4799-1922;30-734;02-332;1301 CN/1994;13/07/1994;13/07/1997
TRANE DE ARGENTINA S.A.;30-66210229-2;EXPCNC 6608/2013;MAIPU;1210;5;    ;C1006ACT;CIUDAD AUTONOMA BUENOS AIRES;CIUDAD DE BUENOS AIRES;(011  )4730-6000;30-2264;0;9379 -E-APN-ENACOM#MCO/2016;21/12/2016;21/12/2019
TRANE DE ARGENTINA S.A.;30-66210229-2;EXPCNC 6608/2013;MITRE BARTOLOME;1345;          ;    ;1602;MUNRO;BUENOS AIRES;(011  )4730-6000;30-2264;0;9379 -E-APN-ENACOM#MCO/2016;21/12/2016;21/12/2019
TRANS INDUSTRIAS ELECTRONICAS S.A.;30-61075313-9;EXPCNC E 14977/1998;EL SALVADOR;5957;          ;    ;C1414BQK;CABA;CIUDAD DE BUENOS AIRES;(011  )4778-7670;30-2789;0;3330 APN-DNAYRT#ENACOM/2022;15/06/2022;15/06/2025
TRANSISTEMAS S.A.;30-58734476-5;EXPCNC E 15081/1999;AVDA. LEANDRO N. ALEM;855;25;    ;C1001AAD;CIUDAD DE BUENOS AIRES;CAPITAL FEDERAL;(011  )4590-3600;30-802;0;3051 GI/2005;02/08/2005;02/08/2008
TRANSISTEMAS S.A.;30-58734476-5;EXPCNC E 15081/1999;BOLIVAR;569;          ;    ;C1066AAK;CIUDAD DE BUENOS AIRES;CAPITAL FEDERAL;(011  )4331-0505;30-802;0;3051 GI/2005;02/08/2005;02/08/2008
TRANSLAB S.A.;30-70802421-6;EXPCNC 2566/2013;BELAUSTEGUI DR LUIS;3527;          ;    ;C1407EXE;CIUDAD AUTONOMA BUENOS AIRES;CIUDAD DE BUENOS AIRES;(011  )3535-0940;30-1907;0;1135 GI/2013;17/04/2013;17/04/2016
TRASCOPIER S.A.;30-64642020-9;EXPCNC 2101/2004;TTE. GRAL. JUAN D. PERON;1781;          ;    ;C1037ACG;CABA;CIUDAD DE BUENOS AIRES;(011  )6344-0031;30-2895;0;8510 APN-DNAYRT#ENACOM/2023;31/10/2023;31/10/2026
TRIADA TEC S.R.L.;30-71054872-9;EXPAFTIC 2859/2015;CARLOS ANTONIO LOPEZ;3648;          ;    ;C1419EUF;CABA;CIUDAD DE BUENOS AIRES;(011  )4501-3939;30-2131;0;422 DINAPTIC/2015;15/10/2015;15/10/2018
TRIALCOM S.R.L.;30-71230919-5;EX- -APN-REYS#ENACOM 81384607/2022;CASTRO BARROS;945;          ;    ;1217;CABA;CIUDAD DE BUENOS AIRES;(011  )4957-6788;30-2822;02-637;937 APN-DNLAYR#ENACOM/2025;30/09/2025;30/09/2028
TRIBAL S.A.;30-62242235-9;EXPCNT E 36049/1996;VERA;558;          ;    ;C1414AOL;CIUDAD DE BUENOS AIRES;CAPITAL FEDERAL;;30-1279;0;3946 GI/1996;04/11/1996;04/11/1999
TRIMER S.A.;30-58381535-6;;FRAY JUSTO SANTA MARIA DE ORO;2040;          ;    ;C1425FOB;CIUDAD DE BUENOS AIRES;CAPITAL FEDERAL;(011  )4774-4470;30-712;0;4122 SU/1989;26/06/1989;26/06/1992
TSC S.A.;30-70776107-1;EXPCNC E 8580/2001;VENEZUELA;4226;          ;    ;C1211ABF;CIUDAD DE BUENOS AIRES;CAPITAL FEDERAL;(011  )4983-0789;30-1924;0;2187 GI/2013;28/06/2013;28/06/2016
TTN S.A.;30-70733184-0;EXPCNC E 4284/2001;AYACUCHO;1639;3;D   ;C1112AAC;CIUDAD DE BUENOS AIRES;CIUDAD DE BUENOS AIRES;(011  )4805-3486;30-1398;0;4175 GI/2001;04/09/2001;04/09/2004
TTN S.A.;30-70733184-0;EXPCNC E 4284/2001;FRAGUEIRO;212;          ;    ;5000;CORDOBA;CORDOBA;(0351 )421 -9666;30-1398;0;4175 GI/2001;04/09/2001;04/09/2004
TYROS TRADE S.R.L.;30-66196532-7;EXPCNC E 2864/1999;LAVALLE GRAL JUAN;2410;          ;    ;B1602DYT;FLORIDA;BUENOS AIRES;(011  )4795-1668;30-1340;0;1226 GI/1999;12/04/1999;12/04/2002
UBICAR S.R.L.;30-70052972-6;EXPCNC E 9369/1999;INDEPENDENCIA;3333;          ;    ;1225;CIUDAD DE BUENOS AIRES;CIUDAD DE BUENOS AIRES;(011  )4893-1471;30-1350;0;3765 GI/1999;09/09/1999;09/09/2002
UNIBELL ARGENTINA S.A.;30-67660924-1;EXPCNC E 5582/2001;JUAN PUJOL;1047;          ;    ;C1405ALK;CABA;CIUDAD DE BUENOS AIRES;;30-2503;0;4869 APN-DNAYRT#ENACOM/2019;11/04/2019;11/04/2022
UNIFY COMMUNICATIONS S.A.;30-71022836-8;EXPCNC 8884/2007;PEDRO DEL CASTILLO;1435;          ;    ;C1414AXE;CABA;CIUDAD DE BUENOS AIRES;(011  )6091-4000;30-1663;0;5117 APN-DNAYRT#ENACOM/2023;30/05/2023;01/01/2099
UNIMICRO ARGENTINA S.A.;30-64302452-3;EXPCNC E 15339/1999;SARMIENTO;1230;8;    ;C1041AAZ;CIUDAD DE BUENOS AIRES;CAPITAL FEDERAL;(011  )4382-2385;30-1127;0;5996 GI/1999;07/12/1999;07/12/2002
UNISYS SUDAMERICANA S.R.L.;34-52550553-9;EXPCNTMESA E 16265/1995;PASEO COLON;505;3;    ;C1063ACF;CIUDAD AUTONOMA BUENOS AIRES;CIUDAD DE BUENOS AIRES;(011  )4343-1666;30-1259;0;7193 GI/1995;06/11/1995;06/11/1998
UNITCOM S.A.;30-69450644-1;EXPCNC E 5836/2001;TUCUMAN;3641;          ;    ;1189;CIUDAD DE BUENOS AIRES;CAPITAL FEDERAL;(011  )4863-5125;30-1405;0;4539 GI/2001;02/10/2001;02/10/2004
UNITRONIC S.A.;30-55448211-9;;PERU;1028;          ;    ;C1068AAL;CIUDAD DE BUENOS AIRES;CAPITAL FEDERAL;(011  )4361-1222;30-1028;0;145 CN/1991;11/04/1991;11/04/1994
US ROBOTICS AMERICAS LLC (SUCURSAL ARGENTINA);30-70743087-3;EXPCNC E 8389/2001;3 DE FEBRERO;3005;2;11;C1429BFE;CIUDAD AUTONOMA BUENOS AIRES;CIUDAD DE BUENOS AIRES;(011  )4014-9422;30-1415;0;349 GI/2002;28/01/2002;28/01/2005
UTOPIX NETWORKS S.A.;30-70962111-0;EX- -APN-SDYME#ENACOM 35460535/2018;PEDRO DEL CASTILLO;1366;SUB.      ;4;1414;CABA;CIUDAD DE BUENOS AIRES;(011  )4779-3900;30-2441;0;4163 APN-DNAYRT#ENACOM/2018;16/08/2018;16/08/2021
UWERSI S.A.;30-55904302-4;;AVDA. CORRIENTES;2438;6;A   ;C1046AAP;CIUDAD DE BUENOS AIRES;CAPITAL FEDERAL;;30-1105;0;427 CN/1991;29/08/1991;29/08/1994
VALLINA, CARLOS ALBERTO;20-11018603-8;;CONCORDIA;920;          ;    ;C1407DIR;CIUDAD DE BUENOS AIRES;CAPITAL FEDERAL;;30-645;02-327;4060 SU/1985;14/11/1985;14/11/1988
VEC S.R.L.;30-61564727-2;EXPCNC E 9342/2000;CAZADORES DE COQUIMBO;3122;          ;    ;B1605EAF;MUNRO;BUENOS AIRES;(011  )4756-0461;30-2533;0;8306 APN-DNAYRT#ENACOM/2019;01/07/2019;01/07/2022
VEC S.R.L.;30-61564727-2;EXPCNC E 9342/2000;LIMA;355;3;D   ;C1073AAG;CABA;CIUDAD DE BUENOS AIRES;(011  )4762-3990;30-2533;0;8306 APN-DNAYRT#ENACOM/2019;01/07/2019;01/07/2022
VELOCOM ARGENTINA S.A.;30-69560390-4;EXPENACOM 15500/2016;SAN MARTIN;638;4;    ;C1004AAN;CIUDAD AUTONOMA BUENOS AIRES;CIUDAD DE BUENOS AIRES;(011  )4103-1300;30-2279;0;684 -APN-ENACOM#MCO/2017;06/02/2017;06/02/2020
VELUX ARGENTINA S.A.;30-69554643-9;EX- -APN-SDYME#ENACOM 49075023/2018;COLECTORA;KM 40;1;B10 ;1669;DEL VISO;BUENOS AIRES;(0348 )4639-0944;30-2467;0;6020 APN-DNAYRT#ENACOM/2018;22/10/2018;22/10/2021
VELUX ARGENTINA S.A.;30-69554643-9;EX- -APN-SDYME#ENACOM 49075023/2018;PELLEGRINI;961;3;    ;1009;CABA;CIUDAD DE BUENOS AIRES;(011  )4394-8480;30-2467;0;6020 APN-DNAYRT#ENACOM/2018;22/10/2018;22/10/2021
VERIFONE (ARGENTINA) S.A.;30-68252654-4;EXPCNC E 4509/2001;TRONADOR;4890;14º       ;    ;1430;CABA;CIUDAD DE BUENOS AIRES;;30-3062;02-685;7079 APN-DNLAYR#ENACOM/2025;29/12/2025;29/12/2028
VERISURE ARGENTINA MONITOREO DE ALARMAS S.A.;33-71630774-9;EX- -APN-SDYME#ENACOM 36011807/2019;HUMBOLDT;2495;10;    ;C1425FUG;CABA;CIUDAD DE BUENOS AIRES;(011  )3156-9165;30-2523;0;7404 APN-DNAYRT#ENACOM/2019;30/05/2019;30/05/2022
VIDISUR S.R.L.;30-67732832-7;EXPCNC E 4418/1998;AVDA. JUAN B. ALBERDI;313;          ;    ;C1424BYD;CIUDAD DE BUENOS AIRES;CAPITAL FEDERAL;(011  )4902-7755;30-1313;02-460;2104 GI/1998;21/05/1998;21/05/2001
VIDITEC S.A.;30-59015101-3;EXPCNC 8814/2006;HUMBERTO PRIMO;2889;          ;    ;C1231ACE;CABA;CIUDAD DE BUENOS AIRES;;30-2932;0;4244 APN-DNAYRT#ENACOM/2024;24/04/2024;24/04/2027
VILLARREAL, ELBA BEATRIZ;27-16231477-2;EXPCNC 7619/2004;CHACABUCO;361;3;F   ;C1069AAG;CIUDAD DE BUENOS AIRES;CAPITAL FEDERAL;(011  )4343-7644;30-1503;0;3827 GI/2004;18/11/2004;18/11/2007
VILLARREAL, ELBA BEATRIZ;27-16231477-2;EXPCNC 7619/2004;LA PAMPA;106;          ;    ;1714;ITUZAINGO;BUENOS AIRES;;30-1503;0;3827 GI/2004;18/11/2004;18/11/2007
VILOMA IMPORT S.A.;30-54841677-5;;PARAGUAY;631;          ;    ;C1057AAG;CIUDAD DE BUENOS AIRES;CIUDAD DE BUENOS AIRES;;30-1156;0;719 CN/1991;10/12/1991;10/12/1994
VIRTEC S.R.L.;30-70775861-5;EXPCNC 11097/2005;BALCARCE;260;3;A   ;C1064AAF;CIUDAD AUTONOMA BUENOS AIRES;CIUDAD DE BUENOS AIRES;;30-1562;02-510;1529 GI/2009;22/04/2009;22/04/2012
VIRTEC S.R.L.;30-70775861-5;EXPCNC 11097/2005;ROSAS CASTILLO SGTO AVIADOR LEON;1878;          ;    ;B1686HMJ;HURLINGHAM;BUENOS AIRES;(011  )4452-0942;30-1562;02-510;1529 GI/2009;22/04/2009;22/04/2012
VISICOMP S.A.;30-60015943-3;;VALENTIN VIRASORO;1875;          ;    ;C1414CDO;CIUDAD DE BUENOS AIRES;CAPITAL FEDERAL;(011  )4856-5764;30-992;0;48 CN/1990;21/12/1990;21/12/1993
VISTEON S.A.;30-59668114-6;EXPCNC 11557/2007;AV. LEANDRO N ALEM;882;          ;    ;C1001AAQ;CABA;CIUDAD DE BUENOS AIRES;;30-2377;0;1426 APN-DNAYRT#ENACOM/2017;13/11/2017;17/01/2021
VISTEON S.A.;30-59668114-6;EXPCNC 11557/2007;JUAN DIAZ DE SOLIS;1860;4;2;1636;VICENTE LOPEZ;BUENOS AIRES;;30-2377;0;1426 APN-DNAYRT#ENACOM/2017;13/11/2017;17/01/2021
VISUALTEL ARGENTINA S.A.;30-70504053-9;EXPCNC 7018/2005;CERRITO;1130;5;    ;C1010AAX;CIUDAD DE BUENOS AIRES;CAPITAL FEDERAL;(011  )4816-8088;30-1543;0;218 GI/2009;22/01/2009;22/01/2012
VISUAR S.A.;30-65553446-2;EXPCNC 3398/2010;BENITO QUINQUELA MARTIN;1924;          ;    ;C1296ADN;CABA;CIUDAD DE BUENOS AIRES;(011  )4109-3000;30-3104;0;7940 APN-DNLAYR#ENACOM/2026;26/05/2026;01/01/2099
VITELCOM MEXICO S.A. DE C.V.;30-70871170-1;EXPCNC 2756/2004;CORRIENTES;311;          ;    ;C1043AAD;CIUDAD AUTONOMA BUENOS AIRES;CIUDAD DE BUENOS AIRES;(011  )5032-3388;30-1484;0;2203 GI/2004;05/07/2004;05/07/2007
VITELCOM MEXICO S.A. DE C.V.;30-70871170-1;EXPCNC 2756/2004;PERU;367;10;    ;C1067AAG;CIUDAD AUTONOMA BUENOS AIRES;CIUDAD DE BUENOS AIRES;(011  )4343-8209;30-1484;0;2203 GI/2004;05/07/2004;05/07/2007
VOLKSWAGEN ARGENTINA S.A.;30-50401884-5;EXPCNC 1307/2007;HENRY FORD Y DELCASSE;3101;          ;    ;B1610BKK;GENERAL PACHECO;BUENOS AIRES;(011  )4317-9218;30-2608;0;5353 APN-DNAYRT#ENACOM/2023;06/06/2023;06/06/2026
VOLKSWAGEN ARGENTINA S.A.;30-50401884-5;EXPCNC 1307/2007;MAIPU;267;11°       ;    ;C1084ABE;CABA;CIUDAD DE BUENOS AIRES;(011  )4317-9218;30-2608;0;5353 APN-DNAYRT#ENACOM/2023;06/06/2023;06/06/2026
VOLVO TRUCKS & BUSES ARGENTINA S.A.;30-51615064-1;EXPCNC 14313/2014;ING. ENRIQUE BUTTY;220;16º       ;    ;C1001AFB;CABA;CIUDAD DE BUENOS AIRES;(011  )3701-8203;30-3003;0;1531 APN-DNAYRT#ENACOM/2025;17/05/2025;17/05/2028
VORTEX7 S.A.;30-70939538-2;EXPCNC 938/2011;UGARTE MANUEL;1650;          ;    ;C1428BRD;CIUDAD AUTONOMA BUENOS AIRES;CIUDAD DE BUENOS AIRES;(011  )4706-0372;30-1820;0;551 GI/2011;17/02/2011;17/02/2014
VOUGA S.A.;30-70949727-4;EXPCNC 3350/2014;AGUSTIN DE VEDIA;3344;          ;    ;1437;CABA;CIUDAD DE BUENOS AIRES;(011  )4918-0008;30-1980;0;1167 GI/2014;15/04/2014;15/04/2017
VOX & SON S.A.;30-64572903-6;EX- -APN-ALYAT#ENACOM 60256342/2026;AVDA. CALLAO;1016;6º        ;B   ;1023;CABA;CIUDAD DE BUENOS AIRES;(011  )4811-0580;30-3121;0;8987 APN-DNLAY#ENACOM/2026;22/07/2026;01/01/2099
VR MARINE ELECTRONICS S.R.L.;30-59564412-3;;TUCUMAN;358;6;L   ;1049;CIUDAD DE BUENOS AIRES;CAPITAL FEDERAL;;30-969;0;7 SU/1990;16/03/1990;16/03/1993
W.C.I. DE ARGENTINA S.A.;30-69613377-4;EXPCNC 6154/2006;CORDOBA;323;8º        ;    ;C1054AAC;CABA;CIUDAD DE BUENOS AIRES;;30-1583;0;6603 APN-DNAYRT#ENACOM/2018;01/11/2018;01/11/2021
WAMA S.A.;30-51969161-9;EXPCNT 5162/1994;AVDA. SAN JUAN;1369;          ;    ;C1148AAB;CIUDAD DE BUENOS AIRES;CAPITAL FEDERAL;(011  )4306-0777;30-783;02-266;4391 GI/2005;10/11/2005;10/11/2008
WANTACH S.R.L.;30-71609081-3;EX- -APN-REYS#ENACOM 73382297/2020;RIVADAVIA;4509;14;167;1424;CABA;CIUDAD DE BUENOS AIRES;(011  )5043-1256;30-2660;0;4478 APN-DNAYRT#ENACOM/2020;11/11/2020;11/11/2023
WATCH LAND S.A.;30-69380763-4;EXPCNC 10885/2012;JOSE M. SERRANO;661;3°        ;    ;C1414DEM;CABA;CIUDAD DE BUENOS AIRES;(011  )5254-1250;30-3024;0;666 -APN-DNLAYR#ENACOM/2025;22/09/2025;22/09/2028
WATCOM S.A.;30-63602959-5;;CALLAO;157;8;C   ;C1022AAB;CIUDAD AUTONOMA BUENOS AIRES;CIUDAD DE BUENOS AIRES;;30-1048;0;225 CN/1991;24/05/1991;24/05/1994
WATER SERVICE INTERNATIONAL S.R.L.;30-70829476-0;EXPCNC 5769/2003;RAMALLO;2933;          ;    ;C1429DUY;CIUDAD AUTONOMA BUENOS AIRES;CIUDAD DE BUENOS AIRES;(011  )4544-7272;30-1459;0;209 GI/2013;18/01/2013;18/01/2016
WATTMAN S.A.;30-51638683-1;;SAN ANTONIO;1024;          ;    ;C1276ADP;CIUDAD AUTONOMA BUENOS AIRES;CIUDAD DE BUENOS AIRES;;30-867;02-398;21 CN/1991;11/01/1991;11/03/1994
WAYPOINT S.R.L.;30-71054487-1;EXPCNC 8603/2011;SARMIENTO DOMINGO FAUSTINO;1251;          ;    ;C1041AAY;CABA;CIUDAD DE BUENOS AIRES;;30-2086;0;2150 GI/2015;29/05/2015;29/05/2018
WAYPOINT S.R.L.;30-71054487-1;EXPCNC 8603/2011;TUCUMAN NORTE;144;1;    ;J5400EKD;SAN JUAN;SAN JUAN;(0264 )415 -5402;30-2086;0;2150 GI/2015;29/05/2015;29/05/2018
WEATHERFORD INTERNATIONAL DE ARGENTINA S.A.;30-64570594-3;EXPCNC 6317/2012;BOUCHARD HIPOLITO;547;          ;    ;C1106ABG;CIUDAD AUTONOMA BUENOS AIRES;CIUDAD DE BUENOS AIRES;;30-1875;0;2707 GI/2012;13/08/2012;13/08/2015
WEATHERFORD INTERNATIONAL DE ARGENTINA S.A.;30-64570594-3;EXPCNC 6317/2012;EL HUECU;598;          ;    ;Q8304DSD;NEUQUEN;NEUQUEN;(0299 )4460-0456;30-1875;0;2707 GI/2012;13/08/2012;13/08/2015
WEB LOGIST BUSINESS S.A.;30-71104499-6;EXPENACOM 12050/2017;ITAPIRU;2553;          ;    ;B1824HDI;LANUS OESTE;BUENOS AIRES;(011  )4218-5500;30-2699;0;1412 APN-DNAYRT#ENACOM/2019;05/04/2021;05/04/2024
WEB LOGIST BUSINESS S.A.;30-71104499-6;EXPENACOM 12050/2017;ZAVALETA;205;          ;    ;1437;CABA;CIUDAD DE BUENOS AIRES;(011  )4218-5500;30-2699;0;1412 APN-DNAYRT#ENACOM/2019;05/04/2021;05/04/2024
WEG EQUIPAMIENTOS ELECTRICOS S.A.;30-66916066-2;EX- -APN-REYS#ENACOM 114856762/2021;SANTIAGO PAMPIGLIONE;4849;          ;    ;2400;SAN FRANCISCO;CORDOBA;(03564)42  -1484;30-2764;0;132 APN-DNAYRT#ENACOM/2022;07/01/2022;07/01/2025
WELCH ALLYN INTERNATIONAL VENTURES INC. SUCURSAL ARGENTINA;30-71092977-3;EXPCNC 6685/2011;AVENIDA LIBERTADOR;498;4;NORT;1001;CABA;CIUDAD DE BUENOS AIRES;(011  )5550-9970;30-2500;0;4245 APN-DNAYRT#ENACOM/2019;01/04/2019;01/04/2022
WEST FUN S.A.;30-71402296-9;EXPENACOM 10429/2017;MORENO;970;3;7;1091;CABA;CIUDAD DE BUENOS AIRES;;30-2945;0;6688 APN-DNAYRT#ENACOM/2024;02/07/2024;02/07/2027
WEST FUN S.A.;30-71402296-9;EXPENACOM 10429/2017;SANTA ROSA;591;          ;    ;1712;CASTELAR;BUENOS AIRES;(011  )2053-8882;30-2945;0;6688 APN-DNAYRT#ENACOM/2024;02/07/2024;02/07/2027
WILO SALMSON ARGENTINA S.A.;30-69437902-4;EX- -APN-REYS#ENACOM 124451423/2021;HERRERA;553;          ;    ;1295;CABA;CIUDAD DE BUENOS AIRES;(011  )4361-5929;30-3040;0;847 APN-DNLAYR#ENACOM/2025;26/09/2025;26/09/2028
WINGED S.A.;30-71105062-7;EXPENACOM 3073/2017;AVENIDA BELGRANO;748;          ;    ;1092;CABA;CIUDAD DE BUENOS AIRES;(011  )4342-1702;30-2292;0;1506 -APN-ENACOM#MCO/2017;07/03/2017;07/03/2020
WIRCOM ARGENTINA S.A.;30-70868233-7;EXPCNC 1526/2005;CONSTITUCION;380;          ;    ;W3196ATH;ESQUINA;CORRIENTES;;30-1517;0;1734 GI/2005;21/04/2005;21/04/2008
WIRCOM ARGENTINA S.A.;30-70868233-7;EXPCNC 1526/2005;WASHINGTON;3138;          ;    ;C1430EUN;CABA;CIUDAD DE BUENOS AIRES;;30-1517;0;1734 GI/2005;21/04/2005;21/04/2008
WIRELESS TIGRE S.A.;30-71611263-9;EX- -APN-SDYME#ENACOM 52811116/2019;ALVEAR;803;          ;    ;B1646EZC;SAN FERNANDO;CIUDAD DE BUENOS AIRES;(011  )5235-8564;30-3061;0;5772 APN-DNLAYR#ENACOM/2025;16/12/2025;16/12/2028
WIRELESS TIGRE S.A.;30-71611263-9;EX- -APN-SDYME#ENACOM 52811116/2019;URUGUAY;469;10°       ;    ;1015;CABA;CIUDAD DE BUENOS AIRES;(011  )5235-8564;30-3061;0;5772 APN-DNLAYR#ENACOM/2025;16/12/2025;16/12/2028
WISEHOOD S.A.;30-70976144-3;EXPENACOM 6960/2017;JERONIMO SALGUERO;3350;1;103;1425;CABA;CIUDAD DE BUENOS AIRES;(011  )5252-6262;30-2344;0;394 -APN-DNAYRT#ENACOM/2017;24/07/2017;17/01/2021
WORLD SECURITY S.A.;30-69874400-2;EXPCNC E 16492/1999;DEL LIBERTADOR;4598;          ;    ;C1426BWT;CIUDAD AUTONOMA BUENOS AIRES;CIUDAD DE BUENOS AIRES;(011  )4775-5555;30-1357;0;5995 GI/1999;07/12/1999;07/12/2002
WORLD WIDE PROFESSIONAL SUPPLIES S.A.;30-70742246-3;EXPCNC E 6557/2001;ARCE;770;          ;    ;1426;CIUDAD AUTONOMA BUENOS AIRES;CIUDAD DE BUENOS AIRES;;30-1408;0;4887 GI/2001;19/10/2001;19/10/2004
WPG S.R.L.;30-71131035-1;EX- -APN-SDYME#ENACOM 36211946/2019;ALBARIÑO;97;          ;    ;C1408HOA;CABA;CIUDAD DE BUENOS AIRES;(011  )9999-9999;30-2511;0;5575 APN-DNAYRT#ENACOM/2019;29/04/2019;29/04/2022
WPG S.R.L.;30-71131035-1;EX- -APN-SDYME#ENACOM 36211946/2019;JUAN JOSE CASTELLI;125;          ;    ;B1708DBC;MORON;BUENOS AIRES;(011  )4627-2704;30-2511;0;5575 APN-DNAYRT#ENACOM/2019;29/04/2019;29/04/2022
XEROX ARGENTINA I.C.S.A.;30-54168237-2;EXPCNC 624/2002;CORDOBA;3341;2;    ;B1640GWO;MARTINEZ;BUENOS AIRES;(011  )4703-7933;30-839;0;2165 GI/2008;18/06/2008;18/06/2011
XEROX ARGENTINA I.C.S.A.;30-54168237-2;EXPCNC 624/2002;INCLAN;2441;          ;    ;C1258AAC;CIUDAD AUTONOMA BUENOS AIRES;CIUDAD DE BUENOS AIRES;;30-839;0;2165 GI/2008;18/06/2008;18/06/2011
XIDEN S.A.C.I.;30-52069518-0;EXPCNC 4611/2008;OLLEROS JUAN JOSE;3923;          ;    ;C1427EEI;CIUDAD AUTONOMA BUENOS AIRES;CIUDAD DE BUENOS AIRES;(011  )5520-8700;30-1703;0;2579 GI/2008;22/07/2008;22/07/2011
XN ARGENTINA S.A.;30-71009586-4;EXPCNC 2631/2008;DEL LIBERTADOR;5478;9;    ;C1426BXP;CIUDAD AUTONOMA BUENOS AIRES;CIUDAD DE BUENOS AIRES;(011  )4780-4441;30-1691;0;1969 GI/2012;01/06/2012;01/06/2015
XYLEM WATER SOLUTIONS ARGENTINA S.R.L.;30-58133761-9;EX- -APN-REYS#ENACOM 11682209/2021;SUIPACHA;1111;8;    ;1008;CABA;CIUDAD DE BUENOS AIRES;(011  )6584-2006;30-2959;0;8021 APN-DNAYRT#ENACOM/2024;21/08/2024;21/08/2027
YAMAHA MOTOR ARGENTINA S.A.;30-68723475-4;EXPENACOM 2745/2017;EDUARDO MADERO;1020;5;    ;1106;CABA;CIUDAD DE BUENOS AIRES;(0237 )428 -9000;30-2921;0;2490 APN-DNAYRT#ENACOM/2024;07/03/2024;07/03/2027
YARA ARGENTINA S.A.;30-68310903-3;EX- -APN-REYS#ENACOM 79119670/2021;AVENIDA DEL LIBERTADOR;498;16;    ;1001;CABA;CIUDAD DE BUENOS AIRES;(011  )5169-6480;30-3089;0;7734 APN-DNLAYR#ENACOM/2026;19/05/2026;01/01/2099
YEDRO COMUNICACIONES S.R.L.;30-65818264-8;EXPCNC 5027/2004;ENTRE RIOS;3078;          ;    ;S2001SHJ;ROSARIO;SANTA FE;(0341 )482 -1812;30-1490;0;2203 APN-DNLAYR#ENACOM/2026;22/01/2026;22/01/2029
YEDRO COMUNICACIONES S.R.L.;30-65818264-8;EXPCNC 5027/2004;SALGUERO JERONIMO;2130;6°        ;C   ;C1425DES;CABA;CIUDAD DE BUENOS AIRES;(011  )4791-4660;30-1490;0;2203 APN-DNLAYR#ENACOM/2026;22/01/2026;22/01/2029
YOKOGAWA AMERICA DO SUL LIMITADA;30-70996878-1;EXPCNC 6063/2011;LEANDRO N. ALEM;986;10;    ;1001;CABA;CIUDAD DE BUENOS AIRES;(011  )5199-0299;30-2490;0;489 APN-DNAYRT#ENACOM/2022;03/02/2022;03/02/2025
YPF S.A.;30-54668997-9;EX- -APN-REYS#ENACOM 10833780/2021;MACACHA GUEMES;515;6;    ;C1106BKK;CABA;CIUDAD DE BUENOS AIRES;;30-2694;0;766 APN-DNAYRT#ENACOM/2021;08/03/2021;08/03/2024
ZANELLA HNOS. Y CIA. S.A.C.I.F.I.;30-50249857-2;EX- -APN-REYS#ENACOM 937658/2023;JUAN ZANELLA;4437;          ;    ;B1678AZE;CASEROS;BUENOS AIRES;(011  )2806-2437;30-2853;02-642;1908 -APN-DNAYRT#ENACOMAPN-DNAYRT#ENACOM/2023;03/03/2023;03/03/2026
ZANELLA HNOS. Y CIA. S.A.C.I.F.I.;30-50249857-2;EX- -APN-REYS#ENACOM 937658/2023;PATAGONES;2937;          ;    ;1437;CABA;CIUDAD DE BUENOS AIRES;(011  )2806-2437;30-2853;02-642;1908 -APN-DNAYRT#ENACOMAPN-DNAYRT#ENACOM/2023;03/03/2023;03/03/2026
ZEBRA TECHNOLOGIES ARGENTINA S.A.;30-68243052-0;EXPCNC E 13452/1998;SOLIS;1860;3;302/;1638;VICENTE LOPEZ;BUENOS AIRES;;30-2373;0;3 APN-DNAYRT#ENACOM/2024;02/01/2024;02/01/2027
ZEBRA TECHNOLOGIES ARGENTINA S.A.;30-68243052-0;EXPCNC E 13452/1998;SUIPACHA;1111;18;    ;1108;CABA;CIUDAD DE BUENOS AIRES;;30-2373;0;3 APN-DNAYRT#ENACOM/2024;02/01/2024;02/01/2027
ZEITLIN, JULIO GUILLERMO;20-10195909-1;EX- -APN-SDYME#ENACOM 7817098/2018;IBERA;1544;16;    ;C1429CLB;CABA;CIUDAD DE BUENOS AIRES;(011  )4786-0525;30-3014;0;2631 APN-DNAYRT#ENACOM/2025;16/07/2025;16/07/2028
ZILBERMAN, PABLO MARTIN;20-16975424-2;;BILLINGHURST;1664;4;    ;C1425DTH;CIUDAD DE BUENOS AIRES;CAPITAL FEDERAL;(011  )4825-8806;30-1027;0;145 CN/1991;11/04/1991;11/04/1994
ZIMA TECH S.A.;30-71105825-3;EXPCNC 6698/2010;AYACUCHO;467;          ;    ;C1026AAA;CIUDAD AUTONOMA BUENOS AIRES;CIUDAD DE BUENOS AIRES;;30-1794;0;2871 GI/2010;23/08/2010;23/08/2013
ZIMA TECH S.A.;30-71105825-3;EXPCNC 6698/2010;DUARTE QUIROS PRESBITERO IGNACIO;559;          ;    ;X5000ALK;CORDOBA;CORDOBA;(0351 )506 -3734;30-1794;0;2871 GI/2010;23/08/2010;23/08/2013
ZMG ARGENTINA S.R.L.;30-71037617-0;EX- -APN-REYS#ENACOM 51213568/2021;44;4680;          ;    ;1901;LISANDRO OLMOS;BUENOS AIRES;(0221 )496 -1444;30-2717;02-613;2681 APN-DNAYRT#ENACOM/2021;23/06/2021;23/06/2024
ZMG ARGENTINA S.R.L.;30-71037617-0;EX- -APN-REYS#ENACOM 51213568/2021;JULIETA LANTERI;1715;2;C   ;1107;CABA;CIUDAD DE BUENOS AIRES;(011  )00  -0000;30-2717;02-613;2681 APN-DNAYRT#ENACOM/2021;23/06/2021;23/06/2024
ZORZONI, GERARDO DANIEL ARMANDO;20-29897379-1;EX- -APN-SDYME#ENACOM 32633012/2017;LIBERTAD;1830;          ;    ;5000;CORDOBA;CORDOBA;(0351 )560 -2314;30-2399;0;1418 APN-DNAYRT#ENACOM/2022;12/03/2022;12/03/2025
ZORZONI, GERARDO DANIEL ARMANDO;20-29897379-1;EX- -APN-SDYME#ENACOM 32633012/2017;PARANA;1190;1;C   ;1018;CABA;BUENOS AIRES;(011  )9999-9999;30-2399;0;1418 APN-DNAYRT#ENACOM/2022;12/03/2022;12/03/2025
ZTE CORPORATION (SUCURSAL ARGENTINA);30-70898477-5;EXPCNC 778/2005;ALICIA MOREAU DE JUSTO;140;1º        ;    ;1107;CABA;CIUDAD DE BUENOS AIRES;;30-2683;0;2284 APN-DNAYRT#ENACOM/2024;01/03/2024;01/03/2027
ZTY MOTORS S.A.;30-71595472-5;EX- -APN-ALYAT#ENACOM 45300741/2026;PATAGONES;2937;          ;    ;1437;CABA;CIUDAD DE BUENOS AIRES;(03462)36  -6851;30-3102;0;8373 APN-DNLAYR#ENACOM/2026;12/06/2026;01/01/2099
