Estado de la empresa,RUT,Código CIIU principal,Descripción Código CIIU principal,Denominación Social,Nombre comercial,Dirección Estab. Principal ,Departamento Estab. Principal,Número de teléfono,Email público,Sitio web,Fec. Registro
Vigente,219877980016,11040,Elaboración de bebidas no alcohólicas,RODRIGUEZ ARISTIMUIÑO MAICOL MATHIAS Y SALVO DAVIES FACUNDO,DEL MAR KOMBUCHA,SILVIO CARSOSO SIN NUMERO,S/D,091222203,delmarkombucha@gmail.com,www.delmarkombucha.com,2026-06-08
Vigente,213534080019,13920,"Fabricación de artículos confeccionados con materiales textiles, excepto prendas de vestir",SINDATEL SA,SINDATEL S.A.,BURGUES 2887,MONTEVIDEO,22090205,info@sindatel.com.uy,S/D,2025-01-14
Vigente,219577980010,62020,Actividades de consultoría informática y actividades de administración de medios informáticos,OEHLER IT SAS,S/D,LOS ARCES 7605,MONTEVIDEO,24070000,INFO@SEGALERBA.COM.UY,S/D,2025-09-25
Vigente,110127130016,45201,Mantenimiento y reparación mecánica y eléctrica de vehículos,GRANJA GONZALEZ JUAN DARIO,GRANJA GONZALEZ JUAN DARIO,ITURRIA 1254,CANELONES,22921290,estudiofmartinez@gmail.com,S/D,2025-05-02
Vigente,210312110014,10749,Elaboración de pastas frescas,FABRICA DE PASTAS LA ESPECIALISTA S A,FABRICA DE PASTAS LA ESPECIALISTA SA,S/D,S/D,S/D,laespecialista@laespecialista.com.uy,www.laespecialista.com.uy,2026-06-11
Vigente,219806310018,62010,Actividades de programación informática,DISRUPTION CRAFTERS SAS,S/D,18 de Julio 1461,MALDONADO,24070000,INFO@SEGALERBA.COM.UY,S/D,2024-12-10
Vigente,218236270015,62010,Actividades de programación informática,CEDARCODE SRL,CEDARCODE,LUIS FRANZINI 1005,MONTEVIDEO,27149390,INFO@SEGALERBA.COM.UY,S/D,2025-06-06
Vigente,218960380014,11020,Elaboración de vinos,BODEGAS Y VIÑEDOS FAMIGLIA PASSADORE S.A.S.,BODEGAS Y VIÑEDOS FAMIGLIA PASSADORE S.A.S.,MAYO GUTIERREZ CESAR 2211,MONTEVIDEO,29156712,esudio@legelensalles.com,S/D,2025-08-15
Vigente,040380260017,10501,Elaboración de productos lácteos en general,ESTABLECIMIENTO NICANT S.R.L.,Establecimiento Nicant,Ruta 53 a 5 Km. de N. Helvecia Km a 5 Km. de n. Helvecia,S/D,099927453,administracion@estudiocourdin.com.uy,S/D,2026-05-28
Vigente,220411340015,10712,Elaboración de productos de confitería,BARLOVENTO URUGUAY SAS,S/D,S/D,S/D,S/D,barloventouruguay@gmail.com,S/D,2025-08-14
Vigente,213135450017,32120,Fabricación de joyas de imitación y artículos conexos,MATEBOM S R L,MATEBOM SRL,Calle Teofilo Collazo 2623,S/D,25060269,matebom@vera.com.uy,WWW.MAATEBOM.COM,2026-06-05
Vigente,214388100012,25910,"Forja, prensado, estampado y laminado de metales",SICONEL LTDA,Distrimet,Pedro de Valdivia 5357,S/D,099979143,joaquin.mut@amconsulting.com.uy,https://distrimet.com.uy/,2026-06-09
Vigente,213658080010,31006,Fabricación de colchones y somieres,LAMITEX S A.,LAMITEX S.R.L.,S/D,S/D,S/D,lamitex@lamitex.com.uy,www.lamitex.com.uy,2025-08-12
Vigente,150122830019,28210,Fabricación de maquinaria agropecuaria y forestal,MANSILLA PEREIRA NESTOR GERARDO,IBG MAQUINARIA AGRICOLA,S/D,ROCHA,099871550,torneriamansilla@hotmail.com,www.ibgmaquinariaagricola.com,2025-07-29
Vigente,150153520011,10200,"Procesamiento y conservación de pescados, crustáceos y moluscos",ACOSTA REYES HEBER RICARDO,Ana Carolina,Avda Los Pescadores 8,S/D,099867913,escritoriovaselli@hotmail.com,S/D,2026-05-28
Vigente,219446480014,25999,Fabricación de otros productos de metal n.c.p.,ALUMINIOS OLIVER HNOS SAS,ALUMINIOS OLIVER,ITALIA 4102,S/D,095016526,jennifferoliver054@gmail.com,S/D,2026-05-08
Vigente,120388670011,25110,Fabricación de productos metálicos para uso estructural,MECANOSYM SAS,MECANOSYM SAS,JUSTA ROSAS DE BALSAMO 1025,TACUAREMBÓ,092990288,contacto@mecano.uy,https://www.mecano.uy/,2025-08-07
Vigente,214089920018,28210,Fabricación de maquinaria agropecuaria y forestal,HARTWICH GARCEN GUILLERMO FEDERICO,HARTWICH INGENIERIA,TREINTA Y TRES 3544,S/D,099567055,HARTWICH.INGENIERIA@GMAIL.COM,S/D,2026-06-03
Vigente,218456880017,20220,"Fabricación de pinturas, barnices y productos de revestimiento similares, tintas de imprenta y masillas",PINTURAS PUENTE SRL,Pinturas Puente SRL,S/D,MONTEVIDEO,094018729,pinturasuma@gmail.com,"pinturasuma.com,uy",2025-08-18
Vigente,219014650014,46632,Comercio al por mayor de materiales de construcción,REDOMON GROUP SAS,Redomon Group,S/D,S/D,S/D,redomongroupsas@gmail.com,https://www.redomongroup.com/,2025-09-19
Vigente,210816120013,20290,Fabricación de otros productos químicos n.c.p.,ENZUR S A,ENZUR SA,CAMINO FRANCISCO LECOCQ 1241,S/D,23201221,enzur@enzur.com,www.enzur.com,2026-06-05
Vigente,219178810014,62020,Actividades de consultoría informática y actividades de administración de medios informáticos,MC DEV SOLUTIONS SAS,S/D,19 DE ABRIL 843,MONTEVIDEO,24070000,INFO@SEGALERBA.COM.UY,S/D,2024-12-03
Vigente,218479280016,23100,Fabricación de vidrio y de productos de vidrio,SILVA VELAZQUEZ DIEGO GERMAN Y MUJICA BALDION MARCOS GABRIEL,DRONE.UY,Av Italia 6201,MONTEVIDEO,098556046,info@drone.uy,www.drone.uy,2025-07-31
Vigente,020527390016,11020,Elaboración de vinos,SANTERO MARTINEZ ANA INES,QUINTA SANTERO,Ruta 33 Km 28 Km 28,CANELONES,22966654,quintasantero@gmail.com,www.bodegaquintasantero@gmail.com,2025-08-13
Vigente,218439630016,31001,Fabricación de muebles de madera,CURBELO GONZALEZ PABLO GABRIEL,Pablo Curbelo Gonzalez,DR.GUSTAVO GALLINAL 1614,MONTEVIDEO,099154203,proa.montevideo@gmail.com,https://instagram.com/proa.montevideo?igshid=OGQ5ZDc2ODk2ZA==,2025-08-13
Vigente,190211030017,10711,"Elaboración de pan, productos panificados en forma tradicional",PEREIRA BARRERA LILIANA YICEL,La Nona,Pasaje 824,S/D,091204983,llistur1@gmail.com,S/D,2026-06-08
Vigente,170313640014,72100,Investigación y desarrollo experimental en el campo de las ciencias naturales y la ingeniería,BENTEN BIOTECH SRL,BENTEN BIOTECH SRL,AV ITALIA 6201,MONTEVIDEO,094862777,info@bentenbiotech.com,https://www.bentenbiotech.com/,2025-08-19
Vigente,219808100010,62010,Actividades de programación informática,APERTURE SAS,S/D,Maipu 1925,MONTEVIDEO,24070000,info@segalerba.com.uy,S/D,2025-09-15
Vigente,219079530013,31001,Fabricación de muebles de madera,TROYMEL S.A.,S/D,Murillo 2640,MONTEVIDEO,25255868,info@labuonora.com.uy,S/D,2025-08-15
Vigente,219909340017,62010,Actividades de programación informática,INTERAPPS SAS,S/D,Leandro Gómez Pad 13067 s/n,MALDONADO,42258184,rdeleon@estudiocontable.com.uy,S/D,2024-11-13
Vigente,110399860014,10711,"Elaboración de pan, productos panificados en forma tradicional",DE LA ABUELA SAS,DE LA ABUELA SAS,SAN BAUTISTA 1,S/D,43992971,estudiofmartinez@gmail.com,S/D,2026-04-27
Vigente,170134340016,10501,Elaboración de productos lácteos en general,PIMOR S.R.L,PIPPO`S,CAMINO DE LA COSTA 0,S/D,43420554,lacteospippos@gmail.com,www.pippos.com.uy,2026-06-04
Vigente,110406530010,10750,Elaboración de comidas y platos preparados,TORBES ARANDA LUCIA,S/D,Camino del andaluz 26,CANELONES,097812332,estudiofmartinez@gmail.com,S/D,2025-09-19
Vigente,217877970014,10719,Elaboración de otros productos panificados realizados en fábricas,BUDDHAKISS SRL,Budakiss,Ruta Interbalnearia Km 0,MALDONADO,092684663,portezuelolocal@budakiss.com,budakiss.com,2025-08-15
Vigente,212690760015,10120,Elaboración de fiambres y chacinados,SINDON S A,DOÑA COCA,S/D,S/D,S/D,administracion@doniacoca.com.uy,www.doniacoca.com.uy,2025-08-07
Vigente,220213480015,10300,Procesamiento y conservación de frutas y vegetales,GRUPO FAM SAS,COCINA NATURAL,Zelmar Michelini 1290/4,S/D,099771795,mmoreira@ox.com.uy,S/D,2026-05-27
Vigente,110316360019,25921,Talleres de tornería,SCARSI LINDNER GASTON EMILIO,S/D,Ruta 75 Km 0,CANELONES,098793872,estudiofmartinez@gmail.com,S/D,2025-09-03
Vigente,210576470015,16102,"Aserrado, cepillado y trabajo a máquina de la madera.",CAJA DE JUBILACIONES Y PENSIONES BANCARIAS,Caja de Jubilaciones y Pensiones Bancarias,S/D,PAYSANDÚ,47472058,info@forestalbancaria.com.uy,https://forestalbancaria.com.uy,2025-05-16
Vigente,150411930012,62010,Actividades de programación informática,MUÑOZ SARALEGUI CAMILA CATALINA,S/D,18 de Julio 1141,CANELONES,098070237,adm@ideasweb.uy,S/D,2025-09-01
Vigente,110391050013,16102,"Aserrado, cepillado y trabajo a máquina de la madera.",PARODI GONZALEZ LUIS RAUL,PARODI GONZALEZ LUIS RAUL,Localidad villa olmos sn,S/D,094145842,estudiofmartinez@gmail.com,S/D,2026-04-27
Vigente,216488720019,71103,Servicios de ingeniería,DUARTE MORAES JOSE IGNACIO,S/D,JOSE VAZQUEZ LEDESMA 2871,MONTEVIDEO,29159979,finance.pyxis@rb.uy,S/D,2025-10-28
Vigente,217604870016,70209,Otras actividades de administración y consultoría de administración de empresas,PEREGRINUS CONSULTING SAS,PEREGRINUS CONSULTING SAS,Timote 5022,MONTEVIDEO,24070000,info@segalerba.com.uy,www.peregrinus.com.uy,2024-12-04
Vigente,120046980017,11020,Elaboración de vinos,FALCONE LOPARDO LEONARDO JOSE,FALCONE LOPARDO LEONARDO JOSE,"FERREIRA ALDUNATE, WILSON 0",PAYSANDÚ,47227718,bodegaleonardofalcone@gmail.com,www.bodegaleonardofalcone.com.uy,2025-08-21
Vigente,060037920018,10711,"Elaboración de pan, productos panificados en forma tradicional",MODELO S R L,S/D,WILSON FERREIRA 510,FLORES,099366066,emanz1559@gmail.com,S/D,2025-07-22
Vigente,220160870019,62010,Actividades de programación informática,NEODEV SAS,S/D,buschental 357,CANELONES,24070000,info@segalerba.com.uy,S/D,2025-09-25
Vigente,219254390017,62010,Actividades de programación informática,AUDEASOMNIA CONSULTING SAS,AUDEASOMNIA CONSULTING SAS,LIBERTADOR LAVALLEJA 1748,MONTEVIDEO,24700000,info@segalerba.com.uy,S/D,2024-12-03
Vigente,216586890016,33200,Instalación de maquinaria y equipo industrial,CAPELLI MARTINEZ MAURICIO DANIEL,D.CAPELLI,Camino Sere 1742,MONTEVIDEO,092216581,m.capelli82@gmail.com,S/D,2025-07-31
Vigente,213801270019,22209,Fabricación de otros productos de plástico n.c.p.,DAFYLMAR S A,DAFYLMAR SA,RAMON CASTRIZ 2629,S/D,098364707,ADMINISTRACION@DAFYLMAR.COM,S/D,2026-07-22
Vigente,213387890011,10750,Elaboración de comidas y platos preparados,DELOMAR S A,LA Martina,Luis Batlle Berres 9227,MONTEVIDEO,23150421,info@lamartina.com.uy,www.lamartina.com.uy,2025-08-12
Vigente,110436520013,14104,Fabricación de prendas de vestir de trabajo,PANDA SOLUCIONES EMPRESARIALES SAS,PANDA SOLUCIONES EMPRESARIALES,EMILIO ANDREN 425,CANELONES,23626123,PANDASOLUCIONESEMPRESARIALES@GMAIL.COM,http://pandasolucionesempresariales.uy/,2025-08-14
Vigente,200107590010,31001,Fabricación de muebles de madera,MEDINA PIÑEIRO JAMINTON NESTOR,Jaminton Medina Aberturas en Aluminio,Flores Mora e Ituizaingó Padrón 8576 s/n,S/D,099033755,jnmp33@gmail.com,https://www.instagram.com/jamintonmedina_carpinteria/,2026-06-10
Vigente,218283980015,46631,Comercio al por mayor de madera,HD CARPINTERIA Y MADERAS LTDA,HD CARPINTERÍA Y MADERAS,"Av. GIANNATTASIO, KM 28.200",S/D,099185899,info@cardozomarkoff.com.uy,S/D,2026-05-28
Vigente,080022140016,10300,Procesamiento y conservación de frutas y vegetales,PANCINI INDUSTRIAL DEL SAUCE S A,PANCINI INDUSTRIAL DEL SAUCE S.A.,N 107 1,S/D,22940223,info@lagranjera.com.uy,www.lagranjera.com.uy,2026-05-25
Vigente,218976140018,13130,Acabado de productos textiles,BURGOS VIERA GIMENA,Burgos Textile,Sarandí 413 B,S/D,099848095,hello@burgostextile.com,https://www.burgostextile.com/,2026-05-25
Vigente,217033450010,22203,Fabricación de productos de plástico moldeado,ECOFLASH S.A,S/D,Carlos Roxlo y Paralela 7 00,CANELONES,23659313,ecoflashsa@gmail.com,S/D,2025-08-18
Vigente,160345420012,10719,Elaboración de otros productos panificados realizados en fábricas,CELISANO SAS,CELISANO,Rivera 784,SALTO,099741318,carolina.borghi@celisano.com.uy,celisano.com.uy,2025-08-18
Vigente,020584100013,10509,Elaboración de helados,"REYES KSIONZEK JONATHAN ADRIAN, REYES HUTTON FREDI WILMER Y OTROS",Mondo Gelato,Av Giannattasio 5913,CANELONES,098315003,admin@mondogelato.uy,mondogelato.uy,2025-07-21
Vigente,216909450012,11020,Elaboración de vinos,LA ALCANDARA  SRL,S/D,Camino vecinal El Arbolito 1,ROCHA,+1 (786) 570-2300,administracion@mcconsultores.com.uy,S/D,2025-03-07
Vigente,218941940018,70209,Otras actividades de administración y consultoría de administración de empresas,BTECH SAS,S/D,Luis B Cavia 3071,MONTEVIDEO,24070000,info@segalerba.com.uy,S/D,2025-09-15
Vigente,213149970018,38220,Tratamiento y eliminación de desechos peligrosos,CELULOIDE SOCIEDAD ANONIMA,TRIEX,Haiti 1500,MONTEVIDEO,23129042,Triex@triex.com.uy,www.triex.com.uy,2025-08-13
Vigente,214713280010,10799,Elaboración de otros productos alimenticios n.c.p.,BRUN Y CIA S R L,Brun y Cia,Centenario 2849,MONTEVIDEO,24818468,info@brunycia.com.uy,S/D,2025-07-22
Vigente,219064480015,62020,Actividades de consultoría informática y actividades de administración de medios informáticos,RELINFRA SAS,S/D,GERMAN ARAUJO 0,CANELONES,24070000,INFO@SEGALERBA.COM.UY,S/D,2025-09-25
Vigente,218045520017,62010,Actividades de programación informática,INOSTUS SOCIEDAD POR ACCIONES SIMPLIFICADAS,INOSTUS SAS,BULEVARD ESPAÑA 2323,MONTEVIDEO,29152155,finance.pyxis@rb.uy,S/D,2025-10-28
Vigente,218342200017,62020,Actividades de consultoría informática y actividades de administración de medios informáticos,DIGITAL AUTOMATION DE URUGUAY SRL,S/D,CNEL BRANDZEN 1956,MONTEVIDEO,24070000,info@segalerba.com.uy,S/D,2024-12-03
Vigente,210623120011,46495,Comercio al por mayor de electrodomésticos,ELECTROFONIA S A,S/D,HOCQUART 1615,MONTEVIDEO,29242045,info@electrofonia.com,www.electrofonia.com,2024-12-17
Vigente,150695230010,11020,Elaboración de vinos,FIRPO GOMEZ ADEMAR FERNANDO,Shushito,Charrúas 767,S/D,098989401,afirpog@gmail.com,https://www.instagram.com/amarga_lorenzo/,2026-05-08
Vigente,110066910017,20290,Fabricación de otros productos químicos n.c.p.,SILVA ARTIGAS HUGO WALTER Y PEREZ MEDEROS ELBA NELLY,FABRICA DE VELAS SILVA PEREZ,CEDROS 1111,S/D,26956125,estudiofmartinez@gmail.com,S/D,2026-04-27
Vigente,219100320019,62010,Actividades de programación informática,CRUNCH LOOP SYSTEMS SAS,S/D,JAMAICA 2144,MONTEVIDEO,24070000,info@segalerba.com.uy,S/D,2024-12-04
Vigente,100679540012,46495,Comercio al por mayor de electrodomésticos,BLUE LIFE S.R.L.,SANSWELL,S/D,S/D,S/D,BLUELIFEURUGUAY@GMAIL.COM,https://www.sanswell.com.uy/,2025-07-21
Vigente,218774800017,15200,Fabricación de calzado,MEDEROS PONCE DE LEÓN NICOLAS MARTIN,MEDEROS PONCE DE LEÓN NICOLAS MARTIN,Alejandro Gallinal 1964,MONTEVIDEO,091394065,leonicalzados@gmail.com,https://www.instagram.com/leonicalzados/,2025-04-09
Vigente,020137700010,16101,Chipeado de madera,AGROMADERA`S    S.R.L.,S/D,Ruta 6 Km 0,CANELONES,099366466,agromaderas.uy@gmail.com,S/D,2025-07-22
Vigente,120405610018,25110,Fabricación de productos metálicos para uso estructural,CBMETAL SAS,Metalurgica Borches,Rep de Ecuador 4132,PAYSANDÚ,091396501,metalurgica.borches@gmail.com,www.metalurgicaborches.com,2025-08-06
Vigente,150374060013,32902,Fabricación de ataúdes,BARBOZA PITTAMIGLIO PABLO IGNACIO,BARBOZA PITTAMIGLIO PABLO IGNACIO,Rincon S/N,S/D,098415647,estudiofraymarcos@gmail.com,S/D,2026-05-21
Vigente,216649700014,16102,"Aserrado, cepillado y trabajo a máquina de la madera.",VALETOR S.A.,S/D,S/D,S/D,S/D,administracion@valetor.com.uy,S/D,2025-06-20
Vigente,070214000010,25110,Fabricación de productos metálicos para uso estructural,ESCARON TEJERA GUILLERMO SEBASTIAN,S/D,Calleros 1,FLORIDA,099288989,estudiofraymarcos@gmail.com,S/D,2025-08-21
Vigente,090062400016,47214,Comercio al por menor de productos de panadería y confitería,CONFITERIA IRISARRI S.A.,Confitería Irisarri,Treinta y Tres 618,LAVALLEJA,4424008,confiteria@irisarri.com.uy,S/D,2025-08-20
Vigente,211557220015,58110,Publicación de libros,FERRARO GOMEZ RENEE EVA,ZONA EDITORIAL,Paraguay 1478,MONTEVIDEO,099631140,reneeferraro@gmail.com,https://zonaeditorial.com/,2025-08-11
Vigente,180303650014,38210,Tratamiento y eliminación de desechos no peligrosos,PEREIRA RIVERO HUMBERTO ALEJANDRO,LICANE IMPORTACIONES,detomasi 820,S/D,099213219,cra.mariangelcorrea@gmail.com,S/D,2026-06-08
Vigente,215238130011,22203,Fabricación de productos de plástico moldeado,NUÑEZ CENTURION JUAN MANUEL,Moniplas,Ombú 3143,S/D,095287092,moniplas@hotmail.com,S/D,2026-06-09
Vigente,219121480015,22203,Fabricación de productos de plástico moldeado,SCANPLAS SAS,S/D,JUAN CABAL 2540,MONTEVIDEO,094239434,vito@scanplas.com.uy,scanplas.com.uy,2025-08-19
Vigente,200199830013,25921,Talleres de tornería,FERNANDEZ SCARON SANTIAGO,FERNANDEZ SCARON SANTIAGO,LA PAZ SIN NUMERO,S/D,092516332,estudioalvarez21@gmail.com,S/D,2026-06-05
Vigente,216111500019,31001,Fabricación de muebles de madera,CAVIPA LTDA,Carpintería Capozzolo,ENRIQUE MARTINEZ 2118,MONTEVIDEO,22036468,administracion@capozzolo.com.uy,S/D,2025-10-21
Vigente,217407210013,25110,Fabricación de productos metálicos para uso estructural,DERMALUZ SOCIEDAD ANONIMA,DERMALUZ S.A,S/D,S/D,45744335,administracion@estudioklett.com,S/D,2026-07-27
Vigente,200212170018,38210,Tratamiento y eliminación de desechos no peligrosos,LSTA S.A.S,LSTA S.A.S,Francisco Oliverez sin número,S/D,099027593,santiagotaran@gmail.com,S/D,2026-06-05
Vigente,214911430019,16101,Chipeado de madera,CHIPPER SOCIEDAD ANONIMA,CHIPPER SA,"PEREZ, LUIS EDUARDO 6240",MONTEVIDEO,23228760,aastor@chipper.com.uy,S/D,2025-10-20
Vigente,215064940013,10509,Elaboración de helados,SANIROL SOCIEDAD ANONIMA,HELADERIA TROPICAL,Cachimba y Faroles 729,ROCHA,099871251,sanirolsa@gmail.com,S/D,2025-08-08
Vigente,215023340011,20120,Fabricación de abonos y compuestos de nitrógeno,GARCIA PINTOS MONTES GUSTAVO FELIPE,Biocis,Sarandi 1426,PAYSANDÚ,099608629,gustavo@promobacter.com,promobacter.com.uy,2025-08-20
Vigente,070119850010,16102,"Aserrado, cepillado y trabajo a máquina de la madera.",SANTOS HERNANDEZ MARIELA MARGOT,SANTOS HERNANDEZ MARIELA MARGOT,Av Artigas 1029,S/D,091205713,estudioherar@gmail.com,S/D,2026-06-04
Vigente,211206570013,18119,"Otras actividades de impresión, grabación y reproducción, excepto serigrafía sobre textiles",VALOR INDUSTRIAL S A,IMPRESORA LUGRAMA,CAMINO LAS CAÑAS S/N,S/D,26988727,estudio@estudiomontevideo.com.uy,S/D,2026-05-15
Vigente,020580410018,10711,"Elaboración de pan, productos panificados en forma tradicional",TRIGO REY S.A.S.,Trigo Rey,S/D,S/D,S/D,RRHH@trigorey.com.uy,trigorey.com.uy,2025-08-11
Vigente,219361080011,10711,"Elaboración de pan, productos panificados en forma tradicional",LUNA GLOBAL SAS,LOS TRIGALES,18 DE JULIO 1309,RÍO NEGRO,45623322,estudiogiovio@gmail.com,S/D,2025-08-20
Vigente,220416300011,29200,Fabricación de carrocerías para vehículos automotores,CARROCERIAS NICAR SAS,Carrocerias Nicar,Daniel Soulier 1133,S/D,098229114,carroceriasnicar@hotmail.com,S/D,2026-06-05
Vigente,170365910012,31009,"Fabricación de muebles de otros materiales no especificados (excepto de piedra, hormigón y cerámica).",CHACON MUSSINI IRENE Y BENTANCUR CHACON FACUNDO,ABERTURAS BENTANCUR,AVDA. 18 DE JULIO S/N,SAN JOSÉ,098382403,bentancur_aberturas@gmail.com,Bentancur_aberturas,2025-08-20
Vigente,100711540019,22202,Fabricación de laminados planos y tubulares de materiales plásticos,MILAN CUADRO ANA PAULA,Bolsas Maldonado,GUMERSINDO SARAVIA Y GRANJA FERREIRO S/N,MALDONADO,099482754,bolsasmaldonado@gmail.com,www.bolsasmaldonado.uy,2025-09-08
Vigente,218953510013,20220,"Fabricación de pinturas, barnices y productos de revestimiento similares, tintas de imprenta y masillas",COLORLABS SAS,CREATIVE COLORLABS,José Fernández Medina 4921,MONTEVIDEO,099267666,stefania.pouquette@creativecolorlabs.com,www.creativecolorlabs.com,2025-08-12
Vigente,214974480013,38220,Tratamiento y eliminación de desechos peligrosos,SILOMAX S A,3R SAFE,S/D,CANELONES,095721279,pablopatetta@hotmail.com,www.3r.com.uy,2025-01-27
Vigente,190252410019,18119,"Otras actividades de impresión, grabación y reproducción, excepto serigrafía sobre textiles",SG INDUSTRIAL S.R.L.,SERVICIOS GRAFICOS,GRAL RIVERA 319,TACUAREMBÓ,46331805,ventas@serviciosgraficos.com.uy,www.serviciosgraficos.com.uy,2025-08-20
Vigente,217265520018,62010,Actividades de programación informática,HOLIDAYS S.A,N/A,BVAR ESPAÑA 2586,MONTEVIDEO,26041604,contratos@despegar.com,Despegar.com,2024-11-15
Vigente,218456100011,86902,Servicios de laboratorios de análisis clínicos y radiológicos,BIRELDAN S.A.,GENEXA,YARO 1234,MONTEVIDEO,24180000,pereira@genexa.com.uy,www.genexa.com.uy,2025-08-18
Vigente,218789320016,62010,Actividades de programación informática,GUAYOYO SAS,GUAYOYO,Bv España 2511,S/D,2708-08-08,mparodi@ox.com.uy,S/D,2026-07-01
Vigente,217224970019,18120,Servicios relacionados con la impresión,PASSARO OLIVER DANIEL OMAR,PASSARO OLIVER DANIEL OMAR,JOSE MARIA PENCO 3182,S/D,24801718,STEFANY@BACHINI.COM.UY,S/D,2026-06-09
Vigente,110406580018,25110,Fabricación de productos metálicos para uso estructural,URROZ SANABRIA CLAUDIO FABIAN,URROZ SANABRIA CLAUDIO FABIAN,S/D,S/D,22926481,estudiofmartinez@gmail.com,S/D,2026-04-27
Vigente,220695810011,25921,Talleres de tornería,LUSETTI CEDRES MICHAEL FEDERICO,LUSETTI CEDRES MICHAEL FEDERICO,Artigas 13,S/D,094069058,myl.toneria@gmail.com,S/D,2026-04-23
Vigente,216330040013,10799,Elaboración de otros productos alimenticios n.c.p.,ETOSHA LTDA.,ETOSHA,Camino Repetto 3003,MONTEVIDEO,22272040,administracion@etosha.uy,etoshafoods.com,2025-08-15
Vigente,210809570017,22209,Fabricación de otros productos de plástico n.c.p.,HARLEY S R L,HARLEY SRL,SANTIAGO FIGUEREDO 4058,MONTEVIDEO,22156021,info@harleysrl.uy,S/D,2025-10-09
Vigente,213474330014,21000,"Fabricación de productos farmacéuticos, sustancias químicas medicinales y de productos botánicos.",MAKTUB LTDA,Laboratorios ABIES,YI 1435,S/D,29162876,Info@laboratoriosabies.com.uy,https://laboratoriosabies.com/,2026-05-05
Vigente,216272750017,62010,Actividades de programación informática,PYXIS SOCIEDAD ANONIMA,PYXIS,bulevar españa 2511,MONTEVIDEO,27080808,finance.pyxis@rb.uy,S/D,2025-10-28
Vigente,040419180019,10501,Elaboración de productos lácteos en general,CELIO YAHN IRIS NELLY,ESTABLECIMIENTO IL TICINO,RUTA 1 S/N,COLONIA,099453413,iriscelio@hotmail.com,S/D,2025-08-08
Vigente,219276510015,62010,Actividades de programación informática,ORSOF SAS,S/D,DE VIANA JAVIER 947,MONTEVIDEO,099423962,orsiemilio@gmail.com,S/D,2025-03-31
Vigente,217786470019,62010,Actividades de programación informática,MIMIQUATE S.R.L.,S/D,"ESPAÑA,BULEVAR 2480",MONTEVIDEO,24070000,info@segalerba.com.uy,S/D,2024-12-03
Vigente,120319230016,33150,"Reparación de equipo de transporte, excepto los vehículos automotores",AIRCRAFT REPAIR STATION LTDA,ARS,Hangar 2 Aeropuerto Charles Chalkling 2,PAYSANDÚ,098245886,administracion@ars.uy,S/D,2025-07-29
Vigente,215392710014,22209,Fabricación de otros productos de plástico n.c.p.,ACRILICOS URUGUAYOS SRL,acrilicos uruguayos,eduardo victor haedo 2051,MONTEVIDEO,24091578,presupuestos.au@gmail.com,acrilicos.com.uy,2025-08-19
Vigente,214605070019,20220,"Fabricación de pinturas, barnices y productos de revestimiento similares, tintas de imprenta y masillas",RAMALUX SOCIEDAD ANONIMA,ramalux pinturas,ruta 8 km 23500 23500,S/D,29151626,alecaraciolo@hotmail.com,S/D,2025-11-20
Vigente,215109650019,62010,Actividades de programación informática,GREYCON SOFTWARE S.A.,S/D,JAVIER DE VIANA 1005,MONTEVIDEO,24111851,admingla@greycon.com,S/D,2025-04-09
Vigente,220160860013,62010,Actividades de programación informática,PIDEV SAS,S/D,LUIS LAMAS 3285,MONTEVIDEO,24070000,INFO@SEGALERBA.COM.UY,S/D,2025-09-25
Vigente,210304100013,21000,"Fabricación de productos farmacéuticos, sustancias químicas medicinales y de productos botánicos.",LABORATORIOS DISPERT S A,LABORATORIO DISPERT SA,"GARIBALDI, GRAL. 2797",MONTEVIDEO,24873083,dispert@adinet.com.uy,www.dispert.com.uy,2024-12-17
Vigente,217338810010,62010,Actividades de programación informática,SEBAGON SOCIEDAD DE RESPONSABILIDAD LIMITADA,SEBAGON SOCIEDAD DE RESPONSABILIDAD LIMITADA,JUAN MARIA PEREZ 2825,MONTEVIDEO,24070000,INFO@SEGALERBA.COM.UY,S/D,2024-12-03
Vigente,100073350016,10300,Procesamiento y conservación de frutas y vegetales,PA FRI MA LIMITADA,PAFRIMA LIMITADA,S/D,S/D,S/D,claudia@mecont.com.uy,www.manolosnacks.com.uy,2025-08-14
Vigente,219263730011,31001,Fabricación de muebles de madera,BIANCO VECCHIO EQUIPAMIENTOS SAS,Bianco Vecchio Equipamientos SAS,Oliveras 4459,S/D,091297464,wilbm754@gmail.com,www.pablobiancoequipamientos.com,2026-05-29
Vigente,120201290015,20210,Fabricación de pesticidas y de otros productos químicos de uso agropecuario,GROWING S.R.L.,GROWING SRL,S/D,PAYSANDÚ,47220831,diego.perez@growing.com.uy,www.growing.com.uy,2025-08-20
Vigente,060110650011,16220,Fabricación de partes y piezas de carpintería para edificios y construcciones,INTERNATIONAL BUSINESS GROUP IBG SAS,Goodhouse,Ruta 39 Km 7 Polo Empresarial La Candelaria Km 7,MALDONADO,092040450,hola@goodhouse.com.uy,www.goodhouse.com.uy,2025-07-16
Vigente,218650250015,62010,Actividades de programación informática,FIORI ARROQUI MATIAS MILTON,S/D,RAMIREZ AVDA. GONZALO 2249,MONTEVIDEO,099376670,INFO@GEEMSA.COM.UY,S/D,2025-03-31
Vigente,190283980011,31001,Fabricación de muebles de madera,GRUPO WALDER RODRIGUEZ SAS,CARPINTERIA WALDER1912,FRANCO SEGARRA 333,S/D,099929361,INFO@WALDER1912.COM,S/D,2026-05-19
Vigente,110129420011,25110,Fabricación de productos metálicos para uso estructural,DALUPO S.R.L..,DALUPO S.R.L..,GIANNATTASIO 6,S/D,26822529,estudiofmartinez@gmail.com,S/D,2026-04-23
Vigente,070242090010,13111,Elaboración de tops de lana,GARCIA PINTOS BERISSO MARIA JOSEFINA,fertilana,S/D,DURAZNO,092212769,fertilana.uy@gmail.com,www.fertilana.uy,2025-08-21
Vigente,216057340012,10799,Elaboración de otros productos alimenticios n.c.p.,COOPERATIVA DE TRABAJO HELIX URUGUAY,COOPERATIVA HELIX URUGUAY,Mariscal Joffre 1005,MONTEVIDEO,23557227,ventas@cooperativahelix.com.uy,www.cooperativahelix.com.uy,2025-09-15
Vigente,217450970016,10799,Elaboración de otros productos alimenticios n.c.p.,MOYANO PEREIRA CLAUDIO GASTON,GALLETERIA VENECIA,CHUCARRO ALEJANDRO 1137,MONTEVIDEO,095235309,MGARCIA@CAMBADU.COM.UY,S/D,2025-07-28
Vigente,212778510014,20231,"Fabricación de jabones, detergentes y preparados de limpieza",CHEM S TREE LTDA,CHEMïS TREE LTDA.,JUAN JOSE AGUIAR 3935,MONTEVIDEO,23043351,ventas@chemstree.com,S/D,2025-09-26
Vigente,140190230016,10750,Elaboración de comidas y platos preparados,CASTILLO PERRONI MARTIN,CASTILLO PERRONI MARTIN,Carlos Reyles 1097,S/D,099614690,mercedesrissod@gmail.com,S/D,2026-06-10
Vigente,190325250016,20231,"Fabricación de jabones, detergentes y preparados de limpieza",AROMASUR SAS,S/D,S/D,CANELONES,099775750,cjnestudio@gmail.com,S/D,2025-07-29
Vigente,213523070017,10799,Elaboración de otros productos alimenticios n.c.p.,DIBASUR S.A.,DELIER; AMATISTA,RUTA 67 & ELIAS REGULES 1,CANELONES,23656644,alimentosdelier@gmail.com,www.dibasur.com,2025-08-18
Vigente,040445800010,28210,Fabricación de maquinaria agropecuaria y forestal,FRANCO LEGELEN MALCON ROMAN,S/D,José Artigas 98,COLONIA,098410631,mfmetalurgica027@gmail.com,S/D,2025-07-23
Vigente,215411780019,47521,Comercio al por menor de artículos de ferretería,ELANWOR SOCIEDAD ANONIMA,S/D,S/D,S/D,S/D,ventas@elanwor.com.uy,elanwor.com.uy,2025-08-12
Vigente,218334120018,10300,Procesamiento y conservación de frutas y vegetales,DRUKAL  SA,S/D,S/D,CANELONES,099241911,diegopintado@ajosdelsur.com.uy,S/D,2025-08-15
Vigente,214922390013,10800,Elaboración de alimentos preparados para animales,NEW HIGHLAND YTLO SOCIEDAD ANONIMA,S/D,Ruta 17 Km 0,TREINTA Y TRES,099211263,secretaria@nhytlo.com,www.nhytlo.com,2025-08-06
Vigente,110144050017,33120,Reparación de maquinaria,POMBO FERNANDEZ GERARDO DANIEL,S/D,Agustin Magaldi 4883,CANELONES,095770821,estudiofmartinez@gmail.com,S/D,2025-09-01
Vigente,219279410011,62010,Actividades de programación informática,BETA3 SAS,S/D,Atanasio Lapido 2865,MONTEVIDEO,24070000,info@segalerba.com.uy,S/D,2025-09-15
Vigente,219089920019,10750,Elaboración de comidas y platos preparados,LA MOLIENDA PRODUCTOS NATURALES SAS,La Molienda,RONDEAU AVDA. GRAL. 1475 RONDEAU AVDA. GRAL. 1475,MONTEVIDEO,29162448,info@lamolienda.com.uy,https://www.lamolienda.uy/,2025-08-18
Vigente,040259840016,10711,"Elaboración de pan, productos panificados en forma tradicional",COLLAZO COSTELA HECTOR ORLANDO,COLLAZO COSTELA HECTOR ORLANDO,18 DE JULIO 0,COLONIA,45752506,vanesa.saporiti16@gmail.com,S/D,2025-08-20
Vigente,218840680010,62010,Actividades de programación informática,DELTALAB IT SOFTWARE SAS,S/D,Santiago Vazquez 1221,MONTEVIDEO,24070000,info@segalerba.com.uy,S/D,2025-09-15
Vigente,219378870010,62010,Actividades de programación informática,MEMR SAS,S/D,BV. GENERAL ARTIGAS 607,MONTEVIDEO,24070000,info@segalerba.com.uy,S/D,2025-09-22
Vigente,160339510013,10501,Elaboración de productos lácteos en general,FAMILACTEOS S.R.L.,Familacteos,ruta 31 km 13,S/D,47302369,familacteossrl@gmail.com,familacteossrl@gmail.com,2026-05-06
Vigente,180131000017,25921,Talleres de tornería,OSORES RODRIGUEZ NELSON DAVID,TALLER DAVID OSORES,DON BOSCO 1246,SORIANO,099533716,david@tallerdavidosores.com.uy,www.tallerdavidosores.com.uy,2025-08-18
Vigente,100604280013,10799,Elaboración de otros productos alimenticios n.c.p.,HABER DIA MATIAS ENRIQUE,CAFETIN,Calle El Gratil S/N,S/D,098959599,matiashaber@gmail.com,www.cafetin.org,2026-05-22
Vigente,210163670013,10120,Elaboración de fiambres y chacinados,ESTABLECIMIENTOS JUAN SARUBBI S A,ESTABLECIMIENTOS JUAN SARUBBI S.A.,Coronel Raiz 2902,MONTEVIDEO,23219328,mpsarubbi@sarubbi.com.uy,www.sarubbi.com.uy,2025-07-02
Vigente,150417860016,56102,Rotiserías,DICONO PEREYRA GABRIELA,PAGANA,ING. LUIS GIANNATTASIO 0,CANELONES,099155445,paganapasteles@gmail.com,@PAGANAGLUTENFREE,2025-08-19
Vigente,219338380012,62010,Actividades de programación informática,AMEROD SAS,S/D,Convención 1085,MONTEVIDEO,24070000,info@segalerba.com.uy,S/D,2025-09-15
Vigente,219503460013,62020,Actividades de consultoría informática y actividades de administración de medios informáticos,AULIAN TECH SAS,S/D,Prudencio Vazquez y Vega 1017,MONTEVIDEO,24070000,info@segalerba.com.uy,S/D,2024-12-03
Vigente,210649070011,49210,"Transporte terrestre de pasajeros del área urbana, suburbana o metropolitana",EMPRESA CASANOVA SOCIEDAD ANONIMA,CASANOVA,"GONZALEZ, CARMELO RENE 2186",S/D,22940969,CRAFERRARI@GMAIL.COM,S/D,2026-07-28
Vigente,120278880011,31001,Fabricación de muebles de madera,CARDOSO FLORES CARLOS ALBERTO,MOBO,19 DE ABRIL 774,S/D,099646433,carlos.cardosoflores@gmail.com,mobo.uy,2026-06-03
Vigente,160185230016,11040,Elaboración de bebidas no alcohólicas,COOPERATIVA DE LA FUENTE SALTO (COFUESA),COFUESA,"BATLLE BERRES, PTE. LUIS km 501",S/D,47302926,cofuesacompras@gmail.com,S/D,2026-06-02
Vigente,214370340011,27400,Fabricación de equipos de iluminación eléctricos,NOLESTAR S A,Sertec,Del Fortin 6475,S/D,095558079,info@sertec.com.uy,https://www.sertec.com.uy/,2026-06-03
Vigente,219180380013,17020,Fabricación del papel y cartón ondulado y de envases de papel y cartón,ESTRELLA TOTAL S.A.,S/D,RUTA 5 KM 33 PADRON 6304,CANELONES,091900065,gabriel@estrellapack.com.uy,S/D,2025-08-13
Vigente,160122020014,18119,"Otras actividades de impresión, grabación y reproducción, excepto serigrafía sobre textiles",ARTE S A,IMPRESORA SALTO,"AMORIN, ENRIQUE 150",SALTO,47327694,administracion@impresorasalto.com.uy,www.impresorasalto.com.uy,2025-08-14
Vigente,218994650014,10711,"Elaboración de pan, productos panificados en forma tradicional",MABATEL SAS,MABATEL,Avda. Millan 2754,MONTEVIDEO,29024233,administracion@audikont.com,S/D,2025-08-14
Vigente,220111090013,74109,Otras actividades especializadas en diseño,SUGASTI SASSO ROMINA,S/D,Gabrile Pereira 3221,MONTEVIDEO,093761471,proyectos.estudiocien@gmail.com,S/D,2025-07-14
Vigente,170360190011,62010,Actividades de programación informática,MERAKI CONSULTING SAS,S/D,JOSE ENRIQUE RODO 786,SAN JOSÉ,24070000,info@segalerba.com.uy,S/D,2025-09-22
Vigente,218821450013,62010,Actividades de programación informática,RUOTEJ S.A.,N/A,Ejido 1275,S/D,2624 1790 – Int. 3,juridico@koin.com.br,DESPEGAR,2026-03-26
Vigente,217771810013,28210,Fabricación de maquinaria agropecuaria y forestal,EUPHEMIA S.A.S.,STEELAGRO,Alcides de Maria 26,CANELONES,099182555,euphemiasrl@gmail.com,www.steelagro.uy,2025-08-07
Vigente,070141800012,16290,Fabricación de otros productos de madera,MEDIA PULGADA S.R.L,MEDIA PULGADA SRL,18 de Julio 339,S/D,43531296,media_pulgada@hotmail.com,S/D,2026-06-08
Vigente,211941050015,10711,"Elaboración de pan, productos panificados en forma tradicional",NOTAROBERTO ALBERTINI PIERRE TULIO,PANADERIA MICAELA,EDUARDO RAIZ 1941,MONTEVIDEO,23204702,pycmicaela@gmail.com,S/D,2025-08-06
Vigente,215151800015,21000,"Fabricación de productos farmacéuticos, sustancias químicas medicinales y de productos botánicos.",DERMAGROUP SRL,Dermagroup,CARLOS BERG 2494,MONTEVIDEO,27110804,info@dermagroup.com.uy,www.dermagroup.com.uy,2025-07-29
Vigente,110154430017,45201,Mantenimiento y reparación mecánica y eléctrica de vehículos,MOTOR S CA S R L,Motor S CA SRL,S/D,S/D,098194241,estudiofmartinez@gmail.com,S/D,2026-04-27
Vigente,219498840011,26100,Fabricación de productos electrónicos,AUTOLINK SAS,AUTOLINK SAS,colonia 1543,MONTEVIDEO,099068046,contacto@autolink.com.uy,https://autolink.com.uy/,2025-03-17
Vigente,219384070012,18119,"Otras actividades de impresión, grabación y reproducción, excepto serigrafía sobre textiles",TOC SAS,TOC,D.A.Larrañaga 4234,MONTEVIDEO,25078001,hola@toc.com.uy,www.toc.com.uy,2025-08-14
Vigente,210971060010,25999,Fabricación de otros productos de metal n.c.p.,CERRAJERIA HERING LTDA.,Cerrajeria Hering,20 DE FEBRERO 2370,MONTEVIDEO,25062919,rodolfohering@gmail.com,S/D,2025-08-20
Vigente,218227400017,56102,Rotiserías,PEREZ PEREZ SOLEDAD INES Y RABELLINO FLORES JAVIER ANDRES,El local,José Benito Lamas 2701,MONTEVIDEO,092922000,perezrabellino@gmail.com,S/D,2025-08-14
Vigente,170098340015,10711,"Elaboración de pan, productos panificados en forma tradicional",SAN ISIDRO LIMITADA,PANADERIA SAN ISIDRO,S/D,S/D,S/D,panaderiayconfiteriasi@hotmail.com,S/D,2025-08-12
Vigente,213526130010,23100,Fabricación de vidrio y de productos de vidrio,VINDELUZ S.A.,VINDELUZ,Camino Carmelo Colman 4583,S/D,23205207,vindeluz@vindeluz.com.uy,www.vindeluz.com.uy,2026-06-04
Vigente,020617840010,10749,Elaboración de pastas frescas,IO MANGIO S.R.L,PASTAS LA UNICA,S/D,S/D,26830494,pastaslaunica@gmail.com,S/D,2026-05-06
Vigente,212181800019,24100,Industrias básicas de hierro y acero,CARREIRA S A,CARREIRA SA,"SARAVIA, APARICIO 4425",MONTEVIDEO,23564196,carreira@metalik.com.uy,www.metalik.com.uy/,2025-08-13
Vigente,219524860010,62020,Actividades de consultoría informática y actividades de administración de medios informáticos,MANIBOPLA SAS,S/D,DE HERRERA AVDA. DR. LUIS ALBE 4080/102,MONTEVIDEO,24070000,info@segalerba.com.uy,S/D,2024-12-03
Vigente,218150530019,20231,"Fabricación de jabones, detergentes y preparados de limpieza",NEBA URUGUAY SRL,NO TIENE,AL PASO DEL ANDALUZ CNO 3926 0,S/D,099640034,admneba@gmail.com,www.neba.com.uy,2026-05-20
Vigente,217407500011,62010,Actividades de programación informática,MILWEEK SOCIEDAD ANONIMA,CONEXIO,victor soliño 349,MONTEVIDEO,23306952,hello@uruit.com,https://www.uruit.com/,2025-10-16
Vigente,213907080019,10400,Elaboración de aceites y grasas de origen vegetal y animal,SINGER MASTRANGELO ERNESTO OCTAVIO,Tupercí,Camino del Amarillo 00,S/D,099284930,cra.dasilva@hotmail.com,S/D,2026-06-09
Vigente,220613590012,62010,Actividades de programación informática,LEANDRO GOMEZ SAS,LEANDRO GOMEZ SAS,ORTICOCHEA MARIA 4347,S/D,099150255,veronica@tributa.uy,S/D,2026-05-26
Vigente,150992960013,33200,Instalación de maquinaria y equipo industrial,PEREZ HERNANDEZ MICAELA ALEXANDRA,S/D,republica 2,CANELONES,22926481,estudiofmartinez@gmail.com,S/D,2025-08-26
Vigente,218958720016,62010,Actividades de programación informática,KRAFT IT CONSULTING SAS,S/D,Andes 1256,MONTEVIDEO,24070000,info@segalerba.com.uy,S/D,2025-09-17
Vigente,180321320012,62010,Actividades de programación informática,CARLOS ANDRES SEGUROLA SILVA SAS,CARLOS ANDRES SEGUROLA SILVA SAS,Eduardo V. Haedo 429,S/D,099150255,veronica@tributa.uy,S/D,2026-05-25
Vigente,110225310019,14101,"Fabricación de prendas de vestir exteriores, excepto prendas de piel",ALEGRE SETTIMANO ESTELA ISABEL,El Arriero,S/D,S/D,22883338,estelaalegre.ea@gmail.com,www.elarriero.com.uy,2026-06-05
Vigente,214146600013,10501,Elaboración de productos lácteos en general,GRANJA POCHA S A,GRANJA POCHA SA,S/D,S/D,S/D,gjanzis@granjapocha.com,www.colonialuruguay.com,2024-12-13
Vigente,218978250015,17019,Fabricación de otros productos vinculados a la producción de papel y cartón n.c.p.,RECICLAJE CERDEÑA S.A.S,S/D,Camino Cerdeña 7073,MONTEVIDEO,093928916,paugonzalez1997@hotmail.com,S/D,2025-05-29
Vigente,190334750018,62010,Actividades de programación informática,GUSTAVO HERNANDEZ SAS,GUSTAVO HERNANDEZ SAS,FEDERICO GARCÍA LORCA 8070,S/D,099150255,veronica@tributa.uy,S/D,2026-05-25
Vigente,090282950015,10799,Elaboración de otros productos alimenticios n.c.p.,REZK ARELLANO JOAQUIN,S/D,Batlle y Ordoñez 1054,LAVALLEJA,099642690,joaquinrezk@gmail.com,S/D,2025-07-02
Vigente,218820090013,96099,Otras actividades de servicios n.c.p.,REUY S.A.S,Revaso,Martin Fierro 26345,MONTEVIDEO,099264344,fede@revaso.uy,www.revaso.uy,2025-08-13
Vigente,212045260016,18119,"Otras actividades de impresión, grabación y reproducción, excepto serigrafía sobre textiles",MASTERGRAF S R L,MASTERGRAF S.R.L.,"PAGOLA, GENERAL 1823",MONTEVIDEO,22034760,administracion@mastergraf.com.uy,www.mastergraf.com.uy,2025-08-19
Vigente,219004660017,62010,Actividades de programación informática,NINJA FACTORY SAS,NINJA FACTORY SAS,CAIGUA 1292,S/D,099150255,veronica@tributa.uy,S/D,2026-05-25
Vigente,160289020018,14101,"Fabricación de prendas de vestir exteriores, excepto prendas de piel",GUARINO VERONICA LORENA,Facha Confecciones,Artigas 1746,S/D,099853966,fachasalto@gmail.com,S/D,2026-06-08
Vigente,160020980019,10619,"Elaboración de otros productos de molinería de cereales, excepto del arroz y trigo",JUAN B CANALI S A,MOLINO Y FIDEERIA SANTA FE,BRASIL 2199,S/D,47333235,ADMINISTRACION@SANTAFE.COM.UY,https://molinosantafe.uy/,2026-05-29
Vigente,215397910011,16220,Fabricación de partes y piezas de carpintería para edificios y construcciones,BOTTA BLOIS JUAN JOSE,BOTTA BLOIS JUAN JOSE,RUTA GRAL LIBER SEREGNI (EX INTERBALNEARIA) 0,S/D,29157379,estudiobernardina@gmail.com,S/D,2026-06-02
Vigente,040125050010,10711,"Elaboración de pan, productos panificados en forma tradicional",SAN FRANCISCO LTDA,PANADERIA SAN FRANCISCO,LUIS A DE HERRERA 1003,COLONIA,099106694,axionnuevahelvecia@gmail.com,S/D,2025-07-24
Vigente,212678260016,70209,Otras actividades de administración y consultoría de administración de empresas,VIVESTAR SOCIEDAD ANONIMA,VIVESTAR SA,Juan Bautista Alberdi 6272,MONTEVIDEO,093600000,info@vivestar.uy,www.vivestar.com.uy,2025-09-22
Vigente,216029180014,62010,Actividades de programación informática,AQUA IT SOCIEDAD POR ACCIONES SIMPLIFICADAS,AQUA IT S.A.S,Blvr España 2323,S/D,099691335,NOTIFICACIONES@RB.UY,S/D,2026-05-26
Vigente,219610130017,10712,Elaboración de productos de confitería,KALIJMANN CYMERMAN DAN,Easy Congelados,Paraguay 2384,MONTEVIDEO,091012111,dankalijmann@gmail.com,https://easycongelados.com/,2025-07-17
Vigente,219586590017,62020,Actividades de consultoría informática y actividades de administración de medios informáticos,LOTERAK IT SAS,S/D,CRISTOBAL ECHEVARRIARZA 3302,MONTEVIDEO,24070000,info@segalerba.com.uy,S/D,2025-09-22
Vigente,212369230015,20110,Fabricación de sustancias químicas básicas y biocombustibles,VASER SAS,VASER,DE LAS INSTRUCCIONES 1482,MONTEVIDEO,23572169,vaser@vaser.com.uy,S/D,2025-08-12
Vigente,218568670014,25110,Fabricación de productos metálicos para uso estructural,FM SERVICIOS S.A.S,FM SERVICIOS,Felipe Díaz Ocampo 9310,CANELONES,099000281,ing.hebert.moreno@gmail.com,www.fmservicios.uy,2025-08-27
Vigente,213195020019,32120,Fabricación de joyas de imitación y artículos conexos,ALDIESAN S R L,LA CASA DEL ARTESANO,S/D,S/D,S/D,infoventas@lacasadelartesano.com.uy,"www.lacasadelartesano.com.uy , www.alegorias.com.uy , www.arteencasa.com.uy",2025-08-12
Vigente,219194370015,16102,"Aserrado, cepillado y trabajo a máquina de la madera.",ASHOKA SAS,S/D,SANTA RITA SN,CANELONES,095082303,abac.gestionadm@gmail.com,S/D,2025-07-16
Vigente,218327880010,62010,Actividades de programación informática,PRAVUS SOCIEDAD DE RESPONSABILIDAD LIMITADA,S/D,PALMAS Y OMBUES 5601,MONTEVIDEO,24070000,info@segalerba.com.uy,S/D,2025-09-25
Vigente,219311960018,62010,Actividades de programación informática,PYMO SAS,S/D,CASSINONI MARIO DR 1341,MONTEVIDEO,099699473,gabriel@pymo.uy,S/D,2025-03-31
Vigente,120365820017,47214,Comercio al por menor de productos de panadería y confitería,BERRUETA SEARA VANESSA SILVANA,De la casa sin gluten,Colon 1456,S/D,099155777,aguynacho@gmail.com,www.delacasa.uy,2026-04-24
Vigente,215977540015,20110,Fabricación de sustancias químicas básicas y biocombustibles,FIRTUX SOCIEDAD ANONIMA,T-CON Uruguay,Camino Las Cañas 10,CANELONES,092646300,info@tcon.uy,www.tcon.uy,2025-08-18
Vigente,217726750015,10711,"Elaboración de pan, productos panificados en forma tradicional",SANODELEITE S.R.L.,S/D,Zorrilla de San Martín 3509,CANELONES,099269795,alejandro@sanosinharina.uy,www.sanosinharina.uy,2025-08-11
Vigente,218766400013,10509,Elaboración de helados,BLANCO SCHROEDER MARIA INES,AMADO HELADO,justicia 2027,S/D,099796778,maine_bs@hotmail.com,S/D,2026-06-08
Vigente,216754780014,62010,Actividades de programación informática,TURIALBA S.A,TERO,Victor Soliño 349,MONTEVIDEO,27169578,hello@uruit.com,https://uruit.com/contact/,2025-10-16
Vigente,160264410017,45201,Mantenimiento y reparación mecánica y eléctrica de vehículos,PEREIRA DA COSTA ENRIQUE MARCELO,MECANICATOTAL,bolivia 1977,SALTO,47332524,mecanicatotal@adinet.com.uy,mecanicatotal.com.uy,2025-08-15
Vigente,210247330019,10112,"Matanza de ganado vacuno, ovino, porcino y equino en frigoríficos",CLAY S A,FRIGORIFICO CLAY S.A.,RUTA 7 KM 40,S/D,22939113,CONTACT@CLAYMEAT.COM,S/D,2026-06-03
Vigente,215288290012,22203,Fabricación de productos de plástico moldeado,CORDONES & CIA. S.A.,CORDONES  Y CIA.,ASCASUBI 4286 4286,MONTEVIDEO,23051184,cordonesycia@gmail.com,S/D,2025-10-09
Vigente,070261310012,10612,Elaboración de harina de trigo y otros productos derivados de la molienda de trigo,COOPERATIVA DE TRABAJO MOLINO FLORIDA,Molino Florida,ARTIGAS 1295,FLORIDA,43522033,molinoflorida1295@gmail.com,S/D,2025-08-12
Vigente,130197430013,28210,Fabricación de maquinaria agropecuaria y forestal,JULIO HARTWICH SAS,JULIO HARTWICH,Ruta 3 Km 311,RÍO NEGRO,45672070,info@jhartwich.com.uy,https://jhartwich.com.uy/,2025-09-25
Vigente,219795740011,62010,Actividades de programación informática,LOGAL SOFTWARE SAS,S/D,Bulevar España 2139,MONTEVIDEO,24070000,info@segalerba.com.uy,S/D,2025-09-08
Vigente,210252190017,27100,"Fabricación de motores eléctricos, generadores, transformadores eléctricos, distribución de la electricidad y aparato del control.",CONTROLES S A,CONTROLES SA,"RIVERA, GRAL. 3314",MONTEVIDEO,26220651,info@controles.com,www.controles.com,2025-06-20
Vigente,160347130011,43304,Instalación de objetos de carpintería de obra,DUFFEY RODRIGUEZ GASTON MARIA,S/D,"Beltran, Dr Washington 194",SALTO,098971108,administracion@contabledf.com,S/D,2025-08-18
Vigente,211432690016,62010,Actividades de programación informática,UNIVERSAL S A,UNIVERSAL SOLUCIONES TECNOLÓGICAS,ARTIGAS 898,S/D,27113838,universal@universal.com.uy,www.universal.com.uy,2026-04-15
Vigente,080145460019,22203,Fabricación de productos de plástico moldeado,MATECO SRL,mateco,TOMAS ALDABALDE 0,CANELONES,23626033,matecosrl@gmail.com.uy,S/D,2025-07-31
Vigente,210968940013,23100,Fabricación de vidrio y de productos de vidrio,VIDRIERIA BIA S A,BIA,Bvar Jose Batlle y Ordoñez 3483,S/D,24870707,bia@bia.com.uy,www.bia.com.uy,2026-06-03
Vigente,218407070015,10120,Elaboración de fiambres y chacinados,SACCARELLO MARIA VITTORIA,PIQUE ROTO,PARAJE SECCIÓN JUDICIAL 2,FLORIDA,091931356,piqueroto@rinconpandora.com,S/D,2025-08-18
Vigente,220199860014,10712,Elaboración de productos de confitería,PEDREIRA BENAVIDEZ NILDA RAQUEL Y FLEITAS ARAUJO WASHINGTON DA,Energy Bars,"MICHELINI, ZELMAR 863",S/D,098821552,cr.marcelblasina@gmail.com,S/D,2026-04-24
Vigente,180092680016,28210,Fabricación de maquinaria agropecuaria y forestal,MARY S R L,MARY S R L,CALLE 15 1,SORIANO,45388171,escritorioiraola@gmail.com,www.mary.com.uy,2025-07-28
Vigente,219604180016,43909,Otras actividades especializadas de construcción,GOFI SAS,Gofi Microspaces,S/D,S/D,099710125,german@gofimicrospaces.com,www.gofimicrospaces.com,2026-06-03
Vigente,130184600012,56101,Restaurantes y parrilladas,MELO BAZTERRICA LAURA IRENE Y MELO BAZTERRICA BARBARA MARIA,Varieté cuisine,18 de Julio 1977,RÍO NEGRO,099930256,varietecuisine@gmail.com,@variete_cuisine,2025-08-20
Vigente,219620430013,56101,Restaurantes y parrilladas,AIKO SAS,ROLOS,San Martín padrón 437,S/D,099137999,info@crcprofesionales.com,S/D,2026-06-05
Vigente,215089100019,33200,Instalación de maquinaria y equipo industrial,NELIBAN SOCIEDAD ANONIMA,FISCHER MONTAJES,S/D,S/D,S/D,fischermontajes@fischermontajes.com.uy,www.fischermontajes.com.uy,2025-07-11
Vigente,214407200013,29200,Fabricación de carrocerías para vehículos automotores,REDILOY S A,ALFONZO,"Ruta 1 km 61,200 trazado viejo Km 61.200",S/D,43459869,administracion@rediloy.com.uy,S/D,2026-06-05
Vigente,213382910014,18119,"Otras actividades de impresión, grabación y reproducción, excepto serigrafía sobre textiles",NESTA LTDA,Imprenta Diagonal,CONVENCION 1319,MONTEVIDEO,29012151,info@imprentadiagonal.com.uy,www.imprentadiagonal.com.uy,2025-08-15
Vigente,214378740019,18119,"Otras actividades de impresión, grabación y reproducción, excepto serigrafía sobre textiles",MERALIR S A,Gráfica Mosca,Guayabo 1672,S/D,24083049,mosca.javier@gmail.com,www.graficamosca.com,2026-06-23
Vigente,217509980012,10300,Procesamiento y conservación de frutas y vegetales,DELPINO CALVIÑO DIEGO NICOLAS,Granja Delpino,LUIS BATLLE BERRES  Nro 8498,S/D,095019848,granjadelpino@hotmail.com,S/D,2026-05-29
Vigente,218755940011,62010,Actividades de programación informática,DEV-21 SOCIEDAD DE RESPONSABILIDAD LIMITADA,S/D,VAZQUEZ LEDESMA JOSE 3090,MONTEVIDEO,24070000,info@segalerba.com.uy,S/D,2025-09-17
Vigente,216072360010,38210,Tratamiento y eliminación de desechos no peligrosos,MARGENES DEL RIO  S A,S/D,Haiti 1500,MONTEVIDEO,099697251,llorenzo@margenesdelrio.com,S/D,2025-08-18
Vigente,214003080016,22202,Fabricación de laminados planos y tubulares de materiales plásticos,DIANELCO S A,DIANELCO SA,CAMINO MENDEZ 2381,MONTEVIDEO,23135151,DIANELCOSA@GMAIL.COM,S/D,2025-08-27
Vigente,219035450014,16220,Fabricación de partes y piezas de carpintería para edificios y construcciones,IQ SAS,IQ EQUIPAMIENTOS,Zapican 2431,S/D,091861401,ventas@iqequipamientos.com.uy,www.iqequipamientos.com.uy,2026-06-01
Vigente,216438320017,71103,Servicios de ingeniería,VALERI IRAIZOZ GERARDO,VALERI IRAIZOZ GERARDO,PARAGUAY 990,S/D,26283405,finance.pyxis@RB.UY,S/D,2026-02-06
Vigente,211192710018,66190,Otras actividades auxiliares a las actividades de servicios financieros,SISTARBANC S.R.L.,SISTARBANC S.R.L.,convencion 1441,MONTEVIDEO,29024109,ACHEBI@SISTARBANC.COM,www.e-sistarbanc.com,2024-12-03
Vigente,212730570017,21000,"Fabricación de productos farmacéuticos, sustancias químicas medicinales y de productos botánicos.",LABORATORIO LIBRA SOCIEDAD ANONIMA,LABORATORIO LIBRA SA,ARROYO GRANDE 2838,S/D,1704,info@lablibra.com,www.lablibra.com,2026-07-13
Vigente,130144970013,10711,"Elaboración de pan, productos panificados en forma tradicional",SOBRINO RODRIGUEZ GERMAN Y MARTINEZ VILLALBA XIMENA SOLEDAD,PANADERIA LA PAN ORO,18 DE JULIO 1928,RÍO NEGRO,45623182,estudiogiovio@gmail.com,S/D,2025-08-21
Vigente,180226580010,11030,Elaboración de bebidas malteadas y de malta,GARCIA ACOSTA MARIO DAMIAN,DRABBLE,cE sin,SORIANO,099541635,ods@egc.com.uy,S/D,2025-07-25
Vigente,210195570014,22201,Fabricación de productos de plástico para la construcción,NEIGARSAN S A,NEIGARSAN S.A.,"TEXERA, TOMAS 4941",MONTEVIDEO,23092728,neigarsa@adinet.com.uy,www.neigarsan.com,2025-05-15
Vigente,217933520015,20290,Fabricación de otros productos químicos n.c.p.,BIOTEK PETROL S.R.L.,BIOTEK PETROL,Tabaré Etcheverry 0,CANELONES,26969259,info@biotekpetrol.com,www.biotekpetrol.com,2025-10-21
Vigente,219377350013,10712,Elaboración de productos de confitería,GRUPO LD SAS,Cookies & más,Messina 5689,S/D,099663150,hola@cookies.uy,https://cookies.uy/,2026-05-26
Vigente,218854190010,20290,Fabricación de otros productos químicos n.c.p.,ASINDAL S.A.S.,Kinzbio,Pedro Murillo 6080,MONTEVIDEO,094039000,admin@kinzbio.com,https://www.kinzbio.com/,2025-07-28
Vigente,160288560019,47212,Comercio al por menor de carne y menudencias,"ALVEZ SOSA ROBERT SEBASTIAN, ALVEZ SOSA LORENA PAOLA Y OTROS",Carniceria Corte´s,Avenida Concordia 996,SALTO,092024342,cortescarniceria@gmail.com,S/D,2025-08-19
Vigente,020592930011,46209,Comercio al por mayor de otras materias primas agropecuarias y animales vivos,EKIN SERVICIOS AGRICOLAS SAS,S/D,S/D,CANELONES,099141989,info@ekin.uy,S/D,2025-08-07
Vigente,218387120012,22201,Fabricación de productos de plástico para la construcción,RODRIGUEZ PEREIRA RICHART SEBASTIAN,VANGUARD,Ayui 845,PAYSANDÚ,099472319,VanguardPVC@gmail.com,S/D,2025-08-12
Vigente,150509630017,10749,Elaboración de pastas frescas,DALLOGLIO PENALOSA RONALD GABRIEL,DELLA NONNA,SARANDI 3384,RÍO NEGRO,098823598,fabricadepastasdellanonna@gmail.com,S/D,2025-08-20
Vigente,217661980011,32500,Fabricación de instrumentos y suministros médicos y dentales,JORGE CAMACHO E HIJOS S.R.L.,COSMOVISION,San Jose 1458,MONTEVIDEO,099752008,administracion@audikont.com,S/D,2025-08-07
Vigente,219471500015,62020,Actividades de consultoría informática y actividades de administración de medios informáticos,MFPROG SAS,S/D,CRISTOBAL ECHEVARRIARZA 3269,MONTEVIDEO,24070000,info@segalerba.com.uy,S/D,2025-09-25
Vigente,210166750018,27320,Fabricación de otros cables eléctricos y electrónicos,ANTONIO BARCIA E HIJO SRL,ANTONIO BARCIA E HIJO SRL,CUAREIM 1670,MONTEVIDEO,29002483,abarcia@adinet.com.uy,www.barcia.com.uy,2025-09-05
Vigente,120402970013,11030,Elaboración de bebidas malteadas y de malta,PIAGGIO BEROCAY SILVINA E INNELLA BAGNASCO JOAQUIN,S/D,33 orientales 909,PAYSANDÚ,47249459,contable@tresgroup.com.uy,S/D,2025-08-15
Vigente,215482400014,62010,Actividades de programación informática,TECNOLIV S A,URUIT,VICTOR SOLIÑO 349,MONTEVIDEO,26003157,hello@uruit.com,https://www.uruit.com/,2025-10-16
Vigente,216955270013,16102,"Aserrado, cepillado y trabajo a máquina de la madera.",CONFIDO SOCIEDAD ANONIMA,CONFIDO SOCIEDAD ANONIMA,"LARRAÑAGA, DAMASO ANTONIO 1",S/D,099986183,info@dauberyasociados.com.uy,S/D,2026-06-10
Vigente,080021670011,52100,Depósito y almacenaje,CORFRISA CORPORACION FRIGORIFICA DEL URUGUAY S A,CORFRISA,DR.ENRIQUE POUEY 1,CANELONES,23644601,info@corfrisa.com,www.corfrisa.com,2025-06-30
Vigente,210160050014,22203,Fabricación de productos de plástico moldeado,PLAMET LTDA,PLAMET LIMITADA,S/D,S/D,S/D,plamet@plamet.com.uy,www.plamet.com.uy,2025-08-06
Vigente,215152350013,16102,"Aserrado, cepillado y trabajo a máquina de la madera.",MADERAS CIBILS S R L,Maderas Cibils,S/D,S/D,S/D,carlacaritasuruguay@hotmail.com,S/D,2025-08-11
Vigente,219647950018,31001,Fabricación de muebles de madera,CARPINTERIA MONTEVIDEO SAS,CARPINTERIA MONTEVIDEO SAS,CAPURRO 776,S/D,094085807,contable@estudiovdc.com,S/D,2026-05-25
Vigente,080139130010,11010,"Destilación, rectificación y mezcla de bebidas alcohólicas",SAAC LTDA.,S/D,eLIAS reGULES Y RUTA 67 1,CANELONES,099692262,alejandro@saac.uy,WWW.SAAC.UY,2025-08-14
Vigente,110340690015,10509,Elaboración de helados,IRAIZOZ DE LEON CARLOS RODRIGO,Heladería África,Piovene 1032,CANELONES,099552439,estudiofmartinez@gmail.com,S/D,2025-10-22
Vigente,212524080018,10800,Elaboración de alimentos preparados para animales,INSALCOR S A,INSALCOR SA,S/D,S/D,094699466,maira.marrero@insalcor.com.uy,www.insalcor.com,2026-05-28
Vigente,219694190016,62010,Actividades de programación informática,SILVANA MORENO SAS,S/D,BUXAREO 1148,MONTEVIDEO,24070000,INFO@SEGALERBA.COM.UY,S/D,2025-09-25
Vigente,218812040010,47521,Comercio al por menor de artículos de ferretería,ROMEMACHA SAS,S/D,JOSE TORRES GARCIA 527,CANELONES,096253616,uruofertasimp@gmail.com,S/D,2025-03-07
Vigente,216429120019,38110,Recolección de desechos no peligrosos,MILTAY S.A.,BioTerra,Camino Lloveras 1,S/D,43302000,administracion@bioterra.com.uy,www.bioterra.com.uy,2026-05-08
Vigente,180305960010,10719,Elaboración de otros productos panificados realizados en fábricas,GIOVANNI SAUTO SRL,MERCATTO Y MADRE PAN,S/D,S/D,091312286,beniayborges@gmail.com,S/D,2026-05-06
Vigente,218385200019,62010,Actividades de programación informática,ZETTASOFT URUGUAY SOCIEDAD DE RESPONSABILIDAD LIMITADA,S/D,FERNANDEZ CRESPO AVDA. DANIEL 1793/1004,MONTEVIDEO,24070000,info@segalerba.com.uy,S/D,2024-12-03
Vigente,216063030011,74101,Servicios de diseño gráfico,FUENTES PARETTI ADRIAN NICOLAS,S/D,25 DE MAYO 541,MONTEVIDEO,099909106,INFO@GEEMSA.COM.UY,S/D,2025-03-31
Vigente,213522070013,14101,"Fabricación de prendas de vestir exteriores, excepto prendas de piel",MESILAR S.A.,MESILAR SA,S/D,S/D,S/D,estudio@rdalva.com,S/D,2025-01-14
Vigente,070222610019,46202,"Comercio al por mayor de granos, semillas y frutas oleaginosas",SERVICIOS DEL CENTRO SOCIEDAD DE RESPONSABILIDAD LIMITADA,S/D,RUTA 5 KM 127,FLORIDA,099351874,nataliagonzalez@serviciosdelcentrosrl.com,S/D,2025-06-09
Vigente,210774960019,21000,"Fabricación de productos farmacéuticos, sustancias químicas medicinales y de productos botánicos.",APITER S.A.,APITER LTDA,S/D,S/D,S/D,apiter@apiter.com,www.apiter.com,2025-08-21
Vigente,218665740013,15200,Fabricación de calzado,COOPERATIVA DE TRABAJO CADENA PRODUCTIVA DEL CUERO,CPC,S/D,S/D,S/D,cadenaproductivadelcuero@gmail.com,https://www.instagram.com/calzados_veloz?igsh=a3U5Z3I1d2l4Y2Nh,2025-08-18
Vigente,210118730010,20231,"Fabricación de jabones, detergentes y preparados de limpieza",H RAFULS CAMOU S A,DROGUERIA MONTEVIDEO,S/D,S/D,S/D,contacto@drogueriamontevideo.com,https://tiendaweb.drogueriamontevideo.com/,2025-02-12
Vigente,090321930016,10712,Elaboración de productos de confitería,CASTELLS VINCENT AGUSTINA,Sudeleche,calle 30 de abril 52QP+VW5,CANELONES,092331963,sudeleche.contactos@gmail.com,S/D,2025-09-01
Vigente,217258420011,25110,Fabricación de productos metálicos para uso estructural,MARTINIX SRL,URUFRAME,Cuareim 1984,S/D,29296454,sbagalciague@uruframe.com.uy,https://www.uruframe.com.uy/,2026-04-21
Vigente,210230050018,32500,Fabricación de instrumentos y suministros médicos y dentales,ELECTROPLAST S A,ELECTROPLAST S A,"GOMEZ, GRAL. SERVANDO 2440",MONTEVIDEO,26005211,cmanan@epsa.com.uy,S/D,2025-06-03
Vigente,110139900016,10719,Elaboración de otros productos panificados realizados en fábricas,TRUJILLO GUILLEN JUAN JOSE,Mr Pan,RUTA GRAL LIBER SEREGNI (EX INTERBALNEARIA) s/n,S/D,098723283,contable@estudioiya.com,S/D,2026-05-15
Vigente,214431230016,62010,Actividades de programación informática,MATEO SIMEONE ALEJANDRO,S/D,Luis Cavia 2884,MONTEVIDEO,26283405,finance.pyxis@rb.uy,S/D,2025-10-28
Vigente,020129460014,18119,"Otras actividades de impresión, grabación y reproducción, excepto serigrafía sobre textiles",IMPRESORA SUR-GRAFF-TALA LTDA.,S/D,Tomas Berreta S/n,CANELONES,097315582,tramitescctala@gmail.com,S/D,2025-08-07
Vigente,020288140014,78300,Otro suministro de recursos humanos,A. Y M. SANTA LUCIA LIMITADA,A. Y M. SANTA LUCIA LIMITADA,Chile 60,CANELONES,43349638,comercial@aymsantalucia.com.uy,S/D,2025-05-19
Vigente,217248260011,22209,Fabricación de otros productos de plástico n.c.p.,JAZZIC S.A.,RBS Etiquetas,Camino Paso Escobar 0,CANELONES,095226271,rbsimpresos@gmail.com,S/D,2025-09-01
Vigente,040327020015,10501,Elaboración de productos lácteos en general,SCHAFFNER HOLZER ERICH GERARDO Y VILA CURBELO OLGA GRAZIELLA,S/D,S/D,COLONIA,099520083,estudiosol@adinet.com.uy,S/D,2025-08-15
Vigente,214000320016,27100,"Fabricación de motores eléctricos, generadores, transformadores eléctricos, distribución de la electricidad y aparato del control.",PARTILUZ S.A.,Partiluz,Avenida Luis Braille 3288,MONTEVIDEO,25113614,info@partiluz.com.uy,https://www.partiluz.com.uy/,2025-02-03
Vigente,219493820012,10719,Elaboración de otros productos panificados realizados en fábricas,GCP URUGUAY SAS,Nutrazen,Zorrilla de San Martín 3509,CANELONES,094395161,info@nutrazen.com.uy,www.nutrazen.com.uy,2025-07-25
Vigente,220185110018,16102,"Aserrado, cepillado y trabajo a máquina de la madera.",PALBIN SAS,Palbin SAS,Avenida San Martin 2620,S/D,099472391,palbinsas@gmail.com,S/D,2026-05-27
Vigente,120098240014,10799,Elaboración de otros productos alimenticios n.c.p.,DOMINGO RAFAEL GHELFA LIMITADA,SPIN,SARANDÍ 1938,PAYSANDÚ,47239310,gb.pontevedra@gmail.com,www.pontevedra.com.uy,2025-08-20
Vigente,216267070011,20130,Fabricación de plásticos y de caucho sintético en formas primarias,GOMSIL LIMITADA,GOMSIL LIMITADA,miguelete 1427,S/D,094060570,rosariopujol61@gmail.com,S/D,2026-06-10
Vigente,219681780014,18120,Servicios relacionados con la impresión,AS INSUMOS SAS,S/D,guillermo tell 4032 bis,MONTEVIDEO,22026478,ventas@asinsumos.com,www.asinsumos.com,2025-10-16
Vigente,040251490016,8999,Explotación de otras minas y canteras n.c.p.,M.S.C. S.R.L.,M.S.C. S.R.L.,S/D,S/D,45202044,info@msc.uy,http://msc.uy/,2026-07-08
Vigente,040566890010,23950,"Fabricación de artículos de hormigón, de cemento y de yeso",EDGARDO DOMINGUEZ SAS,S/D,Federico Gilomen 917,COLONIA,45546101,edgardodomingueznh@gmail.com,S/D,2025-10-01
Vigente,110331980014,62020,Actividades de consultoría informática y actividades de administración de medios informáticos,SOLUCIONES TECNOLOGICAS S.A.,Soluciones Tecnológicas,17 mts 1325,CANELONES,26041603,ssanchez@solucionesTecnologicas.com.uy,S/D,2025-07-24
Vigente,020121850018,10612,Elaboración de harina de trigo y otros productos derivados de la molienda de trigo,COOPERATIVA DE TRABAJADORES DE MOLINO SANTA ROSA,COOPERATIVA DE TRABAJADORES DE MOLINO SANTA ROSA,PRIMITIVO CABRERA S/N,CANELONES,43323632,nmadera@molinosantarosa.com.uy,www.molinosantarosa.com.uy,2025-08-08
Vigente,219222970018,10619,"Elaboración de otros productos de molinería de cereales, excepto del arroz y trigo",INTEGRO SAS,Convita,General Pagola 1765,MONTEVIDEO,22063270,info@convita.com.uy,www.convita.com.uy,2025-09-09
Vigente,180153480011,25921,Talleres de tornería,PALACIO ALCAIRE OSCAR DANIEL,SERVICIOS DON JUAN,18 DE JULIO SIN NUMERO,S/D,099537084,CONTADORAMAGLIONE@HOTMAIL.COM,S/D,2026-06-02
Vigente,110241890016,18119,"Otras actividades de impresión, grabación y reproducción, excepto serigrafía sobre textiles",CORTES CALOCA GERMAN,Calco Industria Gráfica,5 s/n,S/D,095463777,administracion@calco.uy,Calco.uy,2026-04-27
Vigente,219814170017,62010,Actividades de programación informática,DAFANET SOLUTIONS SAS,S/D,Ramos 4340,MONTEVIDEO,24070000,info@segalerba.com.uy,S/D,2025-09-15
Vigente,219693700010,62010,Actividades de programación informática,JSYS SAS,JSYS SAS,REPUBLICA ARGENTINA manzana 58,S/D,099150255,veronica@tributa.uy,S/D,2026-05-26
Vigente,217328450011,47640,Comercio al por menor de juegos y de juguetes en almacenes especializados.,FERNANDEZ HEREDIA MARIA NOELIA,Maria Noelia Fernandez Heredia,8 de octubre 3538,S/D,096501443,nfernandez244@hotmail.com,S/D,2026-04-07
Vigente,130046160017,28210,Fabricación de maquinaria agropecuaria y forestal,ALGERIS LTDA,ALGERIS LIMITADA,S/D,S/D,S/D,algeris_uy@yahoo.com,www.algeris.uy,2026-05-19
Vigente,217709920013,20210,Fabricación de pesticidas y de otros productos químicos de uso agropecuario,LOS BONO SRL,S/D,S/D,S/D,S/D,losbono@gmail.com,S/D,2025-08-14
Vigente,218270330017,10712,Elaboración de productos de confitería,CIOLI ETCHEVARREN FLORENCIA,Ríccoli,Cuaró 3151,MONTEVIDEO,099232941,florenciacioli@gmail.com,www.riccoli.uy,2025-08-19
Vigente,210066450012,17012,Fabricación de papel y cartón,INDUSTRIA PAPELERA URUGUAYA S A,INDUSTRIA PAPELERA URUGUAYA SA,ESPAÑA S/N,S/D,22922073,lucia.estrada@softys.com,www.softys.com,2026-04-15
Vigente,215546630015,38220,Tratamiento y eliminación de desechos peligrosos,CLOVANY S.A.,CLOVANY,RUTA 101 KM26500,CANELONES,094554228,clovanysa@gmail.com,CLOVANY.UY,2025-07-22
Vigente,120164900013,10749,Elaboración de pastas frescas,VALENTIN S.R.L.,VALENTÍN S.R.L.,18 DE JULIO 830,PAYSANDÚ,47224621,estudiogarrett@gmail.com,S/D,2025-07-29
Vigente,190209890012,10750,Elaboración de comidas y platos preparados,VITELIO BRUNO MARIA CECILIA,Sapere,S/D,S/D,S/D,cvitelio@hotmail.com,S/D,2025-07-25
Vigente,212374170017,62020,Actividades de consultoría informática y actividades de administración de medios informáticos,COMPU SEGURIDAD S R L,COMPU SEGURIDAD,S/D,S/D,S/D,ventas@compuseguridad.com,www.compuseguridad.com,2025-03-14
Vigente,214643870019,20231,"Fabricación de jabones, detergentes y preparados de limpieza",TANKIN SOCIEDAD ANONIMA,FEDERAL,ARRIBEÂÑOS 3539,MONTEVIDEO,25112156,federal@federal-int.com.uy,baronrojo.uy,2025-08-12
Vigente,218256420012,10120,Elaboración de fiambres y chacinados,BORDENAVE BEASLEY  SOCIEDAD ANONIMA,Bordenave Beasley,Artigas 1696,S/D,47339461,estudio@estudiomigliaro.com.uy,https://bordenave.com.uy/,2026-06-04
Vigente,213740650011,62020,Actividades de consultoría informática y actividades de administración de medios informáticos,INTEGRA AMERICA LIMITADA,Integra America,SAN SALVADOR 1476,MONTEVIDEO,24129595,adm@integraamerica.com,S/D,2025-09-18
Vigente,212692680019,20231,"Fabricación de jabones, detergentes y preparados de limpieza",INUR S A,S/D,101 24200,CANELONES,26830761,estudio_cr_vila@yahoo.com,INUR.COM.UY,2025-08-06
Vigente,218042010018,62010,Actividades de programación informática,TBM S.R.L.,S/D,EDUARDO VICTOR HAEDO 2244,MONTEVIDEO,24070000,info@segalerba.com.uy,S/D,2024-12-03
Vigente,040338330010,31004,Fabricación de muebles y accesorios de metal,LONG ROSTAN JORGE ESTEBAN,S/D,Juan Costabel 668,COLONIA,099493379,karina.cceirosario@gmail.com,S/D,2025-08-15
Vigente,020595840013,62010,Actividades de programación informática,RECURSIVE STEP SAS,RECURSIVE STEP SAS,VASCO DA GAMA,S/D,099150255,veronica@tributa.uy,S/D,2026-05-25
Vigente,210599140011,20110,Fabricación de sustancias químicas básicas y biocombustibles,QUIMICA GAMMA SOCIEDAD ANONIMA,QUIMICA GAMMA SA,"RAIZ, CORONEL 2175",S/D,23209901,qgamma@quimicagamma.com.uy,www.quimicagamma.com.uy,2026-04-20
Vigente,219723530010,62010,Actividades de programación informática,JUAN ARIAS SAS,S/D,Av. Gonzalo Ramirez 1329,MONTEVIDEO,24070000,info@segalerba.com.uy,S/D,2025-09-17
Vigente,219425750012,10400,Elaboración de aceites y grasas de origen vegetal y animal,JAUMEL SA,JAUMEL SA,CAMINO VECINAL S/N,S/D,45220505,raul.barolin@estudioterrasol.com,S/D,2025-11-21
Vigente,214949960015,25921,Talleres de tornería,ILAREL SOCIEDAD ANONIMA,CROMO ALUMINIO,AVENIDA MILLAN 2488,MONTEVIDEO,22090855,cromo-aluminio@adinet.com.uy,www.cromo-aluminio.com,2024-10-31
Vigente,150602610012,10750,Elaboración de comidas y platos preparados,COLL JERONIMO,Manitos,Zorrilla de San Martin 141,S/D,092855395,manitos@manitos.uy,S/D,2026-06-05
Vigente,211110880011,22203,Fabricación de productos de plástico moldeado,ELCOR S A,PLASTICOS SANCHEZ,"ORIBE, BRIG. GRAL. MANUEL 0",CANELONES,22880885,info@plasticossanchez.com,www.plasticossanchez.com.uy,2025-08-06
Vigente,219105090011,62010,Actividades de programación informática,PASTORINO VICO SANTIAGO SAS,S/D,Coronel Mora 557,MONTEVIDEO,24070000,info@segalerba.com.uy,S/D,2024-12-03
Vigente,210000480010,10799,Elaboración de otros productos alimenticios n.c.p.,NESTLE DEL URUGUAY S A,NESTLE DEL URUGUAY S A,CAMINO DE LOS PORTUGUESES 1,S/D,26810030,Servicios.Consumidor@uy.nestle.com,www.nestle.com.uy,2026-05-25
Vigente,210676290019,24100,Industrias básicas de hierro y acero,SANDONATO S A,Metalurgica SANDONATO S.A.,TOMKINSON 1531,MONTEVIDEO,23131343,metsando@sandonato.com.uy,www.sandonato.com.uy,2025-08-20
Vigente,219069120017,38110,Recolección de desechos no peligrosos,ROCS PV SOCIEDAD POR ACCIONES SIMPLIFICADAS,PlataformaVALOR,CNO POLUX 5610,S/D,094550270,brenes.mundy@gmail.com,S/D,2026-06-04
Vigente,212456100012,20290,Fabricación de otros productos químicos n.c.p.,ARAZUL LIMITADA,Arazul,Matilde Pacheco 3961,S/D,22223910,arazul@arazul.com,S/D,2026-04-22
Vigente,190115110013,46209,Comercio al por mayor de otras materias primas agropecuarias y animales vivos,RODRIGUEZ DOS SANTOS ALDA MARIA,S/D,S/D,TACUAREMBÓ,098869120,vamoscrebiouy@gmail.com,@crebio,2025-08-15
Vigente,219336940010,62010,Actividades de programación informática,APOLK SAS,S/D,Andes 1342,MONTEVIDEO,24070000,info@segalerba.com.uy,S/D,2025-09-15
Vigente,218751920016,47736,"Comercio al por menor de artesanías, fantasías y souvenirs",CORTAZZO BRYSK NADIA Y BATISTA SILVA ASDRUBALDO RAMON,Cortazzo y Batista,Llupes 5533,S/D,092035354,mmederos@epi.com.uy,S/D,2026-06-10
Vigente,110229250010,10501,Elaboración de productos lácteos en general,HONEGGER MONTERO LAURA BEATRIZ,Honegger,Avda. Batlle y Ordoñez 323,S/D,099172211,honegger.uy@gmail.com,S/D,2026-05-06
Vigente,214506360019,25110,Fabricación de productos metálicos para uso estructural,TELCAM SRL,Telcam,Camino Manuel Flores 7400,S/D,23128108,"diego.portos@telcam.com,uy",www.telcam.com.uy,2026-04-22
Vigente,214271740011,32110,Fabricación de joyas y artículos conexos,ZAFIROS S R L,ZAFIROS SRL,COSTA PILAR 238,MONTEVIDEO,23044634,edgardom.19@hotmail.com,S/D,2025-03-17
Vigente,130196280018,25991,Fabricación de productos de alambre y otros artículos para la construcción,SEMAREN SRL,SEMAREN,Camino a la feria 6327,RÍO NEGRO,099008784,Tejidos.uyfb@gmail.com,S/D,2025-08-13
Vigente,213808860016,62090,Otras actividades de tecnología de información y servicio de computadoras,QAM INGENIEROS S.R.L.,QAM Ingenieros,San Salvador 1476,MONTEVIDEO,24129595,adm@qaming.com.uy,S/D,2025-09-22
Vigente,219544080010,10799,Elaboración de otros productos alimenticios n.c.p.,BRAVEIN SAS,Brasas & Humos,Santiago Laurnaga 1154,S/D,092 499 835,brasasyhumos.uy@gmail.com,https://brasasyhumos.uy/,2026-05-28
Vigente,215389040011,14101,"Fabricación de prendas de vestir exteriores, excepto prendas de piel",FADOTIR S A,S/D,COLON 1335,MONTEVIDEO,29160412,abuscio@skysea.com.uy,https://skyblue.uy/,2025-07-23
Vigente,040438590014,15122,Fabricación de accesorios de cuero y de materiales similares,BARIZZONE BARIZONI SABRINA GRACIELA,Estilo Campo,AVENIDA PARAGUAY 415,S/D,098749914,s.barizzone1987@gmail.com,Estilo Campo,2026-05-20
Vigente,150824230011,11040,Elaboración de bebidas no alcohólicas,GALLINO GALLUZZO LEONARDO,S/D,asencio 257,SALTO,098634370,leogallinogall@gmail.com,S/D,2025-08-19
Vigente,170077950019,28190,Fabricación de otros tipos de maquinaria de uso general,URBAN PEREIRA PAULINO LEON,S/D,S/D,SAN JOSÉ,094452204,metalurban@hotmail.com,S/D,2025-07-29
Vigente,220260120011,28210,Fabricación de maquinaria agropecuaria y forestal,NORYTO SAS,S/D,AVENIDA ALTIVO ESTEVES 116,RIVERA,46229925,diego.noryto@gmail.com,S/D,2025-10-20
Vigente,050233180016,33140,Reparación de equipo eléctrico,TPEA SAS,TPEA,MANUEL MELENDEZ 316,S/D,098964247,tpregistros@gmail.com,S/D,2026-06-05
Vigente,020338140012,31001,Fabricación de muebles de madera,MESA RAMOS SANDRA GABRIELA,S/D,S/D,CANELONES,098487150,sandramesa23@hotmail.com,S/D,2025-08-11
Vigente,213960230011,10501,Elaboración de productos lácteos en general,RODRIGUEZ HERNANDEZ CIRO ALEJANDRO,Cerro Negro,S/D,S/D,S/D,info@tambocerronegro.com,https://www.tambocerronegro.com/,2025-08-07
Vigente,216201830018,18119,"Otras actividades de impresión, grabación y reproducción, excepto serigrafía sobre textiles",LABAREY SOCIEDAD ANONIMA,Convertec,J. J. Dessalines 1795,S/D,26181120,ventas@convertec.com.uy,http://www.convertec.com.uy/,2026-06-30
Vigente,217104030019,71103,Servicios de ingeniería,SASTRE ABREU DIEGO,SASTRE ABREU DIEGO,BONPLAND 547,S/D,29159979,finance.pyxis@RB.UY,S/D,2026-02-06
Vigente,211905250018,31001,Fabricación de muebles de madera,MYD LTDA,S/D,Juan B Morelli 4172,MONTEVIDEO,094441711,mydartesanal@gmail.com,S/D,2025-07-29
Vigente,218486410019,31001,Fabricación de muebles de madera,CERVETTO MANCIAMELI RODOLFO SEBASTIAN,Rutiá Carpintería CNC,Pantaleón Artigas 3787,MONTEVIDEO,098992554,rutia.carpinteria@gmail.com,S/D,2025-07-25
Vigente,100795720013,10720,Elaboración de azúcar,IOJES DOMINIQUE Y GERNER MARCHEWKA MAURICIO GABRIEL,S/D,tomas guiribaldi 0,MALDONADO,099919345,naturalsamadhi@gmail.com,S/D,2025-08-19
Vigente,218811890010,62010,Actividades de programación informática,ESLENDER S.A.,Nearsure,SOLIÑO VICTOR 349,S/D,29027549,NOTIFICACIONES@RB.UY,https://www.nearsure.com/,2026-05-13
Vigente,170082520019,16102,"Aserrado, cepillado y trabajo a máquina de la madera.",IMNSUR LTDA,IMNSUR LTDA,Ruta 45 Km 86.400,S/D,43482522,imnsurhb@gmail.com,S/D,2025-12-16
Vigente,218509330016,62010,Actividades de programación informática,CACTUSLABS DEVELOP SOCIEDAD DE RESPONSABILIDAD LIMITADA,S/D,BULEVAR ARTIGAS 2042,MONTEVIDEO,24070000,info@segalerba.com.uy,S/D,2024-12-03
Vigente,219093640017,62010,Actividades de programación informática,ARTSOFT SAS,ARTSOFT SAS,GUARANI 1460,S/D,099150255,veronica@tributa.uy,S/D,2026-05-22
Vigente,210275970019,24300,Fundición de hiero y acero y de metales no ferrosos,AHINCO S.A.,AHINCO SA,ENRIQUE CHAPLIN 2402,PAYSANDÚ,092197486,INFOAHINCO@GMAIL.COM,TERMIANALESONIX.COM,2025-08-14
Vigente,50206620019,25110,Fabricación de productos metálicos para uso estructural,AP PORTELA S.R.L.,Acrílicos Portela,Ruta 5,S/D,43623474,appromo@gmail.com,S/D,2026-06-01
Vigente,213106380014,80209,Otras actividades de servicios de sistemas de seguridad,KANN KARABELNIK GABRIEL,Icalarm,Verdi 4405,MONTEVIDEO,093987422,info@icalarm.com,https://www.icalarm.com/,2025-08-22
Vigente,212200770019,21000,"Fabricación de productos farmacéuticos, sustancias químicas medicinales y de productos botánicos.",BOTICA DEL SEÑOR S R L,BOTICA DEL SEÑOR SRL,S/D,S/D,S/D,informes@boticadelsenor.com.uy,www.boticadelsenor.com.uy,2025-08-19
Vigente,217956800014,21000,"Fabricación de productos farmacéuticos, sustancias químicas medicinales y de productos botánicos.",OLONIR S.A.,ATGEN BIO,Avda Italia 6201 Ed Los Tilos 106,S/D,26006001,lpedra@atgen.com.uy,S/D,2026-05-28
Vigente,130062320015,18111,Actividades de impresión de diarios y revistas.,ALCA S.R.L.,Imprenta 33,33 orientales 3183,RÍO NEGRO,099563650,imprenta33@hotmail.ccom,S/D,2025-08-21
Vigente,218918970011,10719,Elaboración de otros productos panificados realizados en fábricas,BUENO ALANIS CARLOS DANIEL,Alimendra,CONCILIACION 4105,MONTEVIDEO,23573378,administracion@alimendra.com,www.alimendra.com,2025-08-18
Vigente,216126510015,47739,Otro comercio al por menor de productos nuevos n.c.p. en almacenes especializados,IMAGEN 2 SRL,DALI LABORATORIO,EUSEBIO VALDENEGRO 3470,S/D,22834346,matias@chamanuruguay.com.uy,chamanuruguay.com.uy,2026-07-08
Vigente,214757640012,62010,Actividades de programación informática,DINAMICA CONSULTORES S R L,Dinámica Consultores,Juan D. Jackson 1018,MONTEVIDEO,29003700,comercial@dinamica.com.uy,www.dinamica.com.uy,2025-02-24
Vigente,218993470012,46491,"Comercio al por mayor de productos farmacéuticos, veterinarios, de tocador y cosméticos",MULTITECH S.A.,TEROVET,Camino Guerra 6938,MONTEVIDEO,098042227,info@terovet.com,https://terovet.com/,2025-08-07
Vigente,150584920019,16102,"Aserrado, cepillado y trabajo a máquina de la madera.",ESCUDERO MARTINEZ EMILIO R,NO TIENE,Luis Shaban 18,S/D,098471627,ods@egc.com.uy,S/D,2026-05-05
Vigente,211383360011,10711,"Elaboración de pan, productos panificados en forma tradicional",VEINTICINCO DE MAYO SAS,CONFITERIA 25 DE MAYO,25 DE MAYO 655,S/D,29162891,INFO@CONFITERIA25DEMAYO.COM,WWW.CONFITERIA25DEMAYO.COM,2026-05-27
Vigente,210003230015,47116,Comercio al por menor realizado por las cooperativas de consumo,COOPERATIVA DE CONSUMO COOPERATIVA BANCARIA,COOPERATIVA BANCARIA,ZABALA 1367,MONTEVIDEO,29150636,SECRETARIA@COOPBANCARIA.COM.UY,WWW.CB.UY,2025-09-22
Vigente,216321240013,45402,Reparación y mantenimiento de motocicletas,MEGAVOR S.A,Apisur,Av Luis Alberto de Herrera 1183,MONTEVIDEO,26240775,fernando@apisur.com,www.apisur.com,2025-08-21
Vigente,217011410016,10799,Elaboración de otros productos alimenticios n.c.p.,DEFUNGI S.A.S.,BETABEL,RUTA 9 RUTA 9,MALDONADO,097316881,info@betabel.com.uy,https://betabel.com.uy/,2025-08-12
Vigente,110389230018,25921,Talleres de tornería,ALBARRACIN RAMIREZ ALBERT GABRIEL,ALBARRACIN RAMIREZ ALBERT GABRIEL,ITUZAINGO 1,S/D,095765568,estudiofmartinez@gmail.com,S/D,2026-04-27
Vigente,210263680010,20110,Fabricación de sustancias químicas básicas y biocombustibles,PERRIN S A,PERRIN SA,"DE MENDOZA, DON PEDRO 7052",S/D,099693816,info@perrin.com.uy,www.perrin.com.uy,2026-06-02
Vigente,110436500012,14101,"Fabricación de prendas de vestir exteriores, excepto prendas de piel",GOMEZ MORENA ANA KARINA Y SCAGLIA GUILLEN HUMBERTO FREDDY,GOMEZ MORENA ANA KARINA Y SCAGLIA GUILLEN HUMBERTO FREDDY,Jose Gervasio Artigas 2184,FLORIDA,22926481,estudiofmartinez@gmail.com,S/D,2025-08-27
Vigente,218933850013,62020,Actividades de consultoría informática y actividades de administración de medios informáticos,PYXISCX SAS,PYXISCX SAS,ESPAñA BLVR. 2323,S/D,27080808,administracion@pyxis.com.uy,https://pyxis.tech/contacto/,2026-05-26
Vigente,217785220019,10741,Elaboración de pastas secas,DESALTA SRL,S/D,Cnel Raiz 1365,MONTEVIDEO,094616285,valsechifederico@gmail.com,S/D,2025-07-22
Vigente,150781970019,32200,Fabricación de instrumentos musicales,MONTOSSI RODRIGUEZ ALEJANDRO JAVIER,Rekithara,El sueño Sylgus,MALDONADO,095102463,rekithara@gmail.com,rekithara.uy,2025-04-22
Vigente,090062560013,47721,"Comercio al por menor de productos farmacéuticos, de droguería y homeopatía",REZK BITAR NAJUL PABLO,NATURA TRIX,S/D,S/D,S/D,marjot33@gmail.com,S/D,2025-02-04
Vigente,210606060014,22203,Fabricación de productos de plástico moldeado,ALMAPLAST LTDA,ALMAPLAST,Alejandro Fiol de Pereda 1125,S/D,22032623,info@almaplast.net,almaplast.net,2026-05-26
Vigente,214827840015,63110,"Procesamiento de datos, hospedaje y actividades conexas",REY Y GUARNIERI LIMITADA,MACROSOFT,Quiebrayugos 4589,MONTEVIDEO,23063450,info@macrosoft.com.uy,www.macrosoft.com.uy,2025-01-16
Vigente,218969480011,31001,Fabricación de muebles de madera,ZONA M PROYECTOS SAS,ZONA M PROYECTOS,Víctor Arreguine 3728,S/D,25086977,info@dauberyasociados.com.uy,https://zonam.com.uy/,2026-06-09
Vigente,020292870013,17090,Fabricación de otros artículos del papel y cartón n.c.p.,MALKOV  S.R.L.,Malkov S.R.L,CRUZ DEL SUR 329,S/D,26967723,technolabel19@gmail.com,www.technolabel.com.uy,2026-06-16
Vigente,218900020011,62010,Actividades de programación informática,INVESTIGACION IT SAS,S/D,Avda. Gral. Garibaldi 2859,MONTEVIDEO,24070000,info@segalerba.com.uy,S/D,2025-09-17
Vigente,213587580016,25999,Fabricación de otros productos de metal n.c.p.,ONALER S A,GAMBETTA HNOS.,CNO. VIDIELLA 5368,MONTEVIDEO,23202334,estudio_cr_vila@yahoo.com,S/D,2025-08-11
Vigente,212698560015,47215,Comercio al por menor de pescados y mariscos,SECONDIL S A,Lobito,Alfa esq Sagitario 3146,S/D,+598 99 737 770,administracion@estudiolasa.com.uy,S/D,2026-06-08
Vigente,219279490015,11040,Elaboración de bebidas no alcohólicas,GRUPO SEPTIEMBRE SAS,MANSA,La Salina 337,MALDONADO,096222801,mansakombucha@gmail.com,www.mansakombucha.com,2025-08-07
Vigente,150880740011,10749,Elaboración de pastas frescas,ROMERO AZURICA FERNANDO JOAQUIN,La Pasteria,Avenida Rincon 1902,S/D,099837774,hdesouza@ehds.com.uy,S/D,2026-06-09
Vigente,150607390010,24100,Industrias básicas de hierro y acero,SANTELLAN BONFRISCO PEDRO ALEJANDRO,Ferrer,"Revello, Poetisa Odila 1",S/D,097538737,ferrer.mant.ind@gmail.com,S/D,2026-06-08
Vigente,214826230019,20231,"Fabricación de jabones, detergentes y preparados de limpieza",SEBAMEL S A,SEBAMEL S.A.,ANTARES 4203,MONTEVIDEO,22221123,ebcyestudiocontable@gmail.com,https://sebamel.com.uy/,2025-07-28
Vigente,216295370016,11040,Elaboración de bebidas no alcohólicas,OCLERIL SOCIEDAD ANONIMA,Upi,19 de Abril 2014,SALTO,47347045,zunigacristina@hotmail.com,S/D,2025-08-14
Vigente,070182140017,10799,Elaboración de otros productos alimenticios n.c.p.,ALFREDO CAMBON S R L,SOJAMIL,AV ARTIGAS 37,S/D,098292399,estudiolmc@lmc.uy,S/D,2026-06-01
Vigente,211481960013,16220,Fabricación de partes y piezas de carpintería para edificios y construcciones,SCAVONE LTDA.,SCAVONE LTDA,S/D,S/D,S/D,scavltda.ventas@gmail.com,S/D,2026-04-28
Vigente,218717110015,47592,Comercio al por menor de muebles y accesorios para el hogar,TREE HOUSE DECO SAS,TREE HOUSE DECO,"YRIGOYEN,HIPOLITO 1701",S/D,094811239,jorgeperezyasociados@gmail.com,TREE HOUSE DECO,2026-07-29
Vigente,215489780017,10750,Elaboración de comidas y platos preparados,LONFESUR SA,Lonfesur,Garibaldi 2552,MONTEVIDEO,24873090,alejandro@freezarte.com,www.freezarte.com,2025-08-15
Vigente,213328050010,46691,Comercio al por mayor de productos químicos industriales,L & G S A,L&G S.A.,ING JOSE SERRATO 2731,S/D,25097718,estudio@lg.com.uy,www.lg.com.uy,2026-05-19
Vigente,215282460013,61000,Telecomunicaciones.,CERAGON TELECOMUNICACIONES DE URUGUAY SOCIEDAD ANONIM,S/D,Millington Drake 1885,MONTEVIDEO,26019653,tramitesm14@gmail.com,S/D,2025-03-05
Vigente,214217090012,10799,Elaboración de otros productos alimenticios n.c.p.,TECNOPEL S A,POSTRES OLASO,"GALLINAL, DR. ALEJANDRO 2034",MONTEVIDEO,26140000,juan.echeverry@culinaria.com.uy,www.postresolaso.com.uy,2025-08-15
Vigente,210213890011,29300,Fabricación de partes y accesorios para motores de vehículos automotores,IJASA,I.J.A.S.A.,MIGUELETE 1625,MONTEVIDEO,29242424,juntas@ijasa.com,www.ijasa.com,2025-08-20
Vigente,040573090016,38210,Tratamiento y eliminación de desechos no peligrosos,RENACITI SAS,Renaciti,Paraguay 770,COLONIA,095598014,contacto@renaciti.com.uy,https://www.renaciti.com/,2025-08-08
Vigente,050162070019,10791,Producción de hielo,SEDUR S.R.L.,Sedur,S/D,S/D,S/D,bernardocataldo@hotmail.com,S/D,2025-01-21
Vigente,217746020012,71103,Servicios de ingeniería,CATALYST S.R.L.,CATALYST SRL,Bulevar España 2323,S/D,2708 0808,mparodi@ox.com.uy,S/D,2026-07-01
Vigente,080115930017,11020,Elaboración de vinos,DE LUCCA GALERATO REINALDO,Bodega De Lucca,S/D,CANELONES,23678076,estudionieves@netgate.com.uy,S/D,2025-08-20
Vigente,130199400014,10750,Elaboración de comidas y platos preparados,BIRITA ALIMENTOS SAS,Sapere,Florida 1462,PAYSANDÚ,099881266,sapere.pdu@gmail.com,S/D,2025-07-31
Vigente,080202950016,10711,"Elaboración de pan, productos panificados en forma tradicional",RODRIGUEZ CURBELO SILVIA DANIELA,la Paz Sin Gluten,Ramón Álvarez 347,CANELONES,094598337,reposteriartesanal.lapaz@gmail.com,S/D,2025-08-20
Vigente,219823880013,21000,"Fabricación de productos farmacéuticos, sustancias químicas medicinales y de productos botánicos.",AVIV THERAPEUTICS S.A.S.,AVIV THERAPEUTICS S.A.S.,Av. Italia S/N,S/D,29021515,evelyn.araujo@guyer.com.uy,S/D,2026-06-23
Vigente,050096440011,10741,Elaboración de pastas secas,FABRICA DE PASTAS MORONI S.R.L.,Fabrica de Pastas Moroni,Wilson Ferreira Aldunate 752,S/D,099974569,pastasmoroni@gmail.com,S/D,2026-05-22
Vigente,218817450012,62010,Actividades de programación informática,ADESCA SOFTDEV SAS,S/D,Igualdad 1191,MONTEVIDEO,24070000,info@segalerba.com.uy,S/D,2025-09-08
Vigente,212227280012,24100,Industrias básicas de hierro y acero,INCO LIMITADA,INCO LTDA,ISLAS CANARIAS 5361,S/D,23040452,inco@inco.com.uy,WWW.INCO.COM.UY,2026-05-06
Vigente,216234760019,25110,Fabricación de productos metálicos para uso estructural,HAGOPIAN KARDJIAN SARKIS ARAM,pelutam,Haiti 1500,MONTEVIDEO,095639629,pelutam@gmail.com,S/D,2025-07-22
Vigente,217590500012,61000,Telecomunicaciones.,COOPERATIVA DE TRABAJADORES DE TELECOMUNICACIONES,S/D,calle 5 4760,MONTEVIDEO,24070000,info@segalerba.com.uy,S/D,2024-12-03
Vigente,219283670014,62010,Actividades de programación informática,MMKK SOLUTIONS SAS,S/D,RAMBLA O HIGGINS 4707,MONTEVIDEO,099150255,veronica@tributa.uy,S/D,2025-05-23
Vigente,219120350010,62020,Actividades de consultoría informática y actividades de administración de medios informáticos,BAICER SRL,S/D,Mercedes 1213,MONTEVIDEO,29005866,andres@estudiocenter.com.uy,S/D,2024-12-17
Vigente,110418560017,25921,Talleres de tornería,TORNERIA MICHAEL SRL,S/D,Vicente Gorostiaga 1,CANELONES,094069058,estudiofmartinez@gmail.com,S/D,2025-09-01
Vigente,219617010017,62010,Actividades de programación informática,NAHUEL LARENAS SAS,S/D,MAGALLANES 1319,MONTEVIDEO,24070000,info@segalerba.com.uy,S/D,2025-09-25
Vigente,219344930010,47525,Comercio al por menor de materiales eléctricos y de conducción eléctrica,ECOLIGHT SAS,S/D,Rivera 7941,CANELONES,095333707,romina@ecolight.com.uy,S/D,2025-08-21
Vigente,050225000012,25110,Fabricación de productos metálicos para uso estructural,LANZARO ALUMINIOS SAS,LANZARO ALUMINIOS SAS,Gral. Jose Gervasio Artigas 787,DURAZNO,099376721,lanzaroaluminios@gmail.com,S/D,2025-08-11
Vigente,210001950010,22203,Fabricación de productos de plástico moldeado,ATMA S A,Atma,Av. Gral. Artigas s/n,S/D,23622181,ventas@atma.com.uy,www.atma.com.uy,2026-03-24
Vigente,215217630015,52220,Actividades de servicio secundario de transporte por vía acuática,ALBILAN SOCIEDAD ANONIMA,S/D,RAMBLA 25 DE AGOSTO DE 1825 528,MONTEVIDEO,29150269,albilansa@vera.com.uy,S/D,2025-06-13
Vigente,218098570019,71103,Servicios de ingeniería,INGENCA SRL,INGENCA,Ana Monterroso de Lavalleja 2035,MONTEVIDEO,099285530,gbardier@ingenca.com.uy,www.ingenca.com.uy,2025-07-29
Vigente,110116890014,25921,Talleres de tornería,POMBO FERNANDEZ JORGE ELBIO,TORMETAL,brigadier gral lavalleja 9,S/D,22884121,tormetal@adinet.com.uy,S/D,2026-06-02
Vigente,219671270013,10712,Elaboración de productos de confitería,DULCE SOFIA SAS,DULCE SOFIA,Alejandro Korn 1916,S/D,099309196,administracion@sofiadulcesofia.com,S/D,2026-06-03
Vigente,210345980018,21000,"Fabricación de productos farmacéuticos, sustancias químicas medicinales y de productos botánicos.",LABORATORIOS CELSIUS S A,LABORATORIOS CELSIUS S.A.,"SUAREZ, JOAQUIN 3593",MONTEVIDEO,23365446,celsius@celsius.com.uy,www.celsius.com.uy,2025-10-17
Vigente,040547670019,47731,"Comercio al por menor de flores y plantas, semillas, fertilizantes y artículos de jardín",RODRIGUEZ FERNANDEZ DIEGO MANUEL Y DI LORENZO MALMIERCA TOMAS,BOSQUETERRA,Horacio Quiroga SN,CANELONES,091817784,bosqueterrauy@gmail.com,www.bosqueterra.com,2025-08-07
Vigente,211855600010,38220,Tratamiento y eliminación de desechos peligrosos,DEPOSITO PEDERNAL SA,DEPOSITO PEDERNAL,S/D,S/D,S/D,info@depositopedernal.com.uy,www.depositopedernal.com.uy,2025-08-19
Vigente,215395250014,46309,Comercio al por mayor de otros alimentos y bebidas,COOPERATIVA AGRARIA PUEBLO APICOLA,Pueblo Apícola,S/D,TACUAREMBÓ,097911122,export@puebloapicola.com.uy,www.puebloapicola.com.uy,2025-08-19
Vigente,215954360010,16220,Fabricación de partes y piezas de carpintería para edificios y construcciones,CORINDIA SA,GP GROUP,S/D,S/D,S/D,estudio@hana.uy,WWW.GPGROUP.COM.UY,2025-07-31
Vigente,210147860016,45205,Talleres de alineación y balanceo,JUAN PEDRO ETCHAMENDI S A,ETCHAMENDI IMPORTACION,YAGUARON 1679,MONTEVIDEO,29008632,info@etchamendi.com,www.etchamendi.com,2025-06-23
Vigente,215422750019,14101,"Fabricación de prendas de vestir exteriores, excepto prendas de piel",PEREZ SANCHEZ CECILIA,PEREZ SANCHEZ CECILIA,S/D,S/D,S/D,jorgeperezyasociados@gmail.com,S/D,2026-05-07
Vigente,110443390014,62010,Actividades de programación informática,USPEECH SAS,Uspeech,Julio César 1318,MONTEVIDEO,095040845,info@uspeech.io,https://www.uspeech.io/,2025-04-04
Vigente,210567970019,20210,Fabricación de pesticidas y de otros productos químicos de uso agropecuario,COMPAÑIA CIBELES S A,COMPAÑIA CIBELES SA,S/D,S/D,S/D,mtoscanini@cibeles.com.uy,www.cibeles.com.uy,2025-01-21
Vigente,219699850014,20232,"Fabricación de cosméticos, perfumes y artículos de tocador",PRODUCTO CREATIVO SAS,Riviera Cosmeticos,Defensa 2345,S/D,095696830,fran.villalba.uy@gmail.com,www.rivieracosmeticos.com,2026-06-09
Vigente,213940270018,7290,Extracción de otros minerales metalíferos no ferrosos n.c.p.,CANTERA MELILLA S.A.,Cantera Melilla,ruta 5 5,S/D,098707066,ebie@alfieyasociados.com.uy,S/D,2026-05-26
Vigente,151049530012,10749,Elaboración de pastas frescas,ARBIZA ZAPATA LUCIA,S/D,Baldomir 319,ARTIGAS,097555415,baresanauy@gmail.com,S/D,2025-08-14
Vigente,216168010010,25110,Fabricación de productos metálicos para uso estructural,ARTICEL S.A,S/D,Mateo Cortes 5075,MONTEVIDEO,25148232,asiaalum.articelsa@gmail.com,S/D,2025-05-28
Vigente,214168470015,10799,Elaboración de otros productos alimenticios n.c.p.,TEVELFOX S A,Sanodeleite,de julio 2344 18,MONTEVIDEO,098760739,sanodeleite2015@gmail.com,S/D,2025-07-23
Vigente,120379750016,18120,Servicios relacionados con la impresión,BRUTTEN S.A.S,Brutten - Comunicacion Visual,18 de Julio 1378,S/D,098946334,contacto@brutten.uy,www.brutten.uy,2026-05-28
Vigente,217274570014,16102,"Aserrado, cepillado y trabajo a máquina de la madera.",ARBOREAL SA,Arboreal,S/D,S/D,46330000,proveedores@arboreal.com,arboreal.com,2026-07-08
Vigente,220206080015,46631,Comercio al por mayor de madera,LA BIFURCADA SAS,La Bifurcada,Camino Paso de La Atahona 124,S/D,099632285,andres.normey@gmail.com,S/D,2026-06-05
Vigente,100136650011,10509,Elaboración de helados,"SUAREZ MARTINEZ PABLO DANIEL, SUAREZ MARTINEZ DIEGO MARTIN Y OTROS",S/D,S/D,MALDONADO,44322588,contacto@elfaro.com.uy,www.elfaro.com.uy,2025-08-07
Vigente,218341970013,21000,"Fabricación de productos farmacéuticos, sustancias químicas medicinales y de productos botánicos.",SIMPLA SOLUTIONS S.R.L.,S/D,S/D,S/D,S/D,info@simpla.uy,www.simpla.uy,2025-08-06
Vigente,215294280015,63110,"Procesamiento de datos, hospedaje y actividades conexas",NUMINA SOCIEDAD ANONIMA,S/D,CONSTITUYENTE 1797,MONTEVIDEO,24035140,estudio@craguzman.com,www.numina.net.uy,2025-09-01
Vigente,218875700018,24100,Industrias básicas de hierro y acero,DORONET METALURGICA S.A.S.,DORONET METALURGICA S.A.S.,ROOSVELT S/N,S/D,096602467,info@gonzalezytobler.com,S/D,2026-05-27
Vigente,214784840019,17020,Fabricación del papel y cartón ondulado y de envases de papel y cartón,MUNVEL SOCIEDAD ANONIMA,Munvel,SUAREZ AVDA. JOAQUIN 3260,S/D,099669808,vfrachia@estudiodavanzo.com.uy,S/D,2026-04-27
Vigente,216608280010,10799,Elaboración de otros productos alimenticios n.c.p.,NAVEMAS SOCIEDAD ANONIMA,Naturezas,Haiti 1500,S/D,23127583,info@naturezas.com.uy,www.naturezas.com.uy,2025-11-26
Vigente,219332130014,62010,Actividades de programación informática,BRUQA IT SAS,S/D,21 de setiembre 2706,MONTEVIDEO,24070000,info@segalerba.com.uy,S/D,2025-09-15
Vencido,060049930013,10710,Elaboración de productos de panadería,BENTABERRI MARTINEZ MARIA CAROLINA,PANADERÍA DON FRANCISCO,"DE RODRIGUEZ, MANUEL 677",SAN JOSÉ,43421390,sin@datos.nop,S/D,2020-05-27
Vencido,215456580019,31003,Tapicería de muebles y vehículos automotores,CROSSE FOLIADOSO MARIELA,S/D,buenos aires 0,CANELONES,094858460,mdrlarocca@gmail.com,S/D,2021-04-05
Vencido,211225990014,25999,Fabricación de otros productos de metal n.c.p.,FUT S.R.L.(FABRICA URUGUAYA DE TAPAS),Fabrica Uruguaya de Tapas,DUFORT Y ALVAREZ 3256,MONTEVIDEO,23079872,efpm@montevideo.com.uy,S/D,2020-08-31
Vencido,180173150017,56102,Rotiserías,BRAGA VILLEGAS MARIA ISABEL,El Rincon de Isabel,RODO 958,SORIANO,094077594,estudio@imasinnella.com.uy,S/D,2021-05-12
Vencido,217729210011,16220,Fabricación de partes y piezas de carpintería para edificios y construcciones,BOSA URUGUAY S.R.L.,S/D,DURAZNO 1137,MONTEVIDEO,29041929,info@bosa.uy,S/D,2023-06-28
Vencido,216938870016,62010,Actividades de programación informática,INETSAT S.A.,S/D,DR. LUIS BONAVITA 1294,MONTEVIDEO,26262315,psalomon@inetsat.com,www.inetsat.com,2022-11-23
Vencido,040461480017,62010,Actividades de programación informática,GOLDANSKY SOLARES IUVAL AARON,iuval goldansky,Joaquin Salterain 1140,MONTEVIDEO,099977390,IJPOLIVO@GMAIL.COM,S/D,2021-05-12
Vencido,040199000017,96090,Otras actividades de servicios,GRANJA COSMOPOLITA S.R.L.,S/D,Sin Dato 0,MONTEVIDEO,S/D,fliavila@adinet.com.uy,S/D,2020-05-27
Vencido,213928210019,10719,Elaboración de otros productos panificados realizados en fábricas,LARINUR S.A.,PANGIORNO,"PINTOS, SUSANA 3001",MONTEVIDEO,22511115,recepcion@pangiorno.com,www.pangiorno.com,2023-06-28
Vencido,216564630011,95110,Reparación de computadoras y equipo periférico,PCC.MSS S.R.L.,GNet Computacion,MARISCAL FRANCISCO SOLANO LOPEZ 1420,MONTEVIDEO,26135550,patricia@gnet.com.uy,www.gnet.com.uy,2020-05-27
Vencido,216359590011,10110,Matanza de ganado y otros animales (excepto aves) conservación y preparación de sus carnes,SIDERCOL S.A.,SIDERCOL S.A.,"SOLARI, NICOLAS 0",SALTO,47338086,gsilva@sidercol.com.uy,S/D,2020-05-27
Vencido,210002490013,24300,Fundición de hiero y acero y de metales no ferrosos,ALUMINIOS DEL URUGUAY SA,ALUMINIOS DEL URUGUAY SA,S/D,S/D,S/D,aluminios@aluminios.com,www.aluminios.com,2020-08-28
Vencido,215043910018,18119,"Otras actividades de impresión, grabación y reproducción, excepto serigrafía sobre textiles",RIVARA FRANKE PATRICIA MARTHA,PRINTA IMPRESOS,yaro 1017,MONTEVIDEO,24124655,printa@adinet.com.uy,printa.uy,2021-06-04
Vencido,211712970019,20230,"Fabricación de jabones y detergentes, preparados para limpiar y pulir, perfumes y artículos de tocador",THOMPSON LTDA,THOMPSON LTDA,COOPER 2109,MONTEVIDEO,26005294,thomp1@adinet.com.uy,S/D,2020-05-27
Vencido,218296770014,62010,Actividades de programación informática,FIZEDOL S.A.,Iugo,Dr. Mario Cassinoni 1011,MONTEVIDEO,45622769,info@iugo.com.uy,https://www.iugo.com.uy/,2023-07-12
Vigente,214427650014,71103,Servicios de ingeniería,RODRIGUEZ BERRUTTI ENRIQUE PABLO,RODRIGUEZ BERRUTTI ENRIQUE PABLO,ADOLFO BERRO 976,S/D,23089903,finance.pyxis@RB.UY,S/D,2026-02-06
Vencido,218327170013,62010,Actividades de programación informática,QUINTERO ZOPPI OM RISHI,QUINTERO ZOPPI OM RISHI,LUIS MORO 4427,MONTEVIDEO,24070000,info@segalerba.com.uy,S/D,2022-11-28
Vencido,218020010015,62010,Actividades de programación informática,CHANG LI MIGUEL ALFONZO,S/D,ASUNCIN 1284,MONTEVIDEO,092770430,ops@akipotel.com,S/D,2020-05-27
Vencido,219182560019,62010,Actividades de programación informática,ROLLTECH SAS,ROLLTECH SAS,General Las Heras 1803,MONTEVIDEO,091528258,rodrigopbatalla@gmail.com,S/D,2023-09-21
Vencido,216538330014,13920,"Fabricación de artículos confeccionados con materiales textiles, excepto prendas de vestir",JOYSON SAFETY SYSTEMS URUGUAY S.A.,TAKATA URUGUAY S.A.,"ORIBE, BRIG. GRAL. MANUEL 0",SAN JOSÉ,43454112,carlos.secchi@takata.com.uy,www.takata.com.uy,2020-05-27
Vencido,080184600012,10711,"Elaboración de pan, productos panificados en forma tradicional",SIRI Y ASOCIADOS LTDA,SIRI Y ASOCIADOS,MXIMO TAJES Y ZORRILLA DE SAN MARTIN 0,CANELONES,23644080,larfoss@vera.com.uy,S/D,2020-05-27
Vencido,211443720019,13111,Elaboración de tops de lana,TOPS FRAY MARCOS S A,TOPS FRAY MARCOS S.A.,Paraje Buchental S/N,SAN JOSÉ,43405781,tops@tops.com.uy,www.tops.com.uy,2022-10-28
Vencido,210540660019,25990,Fabricación de otros productos elaborados de metal n.c.p.,RINO TACKS LTDA,RINO TACKS LTDA,"RAIZ, CORONEL 2152",MONTEVIDEO,23206123,info@rinotacks.com.uy,www.rinotacks.com.uy,2020-05-27
Vencido,211490920010,14100,"Fabricación de prendas de vestir, excepto prendas de piel",PAMI LTDA.,SPY,YAGUARON 1377,MONTEVIDEO,29014967,aamrial@gmail.com,www.spy.com.uy,2020-05-27
Vencido,214803820014,21000,"Fabricación de productos farmacéuticos, sustancias químicas medicinales y de productos botánicos.",DIF SOCIEDAD ANONIMA,DIF SA,"ALDABALBE, TOMAS sn",CANELONES,23625835,info@dif.com.uy,www.dif.com.uy,2022-10-26
Vencido,218152820014,62010,Actividades de programación informática,BASTMENIS SRL,S/D,OBLIGADO 880,MONTEVIDEO,27127719,gaston.telfeyan@gmail.com,S/D,2021-06-15
Vencido,080166380014,16220,Fabricación de partes y piezas de carpintería para edificios y construcciones,AGUILERA PACHECO MIGUEL TOMAS,"Aguilera Pacheco, Miguel Tomas",S/D,S/D,S/D,estudiocjn@adinet.com.uy,S/D,2020-05-27
Vencido,218679750016,62010,Actividades de programación informática,B11Z SAS,B11Z SAS,"VICTOR HUTGO, PADRON 8285",MALDONADO,24093906,secretaria@zorkraut.com,S/D,2022-12-12
Vencido,214257880014,20220,"Fabricación de pinturas, barnices y productos de revestimiento similares, tintas de imprenta y masillas",TONIFER S A,TONIFER SA,CARRERAS NACIONALES 1333,MONTEVIDEO,96637945,sin@datos.nop,S/D,2020-05-27
Vencido,214287360019,18110,Actividades de impresión,DISPELL LTDA,DISPELL LTDA,"DOBRICH, MAYOR JUAN A. 4636",MONTEVIDEO,25227007,dispell@adinet.com.uy,S/D,2020-05-27
Vencido,218256680014,22209,Fabricación de otros productos de plástico n.c.p.,PAGMAPLAS S.R.L.,S/D,san martin 2514,MONTEVIDEO,22007001,ventas@pagmaplas.com,www.pagmaplas.com,2023-08-24
Vencido,214845630019,10749,Elaboración de pastas frescas,RAIMAR SOCIEDAD ANONIMA,Pasta costa,ECHEVARRIARZA 3269,MONTEVIDEO,26280712,damianmartinez0@hotmail.com,S/D,2020-05-27
Vencido,212354260010,26510,"Fabricación de equipos para medir, verificar y navegar y de equipos de control",MAXI REPRESENTACIONES S R L,BALANZAS MAXI,GRAL. FLORES 4931,MONTEVIDEO,22160341,c.beron@hotmail.com,S/D,2020-05-27
Vencido,213642210017,16100,Aserrado y acepilladura de madera,MADERAS ASERRADAS DEL LITORAL SA,MADERAS ASERRADAS DEL LITORAL SA,NÃµ 25 0,RÍO NEGRO,45607240,masli@adinet.com.uy,S/D,2020-05-27
Vencido,080273050018,11030,Elaboración de bebidas malteadas y de malta,BRADER URUGUAY S.R.L.,Brader beer,Florencio Sanchez 297,CANELONES,098200003,braderbeer@gmail.com,www.braderbeer.com.uy,2023-07-03
Vencido,210247360015,25110,Fabricación de productos metálicos para uso estructural,COMPAÑIA DE TORNILLOS S A,COMPAÑIA DE TORNILLOS SA,"MARTINEZ NIETO, FRANCISCO 5630",MONTEVIDEO,25130562,jorgeavila@redfacil.com.uy,S/D,2020-08-28
Vencido,210059470011,23930,Fabricación de otros productos de cerámica y porcelana,METZEN Y SENA S A,METZEN Y SENA SA,GALICIA 988,MONTEVIDEO,29016366,info@ctc.com.uy,www.olmos.com.uy,2020-05-27
Vencido,214140920016,47729,"Comercio al por menor de productos médicos, ortopédicos y otros n.c.p.",PORTO VITA S A,OPTICA FLORIDA,S/D,S/D,S/D,portovitasa@gmail.com,www.opticaflorida.com.uy,2022-11-29
Vencido,216375390013,31000,Fabricación de muebles,GIACHINO SCAFIEZZO ROSANA ANGELICA Y SCAFIEZZO TESTA JOSE IGNA,SAN MARINO,"SARAVIA, APARICIO 1812",MONTEVIDEO,25113949,sanmarinotapizados@hotmail.com,S/D,2020-05-27
Vencido,215144180015,10800,Elaboración de alimentos preparados para animales,MONDELAN SOCIEDAD ANONIMA,RINDE DURAZNO,IBIRAY 0,DURAZNO,43626445,info@rinde.com.uy,www.rinde.com.uy,2020-05-27
Vencido,214494190011,10799,Elaboración de otros productos alimenticios n.c.p.,DINECOR S A,Dinecor,av.Pedro de Mendoza 7707,MONTEVIDEO,22220603,administracion@dinecor.com.uy,www.dinecor.com.uy,2021-02-12
Vencido,211801140011,26300,Fabricación de equipos de comunicaciones,CARDOSO MEGA TABARE,S/D,FRANCISCO SIMON 2003,MONTEVIDEO,24874700,antelec@adinet.com.uy,S/D,1900-01-01
Vencido,210329830015,28190,Fabricación de otros tipos de maquinaria de uso general,NEGRI QUARTINO Y FERRARIO S A,"NEGRI, QUARTINO & FERRARIO S A","SAN MARTIN, GRAL. 2233",MONTEVIDEO,22035715,fguinzo@nqf.com.uy,www.nqf.com.uy,2020-05-27
Vencido,215107690013,10800,Elaboración de alimentos preparados para animales,REMIPLAT SOCIEDAD ANONIMA,REMIPLAT S A,"PUIG, CARLOS P. 1032",SORIANO,23596575,sin@datos.nop,S/D,2020-05-27
Vencido,040476180014,32909,Otras industrias manufactureras n.c.p.,CELEDON MEDIZA SANTIAGO,Semanario VERDAD,ELBIO HERRERA 1942,COLONIA,45743530,gestoriadd@hotmail.com,S/D,2020-05-27
Vencido,216646000011,11040,Elaboración de bebidas no alcohólicas,BONTISOL S.A,Agua Asencio,S/D,RÍO NEGRO,45329503,contadores@estudiobyc.com.uy,S/D,2020-05-27
Vencido,216565110011,62010,Actividades de programación informática,SOFT OA SRL,Perficient,AV. DR. LUIS A. DE HERRERA 1248,MONTEVIDEO,26241688,info@overactive.com,S/D,2022-09-26
Vencido,215447390016,63110,"Procesamiento de datos, hospedaje y actividades conexas",TS GROUP SRL,S/D,PRESIDENTE GIRO 2523,MONTEVIDEO,29154635,comercial@todosoft.com.uy,S/D,2022-09-22
Vencido,219145790014,62010,Actividades de programación informática,DARENA IT SAS,Darena It,AVENIDA DE LOS PINOS M84 S25 M84S25,CANELONES,094536608,diegoarenaolivera@gmail.com,S/D,2023-01-18
Vencido,218371880012,62010,Actividades de programación informática,DE LOS SANTOS PINO SEBASTIAN,S/D,CARLOS QUIJANO 1333,MONTEVIDEO,099967424,ops@akipotel.com,S/D,2020-05-27
Vencido,040250230010,60100,Difusión de radio.,RAVAZZANI KUNZ RAFAEL MARIO,Reflejos FM,Luis F Haberli 1355,COLONIA,45545656,alejandro@ro.com.uy,S/D,1900-01-01
Vencido,130073350018,10711,"Elaboración de pan, productos panificados en forma tradicional",ANZORENA CARRANCIO JORGE ENRIQUE,S/D,18 de julio 1425,RÍO NEGRO,099562115,anzorenajorge@hotmail.com,S/D,2024-09-18
Vencido,100772710011,10119,"Matanza de otros animales n.c.p., excepto aves",RANCHO KIAORA S.R.L,S/D,Federico Matto 006,MALDONADO,095881538,hola@ranchokiaora.com,www.ranchokiaora.com,2021-08-10
Vencido,130096400011,24100,Industrias básicas de hierro y acero,METALURGICA LODAR S.R.L.,METALURGICA LODAR S.R.L,"FERREIRA ALDUNATE, WILSON 1797",RÍO NEGRO,45674985,galponeslodar@adinet.com.uy,S/D,2020-05-27
Vencido,216702560013,71103,Servicios de ingeniería,LUDUEÑA MUNIZ ARIEL RONALDO,S/D,FRANCISCO VIDAL 724,MONTEVIDEO,24070000,INFO@SEGALERBA.COM.UY,S/D,2022-11-29
Vencido,211439490012,13920,"Fabricación de artículos confeccionados con materiales textiles, excepto prendas de vestir",ANARELA S A,ANARELA SA,SAYAGO 1385,MONTEVIDEO,23562507,sin@datos.nop,S/D,2020-05-27
Vencido,217545480016,62010,Actividades de programación informática,QUESADA VERGES ERNESTO,S/D,LUIS ALBERTO DE HERRERA 3714,MONTEVIDEO,24070000,INFO@SEGALERBA.COM.UY,S/D,2020-05-27
Vencido,040289340011,10711,"Elaboración de pan, productos panificados en forma tradicional",CARRO GARCIA MARCELO JAVIER,PANADERIA LA FAMILIA,AVDA. KENNEDY 2086,COLONIA,45743992,sgestion16@gmail.com,S/D,2021-03-15
Vencido,210220860017,10112,"Matanza de ganado vacuno, ovino, porcino y equino en frigoríficos",FRIGORIFICO TACUAREMBO S A,FRIGORIFICO TACUAREMBO S.A.,S/D,S/D,S/D,tacuarembo@marfrig.com,S/D,2023-06-21
Vencido,070252290012,25992,Fabricación de artículos de metal para uso doméstico,SEIJAS S.R.L.,FOGAR,JOS PEDRO VARELA 2921,FLORIDA,099350099,seijas.srl@gmail.com,S/D,2021-08-24
Vencido,213665520012,63110,"Procesamiento de datos, hospedaje y actividades conexas",BEGEREZ OYHENARD MARCOS ADRIAN,S/D,J. M. BLANES 1129,MONTEVIDEO,099653959,mbegerez@dlya.com.uy,S/D,2020-05-27
Vencido,211495850010,22203,Fabricación de productos de plástico moldeado,ALUMNOS S A,ALUMNOS S A,"DEL PINO, GOBERNADOR 3924",MONTEVIDEO,23070892,alumnosa@adinet.com.uy,S/D,2020-05-27
Vencido,170294150010,62020,Actividades de consultoría informática y actividades de administración de medios informáticos,TEMAGO  S.R.L,ESOLUCIONES,Jose Benito Lamas 2728,MONTEVIDEO,27091435,administracion@esoluciones.com.uy,www.esoluciones.com.uy,2022-12-14
Vencido,210180920014,21000,"Fabricación de productos farmacéuticos, sustancias químicas medicinales y de productos botánicos.",LABORATORIOS HAYMANN S A,LABORATORIOS HAYMANN SA,GIANELLI 1489,MONTEVIDEO,29245000,labshaymann@haymann.com.uy,www.haymann.com.uy,2020-05-27
Vencido,217085000016,31002,"Acabado de muebles de madera, excepto tapicería",TAROCO POSSE GASTON DARIO,WINDOORS G&G,Becu 0,CANELONES,099066052,gastontaroco@msn.com,S/D,2021-04-22
Vencido,150079510011,10749,Elaboración de pastas frescas,PASTAS OGGI S R L,PASTAS OGGI SRL,S/D,S/D,S/D,manuelc@adinet.com.uy,S/D,2022-10-24
Vencido,190209700019,18120,Servicios relacionados con la impresión,SOCA AMAYA ANGELA VANESA,PUBLIGRAF,DR IVO FERREIRA 317,TACUAREMBÓ,091095395,angela.soca@hotmail.com,S/D,2022-09-30
Vencido,213689280011,47721,"Comercio al por menor de productos farmacéuticos, de droguería y homeopatía",FARMATEC URUGUAY S A,Farmatec Uruguay,Maldonado 1658,MONTEVIDEO,24124027,avignolo@farmatecuruguay.uy,www.farmatecuy.com,2023-09-04
Vencido,120392460018,62010,Actividades de programación informática,CVL TRADE SAS,CVL TRADE,20 0,MALDONADO,42479189,administracion@cvltrade.com,S/D,2022-11-17
Vencido,216972570011,11020,Elaboración de vinos,VIÑA EDEN SOCIEDAD ANONIMA,VIÑA EDEN SOCIEDAD ANONIMA,S/D,MALDONADO,092997204,info@vinaeden.com,www.vinaeden.com,2022-12-28
Vencido,214666010016,14100,"Fabricación de prendas de vestir, excepto prendas de piel",DOBRAN S A,DOBRAN SA,"BONAPARTE, JOSE 3267",MONTEVIDEO,24873865,sin@datos.nop,S/D,2020-05-27
Vencido,212123310012,62020,Actividades de consultoría informática y actividades de administración de medios informáticos,DATALOGIC INGENIEROS S R L,DATALOGIC SOFTWARE,CANELONES 1840,MONTEVIDEO,24193621,g.ferreiro@datalogic.com.uy,www.datalogic.com.uy,2022-09-22
Vencido,219252150019,62010,Actividades de programación informática,DUCK BOSS SAS,DUCK BOSS SAS,El Salvador 0,MALDONADO,099595834,santiagopf88@gmail.com,S/D,2023-01-13
Vencido,218117480016,62010,Actividades de programación informática,SENA PERAZA ALEJANDRO,S/D,JOS ENRIQUE RODO 1983,MONTEVIDEO,099601683,ops@akipotel.com,S/D,2020-05-27
Vencido,217765740017,33120,Reparación de maquinaria,LAPAZ GUTIERREZ WASHINGTON DARIO,JW Service y Mantenimento,Zanja Reyuna 2089,MONTEVIDEO,092519442,w.lapaz2089@gmail.com,S/D,2021-05-12
Vencido,100094310013,47721,"Comercio al por menor de productos farmacéuticos, de droguería y homeopatía",CACE S.R.L.,Farmcia Portezuelo,GRAL LIBER SEREGNI 1,MALDONADO,42578400,portezuelofacia@gmail.com,S/D,2021-06-16
Vencido,218413160012,62010,Actividades de programación informática,BALBI ROLDOS RODRIGO,S/D,BATLLE Y ORDOÂÑEZ 0,CANELONES,098913336,ops@akipotel.com,S/D,2020-05-27
Vencido,217486160014,62010,Actividades de programación informática,OLIVENCIA PERI ALVARO NICOLAS,S/D,DOCTOR MULER LAURO 2020,MONTEVIDEO,099873087,ops@akipotel.com,S/D,2020-05-27
Vencido,170154470012,25900,Fabricación de otros productos elaborados de metal,ARCHIMAUT LEMA JUAN FRANCISCO,S/D,PALERMO 527,SAN JOSÉ,43455912,metalarchimaut@gmail.com,metalarchimaut.com.uy,2020-05-27
Vencido,218039150017,32909,Otras industrias manufactureras n.c.p.,NECTARBEE S.A.,NECTARBEE S.A.,S/D,S/D,S/D,aevia@nectarbee.com.uy,S/D,2021-05-14
Vencido,216430160010,47716,Comercio al por menor de prendas de vestir en tiendas no especializadas,SALIRAL S.A.,SKARLE‹T,S/D,S/D,S/D,saliral@hotmail.com,S/D,2022-10-14
Vencido,215153760010,22200,Fabricación de productos de plástico,BAZUL SA,BAZUL SA,"ORIBE, BRIG. GRAL. MANUEL 0",CANELONES,29160522,sin@datos.nop,S/D,2020-05-27
Vencido,050180830011,18111,Actividades de impresión de diarios y revistas.,TINTAS DEL YI S.R.L.,Tintas del Yí,Arrospide 261,DURAZNO,099547689,tintasdelyi@gmail.com,tintasdelyi.uy,2021-07-08
Vencido,219249610012,62090,Otras actividades de tecnología de información y servicio de computadoras,IT SMART SOLUTIONS URUGUAY SAS,IT Smart Solutions,Juncal 1378,MONTEVIDEO,29087000,info@it-smart.com.ar,www.it-smart.com.ar,2022-11-28
Vigente,214512960014,10799,Elaboración de otros productos alimenticios n.c.p.,VILLA LIMA S A,VILLA LIMA SA,"ORIBE, BRIG. GRAL. MANUEL s/n",S/D,43452120,villalima@villalima.com,www.villalima.com.uy/,2026-02-18
Vencido,214773350015,62010,Actividades de programación informática,THOT S R L,Thot,Eduardo Víctor Haedo 2244,MONTEVIDEO,092647896,info@thot.com.uy,www.thot.com.uy,2022-10-31
Vencido,180253940014,20231,"Fabricación de jabones, detergentes y preparados de limpieza",CECARFER S.R.L.,S/D,Ortiz 		 520,SORIANO,45317200,info@renovaroma.com,www.renovaroma.com,2022-09-15
Vencido,217197670013,10750,Elaboración de comidas y platos preparados,INCHE SOCIEDAD ANONIMA,BARDOT,constituyente 1672,MONTEVIDEO,094200470,gestionbardot@gmail.com,S/D,2024-06-14
Vencido,211867840011,25110,Fabricación de productos metálicos para uso estructural,ALUQUE S R L,ALUQUE S R L,DR. DUVIMIOSO TERRA 2169,MONTEVIDEO,24001626,aluquesrl@hotmail.com,S/D,2023-01-09
Vencido,215933080019,31000,Fabricación de muebles,MACHADO PADILLA EDUARDO DARCI,Fabrica de Molduras,FERNANDEZ CRESPO 1710,MONTEVIDEO,24001521,fmolduras76@gmail.com,"fmolduras76@gmail,com",2020-05-27
Vencido,215777910013,74909,"Otras actividades profesionales, científicas y técnicas no incluidas en las clases anteriores",ZETAS SRL,ZETAS,RUTA INTERBALNEARIA 0,CANELONES,26984605,paolatesta@zetas.com.uy,www.zetas.com.uy,2020-05-27
Vencido,215939820014,62010,Actividades de programación informática,SISNET S.A,SISNET Software,Av. Dr. Luis Alberto de Herrera 1053,MONTEVIDEO,26288000,administracion@sis-net.com.uy,www.sisnet.com.uy,2022-10-12
Vencido,216129490015,62010,Actividades de programación informática,CABALLERO ALVAREZ DIEGO DAMIAN,S/D,ECUADOR 1685,MONTEVIDEO,097014782,ops@akipotel.com,S/D,2020-05-27
Vencido,120173430016,62010,Actividades de programación informática,CAMANDULLI MARTEGANI PAUL ALEJANDRO,S/D,DEL LUCERO 0,CANELONES,29147980,estudio@hana.uy,S/D,1900-01-01
Vencido,218773890012,16220,Fabricación de partes y piezas de carpintería para edificios y construcciones,BRIMON SAS,S/D,RODRIGUEZ CASTELAO ALFONSO 2026,MONTEVIDEO,092851852,contacto@censusuy.com,S/D,2023-08-18
Vencido,214770430018,10799,Elaboración de otros productos alimenticios n.c.p.,GOMEZ GERMANO MARTIN JAVIER,S/D,18 DE JULIO 1856,MONTEVIDEO,095235309,agonzalez@cambadu.com.uy,S/D,2020-05-27
Vencido,219670150014,62010,Actividades de programación informática,GEMINGWARE SAS,GEMINGWARE SAS,Prudencio Vázquez y Vega 880,MONTEVIDEO,099567985,NOTIFICACIONES@RB.UY,S/D,2024-05-17
Vencido,214881310010,11040,Elaboración de bebidas no alcohólicas,NUTROMAR S A,Aguas del sur,S/D,S/D,S/D,vandrade@mpca.com.uy,www.aguasdelsur.com.uy,2020-05-27
Vencido,100211380012,36000,"Captación, tratamiento y suministro de agua",AGUA 10 S.A,S/D,APARICIO SARAVIA 0,MALDONADO,42231960,aguasa@adinet.com.uy,agua10.com.uy,2020-05-27
Vencido,212265160010,46109,Otros agentes de comercio al por mayor a cambio de retribución o por contrato,ARGENIL S A,Argenil S.A.,EL CAIRO 3363,MONTEVIDEO,22165491,admargenil@lijasdoblea.com,S/D,2020-05-27
Vencido,217475780016,62020,Actividades de consultoría informática y actividades de administración de medios informáticos,PREWIT SRL,CEP Studio,Avenida Roosevelt 16,MALDONADO,42493762,dario.ardiles@cepstudio.com.ar,cepstudio.com.ar,2022-11-18
Vencido,210792880013,20220,"Fabricación de pinturas, barnices y productos de revestimiento similares, tintas de imprenta y masillas",ARCAL S A,ARCAL SA,BRUSELAS 4280,MONTEVIDEO,22151233,arcalsa@adinet.com.uy,S/D,2020-05-27
Vencido,216547080017,86909,Otras actividades relacionadas a la salud humana n.c.p.,TECHTILIA SOCIEDAD ANONIMA,ZIRKONLAB,AVENIDA RIVERA 2585,MONTEVIDEO,27081199,zirkonlab@hotmail.com,S/D,2021-02-18
Vencido,217024260018,18119,"Otras actividades de impresión, grabación y reproducción, excepto serigrafía sobre textiles",MORI BARCELO PATRICIA ELIZABETH,VINILO DESIGN,doroteo enciso 852,MONTEVIDEO,23032570,ventas@vinilodesign.com.uy,https://vinilodesign.com.uy/,2021-04-26
Vencido,215078720010,46900,Comercio al por mayor no especializado de otros productos.,SALIWOR SOCIEDAD ANONIMA,BARRACA DE HIERROS CASTELLàN,S/D,S/D,S/D,barracacastellon@gmail.com,S/D,2023-05-11
Vencido,216662170015,62010,Actividades de programación informática,VALIA S.A.,S/D,VEINTIUNO DE SETIEMBRE 3003,MONTEVIDEO,24093906,secretaria@zorkraut.com,S/D,2020-05-27
Vencido,216661230014,25992,Fabricación de artículos de metal para uso doméstico,GAFONUR SOCIEDAD ANONIMA,FUCO,S/D,S/D,S/D,administracion@fuco.com.uy,www.fuco.com.uy,2020-05-27
Vencido,180124440015,33120,Reparación de maquinaria,URAN ARBALLO WALTER BELTRAN,URAN ARBALLO WALTER BELTRAN,JOSE E .RODO 0,SORIANO,099534110,aliciabeguerie@adinet.com.uy,S/D,2020-05-27
Vencido,216431750016,62090,Otras actividades de tecnología de información y servicio de computadoras,ZOKNEY S.A.,S/D,RUTA 8 0,MONTEVIDEO,25084572,jominac@gmail.com,S/D,2020-05-27
Vencido,218330180016,62010,Actividades de programación informática,CASTELLANO ROBAINA EMILIANO,S/D,18 DE JULIO 1070,MONTEVIDEO,099536053,ops@akipotel.com,S/D,2020-05-27
Vencido,216924680015,62010,Actividades de programación informática,JIMERY SA,GodoWorks / GDW,SOLANO LOPEZ 1482,MONTEVIDEO,099580070,bnocella@godoworks.com,www.godoworks.com,2020-05-27
Vencido,216690480015,10749,Elaboración de pastas frescas,ORTIZ MAIDANA ADRIANA,Dei VIla,S/D,S/D,S/D,estudiobarreiroybarreiro@gmail.com,http://www.deivila.com.uy/,2020-05-27
Vencido,215436980011,10120,Elaboración de fiambres y chacinados,MINACOR SOCIEDAD ANONIMA,MINACOR S.A.,VICENZA 3097,MONTEVIDEO,25142353,minacor@gmail.com,S/D,2020-05-27
Vencido,217866160016,62010,Actividades de programación informática,MOTTA FORNESI CARLOS ANDRES,Comunicarte,Av. Gral. Fructuoso Rivera 2802,MONTEVIDEO,098914990,andresmotta1986@gmail.com,https://comunicarte.uy/,2021-02-24
Vencido,212155750018,62010,Actividades de programación informática,ASESORIA INFORMATICA S R L,A.I S.R.L,Grito de Gloria 1548,MONTEVIDEO,099602381,ainformatica@vera.com.uy,S/D,2021-03-12
Vencido,217029910010,62010,Actividades de programación informática,SIETE NEURONAS LTDA.,S/D,DR. LUIS PIERA 1807,MONTEVIDEO,24112435,rodrigo@neuronafinanciera.com,S/D,2020-05-27
Vencido,218429230015,62010,Actividades de programación informática,CABRERA DEL RIO RODRIGO MARTIN,S/D,PEDRO GIRALT 3977,MONTEVIDEO,098716883,ops@akipotel.com,S/D,2020-05-27
Vencido,217745620016,62020,Actividades de consultoría informática y actividades de administración de medios informáticos,INFOCUS BT SRL,Infocus Business Technology,Leyenda Patria 3124,MONTEVIDEO,098292757,contacto@infocusbt.com,https://www.infocusbt.com/,2023-01-20
Vencido,210354940015,17020,Fabricación del papel y cartón ondulado y de envases de papel y cartón,COMPAÑIA INDUSTRIAL COMERCIAL DEL SUR S A (CICSSA),COMPAÑIA INDUSTRIAL COMERCIAL DEL SUR SA (CICSSA),WILSON FERREIRA ALDUNATE 0,CANELONES,26011212,mpsanz@cissa.com.uy,www.cicssa.com.uy,2020-05-27
Vencido,216211310017,62020,Actividades de consultoría informática y actividades de administración de medios informáticos,OGHMA S.R.L.,S/D,Pedro Domingo Murillo 6089,MONTEVIDEO,26061283,hernan.sarazola@gmail.com,S/D,2023-03-15
Vencido,040326130011,10740,"Elaboración de pastas, fideos",CARRO QUINTANA CRISTIAN,EL BUEN GUSTO,PADRON RURAL 0,COLONIA,45743776,elbgusto@internet.com.uy,S/D,2020-05-27
Vencido,216632900015,62010,Actividades de programación informática,JUMEL S.A.,OXEN,MALVONES 0,CANELONES,26959098,info@oxen.com.uy,www.oxen.com.uy,2021-03-03
Vencido,210083940014,62010,Actividades de programación informática,INTERFASE S A,S/D,BVAR.ESPAÂÑA 2094,MONTEVIDEO,29147980,tramites@hana.uy,S/D,2020-05-27
Vencido,210002570017,11010,"Destilación, rectificación y mezcla de bebidas alcohólicas",A LOPEZ Y CIA S A,A LOPEZ Y CIA,"RONDEAU, GRAL. 2304",MONTEVIDEO,29246821,administracion@alopezycia.com.uy,S/D,2024-06-24
Vencido,040175620015,45201,Mantenimiento y reparación mecánica y eléctrica de vehículos,FIELITZ GARAY GUILLERMO,GUILLERMO FIELITZ,ANSINA C/VARELA 0,COLONIA,45423948,guillermofielitz@hotmail.com,S/D,2020-05-27
Vencido,211845480012,10712,Elaboración de productos de confitería,INPROPAN LTDA,INPROPAN LTDA.,FLORENCIO VARELA 3788,MONTEVIDEO,24803158,claudia@mecont.com.uy,S/D,2022-11-08
Vencido,215058740016,11020,Elaboración de vinos,ARGORIL SOCIEDAD ANONIMA,S/D,VECINAL A CUCHILLA PEREIRA 5503,MONTEVIDEO,22226634,394bettina@gmail.com,S/D,2020-05-27
Vencido,216169640018,25110,Fabricación de productos metálicos para uso estructural,TIVONER SA,TIVITIAN,"DESSALINES, J. J. 1780",MONTEVIDEO,29030313,tivoner@adinet.com.uy,S/D,2020-05-27
Vencido,140203280011,25110,Fabricación de productos metálicos para uso estructural,PEREIRA MAGDALENO LUIS ALBERTO,Metal£rgica Caio,LIBANO 2042,RIVERA,46222557,estudioalfarivera@gmail.com,S/D,2020-05-27
Vencido,210343180014,10710,Elaboración de productos de panadería,OSVERNA S A,LA MALLORQUINA,"BELINZON, CNEL. JUAN 5020",MONTEVIDEO,25147311,ventas@lamallorquina.com.uy,www.lamallorquina.com.uy,2020-05-27
Vencido,211393340013,32500,Fabricación de instrumentos y suministros médicos y dentales,PLANOR SOCIEDAD ANONIMA,PLANOR S.A.,ARECHAGA 3262,MONTEVIDEO,22033056,planoruy@gmail.com,S/D,2022-11-09
Vencido,214341500014,10501,Elaboración de productos lácteos en general,CALDEM S A,LOS RUMBOS,Sin Dato 0,COLONIA,45588814,caldem.nicolas@gmail.com,S/D,2020-05-27
Vencido,180214540019,25921,Talleres de tornería,PASTORINO GIRATE HERMAN RUBEN,S/D,9 3777,SORIANO,099339918,tuladel@hotmail.com,S/D,2021-08-02
Vencido,214262010014,22203,Fabricación de productos de plástico moldeado,ABBAPLAST S A,Abbaplast S.A.,REGULO 4450,MONTEVIDEO,096201550,info@abbaplast.com.uy,www.abbaplast.com.uy,2020-05-27
Vencido,020112590017,10710,Elaboración de productos de panadería,SOFIA S R L,PANADERIA SOFIA,BATLLE Y ORDOÂÑEZ Y TERESA CABANA DE MORERNO 0,CANELONES,43320450,silferrari@adinet.com.uy,S/D,2020-05-27
Vencido,219380390012,62010,Actividades de programación informática,DEKODEIT SAS,DEKODEIT SAS,Obligado 1360,MONTEVIDEO,099611107,mnaistat@gmail.com,S/D,2024-05-17
Vencido,218678130014,25110,Fabricación de productos metálicos para uso estructural,METALURGICA MONTAJES  NUÑEZ SAS,METALÚRGICA INDUSTRIAL MONTAJES NÚÑEZ SAS,ESTADOS UNIDOS 2426,MONTEVIDEO,23125819,montajes2002@gmail.com,www.montajes2002.com,2023-10-13
Vencido,215466550015,10712,Elaboración de productos de confitería,CUIDATE SOCIEDAD DE RESPONSABILIDAD LIMITADA,CUIDATE,ECHEVARRIARZA 3225,MONTEVIDEO,27082480,sueldos@cipu.org.uy,S/D,2022-10-24
Vencido,218962260016,74909,"Otras actividades profesionales, científicas y técnicas no incluidas en las clases anteriores",CALOGER SRL,ONESEARCH,Tacuarembo 1442 1007,MONTEVIDEO,091966299,info@onesearch.com.uy,www.onesearch.com.uy,2022-12-08
Vencido,212057080018,25920,"Fabricación, tratamiento y revestimiento de metales",SEMMI LTDA,SEMMI LTDA,"SARAVIA, APARICIO 3145",MONTEVIDEO,25158929,semmi@adinet.com.uy,S/D,2020-05-27
Vencido,218215480010,62010,Actividades de programación informática,BERNINI DOTTA VICTORIA,S/D,IGUA 4460,MONTEVIDEO,098920339,mn.burghi@moove-it.com,S/D,2022-06-14
Vencido,214002970018,28190,Fabricación de otros tipos de maquinaria de uso general,NAUTIMILL S A,NAUTIMILL SA,25 DE MAYO 3183,RÍO NEGRO,45448133,administracion@nautimill.com,www.nautimill.com,2020-05-27
Vencido,215506630014,18110,Actividades de impresión,GUIA TOTAL SRL,GUIA TOTAL SRL,ESPAÂÑA 2586,MONTEVIDEO,27115217,guiatotal@licitaciones.com.uy,www.licitaciones.com.uy,2020-05-27
Vencido,217647860012,62010,Actividades de programación informática,POOL SOFT SRL,POOL SOFT,Costa Rica 2094,MONTEVIDEO,099685477,inesc@magmatools.com,S/D,2022-11-15
Vencido,170085500019,14101,"Fabricación de prendas de vestir exteriores, excepto prendas de piel",MARTINEZ REVETRIA AIDA TERESITA,MARIA CASTAÑA,ITUZAINGO 332,SAN JOSÉ,099278643,rocervi@hotmail.com,S/D,2020-05-27
Vencido,215367090016,25930,"Fabricación de artículos de cuchillería, herramientas de mano y artículos de ferretería",TALISIT SOCIEDAD ANONIMA,TALISIT SA,ISLA DE GASPAR 2276,MONTEVIDEO,25068539,talisit@gmail.com,S/D,2020-05-27
Vencido,215536610011,25110,Fabricación de productos metálicos para uso estructural,LUDENCOR SOCIEDAD ANONIMA,LUDENCOR,FRANCISCO PIZARRO 5242,MONTEVIDEO,27085264,estudiolamelas@adinet.com.uy,S/D,2020-05-27
Vencido,217823800013,47521,Comercio al por menor de artículos de ferretería,LORENZO MONTES DE OCA EDUARDO ALEJANDRO,S/D,CHINA 1939,MONTEVIDEO,29150697,fdcestudio@hotmail.com,S/D,2022-11-08
Vencido,217888900012,62010,Actividades de programación informática,FERNANDEZ GASALLA PABLO MARTIN,S/D,WILSON FERREIRA ALDUNANTE 1294,MONTEVIDEO,091063031,ops@akipotel.com,S/D,2020-05-27
Vencido,214058260016,43309,Otras tareas de terminación de edificios,CALIXTO LOPEZ OSCAR RAFAEL,rc marmoles y granitos,S/D,S/D,S/D,rcmarmoles@gmail.com,S/D,2023-08-01
Vencido,219118530015,62010,Actividades de programación informática,GUENO SAS,S/D,18 de julio 1296,MONTEVIDEO,29030797,fpaez@mitraconsultores.uy,S/D,2023-01-04
Vencido,215308160011,62010,Actividades de programación informática,MAGENTA INNOVA S R L,MAGENTA INNOVA,FRANCISCO ARAUCHO 1359,MONTEVIDEO,27073963,info@magentainnova.com,www.magentainnova.com,2023-07-03
Vencido,040209590016,25921,Talleres de tornería,EL SAUCEDAL S.R.L.,El Saucedal,Viena 415,COLONIA,098414588,administracion@elsaucedal.com.uy,www.elsaucedal.com,2021-06-30
Vencido,190234870011,25110,Fabricación de productos metálicos para uso estructural,EGHAN S.R.L,EGHAN,TIMOTEO PEÂÑA 385,TACUAREMBÓ ,46320514,redes@adinet.com.uy,S/D,2020-05-27
Vencido,170165730010,29200,Fabricación de carrocerías para vehículos automotores,RODRIGUEZ MARRERO MAICOL ADRIAN,Metalurgica Rodriguez,S/D,SAN JOSÉ,099345560,mrodriguez61@hotmail.es,S/D,2022-09-29
Vencido,213593430012,10790,Elaboración de otros productos alimenticios,BUENAONDA SA,EL HORNO DE JUAN,"MARTI, JOSE 3391",MONTEVIDEO,27078676,rhcp2011@hotmail.com,S/D,2020-05-27
Vencido,216663330016,21000,"Fabricación de productos farmacéuticos, sustancias químicas medicinales y de productos botánicos.",ZONETIC SOCIEDAD ANONIMA,S/D,S/D,CANELONES,29080123,lbarboza@kmf.uy,S/D,2020-09-18
Vencido,215906110018,16102,"Aserrado, cepillado y trabajo a máquina de la madera.",ASERRADEROS JCE URUGUAY S.A.,ASERRADEROS JCE URUGUAY S.A.,S/D,S/D,S/D,mgfagundez@gmail.com,www.jceuy.com,2022-10-19
Vencido,210000170011,33150,"Reparación de equipo de transporte, excepto los vehículos automotores",TSAKOS INDUSTRIAS NAVALES S A.,TSAKOS INDUSTRIAS NAVALES S.A.,"RONDEAU, GRAL. 2023",MONTEVIDEO,29248336,tsakos@tsakosmonte.com.uy,www.tsakosmonte.com.uy,2022-08-17
Vigente,215067700013,10501,Elaboración de productos lácteos en general,LANS MACHIN ROSSANA MARIA,LANS MACHIN ROSSANA MARIA,S/D,S/D,099781003,consultores@ncb.com.uy,S/D,2026-06-05
Vencido,217189030019,62020,Actividades de consultoría informática y actividades de administración de medios informáticos,Paswer International S.A.,S/D,Luis Bonavita 1266,MONTEVIDEO,26264899,administracionpaswer@latechco.com,www.latechco.com,2021-11-22
Vencido,217240300014,62020,Actividades de consultoría informática y actividades de administración de medios informáticos,NIMACLOUD SRL,Nimacloud,Hector Miranda 2361,MONTEVIDEO,098566555,hello@nimacloud.com,www.nimacloud.com,2021-05-31
Vencido,215978730012,47521,Comercio al por menor de artículos de ferretería,TAMBATI DIEZ ANA CLAUDIA,TAMBATI,Nueva Palmira 1787,MONTEVIDEO,22006776,ventas@tambati.com.uy,www.tambati.com.uy,2021-06-04
Vencido,080015660018,11020,Elaboración de vinos,GUTIERREZ GONZALEZ RICARDO ORESTE Y LAURIA BOETTO HILDA ARMAND,GUTIERREZ GONZALEZ RICARDO Y LAURIA BOETTO HILDA,"SUAREZ, JOAQUIN 0",CANELONES,22940343,cciaf@adinet.com.uy,S/D,2020-05-27
Vencido,218931760017,62010,Actividades de programación informática,LYRA URUGUAY S.A.S.,LYRA URUGUAY S.A.S.,DE HERRERA AVDA. DR. LUIS ALBE 1248,MONTEVIDEO,24864002,juliana.prado@lyra-network.com.br,https://www.lyra.com/la/,2023-03-22
Vencido,213344350015,56102,Rotiserías,GUTIERREZ RAMOS HUMBERTO,S/D,AMSTERDAM 0 CERO,CANELONES,43345839,estudiochalvar@gmail.com,S/D,2021-06-01
Vencido,211319220018,56101,Restaurantes y parrilladas,ARCOS DORADOS URUGUAY S.A.,McDonald s,S/D,S/D,S/D,daniela.moura@uy.mcd.com,S/D,2023-07-04
Vencido,212239100014,11020,Elaboración de vinos,ROSES HERMANOS S R L,ROSES HERMANOS SRL,"SUAREZ, JOAQUIN 0",CANELONES,22940526,vinos.per.roses@adinet.com.uy,S/D,2020-05-27
Vencido,211078410019,25110,Fabricación de productos metálicos para uso estructural,CREART LIMITADA,CREART LTDA.,EMILIA PARDO BAZAN 2168,MONTEVIDEO,29245139,creartltda@gmail.com,S/D,2020-05-27
Vencido,211396450014,21000,"Fabricación de productos farmacéuticos, sustancias químicas medicinales y de productos botánicos.",URUFARMA S.A.,URUFARMA SA,"RODRIGUEZ, JUAN RAMON 3265",MONTEVIDEO,24872748,gerencia@urufarma.com.uy,www.urufarma.com.uy,2020-05-27
Vencido,216910770017,14109,Fabricación de otras prendas de vestir n.c.p. y accesorios,QUERIDO HECTOR LUIS,S/D,PEREZ BUTLER 0,MONTEVIDEO,099843880,843sil@gmail.com,S/D,2021-02-11
Vencido,210378900013,31001,Fabricación de muebles de madera,DELFINO ALVAREZ LTDA,DELFINO ALVAREZ LTDA,"SALARI, TTE. CNEL. EUCLIDES A. 3416",MONTEVIDEO,22157588,info@delfinoalvarez.com,www.delfinoalvarez.com,2020-08-28
Vencido,070135280010,10711,"Elaboración de pan, productos panificados en forma tradicional",FLEITAS GONZALEZ JULIO CESAR,EL FUTURO,FONTES ARRILLAGA 1104,FLORIDA,099041681,ccis@adinet.com.uy,S/D,2022-02-15
Vencido,219017660010,62010,Actividades de programación informática,STOIK SAS,S/D,Leyenda patria 3104,MONTEVIDEO,091038600,bruno.canepa@proton.me,S/D,2023-03-16
Vencido,217700660019,62010,Actividades de programación informática,QUNET S.A.,APPLICA CORP,Bartolomé Mitre 1441,MONTEVIDEO,29164994,info@applicacorp.com,www.applicacorp.com,2022-12-06
Vencido,219021800018,62010,Actividades de programación informática,WHITEBEAR STUDIO SAS,S/D,BRANDZEN CNEL 1956,MONTEVIDEO,24070000,info@segalerba.com.uy,S/D,2023-03-20
Vencido,100785090017,13119,"Otras preparaciones e hilandería de fibras textiles, excepto tops",COOPERATIVA DE TRABAJO DEL DEPARTAMENTO DE FLORIDA,S/D,BATLLE Y ORDOÑEZ 839,FLORIDA,43520884,carriquiryyasociados@gmail.com,S/D,2022-05-05
Vencido,217439760019,10711,"Elaboración de pan, productos panificados en forma tradicional",FENE S.R.L.,Panaderia Las Brisas,MCAL. FCO. SOLANO LOPEZ 1439,MONTEVIDEO,26191559,contabilidad@cipu.org.uy,S/D,2022-12-13
Vencido,216259410011,16230,Fabricación de recipientes de madera,TISCORNIA MARTINEZ IGNACIO,Logbox,Chile 0,CANELONES,098361576,itiscornia@logbox.com.uy,www.logbox.com.uy,2021-07-06
Vencido,215423330013,16102,"Aserrado, cepillado y trabajo a máquina de la madera.",RIO AVENTURA S A,Rijo Pallets,SANTOS DUMONT 3079,MONTEVIDEO,099543623,rijopallets@gmail.com,www.rijopallets.com,2020-05-27
Vencido,110400500012,20290,Fabricación de otros productos químicos n.c.p.,ARAVANLABS S.R.L.,ARAVANLABS,APARICIO SARAVIA 1644,CANELONES,092746190,maccio@aravanlabs.com.uy,www.aravanlabs.com.uy,2022-07-27
Vencido,215248850017,47212,Comercio al por menor de carne y menudencias,ALCINA HNOS LTDA,S/D,"CANELONES, BRIO SANTA ANA, CENTRAL 0",CANELONES,095235309,agonzalez@cambadu.com.uy,S/D,2020-05-27
Vencido,216901880018,31001,Fabricación de muebles de madera,SOTO RIVERO ROSARITO MIRIAM,S/D,BURGUES 3623,MONTEVIDEO,22007606,rodrigoigle@hotmail.com,S/D,2020-05-27
Vencido,120345520018,25110,Fabricación de productos metálicos para uso estructural,MIGLIONICO METALURGICA S.R.L,Migliónico Metalúrgica,cahrruas 736,PAYSANDÚ,098664180,miglionico.metalurgica@gmail.com,https://www.gruasmiglionicos.com.uy/,2024-06-14
Vencido,214877600018,18120,Servicios relacionados con la impresión,RR ETIQUETAS URUGUAY S.A,RR ETIQUETAS URUGUAY,VERACIERTO 3190,MONTEVIDEO,25095758,GONZALO@RRETIQUETAS.COM.UY,WWW.RRETIQUETAS.COM.UY,2022-11-01
Vencido,214418990010,10400,Elaboración de aceites y grasas de origen vegetal y animal,NUEVO MANANTIAL S A,S/D,S/D,S/D,S/D,info@nuevomanantial.com,https://nuevomanantial.com/,2023-07-06
Vencido,190297030010,33110,Reparación de productos elaborados de metal,URIA NUÑEZ DIEGO ANDRES,SIUR Mantenimiento & Montaje,FELIX MOROY 231,TACUAREMBÓ ,46341888,siursrl@gmail.com,S/D,1900-01-01
Vencido,210353740012,15200,Fabricación de calzado,FABRICA DE CALZADO SANTA PAULA S A,FABRICA DE CALZADO SANTA PAULA S.A.,FLORES 2482,MONTEVIDEO,22035244,beasere@adinet.com.uy,S/D,2020-05-27
Vencido,218796620011,62010,Actividades de programación informática,PARSER DIGITAL URUGUAY S.A.,PARSER DIGITAL URUGUAY S.A.,Colonia 810,MONTEVIDEO,29021515,hello@parserdigital.com,https://parserdigital.com/,2023-01-26
Vencido,211500160013,10120,Elaboración de fiambres y chacinados,EREL S.A.,EREL S.A.,"OLIVERA, CNEL. LEONARDO 0",MALDONADO,42668938,saerel@adinet.com.uy,S/D,2020-05-27
Vencido,217680120014,62010,Actividades de programación informática,CASTRO SERRA SANTIAGO,S/D,CASSINONI 1011,MONTEVIDEO,099496049,bryant@montevideo.com.uy,S/D,2020-05-27
Vencido,020081190012,10711,"Elaboración de pan, productos panificados en forma tradicional",GARMAL LTDA,garmal ltda,TERESA CABANA DE MORENO 331,CANELONES,43322065,vbube@estudiolibra.com.uy,S/D,2020-05-27
Vencido,110364910015,16220,Fabricación de partes y piezas de carpintería para edificios y construcciones,AMBITE ERICO ALVARO ANDRES,Urumadcon,San Marcos 195,CANELONES,099245399,info@urumadcon.com.uy,www.urumadcon.com.uy,2021-05-25
Vencido,210922980012,14101,"Fabricación de prendas de vestir exteriores, excepto prendas de piel",DASU S R L,CLINICA DE LAS CAMISAS,S/D,S/D,S/D,ventas@clinicadelascamisas.com,www.clinicadelascamisas.com,2020-05-27
Vencido,210631560017,10710,Elaboración de productos de panadería,SAN RAFAEL S R L,SAN RAFAEL,DE LAS INSTRUCCIONES 4168,MONTEVIDEO,22223549,sin@datos.nop,S/D,2020-05-27
Vencido,212192950017,62010,Actividades de programación informática,MEMORY S.A.,MEMORY,Br. Gral. Artigas 1404,MONTEVIDEO,27099555,comercial@memory.com.uy,www.memory.com.uy,2021-04-20
Vencido,217826290016,62010,Actividades de programación informática,IXADUL SA,KONA,LUIS ALBERTO DE HERRERA 1248,MONTEVIDEO,26241790,avisca@technisys.com,http://kona.tech/,2022-12-29
Vencido,213863810017,20232,"Fabricación de cosméticos, perfumes y artículos de tocador",DALINTEX S A,DALINTEX,SAINT BOIS 5070,MONTEVIDEO,25146162,labda1cont@gmail.com,S/D,2023-01-16
Vencido,211464580011,10800,Elaboración de alimentos preparados para animales,RITON S A,RITON S.A,S/D,CANELONES,43362157,ritonsas@yahoo.es,S/D,2020-05-27
Vencido,213499980012,47115,Comercio al por menor realizado por los free shops,LO CICERO SANCHEZ MARIA DE LOS ANGELES Y LO CICERO SANCHEZ ROSSANA,Lo Cicero Sanchez Ma.de los Angeles y lo Cicero  Sanchez Rossana,AGRACIADA 750,RIVERA,46223028,lourcos@gmail.com,S/D,2020-05-27
Vencido,210137490011,10112,"Matanza de ganado vacuno, ovino, porcino y equino en frigoríficos",ESTABLECIMIENTOS COLONIA S A,ESTABLECIMIENTOS COLONIA S.A.,S/D,S/D,S/D,paula.hernandezmendiberry@marfrig.com,S/D,2023-06-23
Vencido,210235600016,10710,Elaboración de productos de panadería,CONDE Y CIA S.R.L.,CONDE Y CIA SRL,"RAMIREZ, DR. CARLOS MARIA 144",MONTEVIDEO,23094290,belvedere@pueblotrigo.com,pueblotrigo.com,2020-05-27
Vencido,214942530015,31000,Fabricación de muebles,PEREZ PASTORINI CARLOS ANDRES,MADERAGRO,GIANNATTASIO 0,CANELONES,26966886,maderagro@adinet.com.uy,www.maderagro.net,2020-05-27
Vencido,211484900011,29100,Fabricación de vehículos automotores,BELEX S.A.,TALLER DIESEL JACOBO HEBELING,"MARQUEZ, RAMON 2889",MONTEVIDEO,22006918,belex@adinet.com.uy,S/D,2020-05-27
Vencido,213554000010,10130,"Matanza, preparación y conservación de pollos y gallinas",AVICOLA FRONTINI SOCIEDAD ANONIMA,AVÍCOLA DEL OESTE,"FLORES, MANUEL MARIA 0",MONTEVIDEO,23125612,sin@datos.nop,www.avicolasdeloeste.com.uy,2020-05-27
Vencido,212302210012,21000,"Fabricación de productos farmacéuticos, sustancias químicas medicinales y de productos botánicos.",KUPFER URUGUAYA S R L,S/D,TREINTA Y TRES 1268,MONTEVIDEO,29157709,ethode@gmail.com,S/D,2020-05-27
Vencido,030143490011,10711,"Elaboración de pan, productos panificados en forma tradicional",LUCIANA R.B. S.R.L.,PANADERIA LA FAMILIA,VICTORIA IPAR DE ZAMORA 418,CERRO LARGO,46752541,munoz_e_hijos@hotmail.com,S/D,2020-05-27
Vencido,210644970014,16102,"Aserrado, cepillado y trabajo a máquina de la madera.",INDUSTRIAS FORESTALES ARAZATI S A,INDUSTRIAS FORESTALES ARAZATI SA,S/D,S/D,S/D,ventas@arazati.com,www.arazati.com/,2022-10-27
Vencido,215091890013,20130,Fabricación de plásticos y de caucho sintético en formas primarias,INDIPEX SA,INDIPEX SA,"FERREIRA ALDUNATE, PERIMETRAL WILSON 0",CANELONES,26829080,fernando.irazabal@indipex.com.uy,S/D,2020-05-27
Vencido,217877050012,62010,Actividades de programación informática,CORONEL DA ROSA SANTOS ALMIR,S/D,BENITO BLANCO 847,MONTEVIDEO,099137645,ops@akipotel.com,S/D,2020-05-27
Vencido,214551690014,10799,Elaboración de otros productos alimenticios n.c.p.,MAESTROS CAFETEROS SRL,Saint Hnos,Av. Don Pedro de Mendoza 4963,MONTEVIDEO,29006484,contador@saint.com.uy,www.saint.com.uy,2023-07-28
Vencido,213549030012,13940,"Fabricación de cuerdas, cordeles, bramantes y redes",TRIMANT SA,TRIMANT S.A.,CALLAO 3480,MONTEVIDEO,22113311,contacto@trimant.com,www.trimant.com,2020-05-27
Vencido,215253290016,23100,Fabricación de vidrio y de productos de vidrio,EBIGOLD SOCIEDAD ANONIMA,EBIGOLD SA,HAITI 1500,MONTEVIDEO,23181575,v.lorenzo@envidrio.com.uy,S/D,2020-05-27
Vencido,215182960014,71100,Actividades de arquitectura e ingeniería,PIÑON BOROTRA SANTIAGO,Techingenium,FRANCISCO SOCA 1531 1531,MONTEVIDEO,27074801,spb@techingenium.com.uy,www.techingenium.com.uy,2020-05-27
Vencido,217571940010,62010,Actividades de programación informática,WAVE APPS SOCIEDAD DE RESPONSABILIDAD LIMITADA,S/D,ROMERO LUCIANO R 3289,MONTEVIDEO,24070000,INFO@SEGALERBA.COM.UY,S/D,2024-01-05
Vencido,040512040019,10501,Elaboración de productos lácteos en general,ACKERMANN BENTANCOR DANIEL HORACIO,ACKERMANN BENTANCOR DANIEL HORACIO,VECINAL A 2KM CARRETERA PASO DE LOS CUERVOS,COLONIA,099902896,DANIEL.ACKERMANNBENTANCOR@gmail.com,S/D,2021-03-10
Vencido,218263450010,62010,Actividades de programación informática,MAGALHAES CATOLO ADILSON DENISIO,S/D,DR ALEJANDRO GALLINAL 1642,MONTEVIDEO,094506238,ops@akipotel.com,S/D,2021-05-10
Vencido,211049510019,20232,"Fabricación de cosméticos, perfumes y artículos de tocador",LAMANYL S A,Jorge F. Zunino,ESTIVAO 1975,MONTEVIDEO,24810161,miguel@zunino.com.uy,www.zunino.com.uy,2020-05-27
Vencido,217520630014,16290,Fabricación de otros productos de madera,SEDUMAR S.A.,S/D,DR. ALEJANDRO GALLINAL 2290,MONTEVIDEO,099623355,info@tauro.com.uy,www.tauro.com.uy,2023-04-18
Vencido,217805560014,62010,Actividades de programación informática,SWEET HOME DIGITAL S.R.L.,Sweet Home Digital,Florida 1287,MONTEVIDEO,29004106,info@tensai.com.uy,https://tensai.com.uy,2022-11-04
Vencido,215114360015,25920,"Fabricación, tratamiento y revestimiento de metales",TALLER DEL PARQUE SRL,TALLER DEL PARQUE SRL,HAITI 1500,MONTEVIDEO,23143985,todotaller@adinet.com.uy,S/D,2020-05-27
Vencido,217306160010,73100,Publicidad,GRUPO L.F LTDA,S/D,Joaquin Suarez 3378,MONTEVIDEO,099255665,lfazzino@grupolfmedia.com,tufiesta.com.uy,2022-09-20
Vencido,217748860018,62010,Actividades de programación informática,ALVAREZ ANTUÑA IGNACIO,S/D,PALMAS Y OMBUES 5601,MONTEVIDEO,24070000,INFO@SEGALERBA.COM.UY,S/D,2020-05-27
Vencido,214494010013,10710,Elaboración de productos de panadería,PACHAK S A,LA MENDOCINA,ARTILLEROS ORIENTALES 4750,MONTEVIDEO,22223999,panaderialamendocina@hotmail.com,S/D,2020-05-27
Vencido,211864960016,10710,Elaboración de productos de panadería,ITALFOR LTDA,LOS APLES,ISLA DE FLORES 1574,MONTEVIDEO,24104832,sueldos@cipu.org,S/D,2020-05-27
Vencido,212994680011,18119,"Otras actividades de impresión, grabación y reproducción, excepto serigrafía sobre textiles",ANIA SOCIEDAD ANONIMA,Impresa,ARISMENDI 1435,MONTEVIDEO,24022276,impresa@adinet.com.uy,S/D,2020-05-27
Vencido,216706660012,31001,Fabricación de muebles de madera,CARPINTERIA MADERCO SRL,CARPINTERIA MADERCO,PINTA 2027,MONTEVIDEO,23235202,mendezybarros@gmail.com,S/D,2022-10-28
Vencido,212627890012,62010,Actividades de programación informática,PRADERIO AGUIAR MARIA RITA,S/D,BRASIL 3016,MONTEVIDEO,099515486,rita.praderio@gmail.com,S/D,2022-12-09
Vencido,211719470011,47639,"Comercio al por menor de otros artículos de deporte en almacenes especializados, excepto bicicletas",AUGE LIMITADA,AUGE DEPORTES,18 DE JULIO 2267,MONTEVIDEO,24097755,augedeportes@hotmail.com,S/D,2020-05-27
Vencido,216793040018,47410,"Comercio al por menor de computadoras, unidades periféricas, equipo de software y telecomunicaciones",TERRA ROMPANI ANTONIO,S/D,GANDHI 485,MONTEVIDEO,27109584,terra.antonio@gmail.com,S/D,2020-05-27
Vencido,214364550018,62010,Actividades de programación informática,BENEDYKT FRISCH DANIEL HERIBERTO,S/D,Mirador de la tahona Lote c9 c9,CANELONES,099421422,daniel@benedykt.com,S/D,2022-12-14
Vencido,211223740010,10750,Elaboración de comidas y platos preparados,DISTRAVI S.A.,AVICOLA DISTRAVI,S/D,S/D,S/D,josorio@assandri.com,https://www.distravi.com.uy/,2020-05-27
Vencido,212977140012,31001,Fabricación de muebles de madera,POSTIGLIONE IZETTA LAZARO DANIEL,DANIEL POSTIGLIONE,JOANICO 3673,MONTEVIDEO,25083249,timbal@adinet.com.uy,S/D,2020-05-27
Vencido,217737440012,62010,Actividades de programación informática,DIANA ROBLEDO JUAN ANDRES,S/D,José María Penco 3031,MONTEVIDEO,091290718,juandiana@gmail.com,S/D,2022-10-31
Vencido,213386770012,63110,"Procesamiento de datos, hospedaje y actividades conexas",PROSPERO CHIFFLET MARIA NOELA,MARIA NOELA PROSPERO,GRAL SANTANDER 1623,MONTEVIDEO,099611411,nprospero@taopmp.com,S/D,2022-09-22
Vencido,217440350015,62010,Actividades de programación informática,2INNOVATEIT LTDA,S/D,PRECURSORES sn,CANELONES,099633616,ariel.zilli@gmail.com,S/D,2022-10-26
Vencido,218657280017,62010,Actividades de programación informática,CALOGERO S.A.S.,S/D,18 de Julio 1296,MONTEVIDEO,29030797,fpaez@mitraconsultores.uy,S/D,2022-12-29
Vencido,170006780013,10612,Elaboración de harina de trigo y otros productos derivados de la molienda de trigo,MOLINOS SAN JOSE S A,MOLINOS SAN JOSE SA,"GUERRA, NICOLAS 110",SAN JOSÉ,43423333,sschwartz@cousa.com,www.molinosanjose.com,2021-08-30
Vencido,215518380018,62010,Actividades de programación informática,INSOFT SOCIEDAD ANONIMA,INTERMEDIA,SARMIENTO 2265,MONTEVIDEO,27115035,COMPRAS@INTERMEDIA.COM.UY,http://intermediasoftware.com/,2022-12-13
Vencido,210179070010,25939,"Fabricación de artículos de cuchillería, herramientas de mano y artículos de ferretería",INTEC SOCIEDAD ANONIMA,INTEC SA,CAMINO RIVERA (Casarino Toledo) 14033 A,CANELONES,22965122,intecsauruguay@gmail.com,www.intecsa.com.uy,2021-07-07
Vencido,217325940018,13130,Acabado de productos textiles,GAGLIANO MONRROY MIGUEL GONZALO,Maldito Ramon,Agraciada 4075,MONTEVIDEO,094559401,maldito.ramon@gmail.com,S/D,2022-12-23
Vencido,218447450013,62010,Actividades de programación informática,ARODAQUOR S.R.L.,S/D,RIVERA 2869,MONTEVIDEO,27090965,dlopeznev@gmail.com,S/D,2022-11-16
Vencido,150082360017,47212,Comercio al por menor de carne y menudencias,ACOSTA MOLINA ERCIO GUSTAVO,Super mi viejo,18 DE JULIO 0,ROCHA,44758746,jvaselli@adinet.com.uy,S/D,2020-05-27
Vencido,020076610017,23950,"Fabricación de artículos de hormigón, de cemento y de yeso",VIGNOLA PELUFFO ALVARO AMILCAR,S/D,64 Y 11 0,CANELONES,099336465,estudio.eci@hotmail.com,S/D,2020-05-27
Vencido,216020600010,25110,Fabricación de productos metálicos para uso estructural,CHURRUT MENDEZ ALVARO MAURICIO,S/D,barros arana 5293,MONTEVIDEO,099327174,mauriciochurrut@gmail.com,S/D,2021-05-10
Vencido,218259400012,62010,Actividades de programación informática,MARTINEZ BERTONE FEDERICO,Federico Martinez,BARROS ARANA 5032,MONTEVIDEO,091345396,federico.martinez005@gmail.com,S/D,2020-05-27
Vencido,211328680018,46309,Comercio al por mayor de otros alimentos y bebidas,DONEGAL S A,SABORMAIA,S/D,S/D,S/D,siglotda@adinet.com.uy,S/D,2020-08-31
Vencido,217983420014,62010,Actividades de programación informática,MOLLER GARELLI FERNANDO DANIEL,S/D,MONTERROSO DE LAVALLEJA ANA 2072,MONTEVIDEO,099671882,ops@akipotel.com,S/D,2020-05-27
Vencido,190129700012,25920,"Fabricación, tratamiento y revestimiento de metales",TORNO METAL SRL,TORNO METAL SRL,"APARICIO, GRAL. TIMOTEO 0",TACUAREMBÓ ,46325490,tornometalcarolina@hotmail.com,S/D,2020-05-27
Vencido,212577710016,25110,Fabricación de productos metálicos para uso estructural,GARCIA HERRERA CARLOS RAUL,S/D,Archidona 8047,MONTEVIDEO,22227440,herreriacarlosgarcia@gmail.com,S/D,2021-06-25
Vencido,210460010018,22203,Fabricación de productos de plástico moldeado,CAPO Y CIA S A,Formacril,S/D,S/D,S/D,formacril@formacril.com.uy,www.formacril.com.uy,2020-08-28
Vencido,213382520011,18119,"Otras actividades de impresión, grabación y reproducción, excepto serigrafía sobre textiles",IC S.A.,Impresora Central Sociedad Anonima,DOMINGO ARAMBURU 2079,MONTEVIDEO,22090214,omeg@adinet.com.uy,S/D,2020-05-27
Vencido,210162660014,10610,Elaboración de productos de molinería,ARROZAL 33 S A,ARROZAL 33 S.A.,"FERRÂS, RICARDO 0",TREINTA Y TRES,44582008,arrozal33@arrozal33.com.uy,www.arrrozal33.com.uy,2020-05-27
Vencido,130126540010,45201,Mantenimiento y reparación mecánica y eléctrica de vehículos,MACHADO DE LOS SANTOS JUAN JOSE Y MACHADO MONTANDON MARCOS SEBASTIAN,Juan Jos‚ Machado y otros,ASENCIO 1542,RÍO NEGRO,45677558,tallermachado16@gmail.com,S/D,2023-07-28
Vencido,110339520012,47521,Comercio al por menor de artículos de ferretería,Lucalu Ltda.,Barraca 2 Amigos,Cno. Carrasco 330,CANELONES,26061830,barraca2amigos@adinet.com.uy,S/D,2021-03-15
Vencido,214063050016,62010,Actividades de programación informática,ASCHER VASEN ROBERTO MIGUEL,S/D,MAC EACHEN 1338,MONTEVIDEO,094424609,roberto.ascher@gmail.com,S/D,2020-05-27
Vencido,150597980015,62010,Actividades de programación informática,LOPETEGUI GARCIA RODRIGO,LOPETEGUI GARCIA RODRIGO,PUBLICA 1,MALDONADO,24070000,info@segalerba.com.uy,S/D,2022-12-01
Vencido,216230690016,11020,Elaboración de vinos,MADEBAR SOCIEDAD ANONIMA,Bodega Oceanica Jose Ignacio / Aceite de oliva O´33,S/D,MALDONADO,27122979,info@ojoseignacio.com,www.ojoseignacio.com,2021-05-12
Vencido,190309690015,33110,Reparación de productos elaborados de metal,BENITEZ PRADIE KEVIN MATIA,S/D,Dr. Lorenzo Rios 719,TACUAREMBÓ,098607218,gestoria19tbo@hotmail.com,S/D,2021-03-09
Vencido,180229950013,33120,Reparación de maquinaria,NOYA DELGADO MARISA Y NOYA DELGADO FRANCISCO,S/D,Juan Rodriguez 1,SORIANO,099282635,marisanoyadelgado@gmail.com,S/D,2021-03-15
Vencido,170108320011,31001,Fabricación de muebles de madera,T. Y M. LTDA.,CARPINTERIA T Y M,AGRACIADA 770,SAN JOSÉ,43452769,carpinteriatym@adinet.com.uy,S/D,2020-05-27
Vencido,120207450014,10509,Elaboración de helados,VIROGA YOLANDA ABIGAIL,Helader¡a Pierrot,HERRERA 925,PAYSANDÚ,47226850,patty_biglieri@hotmail.com,S/D,2020-05-27
Vencido,218951660018,62010,Actividades de programación informática,IGARCY SA,ENTROPY1729,ZABALA 1504,MONTEVIDEO,094363810,email@entropy1729.com,https://www.entropy1729.com/,2022-12-13
Vencido,170219660015,16102,"Aserrado, cepillado y trabajo a máquina de la madera.",VELAZQUEZ CORREA ISOLINA,S/D,RUTA 1 705,SAN JOSÉ,43427312,fedechamo13@gmail.com,S/D,2021-03-17
Vencido,217060150014,58130,"Publicación de periódicos, diarios y revistas",LAS MAESTRAS S.R.L.,Aula,Santiago Gadea 3362,MONTEVIDEO,099412544,consultas@aula.com.uy,aula.com.uy,2022-12-13
Vencido,210443970017,45309,"Comercio al por menor de partes, piezas y accesorios de vehículos automotores",LA CASA DE LA BOMBA DE AGUA S R L,S/D,Cerro Largo 1262,MONTEVIDEO,29002327,lacasadelabombadeagua@gmail.com,S/D,2021-03-23
Vencido,210343370018,29100,Fabricación de vehículos automotores,SANTA ROSA AUTOMOTORES S A,SANTA ROSA AUTOMOTORES SA,CERRO LARGO 888,MONTEVIDEO,29020519,lmoreno@santarosa.com.uy,www.renaulturuguay.com.uy,2020-05-27
Vencido,211592520011,10710,Elaboración de productos de panadería,ROBERMAR LTDA.,ROBERTMAR,GREGORIO CAMINO 450,MONTEVIDEO,23057253,sueldos@cipu.org,S/D,2020-05-27
Vencido,216788640010,10799,Elaboración de otros productos alimenticios n.c.p.,VISCOFAN URUGUAY S.A.,VISCOFAN URUGUAY,Camino SASTRE 29500,CANELONES,22883048,trnkam@viscofan.com,www.viscofan.com,2022-12-12
Vencido,210230180019,15200,Fabricación de calzado,GIANNOTTI S R L,GIANNOTTI SRL,BURGUES 2881,MONTEVIDEO,549901,difelice@netgate.com.uy,S/D,2020-05-27
Vencido,217777760018,62020,Actividades de consultoría informática y actividades de administración de medios informáticos,IT CONSULTANCY SERVICES URUGUAY SRL,S/D,Ramon de Santiago 1559,MONTEVIDEO,091744036,pablo.caviglia@gmail.com,S/D,2022-11-10
Vencido,215070420018,14101,"Fabricación de prendas de vestir exteriores, excepto prendas de piel",CEVELYR S.A,CEVELYR SA,GALICIA 1380,MONTEVIDEO,29080297,salvis.asociados@gmail.com,S/D,2022-11-17
Vencido,219073300016,62010,Actividades de programación informática,MERTALY  SA,S/D,Av. Sarmiento 2332,MONTEVIDEO,27123774,cristian@mertaly.com,S/D,2023-07-28
Vencido,211660360010,10710,Elaboración de productos de panadería,HICA LTDA.,HICA LTDA,CNEL RAIZ 2550,MONTEVIDEO,23200556,idelafuente@adinet.com.uy,S/D,2020-05-27
Vencido,210235700010,10711,"Elaboración de pan, productos panificados en forma tradicional",PANADERIA Y CONFITERIA VARADERO III LTDA,VARADERO III,GRAL. FLORES 4567,MONTEVIDEO,22150020,tramites.contaduria@bf.com.uy,S/D,2020-05-27
Vencido,210280990014,25990,Fabricación de otros productos elaborados de metal n.c.p.,ALUCOR S A,ALUCOR SA,NUEVA PALMIRA 1677,MONTEVIDEO,22005131,alucor@adinet.com.uy,S/D,2020-05-27
Vencido,140200510016,33140,Reparación de equipo eléctrico,DA SILVA PAZ WILMAN OROSMAN Y ECHENIQUE BRAVO SILVIA ANAHI,FOCUS,JUANA DE ORIOL 578,RIVERA,46230024,mingalotito386@hotmail.com,S/D,2021-11-03
Vencido,213814460016,10790,Elaboración de otros productos alimenticios,DOMINAL S.A.,AROMACOS,S/D,S/D,S/D,elmo@aromacos.com.uy,www.aromacos.com.uy,2020-05-27
Vencido,217684230019,46632,Comercio al por mayor de materiales de construcción,RUNBISOL S.A.,S/D,PARAGUAY 1380,MONTEVIDEO,29093331,jnorman@runbisol.com.uy,www.runbisol.com.uy,2020-05-27
Vencido,217558960011,62020,Actividades de consultoría informática y actividades de administración de medios informáticos,GARCIA MARICHAL MAXIMILIANO Y MARICHAL VANOLI ADRIANA YANET,S/D,FRANCISCO RODRIGO 2975,MONTEVIDEO,091201889,maximilianogarcia6@gmail.com,S/D,2020-05-27
Vencido,213970720011,58110,Publicación de libros,INFORMEDICA S R L,INFORMEDICA,FELICIANO RODRIGUEZ 2651,MONTEVIDEO,27091533,ppetrides@farmanuario.com,FARMANUARIO.COM,2022-12-14
Vencido,215937420019,10501,Elaboración de productos lácteos en general,DAIRY PARTNERS URUGUAY SOCIEDAD ANONIMA,S/D,S/D,S/D,S/D,marcelo.fernandez@schreiberfoods.com,S/D,2020-05-27
Vencido,211534290017,14101,"Fabricación de prendas de vestir exteriores, excepto prendas de piel",FABRICA ITALBA S.R.L.,FABRICA ITALBA S R L,LARRAVIDE 2530,MONTEVIDEO,25082618,italba@italba.com.uy,www.italba.com.uy/,2022-11-18
Vencido,217232450010,73100,Publicidad,CARGANET S.A.,Carganet,Bonavita Luis 1296,MONTEVIDEO,095413504,info@lta.com.uy,S/D,2022-12-09
Vencido,215454780010,23960,"Corte, tallado y acabado de la piedra",DE MARCO FERNANDEZ LUIS MARCELO,MARMOLERIA DE MARCO,Camino Maldonado 5807,MONTEVIDEO,25149418,marmoleriademarco@hotmail.com,S/D,2021-03-02
Vencido,020218060011,15200,Fabricación de calzado,COOPERATIVA DE TRABAJO MANUAL (COO.TRA.MA),COOPERATIVA DE TRABAJO MANUAL (COO.TRA.MA.),RIVERA 195,CANELONES,43347440,sin@dato.com,S/D,2020-05-27
Vencido,215293580015,22209,Fabricación de otros productos de plástico n.c.p.,BADINER SOCIEDAD ANONIMA,BADINER SOCIEDAD ANONIMA,ROCHA 2222,MONTEVIDEO,22002712,badiner@adinet.com.uy,S/D,2023-08-22
Vencido,218611900012,71103,Servicios de ingeniería,DELPRATO LAMAS JUAN PABLO,S/D,CAPRI 2279,MONTEVIDEO,091334570,mn.burghi@moove-it.com,S/D,2022-06-14
Vencido,218675830015,22203,Fabricación de productos de plástico moldeado,GONZALEZ SEMPERENA IGNACIO BRUNO,IGNACIO GONZALEZ,Orestes Baroffio 3111,MONTEVIDEO,098695007,nachobrun1984@gmail.com,S/D,2021-04-22
Vencido,150140610017,18120,Servicios relacionados con la impresión,CEBALLOS SANCHEZ ANIBAL TOMAS,Impresora San Miguel,Lavalleja 235,ROCHA,44728177,imsami6@hotmail.com,S/D,2021-07-29
Vencido,210191740012,10739,Elaboración de cacao (excepto para producir chocolate) y confites,INFUSIONES SA,MONTESOL,MORELOS JOSE MARIA 11009,CANELONES,23200806,cbattilana@montesol.com.uy,www.montesol.com.uy,2024-09-12
Vencido,213380460011,46202,"Comercio al por mayor de granos, semillas y frutas oleaginosas",BATUNOR SOCIEDAD ANONIMA,BATUNOR S.A.,S/D,LAVALLEJA,44424706,estudio@assandri.com,S/D,2020-05-27
Vencido,050114000014,62020,Actividades de consultoría informática y actividades de administración de medios informáticos,NICHE AGUERO JAVIER AVELINO,EFFECTIVE SOLUTIONS,"Leandro Gomez, Gral. 728",DURAZNO,43626628,info@effective.com.uy,https://effective.uy,2022-09-05
Vencido,215085410013,20230,"Fabricación de jabones y detergentes, preparados para limpiar y pulir, perfumes y artículos de tocador",LIRABEL SOCIEDAD ANONIMA,MAYLOS  CIA.,S/D,S/D,S/D,maylos@adinet.com.uy,www.maylos.com.uy,2020-05-27
Vencido,212368790017,96090,Otras actividades de servicios,INSTALACIONES INDUSTRIALES LIMITADA,S/D,Sin Dato 0,MONTEVIDEO,S/D,natalia@estudiocfreire.com.uy,S/D,2020-05-27
Vencido,212572760015,18110,Actividades de impresión,INDUSTRIA DE FORMULARIOS CONTINUOS R H INZAURRALDE,R H INZAURRALDE,"MARTINEZ, DR. MARTIN C. 2818",MONTEVIDEO,22001091,ventas@inzaurralde.com.uy,S/D,2020-05-27
Vencido,120145730019,25921,Talleres de tornería,LOZA FIRPO ALVARO JAVIER,M&S - Mecanizados y Servicios,BOLIVAR 2160,PAYSANDÚ,099762818,alvaroloza525@hotmail.com,S/D,2022-04-20
Vencido,212983410018,22202,Fabricación de laminados planos y tubulares de materiales plásticos,PACIFIL S A,Pacifil S.A.,CNO DEL JEFE 2520,MONTEVIDEO,23123106,gportal@pacifil.com,www.pacifil.com,2020-05-27
Vencido,216659620013,33200,Instalación de maquinaria y equipo industrial,TIBAMEN SOCIEDAD ANONIMA,Tibamen,S/D,LAVALLEJA,44433783,danieltuy@yahoo.es,S/D,2020-05-27
Vencido,040274610018,47733,Comercio al por menor de carbón y leña,ISNARDI RUSCH PABLO ENRIQUE,S/D,Padron 4294,RÍO NEGRO,098359808,guinovartsantiago@hotmail.com,S/D,2021-09-22
Vencido,120324330015,16102,"Aserrado, cepillado y trabajo a máquina de la madera.",ECOASE S.R.L.,ECOASE S.R.L,AVENIDA SAN MARTIN 2620,PAYSANDÚ,47250712,ecoase@hotmail.com,S/D,2022-06-22
Vencido,216186150015,62020,Actividades de consultoría informática y actividades de administración de medios informáticos,ALENET SA,Nettra,Michigan 1376,MONTEVIDEO,094461111,dperciante@nettra.tech,nettra.tech,2024-09-03
Vencido,120158480016,18110,Actividades de impresión,MEDINA DELGADO FELIPE NATANAEL,Continuos Life,VIZCONDE DE MAUA 1153,PAYSANDÚ,47233559,contlife@adinet.com.uy,S/D,2020-05-27
Vencido,080126110016,14100,"Fabricación de prendas de vestir, excepto prendas de piel",LEAL BORGES MODESTO,MANIFED,"ROSE, MANUEL 9612",CANELONES,23643031,manifed@hotmail.com,S/D,2020-05-27
Vencido,210828660018,10710,Elaboración de productos de panadería,PANADERIA LA ELEGANCIA S R L,PANADERIA LA ELEGANCIA SRL,"GARIBALDI, GRAL. 2182",MONTEVIDEO,22035125,panaderialaelegancia@adinet.com.uy,S/D,2020-05-27
Vencido,219528700018,62010,Actividades de programación informática,NCLC TECH SOLUTIONS SAS,NCLC TECH SOLUTIONS SAS,VEINTIUNO DE SETIEMBRE 2682,MONTEVIDEO,099495099,mcacciamascolo@gmail.com,S/D,2023-10-12
Vencido,218260960018,62010,Actividades de programación informática,QUINTANA ZAMBRANO SERGIO ARTURO,S/D,SORIANO 819,MONTEVIDEO,091886347,ops@akipotel.com,S/D,2020-05-27
Vencido,217830580015,56109,"Otros servicios de comida n.c.p. (carros móviles de suministro de comidas, etc.)",BUENO D AMICO GUSTAVO DANIEL,Rincon Costero,Republica de Mexico 5952,MONTEVIDEO,099280027,zorrobueno963@hotmail.com,S/D,1900-01-01
Vencido,216120580011,62010,Actividades de programación informática,LAPACHIAN ALABACHIAN ANDRES,S/D,ITALIA 6201,MONTEVIDEO,099892090,lapachian@gmail.com,S/D,2020-05-27
Vencido,040139540015,10500,Elaboración de productos lácteos,GRANJA LA MAGNOLIA S.A.,GRANJA LA MAGNOLIA SA,"ORIBE, BRIG. GRAL. MANUEL 0",COLONIA,45502078,lamagnolia@adinet.com.uy,granjalamagnolia.com,2020-05-27
Vencido,190033920011,33140,Reparación de equipo eléctrico,RUBIDO GARCIA OSCAR GERARDO,BTU Refrigeración y Aire Acondicionado,AVENIDA PRESIDENTE JORGE BATLLE 0911,TACUAREMBÓ,46327544,redes@adinet.com.uy,S/D,2020-10-14
Vencido,215250410010,58130,"Publicación de periódicos, diarios y revistas",LA DIARIA S.A,LA DIARIA,TREINTA Y TRES 1479,MONTEVIDEO,29000808,finanzas@ladiaria.com.uy,S/D,2023-06-13
Vencido,190230770012,25110,Fabricación de productos metálicos para uso estructural,PARINS Y CHAGAS SRL,SERVI MAX,S/D,S/D,S/D,redes@adinet.com.uy,S/D,2020-08-31
Vencido,210138050015,25990,Fabricación de otros productos elaborados de metal n.c.p.,METALSUR S A,METALSUR SA,"DE PALLEJA, GRAL. LEON 2623",MONTEVIDEO,22036820,metalsururuguay@gmail.com,S/D,2020-05-27
Vencido,212169580012,24100,Industrias básicas de hierro y acero,CINCO ESTRELLAS S R L,CINCO ESTRELLAS SRL,CIPRIANO MIRO 2893,MONTEVIDEO,25088733,gestcorb@vera.com.uy,S/D,2020-05-27
Vencido,100013590010,10711,"Elaboración de pan, productos panificados en forma tradicional",PANIFICADORA LA 2 LIMITADA,pacificadora la 2,FRANCISCO SALAZAR Y VAZ FERREIRA 761,MALDONADO,42480032,administracion@panificadorala2.com.uy,S/D,2020-05-27
Vencido,217619280015,62010,Actividades de programación informática,BRODEVO S.R.L,Brodevo,AV italia 6201,MONTEVIDEO,26031703,info@brodevo.com,www.brodevo.com,2022-12-09
Vencido,210907720013,10710,Elaboración de productos de panadería,LA EMBAJADORA S R L,LA EMBAJADORA,LUIS P. PONCE 1480,MONTEVIDEO,27085416,laembajadora@montevideo.com.uy,S/D,2020-05-27
Vencido,217659640012,62010,Actividades de programación informática,GUERRA MAGARIÑOS GONZALO,Gonzalo Guerra Magari¤os,RO BRANCO 1407,MONTEVIDEO,097172777,gonza.rnr@gmail.com,S/D,2020-05-27
Vencido,040098720014,10300,Procesamiento y conservación de frutas y vegetales,LOS NIETITOS SOCIEDAD ANONIMA,LOS NIETITOS S.A.,"QUEVEDO, JUAN 521",COLONIA,45588744,oficinacomercial@losnietitos.com.uy,www.losnietitos.com.uy/,2020-05-27
Vencido,211537070018,10712,Elaboración de productos de confitería,CAFUMA S A,CAFUMA S A,S/D,S/D,S/D,confiteria@lasgaviotas.com,S/D,2022-10-07
Vencido,212297950017,10200,"Procesamiento y conservación de pescados, crustáceos y moluscos",NOVABARCA SOCIEDAD ANONIMA,NOVABARCA S.A.,S/D,S/D,S/D,mfajardo@novabarca.com.uy,S/D,2020-05-27
Vencido,216213680016,71103,Servicios de ingeniería,RIDUN S.A.,INTEKA,La cumparsita 1373,MONTEVIDEO,29004012,gabriel.martinez@inteka.com.uy,www.inteka.com.uy,2022-10-19
Vencido,020060530019,11020,Elaboración de vinos,IVO BAIONI E HIJOS LTDA,IVO BAIONI E HIJOS LTDA,S/D,CANELONES,099335063,bodegabaioni@adinet.com.uy,S/D,2020-05-27
Vencido,218931030019,62010,Actividades de programación informática,OPTYUM SOCIEDAD ANONIMA,OPTYUM,Paraguay 2141,MONTEVIDEO,27104430,mianzor@shopylinker.com,https://shopylinker.com/,2023-01-13
Vencido,212426450015,33200,Instalación de maquinaria y equipo industrial,ENRIQUE DE POI S R L,Enrique De Poi SRL,AVDA GRAL RIVERA 3677,MONTEVIDEO,26225648,estudiotolosa@adinet.com.uy,S/D,2020-05-27
Vencido,216099080019,25992,Fabricación de artículos de metal para uso doméstico,OBRICEL S.A.,S/D,VILLADEMOROS 2409,MONTEVIDEO,29022981,mcarral@adinet.com.uy,S/D,2020-05-27
Vencido,213559480010,25990,Fabricación de otros productos elaborados de metal n.c.p.,MOELI S A,MOSCATELLI Y GIL,CONSULADO 3258,MONTEVIDEO,22032280,moeli@adinet.com.uy,www.moscatelliygil.com.uy/,2020-05-27
Vigente,215291240012,10501,Elaboración de productos lácteos en general,ARTISOX SOCIEDAD ANONIMA,ARTISOX SA,S/D,S/D,094363757,luisgallotti@gmail.com,S/D,2026-05-28
Vencido,214332870017,95230,Reparación de calzado y artículos de cuero,ALIST S A,S/D,EJIDO 1535,MONTEVIDEO,29006184,calc@adinet.com.uy,S/D,2020-05-27
Vencido,219405230013,62010,Actividades de programación informática,RECIAM SAS,RECIAM,CORTINAS GARCIA 2384,MONTEVIDEO,24070000,info@segalerba.com.uy,S/D,2024-01-05
Vencido,090275000015,16102,"Aserrado, cepillado y trabajo a máquina de la madera.",ROJAS RODRIGUEZ OSCAR JAVIER,S/D,RUTA 7 01,DURAZNO,099895454,javiro1987@hotmail.com,S/D,2021-03-12
Vencido,212612270013,46301,"Comercio al por mayor de comestibles, excepto carnes.",FERAL SOCIEDAD ANONIMA,S/D,Susana Pintos 2705,MONTEVIDEO,25120272,ventas@feral.com.uy,S/D,2020-08-07
Vencido,214798290016,10710,Elaboración de productos de panadería,GIACOFRAN S R L,S/D,S/D,S/D,S/D,estuciocrgarin@hotmail.com,S/D,2020-05-27
Vencido,210373480016,10710,Elaboración de productos de panadería,DE LA AGUADA S.A.,DE LA AGUADA SA,"GALLINAL, GUSTAVO 1722",MONTEVIDEO,22005756,delaaguada@hotmail.com,S/D,2020-05-27
Vencido,210261730010,22200,Fabricación de productos de plástico,PLASTICOS GEPAX S A,PLASTICOS GEPAX SA,"LAVALLEJA, BRIG. GRAL. JUAN ANTONIO 7475",MONTEVIDEO,25113555,sin@datos.nop,S/D,2020-05-27
Vencido,180229530014,10711,"Elaboración de pan, productos panificados en forma tradicional",CABRERA SHKURTI LAUREANO MANUEL,DON PAN,Jose Artigas sin numero,SORIANO,098173853,ods@egc.com.uy,S/D,2024-04-29
Vencido,020291590017,22209,Fabricación de otros productos de plástico n.c.p.,FIORDO BLANCO SRL,Fiordo,"Ruta 11 nueva Km 84,3",CANELONES,094032277,jcouste@gmail.com,S/D,2022-08-30
Vencido,170175580011,25110,Fabricación de productos metálicos para uso estructural,GARCIA MARQUEZ WILLIAM HUGO,la colmena,CAMINO PASO CUFRE 0,SAN JOSÉ,099046739,estudioecilda1@gmail.com,S/D,2021-02-19
Vencido,100134960013,25110,Fabricación de productos metálicos para uso estructural,GUERRA CANOBRA RAMON E,AluminioG,CRISANTEMOS 5,MALDONADO,099416397,aluminiog@gmail.com,www.aluminiog.com,1900-01-01
Vencido,180224240018,25921,Talleres de tornería,CRUZ PEÑA VICTORIO JOSE,CRUZ PEÑA VICTORIO JOSE,DR. DALMIRO PEREZ  2102,SORIANO,099244953,V.CRUZ311985@GMAIL.COM,S/D,2022-01-26
Vencido,213039810016,62010,Actividades de programación informática,NEVELAND S.A.,Systems and Developments,COLONIA 810,MONTEVIDEO,29084854,administracion@syd.com.uy,www.syd.com.uy,2023-12-04
Vigente,215762660016,10799,Elaboración de otros productos alimenticios n.c.p.,POMBO MARICHAL CARLOS HENRY,Acuaria Catering,Haiti 1500,S/D,094311896,acuariacateringeventos@hotmail.com,S/D,2026-06-09
Vencido,216376760019,23960,"Corte, tallado y acabado de la piedra",ERANOVA SA,LAVIERE VITACCA,S/D,S/D,S/D,gastonrdea@algortayregent.com,www.lavierevitaca.com,2020-08-28
Vencido,210149910010,28130,"Fabricación de bombas, compresores, grifos y válvulas",ACERENZA S A,ACERENZA S.A.,CORUÂÑA 3021,MONTEVIDEO,S/D,sin@datos.nop,www.acerenza.com.uy,2020-05-27
Vencido,218639200015,62010,Actividades de programación informática,DEVIANE INTERNATIONAL S.A.S.,S/D,MAR ARABIGO 1,CANELONES,099333239,JAKU.NICO@GMAIL.COM,S/D,2022-12-12
Vencido,213072840018,14101,"Fabricación de prendas de vestir exteriores, excepto prendas de piel",MAWI SRL,MAWI SRL,JUAN PAULLIER 2001,MONTEVIDEO,24014475,mawisrl@hotmail.com,S/D,2020-05-27
Vencido,219350810013,62010,Actividades de programación informática,NEYELOFF DEVELOPMENT SAS,S/D,BELTRAN DR WASHINGTON 1821,MONTEVIDEO,29159979,NOTIFICACIONES@RB.UY,S/D,2023-10-26
Vencido,219085060015,62010,Actividades de programación informática,MATEO MENESTRINA SAS,S/D,Inocencio Raffo Arrosa 941,MONTEVIDEO,094826988,mateo.menestrina@gmail.com,S/D,2022-12-09
Vencido,219039590015,62090,Otras actividades de tecnología de información y servicio de computadoras,JAUDER S.A.,S/D,Dr. hector miranda 2361,MONTEVIDEO,27110940,info@csconsultores.com.uy,S/D,2023-02-07
Vencido,215550430017,31001,Fabricación de muebles de madera,E.A ESTILO S.R.L,Carpinteria E A Estilo,MATILDE PACHECO 4038,MONTEVIDEO,22222482,estudiocontableafv@montevideo.com.uy,S/D,2020-05-27
Vencido,210231210019,25999,Fabricación de otros productos de metal n.c.p.,TALLERES ARTIGAS SOCIEDAD ANONIMA,TALLERES ARTIGAS,JUAN JACOBO ROUSSEAU 4533,MONTEVIDEO,25063371,talleresartigas@adinet.com.uy,S/D,2023-12-05
Vencido,216986760012,31001,Fabricación de muebles de madera,FRANCO RIZOTTO CARLOS ALBERTO,S/D,LUISA DOMINGUEZ 1633,MONTEVIDEO,099194956,elisamaqueira@hotmail.com,S/D,2020-05-27
Vencido,100764990019,10712,Elaboración de productos de confitería,ZUNINO NICOLAS EZEQUIEL,ZUNINO PATISSERIE,BUDAPEST 1,MALDONADO,42499813,zuninopatisserie@gmail.com,www.zuninopatisserie.com,2021-04-05
Vencido,218874700014,62010,Actividades de programación informática,ARRAKASTA S.A.S,S/D,18 de Julio 1296,MONTEVIDEO,29030797,fpaez@mitraconsultores.uy,S/D,2022-12-28
Vencido,180100970014,96090,Otras actividades de servicios,SILVA SILVA JOSE PABLO,SILVA SILVA JOSE PABLO,LAVALLEJA 280,SORIANO,45327808,mecanicasilvamercedes@hotmail.com,S/D,2020-05-27
Vencido,218432120012,62010,Actividades de programación informática,FERREYRO FERNANDEZ CAROLINA,S/D,AV. GRAL. RIVERA 2729,MONTEVIDEO,095391649,ops@akipotel.com,S/D,2020-05-27
Vencido,100787330015,13119,"Otras preparaciones e hilandería de fibras textiles, excepto tops",COOPERATIVA DE TRABAJO EGAÑA-RODO COTER,COTER,JOSÉ E RODÓ 000,SORIANO,45382053,carriquiryyasociados@gmail.com,S/D,2022-04-29
Vencido,213815700010,32500,Fabricación de instrumentos y suministros médicos y dentales,RODENSTOCK URUGUAY SOCIEDAD ANONIMA,RODENSTOCK URUGUAY SA,"LANZA, DR. AQUILES R. 1233",MONTEVIDEO,29009969,myv@rodenstock.com.uy,www.rodenstock.com.uy,2020-05-27
Vencido,217037310019,32500,Fabricación de instrumentos y suministros médicos y dentales,ISABELLA LUZ SEBASTIAN ARIEL,Sebastian Isabella,Tomas Gomez 3610,MONTEVIDEO,24805451,mariahenderson1@hotmail.com,S/D,2021-03-10
Vencido,211555110018,22200,Fabricación de productos de plástico,MIYATI SOCIEDAD ANONIMA,PLASTICOS DEL SUR,CORUMBE 4072,MONTEVIDEO,22162045,plasticosdelsur@adinet.com.uy,S/D,2020-05-27
Vencido,213803040010,16100,Aserrado y acepilladura de madera,RIMILAR S A,RIMILAR SA,PASO CALPINO 4200,MONTEVIDEO,29005866,ecenter@montevideo.com.uy,S/D,2020-05-27
Vencido,211709440012,62010,Actividades de programación informática,SAICO SISTEMAS S.R.L.,SAICO SISTEMAS,CANELONES 1349,MONTEVIDEO,29087277,info@saico.com.uy,www.saico.com.uy,2023-01-09
Vencido,213197740019,22203,Fabricación de productos de plástico moldeado,LODIRAN S A,LODIRAN S A,BOISO LANZA CNO 4678,MONTEVIDEO,097345175,vscavino.fernandopombo@gmail.com,S/D,2023-08-24
Vencido,211832960010,14101,"Fabricación de prendas de vestir exteriores, excepto prendas de piel",DOMINGUEZ RAMA RAQUEL ROCIO Y RAMOS CELIBERTI TABARE HECTOR,PODIUM,S/D,S/D,S/D,podiumindumentariadeportiva@hotmail.com,www.podium.com.uy,2020-05-27
Vencido,217924890018,62010,Actividades de programación informática,ARRECHE RAGGIOTTO MARIA VERONICA,S/D,L.A. DE HERRERA 3270,MONTEVIDEO,29147980,tramites@hana.uy,S/D,2020-05-27
Vencido,212633550015,62010,Actividades de programación informática,APRAFUL SOFTWARE LIMITADA,APRAFUL,CONSTITUYENTE 1467,MONTEVIDEO,24026675,info@apraful.com.uy,www.apraful.com.uy,2020-05-27
Vencido,217446730014,25110,Fabricación de productos metálicos para uso estructural,LINEAL ALUMINIO SRL,S/D,Alejandro Gallinal 1969,MONTEVIDEO,26199311,administracion@lineal.com.uy,www.lineal.com.uy,2021-03-17
Vencido,215420530011,23920,Fabricación de materiales de arcilla para la construcción,TICHOLOS TERRACOTTA SA,TICHOLOS TERRACOTTA SA,"BURGUEÑO MIGUEL, DOMINGO 0",MALDONADO,42663382,ticholosterracottas.a@hotmail.com,S/D,2020-05-27
Vencido,219527070010,62010,Actividades de programación informática,ALMATOM SAS,S/D,José M. Montero 2840 apto 101,MONTEVIDEO,098236490,montserrat.lopez.pizzichillo@gmail.com,S/D,2023-10-12
Vencido,090220100018,10711,"Elaboración de pan, productos panificados en forma tradicional",HERNANDEZ RIJO NESTOR DANILO,S/D,RAFAEL PEREZ DEL PUERTO 791,LAVALLEJA,44431331,estudiopg@adinet.com.uy,S/D,2022-09-08
Vencido,040547300017,62010,Actividades de programación informática,FCHT SAS,S/D,Jose Enrique Rodo 2273,MONTEVIDEO,099883635,fiorellacht@gmail.com,S/D,2023-01-18
Vencido,130196630019,25921,Talleres de tornería,DROMO CONSTRUCCIONES S.A.S.,DROMO CONSTRUCCIONES,Arizti 3186,RÍO NEGRO,098293695,info@dromo.uy,S/D,2021-12-06
Vencido,180082950010,10710,Elaboración de productos de panadería,MARSHALL Y CIA LTDA.,PANADERIA EL SOL,RIVERA 101,SORIANO,45369317,willysferraro@hotmail.com,S/D,2020-05-27
Vencido,120399590014,62010,Actividades de programación informática,MELPSOFT LTDA,S/D,Juncal 1380,PAYSANDÚ,098973512,matiascaporale9@gmail.com,S/D,2023-01-13
Vencido,212059260013,18110,Actividades de impresión,SANFER S R L,SANFER SRL,"ARAMBURU, DOMINGO 1509",MONTEVIDEO,22083476,ventas@sanfersrl.com,S/D,2020-05-27
Vencido,218169730013,62010,Actividades de programación informática,MANDIROLA ULRICH MARCELO PABLO,MANDIROLA ULRICH MARCELO PABLO,VILARDEBO 2024,MONTEVIDEO,098391899,gerente@akipotel.com,S/D,2020-05-27
Vencido,217369630014,20231,"Fabricación de jabones, detergentes y preparados de limpieza",ANTELO BARRIOS JUAN JOSE,JUAN JOSE ANTELO BARRIOS,FELIX LABORDE 2499,MONTEVIDEO,25080303,jjantelob@hotmail.com,S/D,2021-03-12
Vencido,210253570018,22203,Fabricación de productos de plástico moldeado,FERROCO S A,FERROCO SA,"VIANA, GOBERNADOR 2272",MONTEVIDEO,25074863,ferroco@adinet.com.uy,www.ferroco.com.uy,2023-08-21
Vencido,210758170017,18119,"Otras actividades de impresión, grabación y reproducción, excepto serigrafía sobre textiles",TEAMAR SOCIEDAD ANONIMA,EVENTOS Y PROMOCIONES,FELICIANO RODRIGUEZ 2869,MONTEVIDEO,24015200,administracion@eventosypromociones.com.uy,www.eventosypromociones.com.uy,2023-01-11
Vencido,218275800011,62010,Actividades de programación informática,MUÑOZ MOSQUEDA GUSTAVO ERNESTO,S/D,JOAQUIN NUÂÑEZ 2767,MONTEVIDEO,092920662,ops@akipotel.com,S/D,2021-05-10
Vencido,218414050016,62020,Actividades de consultoría informática y actividades de administración de medios informáticos,WERONIT S.R.L.,WERONIT SRL,JUAN CARLOS GOMEZ 1348,MONTEVIDEO,29168445,viviana@emv.com.uy,S/D,2023-05-16
Vencido,214658810017,56301,Bares de expendio de bebidas,MENGOT MASSA FERNANDO MIGUEL,S/D,AV REQUENA Y GARCIA 0,MONTEVIDEO,095235309,agonzalez@cambadu.com.uy,S/D,2020-05-27
Vencido,040464040018,25110,Fabricación de productos metálicos para uso estructural,SANGUINETTI NUÑEZ PABLO DANIEL,Metalurgica Sanguinetti,Daniel Manuel Dalmas 2194,COLONIA,45742594,metalurgicasanguinetti@hotmail.com,S/D,2023-08-07
Vencido,214002370010,20230,"Fabricación de jabones y detergentes, preparados para limpiar y pulir, perfumes y artículos de tocador",SETARIL SOCIEDAD ANONIMA,SETARIL SA,"SARAVIA, APARICIO 1725",MONTEVIDEO,25134309,setaril@adinet.com.uy,www.setaril.com.uy,2020-05-27
Vencido,210205900011,18119,"Otras actividades de impresión, grabación y reproducción, excepto serigrafía sobre textiles",TALLERES GRAFICOS BOUZOUT S A,TALLERES GRAFICOS BOUZOUT SA,CERRITO 170,MONTEVIDEO,29170600,administracion@bouzout.com.uy,www.bouzout.com,2020-05-27
Vencido,080157120013,74909,"Otras actividades profesionales, científicas y técnicas no incluidas en las clases anteriores",GOMEZ MEDINA CLARISA,S/D,ELIAS REGULES 18979,CANELONES,099293390,clarisa3delsur@gmail.com,www.tresdelsur.com.uy,2022-09-02
Vencido,040400370017,62020,Actividades de consultoría informática y actividades de administración de medios informáticos,PARK PLACE TECHNOLOGIES URUGUAY S.R.L,PARK PLACE TECHNOLOGIES URUGUAY S.R.L,Paraguay 2141,MONTEVIDEO,29151252,accountspayableuruguay@parkplacetech.com,S/D,2022-12-09
Vencido,213533800018,25110,Fabricación de productos metálicos para uso estructural,PJ LTDA,PJ LTDA,"GIRALT, PEDRO 4285",MONTEVIDEO,23077165,pjlimitada@adinet.com.uy,S/D,2020-05-27
Vencido,218423670013,23950,"Fabricación de artículos de hormigón, de cemento y de yeso",CIELO BENNETT SOCIEDAD DE RESPONSABILIDAD LIMITADA,CIELO BENNET,MARTIN GARCIA 2367,MONTEVIDEO,098868898,placascielo@gmail.com,www.cielobennett.com,2021-03-04
Vencido,110430820015,62010,Actividades de programación informática,DINNPRO SRL,Dinnpro,Camino de los Hormigueros 3203,MONTEVIDEO,098900783,juan.perciante@dinnpro.com,dinnpro.com,2022-12-12
Vencido,180042410015,10500,Elaboración de productos lácteos,LORENZI MARRONI GUSTAVO ADOLFO,LORENZI MARRONI GUSTAVO ADOLFO,"LAVALLEJA, BRIG. GRAL. JUAN ANTONIO 478",SORIANO,45323487,sin@datos.nop,S/D,2020-05-27
Vencido,210155960016,25990,Fabricación de otros productos elaborados de metal n.c.p.,ELABORADORA DE METALES S A,ELABORADORA DE METALES SA,"SAMBUCETTI, LUIS 2675",MONTEVIDEO,24877959,elaboradorademetales@gmail.com,S/D,2020-05-27
Vencido,215157010016,29300,Fabricación de partes y accesorios para motores de vehículos automotores,YAZAKI URUGUAY S A,YAZAKI URUGUAY S.A.,S/D,S/D,S/D,federico.depaula@uy.yazaki.com,www.yazaki.com,2023-07-25
Vencido,218161440016,62010,Actividades de programación informática,GARCIA MELO DANIEL EMILIO,S/D,LIBERTADOR 1876,MONTEVIDEO,092071405,gerente@akipotel.com,S/D,2020-05-27
Vencido,211999510019,25929,"Otro tipo de fabricación, tratamiento y revestimiento de metales",DOCHA LIMITADA,S/D,FRAY BENTOS 4283,MONTEVIDEO,25061203,es486@adinet.com.uy,S/D,2021-02-11
Vencido,211327450019,22190,Fabricación de otros productos de caucho,RODIÑO SA,RODIÑO SA,GALICIA 1358,MONTEVIDEO,29000844,gerencia@rodinosa.com,www.rodinosa.com,2020-05-27
Vencido,217855330012,71103,Servicios de ingeniería,MURACCIOLE VAZQUEZ DIEGO LUIS,S/D,JOAQUIN NUÂÑEZ 2975,MONTEVIDEO,24070000,info@segalerba.com.uy,S/D,2022-11-08
Vencido,217807470012,62010,Actividades de programación informática,SUMINISTROSUY S.R.L.,S/D,INGENIERO EDUARDO GARCÍA DE ZÚÑIGA 2265,MONTEVIDEO,099458755,wrevetria@hotmail.com,S/D,2022-12-08
Vencido,216704910011,62010,Actividades de programación informática,OMNIVALLEY SA,S/D,BVR ESPAÂÑA 2422,MONTEVIDEO,095500050,info@omnivalley.com,S/D,2022-10-26
Vencido,213198520012,25910,"Forja, prensado, estampado y laminado de metales",KELIWAY S.A.,SEIMA,"FERREIRA ALDUNATE, WILSON 1",MALDONADO,44390196,metalurgica@keliway.com.uy,S/D,2022-10-24
Vencido,080188360016,14300,Fabricación de prendas de tejidos de punto y ganchillo,VELEZ PALOMEQUE PAULA LETICIA,S/D,EDUARDO PAZ AGUIRRE 0,CANELONES,23691269,estudiofmartinez@gmail.com,S/D,2020-05-27
Vencido,210304640018,25900,Fabricación de otros productos elaborados de metal,ANODUR S R L,S/D,HONDURAS 3675,MONTEVIDEO,22150130,anodursrl@gmail.com,www.aluminiosanodur.com,2020-05-27
Vencido,020141840018,10711,"Elaboración de pan, productos panificados en forma tradicional",CABRERA MIRIAM GRACIELA,PANADERIA FALERO,AVENIDA BATLLE Y ORDOÑEZ 00,CANELONES,43124482,evidal.alfa@gmail.com,S/D,2022-09-22
Vencido,216844270015,25921,Talleres de tornería,DETOMEC S.R.L.,DETOMEC SRL,JUAN JULIO RAISSIGNIER 2533,MONTEVIDEO,094285518,detomecsrl@hotmail.com,S/D,2020-05-27
Vencido,213875140011,62090,Otras actividades de tecnología de información y servicio de computadoras,NETSUPPORT S R L,NetSupport,8 de Octubre 2339,MONTEVIDEO,24089778,info@netsupport.com.uy,www.netsupport.com.uy,2022-12-08
Vencido,211533550015,35000,"Suministro de electricidad, gas, vapor y aire acondicionado",FRIOTECNICA ANVIC S.R.L.,FRIOTECNICA ANVIC S.R.L.,AV. GRAL. GARIBALDI 2060,MONTEVIDEO,22030404,friotec@adinet.com.uy,S/D,2020-05-27
Vencido,219064630017,62010,Actividades de programación informática,JORGE MERLINO SAS,S/D,Saldanha da Gama 3734,MONTEVIDEO,095216833,contacto@merlino.uy,S/D,2023-03-14
Vencido,211334750014,10711,"Elaboración de pan, productos panificados en forma tradicional",RECUERDO S A,La nueva bizcocheria,LAVALLEJA 148,ROCHA,44723479,estudiorocharocha@gmail.com,S/D,2022-10-27
Vencido,213757270012,18119,"Otras actividades de impresión, grabación y reproducción, excepto serigrafía sobre textiles",IMPRESORA GELLY LTDA,S/D,JACKSON JUAN 1117,MONTEVIDEO,24112176,IMPGELLY@HOTMAIL.COM,S/D,2021-05-12
Vencido,210632840013,31000,Fabricación de muebles,NYR S A,N Y R SA,"BONAPARTE, JOSE 3278",MONTEVIDEO,24860150,nyr@nyr.com.uy,www.nyr.com.uy/,2020-05-27
Vencido,218145680016,62010,Actividades de programación informática,GUEVARA FREIRE DARLING GONZALO,S/D,COMPLEJO EUSKALERRIA 71 4450,MONTEVIDEO,29147980,estudio@hana.uy,S/D,2023-01-10
Vencido,210160810019,21000,"Fabricación de productos farmacéuticos, sustancias químicas medicinales y de productos botánicos.",GALIA S A,GALIA SA,S/D,S/D,S/D,galia@galia.com.uy,www.galia.com.uy,2020-05-27
Vencido,217587080016,62010,Actividades de programación informática,GIOVINE CHARQUERO HORACIO MATIAS,S/D,JUAN CARLOS GOMEZ 1518,MONTEVIDEO,099502255,ops@akipotel.com,S/D,2020-05-27
Vencido,170165670018,47592,Comercio al por menor de muebles y accesorios para el hogar,CLAVIJO GONZALEZ MARTIN VICTOR,S/D,S/D,SAN JOSÉ,43453076,silvia.mecaunt@adinet.com.uy,S/D,2020-05-27
Vencido,214173860012,10300,Procesamiento y conservación de frutas y vegetales,NORIDEL S.A.,NORIDEL S.A.,GARIBALDI 0,SALTO,47329680,estudiorubido@hotmail.com,S/D,2020-05-27
Vencido,217980960018,62010,Actividades de programación informática,CODEMASTER S.R.L.,S/D,RAMBLA DEL PEDRU 1093,MONTEVIDEO,27097049,gap@imasdev.com,codemaster.uy,2022-12-14
Vencido,210246360011,21000,"Fabricación de productos farmacéuticos, sustancias químicas medicinales y de productos botánicos.",LA BUENA ESTRELLA S A,LA BUENA ESTRELLA SA,"Ruta 101 Km 24,5",CANELONES,26839306,secretaria@labuenaestrella.com.uy,www.labuenaestrella.com.uy,2020-08-27
Vencido,214635330019,73100,Publicidad,LUYMONT SA,S/D,CAMINO DEL BONO S/N,CANELONES,23692607,anabella.anfil@gmail.com,S/D,2022-10-26
Vencido,020462690010,58200,Publicación de programas informáticos,EBILLING S.R.L.,eBilling,CASINONI Y CANELONES 2000,MONTEVIDEO,094453452,hugof@movinet.com.uy,S/D,2022-12-08
Vencido,211436370016,28290,Fabricación de otros tipos de maquinaria de uso especial,OLTYR S A,OLTYR S.A.,BATALLA DE LAS PIEDRAS 1031,PAYSANDÚ,47239224,oltyr@adinet.com.uy,www.oltyr.com.uy,2020-05-27
Vencido,211293970015,22119,Recauchutaje y renovación de cubiertas de caucho,AMIRAL S A,Recomer,S/D,S/D,S/D,maurireco@gmail.com,www.recomer.com.uy,2022-11-11
Vencido,216045220017,20231,"Fabricación de jabones, detergentes y preparados de limpieza",SPARTAN DE URUGUAY PRODUCTOS QUIMICOS LTDA.,SPARTAN DE URUGUAY PRODUCTOS QUIMICOS LTDA,"CALLEROS, MANUEL 4927",MONTEVIDEO,25120921,compras@spartanuruguay.com.uy,www.spartanuruguay.com.uy,2021-07-22
Vencido,216240410016,46306,"Comercio al por mayor de carne y menudencias, excepto chacinados, productos de la pesca y de aves y sus productos",BLANEMAR S.A.,BLANEMAR S.A.,S/D,S/D,S/D,maximiliano.martinez.uy@live.com,S/D,2022-12-08
Vencido,217312920013,71103,Servicios de ingeniería,RICON CAIMI MARIA XIMENA,S/D,JOSE L OSORIO 1155,MONTEVIDEO,27066071,INFO@SEGALERBA.COM.UY,S/D,2020-05-27
Vencido,040453050017,33120,Reparación de maquinaria,RIVOIR TORRES EZEQUIEL,Rivoir Torres Ezequiel Tornería Metalúrgica,John F. Kennedy 2669,COLONIA,099214002,rivoirezequiel77@gmail.com,S/D,2022-08-29
Vencido,218076940018,62010,Actividades de programación informática,INCHAUSPE DIAZ MARIA EUGENIA,S/D,PEDRO OLMIDA 2705,MONTEVIDEO,098719335,gerente@akipotel.com,S/D,2020-05-27
Vencido,216249200014,10509,Elaboración de helados,EMILORY SA,EMILORY S.A.,S/D,CANELONES,43133915,ngandolfi@fgconsultores.com.uy,S/D,2020-05-27
Vigente,216665920015,14109,Fabricación de otras prendas de vestir n.c.p. y accesorios,KUÑA PORA LTDA,CASA URBANA UNIFORMES,Chaná 1845,S/D,24021741,admin@casaurbanauniformes.com,https://casaurbanauniformes.com/,2026-04-13
Vencido,218818950019,62010,Actividades de programación informática,Data Group SAS,S/D,18 de julio 841 - apartamento 301 841,MONTEVIDEO,29013428,contacto@censusuy.com,S/D,2022-12-09
Vencido,190171830018,10711,"Elaboración de pan, productos panificados en forma tradicional",JUACAR S.R.L.,S/D,S/D,S/D,S/D,redes@adinet.com.uy,S/D,2020-05-27
Vencido,214863450019,62010,Actividades de programación informática,MURIALDO GARRONE CLAUDIA BEATRIZ,MURIALDO GARRONE CLAUDIA BEATRIZ,Juan Benito Blanco 763,MONTEVIDEO,099695518,cmurialdo@gmail.com,S/D,2022-09-23
Vencido,210178040010,17090,Fabricación de otros artículos del papel y cartón n.c.p.,PAPELERIA GALLI S A,PAPELERIA GALLI S A,ROCHA 2612,MONTEVIDEO,22002310,rita.sande@papeleriagalli.com,www.papeleriagalli.com,2022-11-01
Vencido,216226510017,41000,Construcción de obras de arquitectura,QBO S.A.,Cubo,HAITI 1500,MONTEVIDEO,23138046,crpedrouribe@gmail.com,http://cubo.com.uy/,2022-10-24
Vencido,218877310012,62010,Actividades de programación informática,FATI CONSULTING IT S.A.S.,S/D,BRANDZEN CNEL 1956,MONTEVIDEO,24070000,info@segalerba.com.uy,S/D,2023-03-28
Vencido,211798060016,25110,Fabricación de productos metálicos para uso estructural,L HERMETIQUE LTDA,L HERMETIQUE,ITALIA 3910,MONTEVIDEO,25083334,lhermetique@lhermetique.com,www.lhermetique.com/,2020-05-27
Vencido,210223730017,60200,Programación y actividades de transmisión de televisión.,SOCIEDAD TELEVISORA LARRAÑAGA S A,TELEDOCE - CANAL 12,ENRIQUETA COMPTE Y RIQUE 1276,MONTEVIDEO,22083363,gerencia@teledoce.com,www.teledoce.com,2021-05-13
Vencido,218234080014,62020,Actividades de consultoría informática y actividades de administración de medios informáticos,ABM INGENIERIA Y SISTEMAS S.R.L.,ABM INGENIERÍA Y SISTEMAS S.R.L.,Comodoro Coe 3660,MONTEVIDEO,094889251,alfrarnaud@gmail.com,S/D,2024-08-28
Vencido,215281710016,10710,Elaboración de productos de panadería,MARIA DEL ROSARIO Y MARIA DEL CARMEN GUTIERREZ BUENO S.R.L.,ROCHELLE,CARLOS MARIA RAMIREZ 1102,MONTEVIDEO,23071300,federico_asuncion@hotmail.com,S/D,2020-05-27
Vencido,213224550017,26200,Fabricación de computadoras y equipo periférico,TELEDATA SOCIEDAD ANONIMA,TELEDATA SA,CANELONES 2101,MONTEVIDEO,24013864,atencionalcliente@teledata.com.uy,www.teledata.com.uy,2020-05-27
Vencido,214800780011,25939,"Fabricación de artículos de cuchillería, herramientas de mano y artículos de ferretería",N Y G LTDA,F brica Nacional de Cuchillos,EUGENIO GARZÓN 630,MONTEVIDEO,23098924,info@cuchillosdeluruguay.com.uy,www.cuchillosdeluruguay.com.uy,2020-05-27
Vencido,160135710014,33200,Instalación de maquinaria y equipo industrial,BULDAIN VAQUETT MIGUEL ULBINO Y GAZZAVE FERREIRA NAHIR ESTHER,REFRIGERACION BULDAIN,S/D,S/D,S/D,gbourdin@adinet.com.uy,S/D,2020-05-27
Vencido,020130550013,25900,Fabricación de otros productos elaborados de metal,DAMIAN IGLESIAS WALTER DANIEL,METALURGICA DAMIAN,S/D,CANELONES,43324764,silferrari@adinet.com.uy,S/D,2020-05-27
Vencido,212482430016,22200,Fabricación de productos de plástico,POLYBAG LTDA,POLYBAG LTDA,MENDEZ 2381,MONTEVIDEO,23135151,info@polybag.com.uy,www.polybag.com.uy/,2020-05-27
Vencido,216225850019,25929,"Otro tipo de fabricación, tratamiento y revestimiento de metales",POLDECOR SOCIEDAD ANONIMA,POLDECOR SA,"HORNOS, GENERAL 5011",MONTEVIDEO,23082948,poldecor.sa@gmail.com,S/D,2020-08-07
Vencido,212917290018,73200,Investigación de mercados y encuestas de opinión públicas,MADYTEL S.A.,TELEMEDIOS,javier de viana 1018,MONTEVIDEO,24132543,telemedios@telemedios.com,wwww.telemedios.com,2021-05-19
Vencido,214730440012,17020,Fabricación del papel y cartón ondulado y de envases de papel y cartón,BOLMARCK SOCIEDAD DE RESPONSABILIDAD LIMITADA,BOLMARCK SRL,ESPUELITAS 4769,MONTEVIDEO,26192166,sin@datos.nop,S/D,2020-05-27
Vencido,150379660019,85500,Servicios de apoyo educativo,CABRERA ALVAREZ ANNA CAROLINA,Anna Carolina - Gestión + Desarrollo,de Julio 1340 18,RÍO NEGRO,099367006,annacarolina.gestion@gmail.com,@annacarolina.gestion,2022-10-04
Vencido,215551150018,10712,Elaboración de productos de confitería,BENAVENTE ANDRIOLI LAURA,@DULZURA,DR. JOAQUIN REQUENA 2308,MONTEVIDEO,22096894,contadora.misuraca@gmail.com,S/D,2020-05-27
Vencido,216880910010,62010,Actividades de programación informática,NODOTRES SRL,NODOTRES,CALDAS 1578,MONTEVIDEO,096176264,andres.calisiotti@nodotres.com.uy,nodotres.com.uy,2022-12-12
Vencido,217247010011,62010,Actividades de programación informática,NOVIREY S.A.,NOVIREY,RUTA 8 Km.: 17500.0 Obs.: EDIFICIO BETA 002 17500,MONTEVIDEO,099240517,carolkunda@hotmail.com,S/D,2022-12-08
Vencido,180291270012,62090,Otras actividades de tecnología de información y servicio de computadoras,OKARATECH LTDA,S/D,Av ITALIA 6201,MONTEVIDEO,093381318,leonardocristalli@okaratech.com,S/D,2022-12-08
Vencido,216753930012,62010,Actividades de programación informática,MotionSoft Consulting SRL,MotionSoft,Canelones 1367,MONTEVIDEO,099699473,contacto@motionsoft.com.uy,www.motionsoft.uy,2022-12-14
Vencido,217782630011,62010,Actividades de programación informática,JAIME DOS SANTOS JULIO CAMILO,S/D,EUSEBIO VIDAL 3285,MONTEVIDEO,097103662,ops@akipotel.com,S/D,2020-05-27
Vencido,110064620011,11020,Elaboración de vinos,ROSIFIOR LTDA,Bodegas De Maio,LAVALLEJA 0,CANELONES,22884105,uzinola@adinet.com.uy,http://www.bodegasdemaio.com.uy/,2020-05-27
Vencido,216589740015,45101,Importadores de vehículos automotores: comercio al por mayor de vehículos automotores,CAMUR S.A.,CAMUR S.A.,S/D,S/D,S/D,rodolfo.medeiros@bmwuruguay.com,www.camur.com.uy,2020-05-27
Vencido,210414150015,32909,Otras industrias manufactureras n.c.p.,CRAPUCHETTI BRUNETTO JUAN PEDRO,CRAPUCHETTI BRUNETTO JUAN PEDRO,ISLA DE GASPAR 2321,MONTEVIDEO,25087574,juancrap@hotmail.com,www.crapuchetti.com,2020-05-27
Vencido,040543050016,62020,Actividades de consultoría informática y actividades de administración de medios informáticos,SPCTECH S.A.S.,S/D,jose ellauri 967bis,MONTEVIDEO,099381058,sebapec@gmail.com,S/D,2022-12-14
Vencido,217380510011,46632,Comercio al por mayor de materiales de construcción,HOITSUKAI URUGUAY SRL,S/D,GIANNATTASIO 24500,CANELONES,29156314,martinezguedes.uy@gmail.com,S/D,2023-01-05
Vencido,150687280012,62010,Actividades de programación informática,GARCIA AIELLO VALENTINA BELEN,S/D,DE LOS PINOS 0 0 0,CANELONES,099150255,veronica@tributa.uy,S/D,2023-05-29
Vencido,218403430017,62010,Actividades de programación informática,PERAZA MARTINEZ SANTIAGO,S/D,SORIANO 917,MONTEVIDEO,099960449,ops@akipotel.com,S/D,2020-05-27
Vencido,040253980010,25921,Talleres de tornería,CALZADA SUAREZ JUAN JOSE Y LACLAU CHICO JUAN CARLOS,TORNERIA CALZADA Y LACLAU,ITUZAINGO 567,COLONIA,45425733,estudiograsso@adinet.com.uy,S/D,2021-06-01
Vencido,140093040011,10740,"Elaboración de pastas, fideos",PALACIO DE LA BUENA PASTA S R L,S/D,AGRACIADA 410,RIVERA,46222484,mpogar@gmail.com,S/D,2020-05-27
Vencido,217076740010,62010,Actividades de programación informática,IHUALIA SAS,Octobot,CARACAS 1264,MONTEVIDEO,29246651,team@octobot.io,www.octobot.io,2023-11-14
Vencido,214732170012,22119,Recauchutaje y renovación de cubiertas de caucho,MARNU S A,MARNU,S/D,S/D,S/D,estudiorubido@hotmail.com,S/D,2020-05-27
Vencido,218613090018,11030,Elaboración de bebidas malteadas y de malta,TERO CERVEZA ARTESANAL SAS,Tero Cerveza Artesanal,Piedras 276,MONTEVIDEO,097127906,hola@terocerveza.com.uy,S/D,2023-07-26
Vencido,050069520018,10749,Elaboración de pastas frescas,LA NONA S R L,Paster¡a La Nona,19 DE ABRIL 918,DURAZNO,43622021,maria.arrua@estudiommn.com,S/D,2022-10-04
Vencido,020611770010,62010,Actividades de programación informática,ALESHANDRE SAS,S/D,JOSÉ BATLLE Y ORDOÑEZ 1359,CANELONES,099302210,escritorio@barindelli.com.uy,S/D,2024-06-12
Vencido,217551400010,62010,Actividades de programación informática,BLANCO ARCE ANTONY DANIEL,BLANCO ARCE ANTONY DANIEL,CALLE 4 828,MONTEVIDEO,099139933,ops@akipotel.com,S/D,2020-05-27
Vencido,217017490011,74909,"Otras actividades profesionales, científicas y técnicas no incluidas en las clases anteriores",EUROAGRO SOCIEDAD ANONIMA,S/D,"Ruta 48 Km 14,7",CANELONES,093617607,lucas@nosoyplastico.com,www.nosoyplastico.com,2023-07-31
Vencido,215041860013,23950,"Fabricación de artículos de hormigón, de cemento y de yeso",CEMENTOS ARTIGAS ZONA FRANCA S.A.,CEMENTOS ARTIGAS ZONA FRANCA S.A.,S/D,DURAZNO,23092810,hartigas@hartigas.com.uy,S/D,2021-03-23
Vencido,215475610017,62010,Actividades de programación informática,BULLSEYE S.R.L.,Bullseye Soluciones Informáticas,25 de mayo 713,MONTEVIDEO,29025847,info@bullseye.com.uy,www.bullseye.com.uy,2022-10-17
Vencido,020320020015,31001,Fabricación de muebles de madera,RIMOLDI MARRERO LUIS,RIMOLDI MARRERO LUIS,PASO CALLEROS 0,CANELONES,099781003,clavijovierayasociados@gmail.com,S/D,1900-01-01
Vencido,217265510012,62010,Actividades de programación informática,CONTACTO SOFT SRL,CONTACTO SOFT,SALVADOR GARCIA PINTOS  1067,MONTEVIDEO,22082153,info@contactosoft.com,S/D,2021-02-12
Vencido,217177170015,62010,Actividades de programación informática,DA SILVA MACHADO MARTIN FERNANDO,S/D,COLONIA 2076,MONTEVIDEO,099558785,ops@akipotel.com,S/D,2020-05-27
Vencido,120368470017,25921,Talleres de tornería,DEVOTTO GARCIA NICOLAS ESTEBAN,Torneria Devotto,19 de abril 1376,PAYSANDÚ,091711017,torneriadevotto@gmail.com,S/D,2021-05-26
Vencido,215374220019,31003,Tapicería de muebles y vehículos automotores,COVERAR SRL,Paris Fundas,S/D,S/D,S/D,trescruces@parisfundas.com,http://www.fundasparis.com/,2022-11-07
Vencido,217591200012,10711,"Elaboración de pan, productos panificados en forma tradicional",GAGLIANO &  HORNOS LTDA.,S/D,GENERAL FLORES 2183,MONTEVIDEO,29241960,estudiocrgarin@hotmail.com,S/D,2022-11-16
Vencido,215121950019,10711,"Elaboración de pan, productos panificados en forma tradicional",BELROAP SRL,S/D,LONDRES 3482,MONTEVIDEO,22114467,estudiocrgarin@hotmail.com,S/D,2022-12-13
Vencido,213882070015,43210,Instalación eléctrica y de comunicaciones,NELSON ORLANDO HERMIDA SOCIEDAD ANONIMA,NELSON ORLANDO HERMIDA SOCIEDAD ANONIMA,S/D,S/D,S/D,nohsa@nelsonhermidasa.com.uy,www.nelsonhermidasa.com.uy,2020-05-27
Vencido,120340820013,63110,"Procesamiento de datos, hospedaje y actividades conexas",EBORNE S.R.L,eBorne,Av. España  1583 Apto 101,PAYSANDÚ,47229183,Contacto@eborne.com.uy,https://www.eborne.com.uy/,2022-12-07
Vencido,213349940015,10710,Elaboración de productos de panadería,LYLY S PAN S R L,S/D,CNO. CIBILS 5005,MONTEVIDEO,23112728,estudio.calc@adinet.com.uy,S/D,2020-05-27
Vencido,211620170016,20220,"Fabricación de pinturas, barnices y productos de revestimiento similares, tintas de imprenta y masillas",INFANTOZZI MATERIALES DE EXPRESION PLASTICA SA,INFANTOZZI MATERIALES DE EXPRESION PLASTICA S.A.,URUGUAY 1653,MONTEVIDEO,24080968,gerencia@infantozzimateriales.com,www.infantozzimateriales.com,2023-10-30
Vencido,213211820010,47112,Comercio al por menor en supermercados,ITALPLAN S.A.,SUPER K 53,S/D,CANELONES,43737013,fiorella@cyc.com.uy,S/D,2021-05-04
Vencido,217956270015,74109,Otras actividades especializadas en diseño,LUQUE MARTINEZ ANALIA ALEJANDRA,S/D,ACROPOLIS 3730,MONTEVIDEO,094900058,cangrejitolm@hotmail.com,S/D,2020-05-27
Vencido,210191860018,10749,Elaboración de pastas frescas,GARCIA DORREGO LTDA,DOÑA PETRONA,GENERAL FLORES 4601,MONTEVIDEO,22154153,estudioetchart@hotmail.com,S/D,2020-05-27
Vencido,210194090019,25110,Fabricación de productos metálicos para uso estructural,ELME LTDA.,ELME ALUMINIO,S/D,S/D,S/D,elmealuminio@gmail.com,S/D,2020-05-27
Vencido,212516670014,10710,Elaboración de productos de panadería,MALLORCA LIMITADA,MALLORCA,S/D,S/D,S/D,panaderiamallorca@adinet.com.uy,S/D,2020-05-27
Vencido,217485290011,62010,Actividades de programación informática,DA ROSA BARBOSA CARLOS EMILIANO,S/D,4 DE JULIO 3247,MONTEVIDEO,099313033,ops@akipotel.com,S/D,2020-05-27
Vencido,216656740018,22203,Fabricación de productos de plástico moldeado,SILVO MULLER Y CIA S.R.L.,S/D,CORUMBE 4072,MONTEVIDEO,22162045,estudiopras@yahoo.com,S/D,2020-05-27
Vencido,219095000015,62010,Actividades de programación informática,FTRUJILLO SAS,S/D,18 de Julio 1296,MONTEVIDEO,29030797,fpaez@mitraconsultores.com,S/D,2023-01-03
Vencido,210246680016,25120,"Fabricación de tanques, depósitos y recipientes de metal",PRESTAL S A,PRESTAL S.A.,S/D,S/D,S/D,mauricio@prestal.com,www.prestal.com,2021-06-11
Vencido,215944600019,15200,Fabricación de calzado,INDIALAN  S.A,INDIALAN SA,"GARCIA MORALES, DR. A. 1221",MONTEVIDEO,29028610,sin@datos.nop,S/D,2020-05-27
Vencido,214602950018,11020,Elaboración de vinos,ANTIGUA BODEGA STAGNARI S.A.,ANTIGUA BODEGA STAGNARI SA,"RIVERA, BRIG. GRAL. FRUCTUOSO 0",CANELONES,23621539,info@antiguabodegastagnari.com.uy,www.antiguabodegastagnari.com.uy/,2020-05-27
Vencido,213012410017,45201,Mantenimiento y reparación mecánica y eléctrica de vehículos,GOMEZ CASTRO JULIO FERNANDO,Gomez Fernando,CAMINO MALDONADO 7308,MONTEVIDEO,29025110,bmiraldo@dfc.com.uy,S/D,2022-11-07
Vencido,210205670016,20130,Fabricación de plásticos y de caucho sintético en formas primarias,MONT RAGO LTDA,MONT-RAGO LTDA,CERRO LARGO 1599,MONTEVIDEO,24084125,montrago@montrago.com.uy,www.montrago.com.uy,2020-05-27
Vencido,216409340013,62010,Actividades de programación informática,VIRTUAL SOFT S.A.,Virtual Seller,Colonia 810,MONTEVIDEO,29021515,marcelo@virtualseller.com,https://virtualseller.com/,2024-01-18
Vencido,214812510014,10610,Elaboración de productos de molinería,RILOMARK S A,COCOMEL,"RIVERA, BRIG. GRAL. FRUCTUOSO 0",FLORIDA,43395113,mcocomel@adinet.com.uy,S/D,2020-05-27
Vencido,211373360019,14100,"Fabricación de prendas de vestir, excepto prendas de piel",FAMA S A,FAMA SA,PAYSANDU 1294,MONTEVIDEO,29025592,info@famauniformes.com,www.famauniformes.com,2020-05-27
Vencido,212788550019,62010,Actividades de programación informática,POCHINTESTA HERNANDEZ DIEGO ALVARO,S/D,GRAL.ENRIQUE MARTINEZ 1786,MONTEVIDEO,29147980,estudio@hana.uy,S/D,2023-01-10
Vencido,214607660018,14100,"Fabricación de prendas de vestir, excepto prendas de piel",LMENTAL SOCIEDAD DE RESPONSABILIDAD LIMITADA,LMENTAL SRL,CERRO LARGO 1180,MONTEVIDEO,29017353,sin@datos.nop,S/D,2020-05-27
Vencido,210445670010,10610,Elaboración de productos de molinería,MOLINOS ARROCEROS RIO BRANCO S A,MOLINOS ARROCEROS RIO BRANCO,"URIARTE, JOSE H. 0",CERRO LARGO,46752084,molinosrb@adinet.com.uy,S/D,2020-05-27
Vencido,216974160015,22202,Fabricación de laminados planos y tubulares de materiales plásticos,SADINE S.A,S/D,Cleveland 652,MONTEVIDEO,23089612,sadineplasticos@gmail.com,S/D,2021-03-17
Vencido,212661060019,20110,Fabricación de sustancias químicas básicas y biocombustibles,OGIMAR S A,S/D,BAJO DE LA PETIZA 5485,MONTEVIDEO,23131227,pk@ogimar.com.uy,www.ogimar.com.uy,2020-05-27
Vencido,210385920016,14300,Fabricación de prendas de tejidos de punto y ganchillo,RATEX SOCIEDAD ANONIMA,RATEX SA,ROCHA 2383,MONTEVIDEO,22004949,ratexsa@adinet.com.uy,S/D,2020-05-27
Vencido,217381780012,62010,Actividades de programación informática,LANDSRAAD S R L,S/D,CERRITO 231,MONTEVIDEO,099922812,cmitropulos@abgf.com.uy,S/D,2020-05-27
Vigente,216666410010,62010,Actividades de programación informática,PYXINFRA SAS,Pyxinfra SAS,ESPAÂÑA BLVR. 2509,S/D,26283405,finance.pyxis@rb.uy,S/D,2026-05-26
Vencido,218105350015,62010,Actividades de programación informática,RIAL GUISSOLI ADRIAN MAXIMILIANO,S/D,MARIA ESPINOLA 1592,MONTEVIDEO,095587281,maxirial1992@gmail.com,S/D,2022-10-27
Vencido,080202840016,10711,"Elaboración de pan, productos panificados en forma tradicional",GARRONE SANGUINETTI PIERO NICOLAS,Panificadora de Piero,AMEGLIO 26762,CANELONES,094494128,garronepiero@gmail.com,S/D,2020-05-27
Vencido,213925100018,82920,Actividades de embalaje,MODISUR S.A.,MODISUR S.A.,BATLLE S/N,SALTO,47329680,estudiorubido@hotmail.com,S/D,2022-11-28
Vencido,180106660017,10111,"Matanza de ganado vacuno, ovino, porcino y equino distinta de la realizada por los frigoríficos. (Abasto)",MATADERO MERCEDES S.A.,MATADERO MERCEDES S.A.,S/N 1,SORIANO,45329981,apintos@estudiopintos.com.uy,S/D,2022-02-17
Vencido,213085840011,33120,Reparación de maquinaria,TEMSI S R L,TEMSI SRL,CUAREIM 2184,MONTEVIDEO,29247707,adm@temsisrl.com,www.temsisrl.com,2022-11-18
Vencido,217153730010,29200,Fabricación de carrocerías para vehículos automotores,CELIE S.R.L,CARROCERIAS LIBERTAD,MILLAN 2466,MONTEVIDEO,22007038,estudiodelprado@gmail.com,S/D,2020-05-27
Vencido,218060870015,62010,Actividades de programación informática,CYBERTEC PG DATABASE SERVICES SOUTH AMERICA SA,CYBERTEC,Misiones 1486,MONTEVIDEO,29152192,grayzun@gmail.com,S/D,2022-12-12
Vencido,213982320013,25900,Fabricación de otros productos elaborados de metal,FRINOL S A,FRINOL SA,S/D,S/D,S/D,frinolsa@gmail.com,S/D,2020-05-27
Vencido,215299300014,25110,Fabricación de productos metálicos para uso estructural,ASHVIL S.A,ASHVIL S.A,GAVIOTAS 362 362,MALDONADO,099373727,nancyyjf@msn.com,S/D,2020-05-27
Vencido,100497410016,10749,Elaboración de pastas frescas,CARDOSO ESCUDERO ALLINSON GERARDO,uriel pastas artesanales,CALLE 15 SIN NUMERO,MALDONADO,44327384,ALLISONCARDOSO@GMAIL.COM,S/D,2021-03-08
Vencido,217914680010,62010,Actividades de programación informática,ORKILUR COMPANY S.A.,S/D,Bv España 2630,MONTEVIDEO,27105977,recepcion@cibils.com.uy,S/D,2023-01-23
Vencido,214393990012,22209,Fabricación de otros productos de plástico n.c.p.,VALGROUP URUGUAY S.A.,VALGROUP URUGUAY S.A.,S/D,S/D,S/D,gustavo.placeres@valgroupco.com,valgroupco.com,2023-08-28
Vencido,217160000014,74103,Servicios de decoración y diseño de interiores,SMGO SRL.,Samago,Almería 4602,MONTEVIDEO,099133606,info@samago.uy,samago.uy,2021-02-25
Vencido,217778020018,62010,Actividades de programación informática,CUSTOS MONITORING S.R.L.,S/D,Tiburcio Gómez 1330,MONTEVIDEO,092369521,info@custos.uy,custos.uy,2022-11-10
Vencido,211695620019,10749,Elaboración de pastas frescas,BRESESTI S.R.L.,BODEGA BRESESTI,CNO. CORONEL RAIZ 7066,MONTEVIDEO,099059122,lorena_capitel@outlook.com,S/D,2023-06-14
Vencido,170053960014,96090,Otras actividades de servicios,FERRO Y SASTRE LTDA.,S/D,Sin Dato 0,MONTEVIDEO,S/D,pereraferro@adinet.com.uy,S/D,2020-05-27
Vencido,040033890012,10610,Elaboración de productos de molinería,MOLINO CARMELO S.A.,MOLINO CARMELO S A,"VARELA, JOSE PEDRO 605",LAVALLEJA,45422332,molicar@hotmail.com,S/D,2020-05-27
Vencido,218708030012,62010,Actividades de programación informática,BERSAY  S.A.,S/D,Rincon 487,MONTEVIDEO,29151252,javier.roldan@certaconsulting.net,S/D,2023-06-02
Vencido,219554040011,62010,Actividades de programación informática,GRAFENO SAS,GRAFENO SAS 219554040011,RAMBLA RPCA DE CHILE 4667,MONTEVIDEO,098313525,notificaciones@rb.uy,S/D,2024-01-16
Vencido,215137960019,18120,Servicios relacionados con la impresión,ECOPY SRL,ECOPY SRL,SAN JOSE 1022,MONTEVIDEO,29000591,ecopy@ecopy.com.uy,www.ecopy.com.uy,2020-05-27
Vigente,217409940019,22201,Fabricación de productos de plástico para la construcción,BARBIERI URUGUAY INDUSTRIA METALURGICA Y PLASTICA S A,BARBIERI,S/D,S/D,097331473,VIVIANA@EMV.COM.UY,https://www.adbarbieri.com/es-uy/,2026-07-27
Vencido,215091610010,53200,Servicio de mensajería,LIMA ACOSTA LUIS ALBERTO,A. L. SERVICIO,francisco rodrigo 3025,MONTEVIDEO,22032784,lalservicios@gmail.com,S/D,2021-04-07
Vencido,120352030012,25921,Talleres de tornería,FILOTTO ORIHUELA MARTIN,S/D,ITUZAINGO 2063,PAYSANDÚ,47224900,torneriasanmartin2070@hotmail.com,S/D,2024-04-23
Vencido,218331930019,62010,Actividades de programación informática,PMO SRL,PMO SRL,Alarcon 1457,MONTEVIDEO,098172089,magela_subia@yahoo.com.ar,S/D,2021-03-01
Vencido,212781440013,62010,Actividades de programación informática,BOROJOVICH HECHT ISRAEL,S/D,DOLORES PEREIRA DE ROSSELL 1538,MONTEVIDEO,099663436,iboro@internet.com.uy,S/D,2020-05-27
Vencido,217160400012,14300,Fabricación de prendas de tejidos de punto y ganchillo,AGUILAR OSORES GIULIANA ANTONIETA,GIA,18 de Julio 1580 Bis,RÍO NEGRO,092342512,leo.retamar@gmail.com,www.giastore.uy,2024-05-21
Vencido,100766830019,56101,Restaurantes y parrilladas,VARGAS AGRIELA ANDREA JENIFFER,Oli,Lima s/n,MALDONADO,42479871,olimveggie@gmail.com,S/D,2022-03-10
Vencido,212488700015,96090,Otras actividades de servicios,BANCIC SUTZ JOSE LUIS,S/D,Sin Dato 0,MONTEVIDEO,S/D,info@biosystems.com.uy,S/D,2020-05-27
Vencido,215980990018,24100,Industrias básicas de hierro y acero,INDUSTRIAS CAPA SOCIEDAD DE RESPONSABILIDAD LIMITADA,INDUSTRIAS CAPA SRL,CALDERON DE LA BARCA 1863,MONTEVIDEO,23235683,info@capa.com.uy,www.capa.com.uy,2020-05-27
Vencido,218666600010,20231,"Fabricación de jabones, detergentes y preparados de limpieza",DUARTE PINCELLI SOLANGE,SOLBIK,MARTIN GARCIA 1843,MONTEVIDEO,22077747,solbic2020@gmail.com,S/D,2021-03-15
Vencido,210001200011,10400,Elaboración de aceites y grasas de origen vegetal y animal,COMPAÑIA OLEAGINOSA URUGUAYA SOCIEDAD ANONIMA INDU,C.O.U.S.A.,S/D,S/D,S/D,yrodriguez@cousa.com,www.cousa.com,2020-09-03
Vencido,210205440010,11020,Elaboración de vinos,MAS ESTRADES HNOS S A,BODEGA ITUZAINGO,S/D,S/D,S/D,jorgemas@adinet.com.uy,S/D,2020-05-27
Vencido,218153950019,35100,"Producción, transmisión y distribución de energía eléctrica",DATICANA SRL,Effiza,Nicolás Piaggio 1179,MONTEVIDEO,092104040,info@effiza.com,www.effiza.com,2020-08-31
Vencido,020383800018,25999,Fabricación de otros productos de metal n.c.p.,CABRERA DIAZ LUIS DARIO,EL ALERO,S/D,CANELONES,098685295,silferrari@adinet.com.uy,S/D,2020-05-27
Vencido,213798690016,11020,Elaboración de vinos,SUBLIMAR S.A.,SUBLIMAR SA,LOS VIÂÑEDOS 5506,MONTEVIDEO,22220020,sublimar@montevideo.com.uy,www.valente.com.uy,2020-05-27
Vencido,218855070019,46699,Comercio al por mayor de otros productos n.c.p.,NANOGROW BIOTECH S.A.S,Nanogrow Biotech,Avenida Italia 6201,MONTEVIDEO,095044879,info@nanogrowbiotech.com,nanogrowbiotech.com,2024-04-29
Vencido,210308440013,10110,Matanza de ganado y otros animales (excepto aves) conservación y preparación de sus carnes,DELTA S A,DELTA S.A.,BRASIL 2842,MONTEVIDEO,27090884,deltasa@adinet.com.uy,www.elnovilloalegre.com.uy,2020-05-27
Vencido,214851230019,10112,"Matanza de ganado vacuno, ovino, porcino y equino en frigoríficos",LINERIM S A,MATADERO CARMELO,Sin Dato 0,COLONIA,45422375,estudioercoliyasociados@hotmail.com,S/D,2020-05-27
Vencido,216246220014,62010,Actividades de programación informática,DIAZ PERDIGON SANTIAGO ADOLFO,S/D,RAMBLA GANDHI 301,MONTEVIDEO,098719060,diaz.santiago@icloud.com,S/D,2020-05-27
Vencido,080144210019,66220,Actividades de los agentes y corredores de seguro,LA RED DE SERVICIOS S.R.L.,la red de servicios,JOSE ELLAURI 333,MONTEVIDEO,27118363,hola@tenesseguro.com,www.lrs.com.uy,2022-10-14
Vencido,214469250014,18119,"Otras actividades de impresión, grabación y reproducción, excepto serigrafía sobre textiles",GRAFEM S R L,Grafem Indistria Grafica,FERRER SERRA 1865,MONTEVIDEO,24096106,grafemimpresos@adinet.com.uy,S/D,2020-05-27
Vencido,210161720013,14100,"Fabricación de prendas de vestir, excepto prendas de piel",TELSI LTDA,TELSI LTDA,"PATRON, DR. JUAN CARLOS 1821",MONTEVIDEO,22002154,telsiltda02@gmail.com,S/D,2020-05-27
Vencido,217739560015,62010,Actividades de programación informática,TORNIELLI ESPINOSA PABLO RODRIGO,S/D,MERCEDES 1832,MONTEVIDEO,098738860,ops@akipotel.com,S/D,2020-05-27
Vencido,218847700017,62010,Actividades de programación informática,UP2U TECHNOLOGIES S.A.S,S/D,18 de julio 1296,MONTEVIDEO,29030797,fpaez@mitraconsultores.uy,S/D,2022-12-16
Vencido,213581070016,10500,Elaboración de productos lácteos,SEGLAR SOCIEDAD ANONIMA,SEGLAR SA,NÃµ 22 0,COLONIA,45743339,maiaques@adinet.com.uy,S/D,2020-05-27
Vencido,217628170014,56210,Abastecimiento de eventos,BIOPLEX SRL,IVDintegra.com,MONTERROSO DE LAVALLEJA ANA 2007,MONTEVIDEO,099660917,administracion@ivdintegra.com,www.ivdintegra.com,2021-09-09
Vencido,218045700015,62010,Actividades de programación informática,TRENDIT LTDA,S/D,DURAZNO 2035,MONTEVIDEO,29147980,tramites@hana.uy,S/D,2020-05-27
Vencido,212671910015,25990,Fabricación de otros productos elaborados de metal n.c.p.,DIPLATAL S A,DIPLATAL SA,RAFAEL 3459,MONTEVIDEO,25143604,diplatal@adinet.com.uy,S/D,2020-05-27
Vencido,210797190015,32500,Fabricación de instrumentos y suministros médicos y dentales,OPTICA AMERICANA S R L,OPTICA AMERICANA S.R.L.,18 DE JULIO 1268,MONTEVIDEO,29029361,admin@opticamericana.com.uy,www.opticamericana.com.uy,2020-05-27
Vencido,211165520017,10200,"Procesamiento y conservación de pescados, crustáceos y moluscos",TIDELAN S.A.,TIDELAN S.A.,CUAREIM 2142,MONTEVIDEO,29247532,tidelan@gmail.com,S/D,2020-05-27
Vencido,217094010010,31001,Fabricación de muebles de madera,MANDRAS SOCIEDAD ANONIMA,Puertas de Verdad,Avfa Giannattasio km 25.500 978,CANELONES,26967329,info@puertasdeverdad.com.uy,www.puertasdeverdad.com.uy,2023-01-10
Vencido,218446090013,62010,Actividades de programación informática,HERNANDEZ NEGRIN FELIPE,S/D,LORENZO CARNELLI 1005,MONTEVIDEO,099431373,ops@akipotel.com,S/D,2020-05-27
Vencido,213723990012,24100,Industrias básicas de hierro y acero,NOBLIT S A,NOBLIT S.A.,IBIRAPITA 523,CANELONES,26019931,estudiopras@yahoo.com,S/D,2020-05-27
Vencido,020155590019,10710,Elaboración de productos de panadería,RODRIGUEZ ESPINOSA SILVIA NANCY,panaderia victoria,RIVERA 440,CANELONES,43346601,badota6921@yahoo.com.ar,S/D,2020-05-27
Vencido,020287040016,28230,Fabricación de maquinaria para la industria metalúrgica,NESTOR GARCIA S.R.L.,NG,ARANGUA 4518,MONTEVIDEO,23562405,patricia.alvez@ngmontajes.com,www.ngmontajes.com,2020-05-27
Vencido,216164040012,29300,Fabricación de partes y accesorios para motores de vehículos automotores,DOMS LTDA,DOMS,Indianapolis 0,CANELONES,093811855,info@doms.com.uy,www.doms.com.uy,2023-04-19
Vencido,214269770014,25999,Fabricación de otros productos de metal n.c.p.,CASALES CABALLERO GUSTAVO,El sotano,ROOSELVELT 964,CANELONES,29152317,hellencurbelo@tmd.com.uy,S/D,2020-05-27
Vencido,216784110017,62010,Actividades de programación informática,TELINOVA  SA,S/D,JUNCAL 1420,MONTEVIDEO,29034550,gg@fundpulse.com,S/D,2020-05-27
Vencido,217869410013,71103,Servicios de ingeniería,DOTTA LOMBARDO CRISTIAN ALEXIS,S/D,ULISES 0,CANELONES,27066071,leonardofs@hotmail.es,S/D,2023-06-29
Vencido,210202530019,29300,Fabricación de partes y accesorios para motores de vehículos automotores,FANACIF SA,FANACIF SA,"CABRERA, HILARIO 5854",MONTEVIDEO,23239416,adriana.lees@fanacif.com.uy,S/D,2022-11-10
Vencido,213915630014,25910,"Forja, prensado, estampado y laminado de metales",PABLO TAVITIAN S R L,Pablo Tavitian,J. J. DESSALINES 1776,MONTEVIDEO,24091718,estudioferrari@adinet.com.uy,S/D,2022-10-26
Vencido,216011240015,11040,Elaboración de bebidas no alcohólicas,PREMIUMBEVS S.A.,VIRGEN WATER,VALERIANO MAGRI 0,LAVALLEJA,44403030,administracion@premiumbevs.com,www.virgenwater.com,2020-05-27
Vencido,210731120019,10740,"Elaboración de pastas, fideos",DOMINGO PIZZINAT S R L,PASTAS BACCIONO,8 DE OCTUBRE 3985,MONTEVIDEO,25088372,pbaccino@adinet.com.uy,S/D,2020-05-27
Vencido,216275320013,15200,Fabricación de calzado,SOSA CASTRO MIRTA,S/D,SCHILLER 4656,MONTEVIDEO,24814380,estudiotrincabelli@yahoo.com,S/D,2020-05-27
Vencido,214614070018,63110,"Procesamiento de datos, hospedaje y actividades conexas",TUNEVELL S A,tunevell,cno Los Pirinchos 1254,MONTEVIDEO,099693702,silvia.p.cdm@gmail.com,S/D,2022-12-15
Vencido,217141560018,17090,Fabricación de otros artículos del papel y cartón n.c.p.,GARCIA PRESS MARIANA,Labpack,juan spikerman 2281,MONTEVIDEO,099197954,hola@labpack.com.uy,www.labpack.com.uy,2024-08-12
Vencido,216739130012,10799,Elaboración de otros productos alimenticios n.c.p.,LOVENO S.A.,S/D,"ROOSEVELT,FRANKLIN 8",MALDONADO,42495498,crtorielli@adinet.com.uy,S/D,2020-05-27
Vencido,210274360012,14100,"Fabricación de prendas de vestir, excepto prendas de piel",CARLOS ROTHER Y COMPAÑIA S.A.,CARLOS ROTHER Y COMPAÑIA SA,"BONAPARTE, JOSE 3267",MONTEVIDEO,24871269,rother@adinet.com.uy,www.carlosrother.com,2020-05-27
Vencido,211639090018,20130,Fabricación de plásticos y de caucho sintético en formas primarias,LAJA S.A.,LAJA SA,"SAN MARTIN, GRAL. 2299",MONTEVIDEO,22096464,info@laja.com.uy,www.laja.com.uy,2020-05-27
Vencido,219188680016,62010,Actividades de programación informática,SMART TECH UY SAS,S/D,AVDA ITALIA 2374,MONTEVIDEO,099992345,mn.burghi@moove-it.com,S/D,2022-06-16
Vencido,214214670018,10711,"Elaboración de pan, productos panificados en forma tradicional",CONAMIL S A,PORTO VANILA,S/D,S/D,S/D,info@portovanila.com,www.portovanila.com,2022-11-04
Vencido,212117570016,20231,"Fabricación de jabones, detergentes y preparados de limpieza",MARTINEZ DRAGOVICH RICARDO,EL ZORZAL,LUIS E. PEREZ 8240,MONTEVIDEO,23125298,elzorzalproductos@adinet.com.uy,S/D,2020-05-27
Vencido,217808830012,62020,Actividades de consultoría informática y actividades de administración de medios informáticos,EC IT URUGUAY LTDA,S/D,MARIN RODRIGUEZ 3805,MONTEVIDEO,22114149,rcooper@vera.com.uy,S/D,2020-05-27
Vencido,217093420010,25910,"Forja, prensado, estampado y laminado de metales",ARRIOLA BENERO RUBEN EUGENIO,S/D,PEDRO SAENZ DE ZUMARAN 5280,MONTEVIDEO,24128599,stmaria@adinet.com.uy,S/D,2020-05-27
Vencido,216771660013,15122,Fabricación de accesorios de cuero y de materiales similares,LENZI RODRIGUEZ SIRLEY LORELEY,S/D,MARCOS SASTRE 2792,MONTEVIDEO,25143349,estudio@estudiomontevideo.com.uy,S/D,2021-02-19
Vencido,212702040017,74909,"Otras actividades profesionales, científicas y técnicas no incluidas en las clases anteriores",HEXA SISTEMAS S.R.L.,S/D,Gral Blvr. Artigas 1233,MONTEVIDEO,24005733,hexa@hexa.com.uy,S/D,2022-10-06
Vencido,217619540017,16220,Fabricación de partes y piezas de carpintería para edificios y construcciones,LUZARDO MOREIRA PABLO ENRIQUE,S/D,BERLIN 3635,MONTEVIDEO,095987360,estudio.calc@adinet.com.uy,S/D,2020-05-27
Vencido,213400140017,14100,"Fabricación de prendas de vestir, excepto prendas de piel",LANCERIL S A,LANCERIL SA,PLAZA VIDIELLA 5642,MONTEVIDEO,24087180,rciancia@montevideo.com.uy,S/D,2020-05-27
Vencido,216448790016,10790,Elaboración de otros productos alimenticios,PACHURRITA SRL,PACHURRITA S.R.L.,ESPINOLA 677,MONTEVIDEO,23646889,pachurritasrl@gmail.com,S/D,2020-05-27
Vencido,215287630014,62010,Actividades de programación informática,OLIVEROS D ANGELO DIEGO,DOITS,ING. GARCIA DE ZUNIGA 2336,MONTEVIDEO,27107535,doliveros@gmail.com,doits.com.uy,2022-12-14
Vencido,100626990013,10749,Elaboración de pastas frescas,OLIVERA CAJIGA PABLO ANDRES,Fabrica de Pastas el Artesano,"FERREIRA ALDUNATE, WILSON 23819",MALDONADO,42231163,estudiocralopez@gmail.com,S/D,2020-05-27
Vencido,212525250014,26510,"Fabricación de equipos para medir, verificar y navegar y de equipos de control",LARYNCO S.A.,BALANZAS LARYNCO,S/D,S/D,S/D,cdrsusanagt@yahoo.com,www.balanzaslarynco.com.uy,2022-11-14
Vencido,110235130013,20300,Fabricación de fibras manufacturadas,TEXTIL CABRERA S.R.L,TEXTIL CABRERA S.R.L.,HELGUERA 1,CANELONES,22885630,gperalta@estudiovanini.com.uy,S/D,2022-10-04
Vencido,212691370016,24100,Industrias básicas de hierro y acero,VANYSUR S A,FUNDICION SPARTA,ESPARTA 3915,MONTEVIDEO,22155140,metalurgica@sparta.com.uy,www.sparta.com.uy,2022-10-11
Vencido,217134290019,23960,"Corte, tallado y acabado de la piedra",PENTASIL SOCIEDAD ANONIMA,MG MARMOLES Y GRANITOS,ruta 8 parada 38,CANELONES,22882120,info@mgmarmoles.uy,www.mgmarmoles.uy,2021-02-25
Vencido,218800810010,62020,Actividades de consultoría informática y actividades de administración de medios informáticos,FUENTES Y PELTZER CONSULTING SAS,S/D,18 de julio 1296,MONTEVIDEO,29030797,fpaez@mitraconsultores.uy,S/D,2023-01-05
Vencido,210367160013,10749,Elaboración de pastas frescas,PEREZ SENA ROGELIO Y PEREZ SENA CARLOS,LA PRINCESA,JOS R. ROD 2236,MONTEVIDEO,24002066,boninogp@gmail.com,S/D,2020-05-27
Vencido,213214140010,10730,"Elaboración de cacao, chocolate y confites",EDANREY S.A.,CHOCOLATES HAAS,COCHABAMBA 2949,MONTEVIDEO,25145851,info@chocolateshaas.com.uy,S/D,2020-05-27
Vencido,215905060017,10711,"Elaboración de pan, productos panificados en forma tradicional",MONTALVAR LTDA.,Confiteria Montes,SAN JOSE 1073,MONTEVIDEO,29010135,sueldos@cipu.org.uy,S/D,2022-10-31
Vencido,216073400016,33200,Instalación de maquinaria y equipo industrial,TECNOZIN S.A.,TECNOZIN ELEVADORES,APARICIO SARAVIA 6881,MONTEVIDEO,094706243,abeldavilaelevadores@gmail.com,S/D,2021-01-28
Vencido,210595920012,33100,"Reparación de productos elaborados de metal, maquinaria y equipos",SANTANGELO  S C,SANTANGELO S.C.,GARIBALDI 1700,MONTEVIDEO,22005166,tomesant@adinet.com.uy,S/D,2020-05-27
Vencido,212684240013,20231,"Fabricación de jabones, detergentes y preparados de limpieza",INTERLAB S R L,INTERLAB S.R.L.,ANTARES 4203,MONTEVIDEO,22280185,local14@adinet.com.uy,www.interlab.com.uy,2020-05-27
Vencido,100682640014,10711,"Elaboración de pan, productos panificados en forma tradicional",FEMAGU SRL,CONFITERIA Y PANADERIA SENSACIONES II,AVDA J.M ALVARIZA  1131,MALDONADO,42670239,estudio.orrego@gmail.com,S/D,1900-01-01
Vencido,212851840015,61000,Telecomunicaciones.,TRACTORAL SOCIEDAD ANONIMA,TCC,S/D,S/D,S/D,secretaria@tcc.com.uy,tcc.com.uy,2022-12-13
Vencido,190224810016,10710,Elaboración de productos de panadería,ALVEZ PAZ FRANCISCO ALFREDO SUC. DE,EL BUEN GUSTO,25 DE MAYO 214,TACUAREMBÓ ,46322279,elbuengusto2014@gmail.com,S/D,2020-05-27
Vencido,211023620011,25110,Fabricación de productos metálicos para uso estructural,NAIDA MARTINEZ RAUL,NAIDA MARTINEZ RAUL,santa lucia 8595,MONTEVIDEO,095540000,silvamartin49@gmail.com,S/D,2021-03-01
Vencido,160133810011,10800,Elaboración de alimentos preparados para animales,VETERINARIA BORTAGARAY Y CIA LIMITADA,VETERINARIA BORTAGARAY Y CIA,S/D,S/D,S/D,admin.agr@bortagaray.com.uy,www.bortagaray.com.uy,2022-08-30
Vencido,213612520018,62090,Otras actividades de tecnología de información y servicio de computadoras,ONELIR S.A.,Quality,Ellauri Jose 1224,MONTEVIDEO,27086611,operaciones@quality.com.uy,www.quality.com.uy,2022-10-20
Vencido,215358790019,20110,Fabricación de sustancias químicas básicas y biocombustibles,PRAXAIR FRAY BENTOS SCA,PRAXAIR,S/D,RÍO NEGRO,23123359,sergio_goniez@praxair.com,infouruguay@praxair.com,2020-05-27
Vencido,211114980010,24100,Industrias básicas de hierro y acero,GRANDE S A,GRANDE SA,San Martin 2571,MONTEVIDEO,22037267,grandesa@adinet.com.uy,S/D,2021-06-14
Vencido,211973200012,47410,"Comercio al por menor de computadoras, unidades periféricas, equipo de software y telecomunicaciones",TOP SYSTEMS SOCIEDAD ANONIMA,Topaz,Paseo Pasaje de las Carretas 2580,MONTEVIDEO,27140785,FinanceTeamTopaz@topazevolution.com,www.topazevolution.com,2022-12-14
Vencido,217692660019,62010,Actividades de programación informática,SUAREZ MORALES DAGOBERTO ANTONIO,S/D,"AV, URUGUAY 1794",MONTEVIDEO,093992627,ops@akipotel.com,S/D,2020-05-27
Vencido,215002950015,18111,Actividades de impresión de diarios y revistas.,GAFI S.A.,IMPRENTA BASCANS,TREINTA Y TRES 704,CANELONES,23645624,imprentabascans@gmail.com,S/D,2020-05-27
Vencido,020005240012,11020,Elaboración de vinos,BODEGA MARICHAL E HIJO LIMITADA,BODEGA MARICHAL E HIJO LTDA,"ROSA, MANUEL R. S/N",CANELONES,43321949,marichal@marichalwines.com,www.marichalwines.com,2022-09-27
Vencido,219066120016,62010,Actividades de programación informática,POLYNULL SAS,Polynull,FRANCISCO ACUÑA DE FIGUEROA 678,SAN JOSÉ,091729165,polynull@outlook.com,S/D,2023-03-22
Vencido,150585100015,31004,Fabricación de muebles y accesorios de metal,PAZ LEITES RICARDO DANIEL,Avalon Herreros,Timbo 2512,CANELONES,095544560,avalonherreros@hotmail.com,S/D,2024-05-08
Vencido,215226140017,14100,"Fabricación de prendas de vestir, excepto prendas de piel",TAUNTER S.A.,NORTHSAIL,NICARAGUA 2007,MONTEVIDEO,24008320,viasulitopsa@gmail.com,En construcción,2020-05-27
Vencido,217271960016,62010,Actividades de programación informática,NEODATA LTDA.,S/D,FLORENCIO ESCARDO 1376,MONTEVIDEO,29147980,estudio@hana.uy,S/D,2023-01-10
Vencido,218907830019,62010,Actividades de programación informática,BAT SOLUCIONES INTELIGENTES S.A.S.,S/D,Francisco Muñóz 2973,MONTEVIDEO,096922217,contacto@promob.com.ar,www.promob.com,2023-03-17
Vencido,210133600017,13920,"Fabricación de artículos confeccionados con materiales textiles, excepto prendas de vestir",ALBERTO GORINA S A,PONTI,S/D,S/D,S/D,laura@ponti.com.uy,www.ponti.com.uy,2020-09-10
Vencido,215062310012,10790,Elaboración de otros productos alimenticios,BIDENOR SOCIEDAD ANONIMA,BIDENOR SA,BURICAYUPI 3107,MONTEVIDEO,22080428,bidenor@montevideo.com.uy,S/D,2020-05-27
Vencido,100179170011,16102,"Aserrado, cepillado y trabajo a máquina de la madera.",PEREZ YOSTAL ALBERTO DOUGLAS,ASERRADERO VICTORIA,RINCON 01,MALDONADO,44326818,aserradero-victoria@hotmail.com,S/D,2022-03-21
Vencido,215229450017,10710,Elaboración de productos de panadería,CORVOLY S.A,LA RAZON,JOSE BELLONI 4736,MONTEVIDEO,22201490,estudioetchart@hotmail.com,S/D,2020-05-27
Vencido,212655050015,63990,Otros servicios de información n.c.p,CALCULO SOCIEDAD ANONIMA,CALCULO,Luis A de Herrera 1248 T3 Of 367,MONTEVIDEO,26282628,secretaria@calculo.com,www.calculo.com,2022-09-22
Vencido,215230150013,62010,Actividades de programación informática,SALIDO RODRIGUEZ DIEGO RAFAEL,S/D,PONDAL EDUARDO 825,MONTEVIDEO,24070000,INFO@SEGALERBA.COM.UY,S/D,2021-04-27
Vencido,213056120014,22203,Fabricación de productos de plástico moldeado,CASELLA DAMIANO JUAN ANTONIO,CASELLA DAMIANO JUAN ANTONIO,TENIENTE GALEANO 3957,MONTEVIDEO,22226362,estudioanfil@gmail.com,S/D,2021-02-25
Vencido,211576910013,22200,Fabricación de productos de plástico,CURUA S A,CURUA,GERONIMO PICCIOLI 3326,MONTEVIDEO,25142362,andreacastronpi@gmail.com,S/D,2020-05-27
Vencido,120249450012,10711,"Elaboración de pan, productos panificados en forma tradicional",CODURI SILVA Y MONTI NELSON RAMON,MEDIA LUNA,INDEPENDENCIA 1152,PAYSANDÚ,47236813,slynch@adinet.com.uy,S/D,2020-05-27
Vencido,210417550014,10110,Matanza de ganado y otros animales (excepto aves) conservación y preparación de sus carnes,FRIGORIFICO MATADERO CARRASCO S.A.,FRIGORIFICO MATADERO CARRASCO S.A.,CARRASCO 5,CANELONES,26014002,info@frigorificocarrasco.com.uy,S/D,2020-05-27
Vencido,215246970015,10710,Elaboración de productos de panadería,INASHY S.A,EL MANJAR,20 DE FEBRERO 3205,MONTEVIDEO,25063205,estudioetchart@hotmail.com,S/D,2020-05-27
Vencido,217891970018,62010,Actividades de programación informática,NAVARRO MATIAS JAVIER,S/D,LAMAS LUIS 1430,MONTEVIDEO,27066071,mn.burghi@moove-it.com,S/D,2022-06-14
Vencido,211417180010,31000,Fabricación de muebles,BADANA S A,GIORELLO Y CORDANO,S/D,S/D,S/D,giorelloycordano@adinet.com.uy,www.giorelloycordano.com/,2020-05-27
Vencido,218054030019,62010,Actividades de programación informática,IOV LABS S.A.,IOV LABS S.A.,BONAVITA LUIS 1294,MONTEVIDEO,26227460,gaius.contable@gmail.com,S/D,2023-09-22
Vencido,212524040016,15200,Fabricación de calzado,TACOSUR S.A.,S/D,Joaquín Artigas 4014,MONTEVIDEO,24024020,macorreaestudio@gmail.com,S/D,2021-04-12
Vencido,218854040019,62010,Actividades de programación informática,GOMEZ ELIZALDE RODRIGO MANUEL,S/D,Canelones 2113,MONTEVIDEO,099980186,mn.burghi@moove-it.com,S/D,2022-06-14
Vencido,211338610012,96090,Otras actividades de servicios,MICROCOSMOS S A,EL OBSERVADOR,Sin Dato 0,MONTEVIDEO,S/D,lyoung@observador.com.uy,S/D,2020-05-27
Vencido,217758440011,62010,Actividades de programación informática,ARES RAVERA FERMIN,S/D,Lezama 4,ROCHA,44795505,fermin@ares.uy,ares.uy,2022-10-27
Vencido,218425440015,62010,Actividades de programación informática,SAMPIL VAITIKAITIS MICHEL ALEJANDRO,S/D,ESTERO BELLACO 2820,MONTEVIDEO,098619146,ops@akipotel.com,S/D,2020-05-27
Vencido,218249040013,62010,Actividades de programación informática,COLL SILVERA CARLOS GUILLERMO,S/D,MOLINOS DE RAFFO 893,MONTEVIDEO,099194942,ops@akipotel.com,S/D,2020-05-27
Vencido,217845760014,62010,Actividades de programación informática,GALEANO ACOSTA PABLO ANDRES,S/D,LARRAÂÑAGA 4052,MONTEVIDEO,091498561,ops@akipotel.com,S/D,2020-05-27
Vencido,213942310017,73100,Publicidad,BUENA SEÑAL S A,Buena Se¤al,AEROSUR 80,CANELONES,26831336,liliana@bs.com.uy,S/D,2020-05-27
Vencido,215054660018,46305,Comercio al por mayor de chacinados,LABIWEL SOCIEDAD ANONIMA,LABIWEL S.A.,"ARAMBURU, DOMINGO 2023",MONTEVIDEO,22005753,labiwel@hotmail.com,S/D,2020-05-27
Vencido,219147940013,62020,Actividades de consultoría informática y actividades de administración de medios informáticos,ANTONELLA PIRACCINI S.A.S,S/D,18 de julio 1296,MONTEVIDEO,29030797,fpaez@mitraconsultores.uy,S/D,2022-12-28
Vencido,210145910016,24100,Industrias básicas de hierro y acero,PARD LIMITADA,PARD LIMITADA,CORUMBE 4124,MONTEVIDEO,22152762,guipilia@adinet.com.uy,S/D,2020-05-27
Vencido,218104680011,62010,Actividades de programación informática,RAMIREZ BENITEZ AIME,S/D,EJIDO 1190,MONTEVIDEO,097582205,aramirez1103@gmail.com,S/D,2020-05-27
Vencido,214423360011,21000,"Fabricación de productos farmacéuticos, sustancias químicas medicinales y de productos botánicos.",LABORATORIOS CALIER DE URUGUAY SOCIEDAD ANONIMA,LABORATORIOS CALIER DE URUGUAY SA,CAMINO CARRASCO 6262,MONTEVIDEO,26062056,laboratorios@calier.com.uy,www.calier.com.uy,2024-06-24
Vencido,218027260017,62010,Actividades de programación informática,CARRALERO MEDINA ROSALBA,S/D,PARAGUAY 1674,MONTEVIDEO,094363397,ops@akipotel.com,S/D,2020-05-27
Vencido,213895620019,62090,Otras actividades de tecnología de información y servicio de computadoras,STONEL S R L,Stonel Computacion,Canelones 2069,MONTEVIDEO,24000792,recepcion@stonel.com.uy,www.stonel.com.uy,2022-09-21
Vencido,211644530012,10791,Producción de hielo,NATIMAR LIMITADA,Natimar,GRAL HORNOS 4730,MONTEVIDEO,23054541,caisrl@adinet.com.uy,S/D,2020-05-27
Vencido,214604250013,62010,Actividades de programación informática,D C & P ASOCIADOS S R L,D C & P ASOCIADOS S R L,Ejido 913,MONTEVIDEO,29019773,bcollazop@gmail.com,S/D,2023-03-15
Vencido,215241240019,20110,Fabricación de sustancias químicas básicas y biocombustibles,KEMIRA URUGUAY SA,KEMIRA URUGUAY SA,PUENTE PUERTO 0,RÍO NEGRO,29169819,sin@datos.nop,www.kemira.com,2020-05-27
Vencido,218053320013,62010,Actividades de programación informática,LAMBDALABS S.A.S,ZeppelinLabs,ITALIA 6201,MONTEVIDEO,26013724,franco@zeppelinlabs.io,https://zeppelinlabs.io/,2022-12-14
Vencido,217190670018,18119,"Otras actividades de impresión, grabación y reproducción, excepto serigrafía sobre textiles",PRINTMAN S.R.L.,PRINTMAN,URUGUAY 1816,MONTEVIDEO,24025555,valeria@printman.com.uy,http://www.printman.com.uy/,2022-11-01
Vencido,214576310010,14100,"Fabricación de prendas de vestir, excepto prendas de piel",AMBELIR SOCIEDAD ANONIMA,AMBELIR SA,"CHEVESTE, ANDRES 1429",MONTEVIDEO,22000222,amelgarejo@ambelir.com,www.ambelir.com,2020-05-27
Vencido,210605800014,10710,Elaboración de productos de panadería,GERMARIA SOCIEDAD ANONIMA,FLORIDA,CANELONES 792,MONTEVIDEO,29082430,florida@pueblotrigo.com,www.pueblotrigo.com,2020-05-27
Vencido,210329790013,20230,"Fabricación de jabones y detergentes, preparados para limpiar y pulir, perfumes y artículos de tocador",FABRICA DE JABON LEO LTDA.,FABRICA DE JABON LEO LTDA,OMBU 3307,MONTEVIDEO,25130871,mglgalan@adinet.com.uy,S/D,2020-05-27
Vencido,212725340017,62010,Actividades de programación informática,BULBA BAUZA PABLO ANDRES,Análisis y Desarrollo,De los Mirasoles 0,CANELONES,099607971,pablobulba@analisisdesarrollo.com,S/D,2021-01-07
Vencido,215259710017,14101,"Fabricación de prendas de vestir exteriores, excepto prendas de piel",NOCLON SRL,S/D,25 de mayo 212 280,MONTEVIDEO,29165076,hola@analivni.com,www.ANALIVNI.com,2023-09-28
Vencido,218677570010,47410,"Comercio al por menor de computadoras, unidades periféricas, equipo de software y telecomunicaciones",TOTALBOX S.A.,SOCIEDAD ANONIMA,MISIONES 1371,MONTEVIDEO,29155898,INFO@LTA.COM.UY,S/D,2022-12-13
Vencido,211613780017,22200,Fabricación de productos de plástico,SANKO S A,SANKO SA,"SAGASTA, MARIANO 130",MONTEVIDEO,23073174,sin@datos.nop,S/D,2020-05-27
Vencido,100620610014,24300,Fundición de hiero y acero y de metales no ferrosos,CARDOZO MOZO ELISEO ROBERTO,S/D,SARANDI 1418,MALDONADO,099812623,renn.c@hotmail.com,S/D,2021-08-27
Vencido,213168100015,62010,Actividades de programación informática,COMESAÑA CARRERAS HECTOR DANIEL,S/D,JUAN CARLOS BLANCO 3418,MONTEVIDEO,098237068,daniel.comesana@gmail.com,S/D,2022-11-22
Vencido,216309280019,62010,Actividades de programación informática,MENLUR S.R.L.,MENLUR S.R.L.,JOANICO 3571,MONTEVIDEO,24093906,secretaria@zorkraut.com,S/D,2022-12-02
Vencido,215759890014,63110,"Procesamiento de datos, hospedaje y actividades conexas",GUERWIN SA,S/D,MUERGOS s/N,MALDONADO,42440839,analaura@estudiocontable.com.uy,S/D,2022-10-06
Vencido,216807740011,62090,Otras actividades de tecnología de información y servicio de computadoras,PRETECO URUGUAY SOCIEDAD ANONIMA,Preteco,Rincon 602,MONTEVIDEO,29157332,oficina@estudiodartayete.com,https://preteco.com/,2023-08-14
Vencido,216225170018,62010,Actividades de programación informática,MAGALINK S.A.,K2B,AVDA. ITALIA 6201,MONTEVIDEO,26012082,info@k2b.com,www.k2b.com,2022-10-24
Vencido,160205920012,10710,Elaboración de productos de panadería,ODRIOZOLA LOPEZ HECTOR MARIO,ODRIOZOLA LOPEZ HECTOR MARIO,8 DE OCTUBRE 2010,SALTO,47369052,panaderiadondiego@hotmail.com,S/D,2020-05-27
Vencido,216140390013,62010,Actividades de programación informática,SHAW ROHR PATRICK GEORGE,S/D,LEPANTO 1407,MONTEVIDEO,099638435,patrickshaw1@gmail.com,S/D,2020-05-27
Vencido,110362530010,10711,"Elaboración de pan, productos panificados en forma tradicional",GOMEZ CAPORALLINI ELISIA MONICA,S/D,PEREZ BUTLER 0,CANELONES,095263655,bps.cciap@adinet.com.uy,S/D,2020-05-27
Vencido,219137910014,62010,Actividades de programación informática,ARTIGAS SOLUTIONS SAS,ARTIGAS SOLUTIONS,Ramon Masini3358 ap 901,MONTEVIDEO,092745748,fcoartigas@gmail.com,S/D,2023-01-20
Vencido,214401340018,62010,Actividades de programación informática,HG SOCIEDAD ANONIMA,HG,CERRITO 572,MONTEVIDEO,29152640,ADMINISTRACION@HG.COM.UY,WWW.HG.COM.UY,2022-12-07
Vencido,214917280019,10790,Elaboración de otros productos alimenticios,RICOMPENSA S R L,RICOMPENSA SRL,"PIRIA, FRANCISCO 0",MALDONADO,27080294,edeolivera@gmail.com,S/D,2020-05-27
Vencido,210446030015,10612,Elaboración de harina de trigo y otros productos derivados de la molienda de trigo,COOPERATIVA AGRARIA DE RESPONSABILIDAD SUPLEMENTAD,CALPROSE,NÃµ 50 0,COLONIA,45742142,julior@calprose.com.uy,www.calprose.com.uy,2020-05-27
Vencido,215014000017,20130,Fabricación de plásticos y de caucho sintético en formas primarias,PLASTICOS MYPAC S A,S/D,AMIENS 5071,MONTEVIDEO,23550694,mypac@plasticosmypac.com.uy,www.plasticosmypac.com.uy,2024-07-15
Vencido,170296310015,25110,Fabricación de productos metálicos para uso estructural,MENDIETA CABRERA JAVIER Y MENDIETA CABRERA GUSTAVO SEBASTIAN,S/D,CHANA 1083,SAN JOSÉ,099026515,rodriguezescritorio@gmail.com,S/D,2022-09-30
Vencido,020081100013,11020,Elaboración de vinos,GALLO LUGANO FRANCISCO MARCELO,BODEGA GALLO,S/D,CANELONES,43321446,silferrari@adinet.com.uy,S/D,2020-05-27
Vencido,219198180016,1619,Otros servicios de apoyo a la agricultura,WIAGRO SAS,WIAGRO SAS,Treinta y Tres 1356,MONTEVIDEO,29172033,florenciab@gn.com.uy,S/D,2023-01-24
Vencido,216010960014,10710,Elaboración de productos de panadería,SABORES Y SERVICIOS SRL,MAS PALADAR,JOSE MARIA MONTERO 2873,MONTEVIDEO,27120711,sueldos@cipu.org,S/D,2020-05-27
Vencido,212628510019,25110,Fabricación de productos metálicos para uso estructural,TERRA CASSARINO NICOLAS,TERRA CASSARINO NICOLAS,CAMINO CARRASCO 54,CANELONES,26019447,niteca@yahoo.com,www.niteca.com.uy,2020-05-27
Vencido,210000830011,14000,Fabricación de prendas de vestir,LEOPOLDO GROSS Y ASOCIADOS S A,Leopoldo Gross y Asociados S.A.,VENEZUELA 1211,MONTEVIDEO,29246090,etrini@leopoldogross.com.uy,S/D,2020-05-27
Vencido,210655550011,20290,Fabricación de otros productos químicos n.c.p.,QUIMICA SILEX URUGUAY S A,QUIMICA SILEX URUGUAY SA,NUEVA PALMIRA 1819,MONTEVIDEO,22097523,info@quimicasilex.com,www.quimicasilex.com,2020-08-14
Vigente,217541450015,62010,Actividades de programación informática,KYBALION SAS,kybalion SAS,Blvr España 2323,S/D,26283405,finance.pyxis@rb.uy,S/D,2026-02-06
Vencido,120191160017,46301,"Comercio al por mayor de comestibles, excepto carnes.",MOREIRA AVONDET HORACIO JOSE,S/D,Cerrito 1349,PAYSANDÚ,099740501,tresflores03@gmail.com,S/D,2024-08-15
Vencido,210147950015,47524,Comercio al por menor de vidrio plano - vidrierías,LLOPIS HNOS LTDA,S/D,CARLOS MA. RAMREZ 238,MONTEVIDEO,23097132,calc@adinet.com.uy,S/D,2020-05-27
Vencido,210222900016,10740,"Elaboración de pastas, fideos",LA NUEVA CERRO S A,FIDEOS ADRIA,8 DE OCTUBRE 2603,MONTEVIDEO,24873460,adria@fideosadrian.com,www.fideosadria.com,2020-05-27
Vencido,216671190015,13920,"Fabricación de artículos confeccionados con materiales textiles, excepto prendas de vestir",DIDERAL S.A.,DIDERAL SA,VERACIERTO 2663,MONTEVIDEO,25227062,alexciliberti@hotmail.com,www.dideral.com,2020-05-27
Vencido,217910610018,62010,Actividades de programación informática,ROQUERO BRAVO JUAN MANUEL,S/D,18 DE JULIO 2288,MONTEVIDEO,099094430,ops@akipotel.com,S/D,2020-05-27
Vencido,217890590017,18120,Servicios relacionados con la impresión,INK PRESS SRL,INK PRESS IMPRESOS,LIEJA 7168,MONTEVIDEO,099660042,inkpressimpresos@gmail.com,S/D,2020-05-27
Vencido,217884120012,62010,Actividades de programación informática,ARCHIMOWICZ BUENAVIDA ARON URI,S/D,OSORIO JOSE L 1276,MONTEVIDEO,26224548,aarchimowicz@gmail.com,S/D,2022-12-12
Vencido,214895560014,10610,Elaboración de productos de molinería,NIDELUZ SOCIEDAD ANONIMA,NIDELUZ SA,S/D,S/D,S/D,carlosd@adinet.com.uy,S/D,2020-05-27
Vencido,130140930017,28180,Fabricación de herramientas manuales,GIOSA KABILLON JORGE PABLO,S/D,VECINAL 0,RÍO NEGRO,099728339,la129@hotmail.com,S/D,2020-05-27
Vencido,210871990016,22201,Fabricación de productos de plástico para la construcción,AEROFIL S A,AEROFIL SA,WILSON FERREIRA ALDUNATE 16,CANELONES,26011090,gerencia@aerofil.com.uy,www.aerofil.com.uy/,2023-08-22
Vencido,217519190014,18120,Servicios relacionados con la impresión,DUALCORE SRL.,DUALCORE SRL,Manzana 69 69,CANELONES,29030222,smarrero@kmf.uy,S/D,2021-07-30
Vencido,170288980015,56102,Rotiserías,BARBOZA RIVERO VERONICA MARCELA,BARBOZA RIVERO VERONIC MARCELA,ITUZAINGO 692,SAN JOSÉ,098118423,lulacace@gmail.com,S/D,1900-01-01
Vencido,216296650012,45203,Talleres de chapa y pintura,AMAYA HERMANOS S R L,AMAYA HERMANOS,BVAR BATLLE Y ORDOÂÑEZ 3848,MONTEVIDEO,24113485,lucianapuig@estudioap.com.uy,S/D,2020-05-27
Vencido,190030390011,31001,Fabricación de muebles de madera,WALDER RODRIGUEZ Y CIA SOCIEDAD COLECTIVA,Walder Rodr¡guez & C¡a.,TREINTA Y TRES 221,TACUAREMBÓ ,46322886,fitoayala@estudio25.com.uy,S/D,2020-09-25
Vencido,090013660018,23940,"Fabricación de cemento, cal y yeso",CANTERAS Y CALERAS UNIDAS S A CYCUSA,CALERAS CYCUSA,S/D,S/D,S/D,cycusa@cycusa.com.uy,www.cycusa.com.uy,2023-07-21
Vencido,216668170017,16100,Aserrado y acepilladura de madera,MARUPAY S.R.L,MARUPAY S.R.L.,LIEJA 6922,MONTEVIDEO,26010143,juandcarrasco@gmail.com,S/D,2020-05-27
Vencido,214610470011,10790,Elaboración de otros productos alimenticios,BADINCO SOCIEDAD ANONIMA,BADINCO SA,"APARICIO, GRAL. TIMOTEO 3932",MONTEVIDEO,26192202,sin@datos.nop,S/D,2020-05-27
Vencido,210233030018,10730,"Elaboración de cacao, chocolate y confites",LA PORTEÑA S A DISUELTA LEY 19.288,La Porte¤a S. A.,NUEVA PALMIRA 2183,MONTEVIDEO,24085765,edmunsan@adinet.com.uy,S/D,2020-05-27
Vencido,214276600013,47611,Comercio al por menor de libros,PENGUIN RANDOM HOUSE GRUPO EDITORIAL S A,PENGUIN RANDOM HOUSE,S/D,S/D,S/D,mauricio.robaina@penguinrandomhouse.com,S/D,2020-05-27
Vencido,214680300018,23950,"Fabricación de artículos de hormigón, de cemento y de yeso",HORMIGONERA DEL SUR S R L,HORMIGONERA DEL SUR SRL,"ARTIGAS, GENERAL 0",MONTEVIDEO,22003867,hormisur@adient.com.uy,S/D,2020-05-27
Vencido,211518510016,46411,Comercio al por mayor de textiles,CINTAS LTDA.,S/D,PORONGOS 2930,MONTEVIDEO,22042415,estudiobieber@adinet.com.uy,S/D,2020-05-27
Vencido,215944670017,15120,"Fabricación de maletas, bolsos de mano, y artículos de talabaartería y guarnicionería",INCOPLAST EMBALAJES S.A.,INCOPLAST EMBALAJES SA,NÃµ 150 0,SAN JOSÉ,29012016,sin@datos.nop,S/D,2020-05-27
Vencido,217698440010,62010,Actividades de programación informática,INZAURRALDE S.R.L.,INZAURRALDE S.R.L.,C S/N,CANELONES,094972692,n.inzaurralde@gmail.com,S/D,2022-10-27
Vencido,211091530014,13990,Fabricación de otros productos textiles n.c.p.,BANDALUX URUGUAY SOCIEDAD ANONIMA,verosol-bandalux,S/D,S/D,S/D,administracion@verosol-bandalux.com,www.verosol-bandalux.com,2020-05-27
Vencido,218432920019,62010,Actividades de programación informática,NUÑEZ GONZALEZ ILIANA,S/D,18 DE JULIO 878,MONTEVIDEO,092946170,ops@akipotel.com,S/D,2020-05-27
Vencido,219187220011,62010,Actividades de programación informática,LUCIA CAMILLONI SAS,LUCIA CAMILLONI SAS,SALDUN DE RODRIGUEZ 2466,MONTEVIDEO,099794789,lucamilloni@gmail.com,S/D,2022-09-21
Vencido,218103120012,62010,Actividades de programación informática,REBELLA CAPORALE SANTIAGO,S/D,YAGUARON 1407,MONTEVIDEO,094554037,gerente@akipotel.com,S/D,2020-05-27
Vencido,218949810016,62010,Actividades de programación informática,WTM URUGUAY INTERNATIONAL PAYMENT S.A.S,S/D,Lavalleja 1,MONTEVIDEO,27110940,info@csconsultores.com.uy,S/D,2023-02-07
Vencido,218809090010,62020,Actividades de consultoría informática y actividades de administración de medios informáticos,JEXTEX SAS,S/D,18 de julio 1296,MONTEVIDEO,29030797,fpaez@mitraconsultores.uy,S/D,2023-01-05
Vencido,211735640015,10110,Matanza de ganado y otros animales (excepto aves) conservación y preparación de sus carnes,COPAYAN S.A.,COPAYAN S.A.,"OLIVERA, CNEL. LEONARDO 0",ROCHA,44728803,copayansa@hotmail.com,www.copayan.com.uy,2020-05-27
Vencido,210256990018,10710,Elaboración de productos de panadería,PANADERIA LIROPEYA S R L,PANADERIA LIROPEYA,FRANCISCO SIMON 2184,MONTEVIDEO,24812351,estudiotrincabelli@yahoo.com,S/D,2020-05-27
Vencido,212694710012,18120,Servicios relacionados con la impresión,ARTES GRAFICAS S A,ARTES GRAFICAS SA,PORONGOS 3035,MONTEVIDEO,22084888,tceconsultoria@adinet.com.uy,S/D,2020-05-27
Vencido,130075570015,10711,"Elaboración de pan, productos panificados en forma tradicional",BROCHINI CARRASQUERA BOSCO RENAN,LA NUEVA ESPIGA,18 DE JULIO 1524,RÍO NEGRO,45621524,estudiohds@hotmail.com,S/D,2024-06-21
Vencido,020609380014,62010,Actividades de programación informática,AVIATO SAS,AVIATO SAS,JUAN ROCA 1,CANELONES,29007334,cralaurarodriguezf@gmail.com,S/D,2022-12-14
Vencido,120309230013,25991,Fabricación de productos de alambre y otros artículos para la construcción,TECHERA GOMEZ CARLOS EDUARDO,S/D,SOLANO GARCIA 839,PAYSANDÚ,099375713,celhordoy@manzor.com,S/D,2020-05-27
Vencido,215148820019,22200,Fabricación de productos de plástico,FIDATEC SOCIEDAD ANONIMA,FIDATEC SA,"BATLLE BERRES, LUIS 1778",PAYSANDÚ,47222713,osiris@toldart.com.uy,S/D,2020-05-27
Vencido,211309270012,14101,"Fabricación de prendas de vestir exteriores, excepto prendas de piel",GREAL S A,lobster,COLON 1426,MONTEVIDEO,29157128,lobsteruy@yahoo.com,www.lobster.com.uy,2022-11-18
Vencido,218850860011,62010,Actividades de programación informática,CAMILO CERCHIARI S.A.S.,S/D,Blas Basualdo 3566,MONTEVIDEO,23580106,camilo.cerchiari@gmail.com,S/D,2023-01-18
Vencido,216596600010,62010,Actividades de programación informática,VAIRIX S.R.L,VAIRIX SRL,Av 18 de julio 1825,MONTEVIDEO,24088814,info@vairix.com,https://www.vairix.com/,2022-12-14
Vencido,100708680018,56210,Abastecimiento de eventos,OLIVERA COUTO MARIA AGUSTINA,LEVTEC,27 14,MALDONADO,099920391,aolivera@levtec.com.uy,levtec.com.uy,2021-09-27
Vencido,216193940018,62010,Actividades de programación informática,QUANTICO SRL,QUANTICO CONSULTORES,CONSTITUYENTE 1517,MONTEVIDEO,24083812,info@quantico.com.uy,S/D,2022-12-08
Vencido,217856560011,62010,Actividades de programación informática,MONTES DE OCA RODRIGUEZ OSMANY,S/D,CANELONES 886,MONTEVIDEO,095266390,ops@akipotel.com,S/D,2020-05-27
Vencido,216744180014,62010,Actividades de programación informática,ENDAVA URUGUAY S.R.L.,ENDAVA URUGUAY,Victor Soliño 349,MONTEVIDEO,29159979,finance.endava@rb.uy,S/D,2023-06-30
Vencido,214237760013,62010,Actividades de programación informática,SIMONE COUTO GASTON MAURICIO,S/D,ARROYO GRANDE 2785,MONTEVIDEO,099575081,gaston.simone@gmail.com,S/D,2022-09-20
Vencido,215264920016,63110,"Procesamiento de datos, hospedaje y actividades conexas",NELSARY S A,S/D,DOMINGO PETRARCA 920,MONTEVIDEO,099667782,nelsarysa@gmail.com,S/D,2022-12-07
Vencido,210791380017,10710,Elaboración de productos de panadería,BARQUILANDIA LIMITADA,BARQUILANDIA LTDA,HOCQUARD 2011,MONTEVIDEO,24015820,barquilandia@gmail.com,www.barquilandia.com,2020-05-27
Vencido,216283100019,62010,Actividades de programación informática,AZZATO ZABOROFF FEDERICO,S/D,JOS PEDRO VARELA 49,CANELONES,26819548,fedeazzato@gmail.com,S/D,2022-09-21
Vencido,214885100010,27320,Fabricación de otros cables eléctricos y electrónicos,DERONIR SOCIEDAD ANONIMA,ALAMTEC,CNO EDISON 4206,MONTEVIDEO,23590129,ventas@alamtec.com.uy,www.alamtec.com.uy,2020-05-27
Vencido,215022180010,10710,Elaboración de productos de panadería,LEIVAS MORALES JULIO CESAR Y BICHINGUE NUÑEZ MIRIAN HAYDEE,PANADERIA JUSTICIA,JUSTICIA 2113,MONTEVIDEO,22092733,sueldos@cipu.org,S/D,2020-05-27
Vencido,060033900012,29200,Fabricación de carrocerías para vehículos automotores,CLAVERO CABRERA JOSE ALBERTO,Jose Alberto Clavero Cabrera,GENERAL ARTIGAS 1420,FLORES,43644752,metalurgicaclavero@gmail.com,S/D,2020-05-27
Vencido,212728800019,14100,"Fabricación de prendas de vestir, excepto prendas de piel",NARIO S R L,NARIO SRL,ITALIA 6144,MONTEVIDEO,27077904,sin@datos.nop,S/D,2020-05-27
Vencido,213850130012,46412,Comercio al por mayor de prendas de vestir,MATTOS MIGUEL ANGEL,Mattos Multi Empresa,Julio Herrea y Obes 1105,MONTEVIDEO,29016176,tecmontevideo@gmail.com,S/D,1900-01-01
Vencido,217988210018,62010,Actividades de programación informática,MARAN EVANS NICOLAS,S/D,ARENAL GRANDE 1435,MONTEVIDEO,24093906,secretaria@zorkraut.com,S/D,2020-05-27
Vencido,213770800011,63110,"Procesamiento de datos, hospedaje y actividades conexas",TENILOR SA,CNS,MALDONADO 1035,MONTEVIDEO,29030166,cns@cns.com.uy,S/D,2022-12-08
Vencido,040378650016,16220,Fabricación de partes y piezas de carpintería para edificios y construcciones,MEZZACAPPA Y ROMERO S.R.L.,Carpinteria Riachuelo,S/D,COLONIA,099520042,carpinteriariachuelo@vera.com.uy,S/D,2022-07-25
Vencido,214133150014,20290,Fabricación de otros productos químicos n.c.p.,SIS GRAF LTDA.,SISGRAF LTDA,BATOVI 7851,CANELONES,26016755,sisgraf@internet.com.uy,www.sisgraf.com.uy,2022-11-17
Vencido,213018940018,62010,Actividades de programación informática,RUZO LACUESTA DANIEL,S/D,HUNGRA 3618,MONTEVIDEO,099412079,danielruzo@netgate.com.uy,S/D,2020-05-27
Vencido,212209460012,47510,Comercio al por menor de textiles en almacenes especializados.,RODRIGUEZ MAESTRO DIEGO OLGUIZ,RODRIGUEZ MAESTRO DIEGO,S/D,S/D,S/D,rodchia@montevideo.com.uy,S/D,2020-05-27
Vencido,215506780016,10710,Elaboración de productos de panadería,GRANJA ENCANTADA S.R.L,GRANJA ENCANTADA SRL,"LAVALLEJA, BRIG. GRAL. JUAN ANTONIO 0",CANELONES,43702042,clientes@granjaencantada.com,www.granjaencantada.com,2020-05-27
Vencido,040553770011,62010,Actividades de programación informática,OVER SCOPE SAS,Over Scope SAS,Jose Pedro Varela 532,COLONIA,45220505,lucas.csulak@gmail.com,S/D,2022-12-12
Vencido,217565650014,43304,Instalación de objetos de carpintería de obra,RAZQUIN FERREIRA MARIO JESUS,Razquin Ferreira Mario Jesus,DUPARD 3683,MONTEVIDEO,22113542,administracion@perfilesdelsur.com.uy,www.perfilesdelsur.com.uy,2020-05-27
Vencido,210254800017,21000,"Fabricación de productos farmacéuticos, sustancias químicas medicinales y de productos botánicos.",TEVA URUGUAY SA,TEVA URUGUAY SA,URUGUAY 1227,MONTEVIDEO,29022668,sin@datos.nop,www.teva.com.uy/,2020-05-27
Vencido,110306370011,10712,Elaboración de productos de confitería,MARTINEZ LOPEZ JESUS MARCELO,Los Tilitos,"MURILLO, FRANCISCO 32",CANELONES,26983177,crmigues@smestudiocontable.com,S/D,2022-09-28
Vencido,216765840013,62010,Actividades de programación informática,DENIS PIANZZOLA ANDRES,S/D,APARICIO SARAVIA 869,CANELONES,096646634,ops@akipotel.com,S/D,2020-05-27
Vencido,218306340017,62010,Actividades de programación informática,SUITEDB SRL,SUITEDB,LUIS A DE HERRERA 1248,MONTEVIDEO,27099319,18DEJULIO1333@GMAIL.COM,S/D,2022-12-09
Vencido,218460620016,62010,Actividades de programación informática,POWERCOLL S.R.L.,POWERCOLL,RAMBLA RPCA DE CHILE 4511,MONTEVIDEO,097579387,administracion@arkanosoft.com,arkanosoft.com,2023-03-14
Vencido,210426210018,10790,Elaboración de otros productos alimenticios,EL PALACIO DEL CAFE S A,PALACIO DEL CAFE,URUGUAY 1188,MONTEVIDEO,29007511,vciocafe@adinet.com.uy,S/D,2020-05-27
Vencido,215525650017,63110,"Procesamiento de datos, hospedaje y actividades conexas",PORTAL DEL BOSQUE S A,S/D,GORLERO 811,MALDONADO,42221378,analaura@estudiocontable.com.uy,S/D,2020-05-27
Vencido,216924530013,62010,Actividades de programación informática,TUNA SOFTWARE S.R.L.,S/D,ESPAñA BLVR 2253,MONTEVIDEO,24025064,ariel.zilli@gmail.com,S/D,2022-10-19
Vencido,216825890011,31001,Fabricación de muebles de madera,SARANTUR SOCIEDAD ANONIMA,SARANTUR S.A.,A LA LAGUNA DEL DIARIO 0,MALDONADO,099523717,estudio@echevarriayasoc.com.uy,S/D,2020-05-27
Vencido,217159920016,18119,"Otras actividades de impresión, grabación y reproducción, excepto serigrafía sobre textiles",BOGA MEDINA FEDERICO ANDRES Y TURK DOSSETTI ANA GABRIELA,CAPUT,Pedro Primero 747,MONTEVIDEO,094276178,hola@caput.com.uy,www.caput.com.uy,2021-03-04
Vencido,214120600016,10711,"Elaboración de pan, productos panificados en forma tradicional",BERBYS S A,S/D,GRAL. APARICIO SARAVIA 548,ARTIGAS,47728070,grabarronuno@gmail.com,S/D,2020-05-27
Vencido,210612710017,47214,Comercio al por menor de productos de panadería y confitería,PANADERIA LA PALOMA S R L,PANADERIA LA PALOMA,DEL NAVIO 288,ROCHA,44722125,rossana@estudiolasa.com.uy,S/D,2020-05-27
Vencido,040460280014,25110,Fabricación de productos metálicos para uso estructural,AGUILERA VIDAL ALEXIS ALFREDO,Trymet,José Salvo 99,COLONIA,45864534,admn.trymet@gmail.com,S/D,2022-06-29
Vencido,211213580010,22200,Fabricación de productos de plástico,CRISTALPLAST S A,CRISTALPLAST S.A.,"SAN MARTIN, GRAL. 4049",MONTEVIDEO,22155544,dbrea@cristalplast.com.uy,S/D,2020-05-27
Vencido,210000530018,17020,Fabricación del papel y cartón ondulado y de envases de papel y cartón,PAMER S A,PAMER S.A.,S/D,S/D,S/D,info@pamer.com.uy,www.pamer.com.uy,2023-06-05
Vencido,214827900018,47111,Comercio al por menor en hipermercados,MICHOU HORNOS ALBERTO DENIS,S/D,DEL FUERTE 5305,MONTEVIDEO,095235309,agonzalez@cambadu.com.uy,S/D,2020-05-27
Vencido,213776560012,10711,"Elaboración de pan, productos panificados en forma tradicional",ALVAREZ ALVAREZ ANDREA ESTELA,S/D,GRITO DE ASENCIO 1171,MONTEVIDEO,22006882,riseasociados@gmail.com,S/D,2020-05-27
Vencido,212369090019,31001,Fabricación de muebles de madera,IBARRA VETA ROBERTO,S/D,BULEVAR GRAL. ARTIGAS 4549,MONTEVIDEO,22027288,ibarra@muebles.uy,S/D,2020-05-27
Vencido,216224460012,62010,Actividades de programación informática,MENDIOROZ Y POSADA SRL,ProInfo,José E. Rodó 1955,MONTEVIDEO,24020673,info@proinfo.com.uy,www.proinfo.uy,2022-12-07
Vencido,100098010014,16210,"Fabricación de hojas de madera para enchapado y paneles a base de madera, etc.",TALIS S.A.,TALIS S A,MALDONADO 9045,MONTEVIDEO,22221083,gladysdelgado@adinet.com.uy,S/D,2022-09-27
Vencido,100493760012,10711,"Elaboración de pan, productos panificados en forma tradicional",ROCHA MARTINEZ PAOLA LETICIA,PANADERIA MI SOL,S/D,S/D,S/D,cr.benenati@vera.com.uy,S/D,2020-05-27
Vencido,214844940014,74101,Servicios de diseño gráfico,HM CREATIVOS SRL,hM Creativos,Sin Dato 112,CANELONES,26840517,hugo@hmcreativos.com,S/D,2020-05-27
Vencido,218922940016,62010,Actividades de programación informática,SOLUCIONES INFORMÁTICAS GLOBALES S.A.S.,SOLUCIONES INFORMATICAS GLOBALES S.A.S,Luis Alberto Herrera 1248,MONTEVIDEO,26059738,info@sig2k.com,www.sig2k.com/,2022-12-09
Vigente,218017360019,25910,"Forja, prensado, estampado y laminado de metales",ACO INOXIDABLE SRL,Aco Inoxidable Srl,Camino al Paso del Andaluz 4223,S/D,2220 0626,ventas@acoinoxidable.com.uy,www.acoinoxidable.com.uy,2025-12-16
Vencido,216312850017,62010,Actividades de programación informática,GUGLIELMONE CHAIBUN NICOLAS,GUGLIELMONE CHAIBUN NICOLAS,PALMAR 2362,MONTEVIDEO,099069854,ops@akipotel.com,S/D,2020-05-27
Vencido,216255210018,15200,Fabricación de calzado,NEWLAND SHOES S.R.L.,NEWLAND SHOES SRL,MALDONADO 5045,MONTEVIDEO,25121932,newland1@adinet.com.uy,www.newlandshoes.com/,2020-05-27
Vencido,217295760017,25110,Fabricación de productos metálicos para uso estructural,RODRIGUEZ ALBANO SUSANA,RODRIGUEZ ALBANO SUSANA,Callao 3379,MONTEVIDEO,098141737,aberturaswaluminio@gmail.com,S/D,2021-04-20
Vencido,211889600013,10710,Elaboración de productos de panadería,CAMOR LTDA,saratoga,MANUEL PAGOLA 3291,MONTEVIDEO,27094692,blaens@cipu.org,S/D,2020-05-27
Vencido,215529700019,14101,"Fabricación de prendas de vestir exteriores, excepto prendas de piel",ALPUY GONZALEZ ADRIANA RAQUEL,IMAGEN UNIFORMES EMPRESARIALES,COLÓN 1461/65,MONTEVIDEO,29164131,info@imagenuniformes.com.uy,www.imagenuniformes.com.uy,2021-01-21
Vencido,215416090010,24100,Industrias básicas de hierro y acero,ACOSTA MAROTTA SERGIO DANIEL,Acelur,montalvo 6314,MONTEVIDEO,094670757,metalurgicaacelur@gmail.com,S/D,2021-02-24
Vencido,216254850013,43210,Instalación eléctrica y de comunicaciones,CIELO NATURAL SOCIEDAD ANONIMA,Bodega Artesana,S/D,CANELONES,094387076,ventas@artesanawinery.com,www.artesanawinery.com,2021-03-09
Vencido,213518030010,86000,Actividades relacionadas con la salud humana,AUDICAL S.R.L.,Audical,S/D,S/D,S/D,secretaria@audical.com.uy,S/D,2020-05-27
Vencido,214605940013,11020,Elaboración de vinos,CHACRAS DEL SUR S A,BODEGA BOUZA,S/D,S/D,S/D,visitas@bodegabouza.com,www.bodegabouza.com/,2022-10-13
Vencido,215438180012,10300,Procesamiento y conservación de frutas y vegetales,LIFIBEL SOCIEDAD ANONIMA,S/D,GRAL.ARTIGAS 6050,MONTEVIDEO,22223037,try@netgate.com.uy,S/D,2020-05-27
Vencido,213821960010,11040,Elaboración de bebidas no alcohólicas,NUKIL S.A.,Esencial ---- Blume,S/D,S/D,S/D,contacto@aguaesencial.com,www.aguaesencial.com,2020-05-27
Vencido,215424150019,16220,Fabricación de partes y piezas de carpintería para edificios y construcciones,EINBAUEN LTDA,EINBAUEN LTDA,ZAPICAN 3866,MONTEVIDEO,22011396,einbauen@einbauen.com.uy,S/D,2020-05-27
Vencido,215771230010,71103,Servicios de ingeniería,C Y D LTDA,CYD Ingenieros,Caramurú 5968,MONTEVIDEO,26003614,cyd@cyd.uy,www.cyd.uy,2022-10-20
Vencido,212042420012,28230,Fabricación de maquinaria para la industria metalúrgica,MAYN S A,IMPER,CNO. MANUEL FORTET 2220,MONTEVIDEO,099902711,maynsa@adinet.com.uy,S/D,2021-05-31
Vencido,214743780011,17010,"Fabricación de pasta de celulosa, papel y cartón",UPM S.A.,UPM SA,S/D,S/D,S/D,bruno.vuan@upm.com,www.upm.com/uy,2020-05-27
Vencido,217045640014,28250,"Fabricación de maquinaria para la elaboración de alimentos, bebidas y tabaco",MAQUINAS & PROYECTOS SRL,S/D,TABOBA 3998,MONTEVIDEO,094206171,dbellesi@montevideo.com.uy,S/D,2020-05-27
Vencido,020611430015,62010,Actividades de programación informática,NG SOFTWARE SERVICES SAS,S/D,JOSE BATLLE Y ORDOÑEZ 1359,CANELONES,099302210,escritorio@barindelli.com.uy,S/D,2024-06-12
Vencido,170155690016,96090,Otras actividades de servicios,NOYA HERNANDEZ MARIA ADRIANA NF,S/D,Sin Dato 0,MONTEVIDEO,S/D,bosquenatural.luis@gmail.com,S/D,2020-05-27
Vencido,217612550017,13130,Acabado de productos textiles,MUNDO KIT SRL,Mkgroup,Sitio Grande  1327,MONTEVIDEO,22003260,mkgraf@mkgraf.com.uy,S/D,2021-02-17
Vencido,214220540015,11040,Elaboración de bebidas no alcohólicas,VENYLUR S A,venylur,CALLE 5 5111,CANELONES,26839660,venylur@gmail.com,S/D,2020-05-27
Vencido,216253640015,15120,"Fabricación de maletas, bolsos de mano, y artículos de talabaartería y guarnicionería",HEMISTERN SOCIEDAD ANONIMA,GIAFATTO,SANTA LUCIA 4024,MONTEVIDEO,23048906,servio76.ss@gmail.com,www.giafatto.com.uy,2020-05-27
Vencido,217584420010,47212,Comercio al por menor de carne y menudencias,SELIDAR SOCIEDAD ANONIMA,S/D,COSTANERA 0,CANELONES,26813030,egozcue@adinet.com.uy,S/D,2020-05-27
Vencido,212146620018,25910,"Forja, prensado, estampado y laminado de metales",TORNERIA EL SOL S R L,S/D,CARLOS M. RAMIREZ 94,MONTEVIDEO,23086619,estudio.calc@adinet.com.uy,S/D,2020-05-27
Vencido,213163440012,10500,Elaboración de productos lácteos,FARMING S R L,FARMING SRL,"LAZAGUE, ESTEBAN 963",COLONIA,29290484,ventas@farming.com.uy,www.farming.com.uy,2020-05-27
Vencido,218220600010,62010,Actividades de programación informática,RODRIGUEZ RINALDI ANA INES,S/D,ANDES 1412,MONTEVIDEO,099878713,ops@akipotel.com,S/D,2020-05-27
Vencido,210309870011,17090,Fabricación de otros artículos del papel y cartón n.c.p.,IMPRESORA DE CINTAS SOCIEDAD ANONIMA,IMPRESORA DE CINTAS S A,"FLORES, GRAL. 3422",MONTEVIDEO,22087459,comercial@impresoradecintas.com.uy,www.impresoradecintas.com.uy,2021-07-27
Vencido,210150190018,31001,Fabricación de muebles de madera,PORTO RAMOS JUAN,Porto y Cia.,S/D,S/D,S/D,montevideo@porto.com.uy,www.porto.com.uy,2020-05-27
Vencido,210297670018,10611,Elaboración de productos de molinería de arroz y elaboración de aceite de arroz,COOPAR S.A.,COOPAR SA,S/D,S/D,S/D,clopez@coopar.com.uy,S/D,2023-08-03
Vencido,216155590013,62010,Actividades de programación informática,ECOVIT S A,Ingenious Softworks,Plaza Cagancha 1335,MONTEVIDEO,094100332,info@ingsw.com,www.ingsw.com,2022-12-06
Vencido,210218980019,10710,Elaboración de productos de panadería,LOPEZ Y PARDIÑAS LTDA,LOPEZ Y PARDIÑAS LTDA,CANELONES 1949,MONTEVIDEO,24801718,maria@bachini.com.uy,S/D,2020-05-27
Vencido,214234140014,10711,"Elaboración de pan, productos panificados en forma tradicional",CASTRO Y QUINTELA S R L,La Miel de la vida,SORIANO 1127,MONTEVIDEO,29018547,nancygbc@adinet.com.uy,S/D,2020-05-27
Vencido,211168880014,10710,Elaboración de productos de panadería,LA MACARENA LTDA,CONFITERÍA MACARENA,"RAMIREZ, DR. CARLOS MARIA 34",MONTEVIDEO,23094007,sin@datos.nop,S/D,2020-05-27
Vencido,180220420011,33000,Reparación e instalación de la maquinaria y equipo,SAPOSCO S.R.L.,SAPOSCO,COLON 945,SORIANO,098979783,martinhd9@hotmail.com,S/D,2020-05-27
Vencido,214216840018,16102,"Aserrado, cepillado y trabajo a máquina de la madera.",VERYSUD S A,VERYSUD SA,AV.GRAL SARAVIA 4710,MALDONADO,42222398,roverano@roverano.com.uy,S/D,2020-05-27
Vencido,215184820015,33000,Reparación e instalación de la maquinaria y equipo,BINFOX S A,IT GROUP,MARCELINO SOSA 2080,MONTEVIDEO,29240955,sfernandez@itgroup.com.uy,S/D,2020-05-27
Vencido,216437750018,62020,Actividades de consultoría informática y actividades de administración de medios informáticos,SISTEMAS GLOBALES URUGUAY SA,S/D,Paraguay 2141,MONTEVIDEO,29272270,sol.berenguer@globant.com,S/D,2022-10-21
Vencido,211210000013,20220,"Fabricación de pinturas, barnices y productos de revestimiento similares, tintas de imprenta y masillas",CATER S A,ACRIMAX PINTURAS,EDUARDO PONDAL 1068,MONTEVIDEO,23597575,acastro@acrimaxpinturas.com.uy,www.acrimaxpinturas.com.uy,2020-05-27
Vencido,218179720010,14109,Fabricación de otras prendas de vestir n.c.p. y accesorios,LOPEZ FORRISI SILVIA ESTELA Y LOPEZ FORRISSI FLAVIA BEATRIZ,S/D,MILLAN 2601,MONTEVIDEO,092938585,brunofalero@gmail.com,S/D,2021-03-10
Vencido,214919390016,62010,Actividades de programación informática,SINAPSIS SRL,S/D,BUENOS AIRES 484,MONTEVIDEO,29150597,contacto@sinapsis.com.uy,www.sinapsis.com.uy,2022-10-06
Vencido,214594040011,10790,Elaboración de otros productos alimenticios,SWETY S A,NIKITOS,"MURGIONDO, PRUDENCIO 5640",MONTEVIDEO,25220123,sin@datos.nop,S/D,2020-05-27
Vencido,216475130013,10800,Elaboración de alimentos preparados para animales,RIELOMAR SOCIEDAD ANONIMA,S/D,S/D,SAN JOSÉ,43405042,agropecuarias@laspiedrascarnes.com.uy,S/D,2022-11-01
Vencido,211355400012,10711,"Elaboración de pan, productos panificados en forma tradicional",ALMAR LTDA,Almar,PEREZ CASTELLANO 1522,MONTEVIDEO,29156357,sueldos@cipu.org,S/D,2020-05-27
Vencido,212364880011,24100,Industrias básicas de hierro y acero,TUBACERO S A,TUBACERO SA,"RAIZ, CORONEL 949",MONTEVIDEO,23543300,info@tubacero.com.uy,www.tubacero.com.uy,2022-12-02
Vencido,217751720019,62010,Actividades de programación informática,GONZALEZ MARTINEZ ALVARO,S/D,COLONIA 1569,MONTEVIDEO,099573333,alvarogonzalez.mail@gmail.com,S/D,2020-05-27
Vencido,210421230010,25990,Fabricación de otros productos elaborados de metal n.c.p.,IFME S A,IFME S A,MAIPU 1768,MONTEVIDEO,24813761,ifme@adinet.com.uy,S/D,2020-05-27
Vencido,190322690015,62010,Actividades de programación informática,EL FOQUE SAS,S/D,El Trinquete S/N,MALDONADO,092787805,el.foque.sas@gmail.com,S/D,2022-11-09
Vencido,020366340012,63110,"Procesamiento de datos, hospedaje y actividades conexas",ZINFRA LTDA.,Zinfra Ltda.,Maracaná 1106,CANELONES,099640046,zinfra@gmail.com,S/D,2022-05-17
Vencido,210150270011,10730,"Elaboración de cacao, chocolate y confites",MU MU S A,MU MU SA,"LABANDEIRA, DR. FCO. 3429",MONTEVIDEO,22033190,mumusa@adinet.com.uy,S/D,2020-05-27
Vencido,217163520019,1907,Actividades no bien especificadas,QUADRELLI SANCHEZ ROBERTO Y SANCHEZ SORDELLI MARIA ISABEL,Instituto de Genética Médica,Bv. Artigas 1632,MONTEVIDEO,24875050,info@geneticamedica.com.uy,www.geneticamedica.com.uy,1900-01-01
Vencido,211455060019,25910,"Forja, prensado, estampado y laminado de metales",ENTILAN SOCIEDAD ANONIMA,ENTILAN SA,VENTE DE FEBRERO 2212,MONTEVIDEO,25067353,entilansa2010@hotmail.com,WWW.ENTILAN.COM,2022-11-14
Vencido,218735210018,71103,Servicios de ingeniería,ZENI BELLA JUAN ANDRES,S/D,Avda Sarmiento 2414,MONTEVIDEO,099041285,mn.burghi@moove-it.com,S/D,2022-06-14
Vencido,210767220013,23990,Fabricación de otros productos minerales no metálicos n.c.p.,ASFALKOTE PENNSYLVANIA SOCIEDAD ANONIMA,ASFALKOTE PENNSYLVANIA SA,S/D,S/D,S/D,info@asfalkote.com,www.asfalkote.com,2020-09-10
Vencido,080142510015,10711,"Elaboración de pan, productos panificados en forma tradicional",DA SILVA MARTINEZ ANIBAL RUBEN,San Isidro,SAN ISIDRO 0,CANELONES,23649665,sueldos@cipu.org,S/D,2020-05-27
Vencido,070234670011,10711,"Elaboración de pan, productos panificados en forma tradicional",DE LOS SANTOS GONZALEZ ALVARO MARTIN,ALVARO DE LOS SANTOS,Dionisio Díaz 1566,FLORIDA,098075783,alvarodelossantos750@gmail.com,S/D,2021-01-12
Vencido,214548230016,58130,"Publicación de periódicos, diarios y revistas",CARRERA OLIVERA EDUARDO MARVIL,JUDICIAL AL DIA,Héctor Gutiérrez Ruiz  1140,MONTEVIDEO,29017704,jusaldia@adinet.com.uy,S/D,2021-04-13
Vencido,216889270014,47410,"Comercio al por menor de computadoras, unidades periféricas, equipo de software y telecomunicaciones",TURNOTEC S.A.S.,TURNOTEC S.A.S.,DE ANCA SANTIAGO 1377 1377,MONTEVIDEO,24093906,SECRETARIA@ZORKRAUT.COM,S/D,2023-03-31
Vencido,217099400011,33200,Instalación de maquinaria y equipo industrial,BONABEN AT SRL,ATBONAVOGLIA CALEFACCION,Gonzalo Ramirez 1634,MONTEVIDEO,24110273,info@atbonavoglia.com,S/D,2021-03-11
Vencido,217343490010,30110,Construcción de buques y estructuras flotantes,CANOTOWN SOCIEDAD ANONIMA,Canotown,S/D,S/D,S/D,canotown@canotown.com.uy,www.canotown.com.uy,2022-11-22
Vencido,030057390012,10120,Elaboración de fiambres y chacinados,ELIAS GOMEZ LIMITADA,CHACINERIA LITO GOMEZ,DEL PILAR 437,CERRO LARGO,46422915,administracion@litogomez.com.uy,www.litogomez.com.uy,2022-02-21
Vencido,219149580014,62020,Actividades de consultoría informática y actividades de administración de medios informáticos,IQSOFT SAS,S/D,18 de Julio 1296,MONTEVIDEO,29030797,fpaez@mitraconsultores.uy,S/D,2022-12-29
Vencido,217546210012,62010,Actividades de programación informática,LERENA GONZALEZ AVELINO MATIAS,LERENA GONZALEZ AVELINO MATIAS,CLARA 4503,MONTEVIDEO,42136792,ops@akipotel.com,S/D,2020-05-27
Vencido,214607010013,31001,Fabricación de muebles de madera,LOSADA LOPEZ LUIS,CARPINTERIA LOSADA,Camino Corrales 4090,MONTEVIDEO,22154319,lulosadalo@hotmail.com,S/D,2021-05-12
Vencido,215293160016,10800,Elaboración de alimentos preparados para animales,NUTRISUR SA,NUTRISUR S.A.,GENERAL OSVALDO RODRIGUEZ 7622,MONTEVIDEO,23208287,nutrisur@adinet.com.uy,www.nutrisur.com.uy,2020-05-27
Vencido,218451740012,62010,Actividades de programación informática,BESOZZI CERCHI MATIAS,S/D,SANTIAGO DE CHILE 1336,MONTEVIDEO,098803762,ops@akipotel.com,S/D,2020-05-27
Vencido,218547060012,62010,Actividades de programación informática,GHIONE DA ROSA IGNACIO JORGE,S/D,José G. Artigas 0,CANELONES,24070000,info@segalerba.com.uy,S/D,2020-08-07
Vencido,160196840015,56109,"Otros servicios de comida n.c.p. (carros móviles de suministro de comidas, etc.)",SENISA BELLAGAMBA MARTIN SEBASTIAN,ChivitosPro,S/D,S/D,S/D,contacto@chivitospro.com,S/D,2022-12-13
Vencido,215389740013,20231,"Fabricación de jabones, detergentes y preparados de limpieza",LIFENIR SOCIEDAD ANONIMA,Laboratorio MediQ,JUSTICIA 2069,MONTEVIDEO,24003020,Info@mediq.com.uy,www.mediq.com.uy,2024-09-02
Vencido,210661500012,52100,Depósito y almacenaje,ONDIL S A,Ondil S.A.,S/D,S/D,S/D,mfantin@nirea.com.uy,S/D,2020-05-27
Vencido,211198350013,10710,Elaboración de productos de panadería,MEDIALUNAS GUICHON S R L,MEDIALUNAS GUICHON SRL,"FRUGONI, DR. EMILIO 1284",MONTEVIDEO,24097941,panaderiaguichon@hotmail.com,S/D,2020-05-27
Vencido,213408890015,10110,Matanza de ganado y otros animales (excepto aves) conservación y preparación de sus carnes,COLTIREY S.A.,COLTIREY S.A.,"PEREZ, LUIS EDUARDO 960",MONTEVIDEO,29014414,sin@datos.nop,S/D,2020-05-27
Vencido,214614300013,11040,Elaboración de bebidas no alcohólicas,NOBELMOR S A,NOBELMOR SA,GENERAL BR ARTIGAS 0,SAN JOSÉ,43455133,nobelmor@adinet.com.uy,S/D,2020-05-27
Vencido,213630100017,25990,Fabricación de otros productos elaborados de metal n.c.p.,DETIZEL S.A.,DETIZEL S.A.,ITUZAINGO 2124,PAYSANDÚ,47223621,detizel@detizel.com.uy,S/D,2020-05-27
Vencido,215050000013,20290,Fabricación de otros productos químicos n.c.p.,DEZENUR S.A,S/D,Simon Bolivar 1279,PAYSANDÚ,47237688,laboratoriodezenur@gmail.com,https://www.laboratoriodezenur.com.uy/,2023-06-21
Vencido,010045630019,10611,Elaboración de productos de molinería de arroz y elaboración de aceite de arroz,ARROCERA ARTIGUENSE AGRO-INDUSTRIAL LIMITADA,ARROCERA ARTIGUENSE AGRO INDUSTRIA LTDA,"CHEVESTE, ANDRES 417",ARTIGAS,47731409,arroceraartiguense@adinet.com.uy,S/D,2020-05-27
Vencido,120290270015,25110,Fabricación de productos metálicos para uso estructural,METALES PROCESADOS S.R.L.,Metales Procesados,JOAQUN SUAREZ 1002,PAYSANDÚ,099973939,fempay@fempay.com,S/D,2020-05-27
Vencido,216532440012,43210,Instalación eléctrica y de comunicaciones,NG-ENERGIA S.R.L.,NG-ENERGIA SRL,EJIDO 1245,MONTEVIDEO,29005081,estudiogialand@gmail.com,S/D,2020-05-27
Vencido,216696220015,33200,Instalación de maquinaria y equipo industrial,GUALTIERI URIOSTE EDUARDO,EDUARDO GUALTIERI URIOSTE,ARTURO RECALDE 1160,MONTEVIDEO,099620982,eduardo.gualtieri@adinet.com.uy,S/D,2021-04-05
Vencido,070135330018,31001,Fabricación de muebles de madera,DOLARA SANTANA LEONARDO ARIEL,LEONARDO DOLARA,S/D,S/D,S/D,leonardodolara@gmail.com,S/D,2024-06-26
Vencido,214405880017,22201,Fabricación de productos de plástico para la construcción,BERLISUR S A,BERLISUR S.A.,DE LAS INSTRUCCIONES 3450,MONTEVIDEO,22273357,contablecj@gmail.com,S/D,2023-11-30
Vencido,213969630012,62010,Actividades de programación informática,ALTASUR S.A.,S/D,OFIUCO 20,MALDONADO,42269323,contacto@altasur.com.uy,S/D,2022-10-21
Vencido,216001130012,62010,Actividades de programación informática,DATADIS SOCIEDAD ANONIMA,S/D,CHUCARRO 1110,MONTEVIDEO,27052522,miguelg@truck.com.uy,www.e2T.uy,2020-05-27
Vencido,210073410012,15110,Curtido y adobo de cueros,PAYCUEROS S A,S/D,S/D,S/D,S/D,fabraedi@sadesa.com,www.paycueros.com,2024-06-11
Vencido,080011100018,11020,Elaboración de vinos,CIRLON S A,VIÑA VARELA ZARRANZ,S/D,S/D,S/D,info@varelazarranz.com,www.varelazarranz.com,2022-10-28
Vencido,180209760014,10749,Elaboración de pastas frescas,LACEROT MACIEL JOSE PABLO,LA EXCELENCIA,SANCHEZ 1,SORIANO,45322973,lacerotpablo@gmail.com,S/D,2021-03-23
Vencido,215921570016,62010,Actividades de programación informática,CARPENA QUINTANA NICOLAS,S/D,ALEJANDRO CHUCARRO 1245,MONTEVIDEO,099695436,ncarpena@gmail.com,S/D,2022-12-14
Vencido,210235730017,10710,Elaboración de productos de panadería,PANADERIA VEINTIUNO DE SETIEMBRE S R L,PANADERIA 21 DE SETIEMBRE SRL,21 DE SETIEMBRE 2496,MONTEVIDEO,27105314,antonio.kodjayan@hotmail.com,S/D,2020-05-27
Vencido,219381770013,62010,Actividades de programación informática,SEBANTEC SAS EN FORMACION,SEBANTEC,Av Uruguay 0,CANELONES,099136646,lbuenahoranoguiera@gmail.com,S/D,2023-03-13
Vencido,160266100015,13910,Fabricación de tejidos y tela de punto (Crochet o Ganchillo),PEREIRA PANISSA ANALIA,Mandinga,Berro 1245,MONTEVIDEO,099025934,Lucianapereira.p@gmail.com,www.mandinga.com.uy,2024-06-14
Vencido,211778870012,11010,"Destilación, rectificación y mezcla de bebidas alcohólicas",LICOGIN S R L,S/D,defensa 2022,MONTEVIDEO,24002860,licogin@adinet.com.uy,licoresuruguayos.com.uy,2021-06-23
Vencido,214294310013,46692,Comercio al por mayor de fertilizantes y agroquímicos,BRILLO CERA SUDAMERICANA SOCIEDAD ANONIMA,BRILLOCERA SUDAMERICANA S.A.,CAMINO FRANCISCO LECOCQ 1241,MONTEVIDEO,23201221,ENZUR@ENZUR.COM,S/D,2023-05-30
Vencido,216167900012,16220,Fabricación de partes y piezas de carpintería para edificios y construcciones,IFICAR S A,CARPINTERIA FASA,ZARAGOZA 1873,MONTEVIDEO,26199025,fasa@netgate.com.uy,www.fasa.com.uy,2022-10-20
Vencido,212244690010,21000,"Fabricación de productos farmacéuticos, sustancias químicas medicinales y de productos botánicos.",ENTOX S R L,ENTOX S.R.L.,JULIO HERRERA Y OBES 1316 3670,MONTEVIDEO,29001133,entox@entox.com.uy,www.entox.com.uy/,2020-05-27
Vencido,020027110014,25900,Fabricación de otros productos elaborados de metal,DAMIAN DAMIANO WALTER ANTONIO,METALURGICA DAMIAN,S/D,CANELONES,43324764,silferrari@adinet.com.uy,S/D,2020-05-27
Vencido,214616520010,24100,Industrias básicas de hierro y acero,BRONALCO SOCIEDAD ANONIMA,BRONALCO SA,"BATLLE BERRES, LUIS 7340",MONTEVIDEO,23122500,bronalcosa@adinet.com.uy,www.bronalco.com/,2020-05-27
Vencido,200054690016,42900,Construcción de otros proyectos de ingeniería civil,ARCADA S.R.L.,S/D,MANUEL MELENDEZ 1310,TREINTA Y TRES,44522886,tallerdifilippo@adinet.com.uy,S/D,2020-05-27
Vencido,100815360017,62090,Otras actividades de tecnología de información y servicio de computadoras,URULINKEN URUGUAY S.A.S,S/D,Rbla Williman 001,MALDONADO,42490906,info@asesoria21.com,S/D,2022-12-26
Vencido,215492050016,22202,Fabricación de laminados planos y tubulares de materiales plásticos,BONSET LATIN AMERICA SA,BONSET LATIN AMERICA S.A.,EL GALLO SN,CANELONES,22889033,administracion@bla.com.uy,S/D,2023-01-09
Vencido,215505290015,82200,Actividades de centros de llamados,ENATUR SOCIEDAD ANONIMA,Comunicaciones del sur,Mercedes 1221,MONTEVIDEO,29030609,gerencia@comunicacionesdelsur.com,www.comunicacionesdelsur.com,2022-12-13
Vencido,218369080012,62020,Actividades de consultoría informática y actividades de administración de medios informáticos,SISTEMAS COMERCIALES SRL,SISCOM,Ejido 1217,MONTEVIDEO,099127613,alejandro.casaretto@siscom.uy,www.siscom.uy,2022-12-08
Vencido,215537840010,25921,Talleres de tornería,MEDINOVA LTDA,Medinova,MANUEL LANDEIRA 3429 2100,MONTEVIDEO,22099379,medinova@vera.com.uy,S/D,2020-05-27
Vencido,216050710019,16220,Fabricación de partes y piezas de carpintería para edificios y construcciones,DECIFER S.A.,DECIFER S.A.,BV ESPAÑA 2811,MONTEVIDEO,097345175,info@siccardi.com,S/D,2023-08-23
Vencido,040104840012,10120,Elaboración de fiambres y chacinados,SUCESORES DE ALCIDES GAONA LTDA.,SUCESORES DE ALCIDES GAONA LTDA.,20 0,COLONIA,45862387,dacelmar@adinet.com.uy,S/D,2020-05-27
Vencido,217618970018,25910,"Forja, prensado, estampado y laminado de metales",BARZELLI SALDIVIA KEVIN SERGIO,S/D,RAMON TABAREZ 4398,MONTEVIDEO,095071162,estudio.calc@adinet.com.uy,S/D,2020-05-27
Vencido,213962890019,16290,Fabricación de otros productos de madera,CLARK SCHETTINI GEORGE,S/D,Santa Elena 0,CANELONES,099219584,gclark@adinet.com.uy,S/D,2021-05-10
Vencido,217603990018,10501,Elaboración de productos lácteos en general,CORFUSOL S.A,S/D,IBIRAPITA 1383,COLONIA,099804515,estudioecilda1@gmail.com,S/D,2020-05-27
Vencido,218128620019,62010,Actividades de programación informática,MASNé MARINI PABLO MATÍAS,S/D,CHANA 2293,MONTEVIDEO,24070000,INFO@SEGALERBA.COM.UY,S/D,2020-05-27
Vencido,217490330018,62010,Actividades de programación informática,DIVALLEY S.A.,S/D,ANTONIO D COSTA 3472,MONTEVIDEO,26283787,ariel.zilli@gmail.com,S/D,2022-10-19
Vencido,213906870016,63110,"Procesamiento de datos, hospedaje y actividades conexas",CREARTE LTDA,Crearte comunicación,BARREIRO MIGUEL 3173,MONTEVIDEO,27058393,florenciabu2@gmail.com,www.crearte.com.uy,2023-03-16
Vencido,214235150013,62010,Actividades de programación informática,BENTANCOUR SOLE GERARDO ANDRES,BENTANCOUR SOLE GERARDO ANDRES,MIAMI 0,CANELONES,099383552,gbentanc@genexusconsulting.com,S/D,2022-12-06
Vencido,213417370010,10711,"Elaboración de pan, productos panificados en forma tradicional",NIPAREL S A,La Stampa,EDUARDO V. HAEDO 2343,MONTEVIDEO,24098299,panaderialastampa@gmail.com,S/D,2020-05-27
Vencido,211259230012,25999,Fabricación de otros productos de metal n.c.p.,CORAL SOL S.A.,BLASON,DURAN 4736,MONTEVIDEO,23208558,estufasblason@gmail.com,www.estufasblason.com,2020-05-27
Vencido,020019720011,10300,Procesamiento y conservación de frutas y vegetales,VISCARDI Y ALVAREZ S.R.L.,VISCARDI Y ALVAREZ S.R.L.,"RIVERA, BRIG. GRAL. FRUCTUOSO 0",CANELONES,43322150,graindfrut@adinet.com.uy,S/D,2020-05-27
Vencido,214172500012,10720,Elaboración de azúcar,ALCOHOLES DEL URUGUAY S A,ALCOHOLES DEL URUGUAY SA,DOROTEO ENCISO 585,MONTEVIDEO,23090246,contacto@alur.com.uy,www.alur.com.uy,2020-05-27
Vencido,215368620019,33120,Reparación de maquinaria,TECNOBLET S A,TECNOBLET SA,"PARQUE INDUSTRIAL JUAN LACAZE, JOSÂ SALVO 99",COLONIA,99521109,tecnoblet@adinet.com.uy,S/D,2020-05-27
Vencido,210585580014,14300,Fabricación de prendas de tejidos de punto y ganchillo,TWINS S A,TWINS SA,"TERRA, DR. JOSE L. 2526",MONTEVIDEO,22037800,twins@twins.com.uy,www.twins.com.uy,2020-05-27
Vencido,212672170015,20231,"Fabricación de jabones, detergentes y preparados de limpieza",MAKISUR S A,ULTRAWASH,CORNEILLE 4217,MONTEVIDEO,23550000,eduardo@ultrawash.com.uy,www.ultrawash.com.uy,2020-05-27
Vencido,216131390014,25110,Fabricación de productos metálicos para uso estructural,FERRARI LACAZ LEONARDO ANDRES,S/D,MAZARINO 6909,MONTEVIDEO,099141555,lferrari@leferr.uy,S/D,2024-06-12
Vencido,211403260017,14100,"Fabricación de prendas de vestir, excepto prendas de piel",DISISSA S.R.L.,DISISSA SRL,"DE HERRERA, DR. LUIS ALBERTO 3870",MONTEVIDEO,22002990,disissa@adinet.com.uy,S/D,2020-05-27
Vencido,217739600017,62010,Actividades de programación informática,IRIBAR EGURES CARLOS MANUEL,S/D,RIO NEGRO 1370,MONTEVIDEO,095663622,ops@akipotel.com,S/D,2020-05-27
Vencido,215111770018,22203,Fabricación de productos de plástico moldeado,"CAPURRO LOZANO DARIO JULIO, WILSON GRILLO FABIAN Y OTROS",S/D,CAMINO COLMAN 5215,MONTEVIDEO,22006684,atcconsultores@adinet.com.uy,S/D,2021-04-29
Vencido,211918480017,10712,Elaboración de productos de confitería,PANADERIA MILLAN Y RAFFO LIMITADA,MILLAN Y RAFFO,MILLAN 4486,MONTEVIDEO,23597518,sueldos@estudiobmo.com.uy,S/D,2022-10-12
Vencido,211439740019,25110,Fabricación de productos metálicos para uso estructural,CECIMUR S A,WA CECIMUR,S/D,S/D,S/D,fernando.ginesta@wa.com.uy,www.wa.com.uy,2023-01-12
Vencido,218234350011,33110,Reparación de productos elaborados de metal,JUSDER S.A,S/D,AV. DE LAS AMERICAS 8008,CANELONES,094817711,bposes@empoweruy.com,S/D,2022-02-18
Vencido,210116710012,10619,"Elaboración de otros productos de molinería de cereales, excepto del arroz y trigo",CERCIDO LOPEZ Y CIA S A,MOLINO GUIDO,"FLORES, GRAL. 3127",MONTEVIDEO,22035247,ventas@molinoguido.com.uy,www.molinoguido.com.uy/,2022-10-19
Vencido,219708570015,1133,Cultivo de papa,MORALES OCAMPO ANDRES,Andrés,Mercedes 1041,S/D,095000125,moralesocampoandres@gmail.com,www.google.com,2025-11-04
Vencido,215086100018,15120,"Fabricación de maletas, bolsos de mano, y artículos de talabaartería y guarnicionería",BLACK LEADER FACTORY S R L,BLACK LEADER FACTORY SRL,SITIO GRANDE 1335,MONTEVIDEO,22094189,sin@datos.nop,S/D,2020-05-27
Vencido,214492400019,96090,Otras actividades de servicios,CERLISOL S A,S/D,Sin Dato 0,MONTEVIDEO,S/D,flibra@adinet.com.uy,S/D,2020-05-27
Vencido,211746960016,11020,Elaboración de vinos,TOMASI LTDA.,VINOS TOMASI,PAJAS BLANCAS 7415,MONTEVIDEO,23118293,vinostomasi@adinet.com.uy,S/D,2020-05-27
Vencido,214343290017,46510,"Comercio al por mayor de computadoras, equipo informático periférico y programas informáticos",FIBASE S R L,S/D,Palmar 2498,MONTEVIDEO,27094245,info@fibase.com,www.fibase.com,2023-01-12
Vencido,215338880012,10120,Elaboración de fiambres y chacinados,GAFIMAX SOCIEDAD ANONIMA,Olivos de las Animas,Charles Darwin S/N,MALDONADO,094444035,Marcelo.ortega@olivosdelasanimas.com.uy,Www.olivosdelasanimas.com.uy,2023-07-25
Vencido,040005970015,10501,Elaboración de productos lácteos en general,GRANJA PINEROLO S A,GRANJA PINEROLO S.A.,PEDRO BOUNOUS S/N,COLONIA,45863023,pinerolo@pinerolo.com.uy,pinerolo.com.uy,2022-08-30
Vencido,210312150016,1140,Cultivo de caña de azúcar,MAUDAN LTDA,MAUDAN LTDA,NICARAGUA 1472,MONTEVIDEO,29247094,Maudanltda@vera.com.uy,S/D,2020-05-27
Vencido,200148830016,10800,Elaboración de alimentos preparados para animales,GANADERA SANTA MARIA LIMITADA,RINCON Agroindustrial,Sin Dato 0,TREINTA Y TRES,44508421,christianolascuaga@hotmail.com,S/D,2020-05-27
Vencido,120112420010,10711,"Elaboración de pan, productos panificados en forma tradicional",PANAFICADORA TRES ESPIGAS S R L,panificadora tres espigas,URUGUAY 1087,PAYSANDÚ,47222881,estlap1@gmail.com,S/D,2020-05-27
Vencido,211519860010,14101,"Fabricación de prendas de vestir exteriores, excepto prendas de piel",PERLEI LTDA.,PERLEI LTDA,"DE MARIA, DR. PABLO 1449",MONTEVIDEO,24001546,administracion@perlei.com.uy,S/D,2022-11-14
Vencido,218052530014,62010,Actividades de programación informática,TORTEROLO RIVERA FERNANDO DARIO,S/D,FAUQUET 7902,MONTEVIDEO,095147775,ops@akipotel.com,S/D,2020-05-27
Vencido,218975450013,46633,"Comercio al por mayor de pinturas, barnices, papel de empapelar y revestimiento de pisos",DALE COLOR PINTURAS SAS,DALE COLOR PINTURAS,S/D,S/D,S/D,dalecolorpinturas@gmail.com,S/D,2024-03-05
Vencido,210308350014,10120,Elaboración de fiambres y chacinados,FRIGORIFICO CENTENARIO S.A.,FRIGORIFICO CENTENARIO S.A.,PESARO 3043,MONTEVIDEO,25088580,centenario@centenario.net.uy,www.centenario.net.uy,2020-05-27
Vencido,216151930014,11020,Elaboración de vinos,TICIGAL S.A,VINOS LUGANO,S/D,CANELONES,43320560,estudiosilva2002@gmail.com,S/D,2022-10-24
Vencido,217388860011,33120,Reparación de maquinaria,TECNOM S.A.,Todo Taller,HAITI 1500,MONTEVIDEO,23143985,tecnomsa2014@gmail.com,S/D,2022-10-19
Vencido,211007130013,46309,Comercio al por mayor de otros alimentos y bebidas,ANTROFER SOCIEDAD COLECTIVA,ANTROFER,DR. CARLOS NERY 3433,MONTEVIDEO,25141753,xestudio@adinet.com.uy,S/D,2020-05-27
Vencido,210139570012,18110,Actividades de impresión,LAGOMARSINO S A,LAGOMARSINO SA,"GALLINAL, DR. ALEJANDRO 2024",MONTEVIDEO,26194702,paola@lagomarsino.com.uy,S/D,2020-05-27
Vencido,218004820016,71103,Servicios de ingeniería,COSTA MARSICANO JOSE IGNACIO,S/D,BLANCA DEL TABARÉ 2927,MONTEVIDEO,24070000,INFO@SEGALERBA.COM.UY,S/D,2024-07-30
Vencido,214179590017,26300,Fabricación de equipos de comunicaciones,HUNTERPRO S A,HUNTERPRO SA,"GALLINAL, DR. ALEJANDRO 1649",MONTEVIDEO,26139149,info@hunterpro.com,www.hunterpro.com.tw,2020-05-27
Vencido,070222500019,32500,Fabricación de instrumentos y suministros médicos y dentales,ALVAREZ TALMON IVANA FRANCINE,S/D,TULA SUAREZ 1978,COLONIA,099414269,alezoefau@gmail.com,S/D,2020-11-17
Vencido,190137830019,10711,"Elaboración de pan, productos panificados en forma tradicional",FERRARO CURBELO RUBEN GASTON,S/D,RUTA 44 0,TACUAREMBÓ ,46329779,redes@adinet.com.uy,S/D,2020-09-29
Vencido,217178790017,71103,Servicios de ingeniería,RODRIGUEZ BLANCO MARTIN ERNESTO,S/D,FRANCISCO SOCA 1437,MONTEVIDEO,24070000,INFO@SEGALERBA.COM.UY,S/D,2021-05-27
Vencido,217976420012,31001,Fabricación de muebles de madera,DAMIANI MICHELINI ANDRES,MELUNI,JUAN P LAMOLLE 1664,MONTEVIDEO,099956637,info@meluni.com.uy,www.meluni.com.uy,2021-05-07
Vencido,090027460016,10710,Elaboración de productos de panadería,EROLDO SUAREZ E HIJOS,BROCHE DE ORO,AROSTEGUI 392,LAVALLEJA,44428623,victordiaz2017@gmail.com,S/D,2020-05-27
Vencido,216730400017,62010,Actividades de programación informática,PYXTURISMO S.R.L.,PYXTURISMO S.R.L.,RAMBLA RPCA. DE CHILE 4507,MONTEVIDEO,27089002,finance.pyxis@mfa.com.uy,S/D,2020-05-27
Vencido,210001170015,10790,Elaboración de otros productos alimenticios,YERBATERA CAMPEON S A,YERBATERA CAMPEON SA,SAN FRUCTUOSO 999,MONTEVIDEO,22034997,ycampeon@adinet.com.uy,S/D,2020-05-27
Vencido,216319400017,27100,"Fabricación de motores eléctricos, generadores, transformadores eléctricos, distribución de la electricidad y aparato del control.",OLANSA SRL,OLANSA SRL,"SAN MARTIN, GRAL. 2449",MONTEVIDEO,22032499,info@olansareparaciones.com,www.olansareparaciones.com,2020-05-27
Vencido,214578370010,47525,Comercio al por menor de materiales eléctricos y de conducción eléctrica,ASATUL S A,S/D,OSVALDO RODRIGUEZ 4755,MONTEVIDEO,22275931,ASATUL@ASATUL.COM,S/D,2023-07-17
Vencido,214310480011,25931,Fabricación de herrajes y cerraduras,DEMILUX S A,LA CASA DEL HERRAJE,CONSTITUYENTE 1771,MONTEVIDEO,24017034,herrajes@gmail.com,S/D,2020-05-27
Vencido,110075920011,28210,Fabricación de maquinaria agropecuaria y forestal,LACAMPAÑA FLORES ANGEL,Angel Lacampa¤a,RUTA 8 29,CANELONES,22885451,agropando@hotmail.com,S/D,2020-05-27
Vencido,216907830012,22209,Fabricación de otros productos de plástico n.c.p.,VELCROINDUSTRIAL DEL URUGUAY SA,S/D,S/D,CANELONES,22880008,ctorterolo@velcro.com,S/D,2022-11-03
Vencido,216596630017,10750,Elaboración de comidas y platos preparados,BARBARO S S.R.L.,BARBARO S SRL,"RIVERA, GRAL. 1915",MONTEVIDEO,24084252,hugobarbaro@gmail.com,S/D,2020-05-27
Vencido,218437790016,62010,Actividades de programación informática,PEREIRA MACHADO PABLO CRISTIANO,S/D,18 DE JULIO 1220,MONTEVIDEO,093388819,ops@akipotel.com,S/D,2020-05-27
Vencido,211201800010,82920,Actividades de embalaje,DISYERMA LTDA,disyerma ltda.,CALLE PENSAMIENTO 68,CANELONES,26828833,disyerma@adinet.com.uy,S/D,2020-05-27
Vencido,215473090016,25110,Fabricación de productos metálicos para uso estructural,BARBOZA GULARTE LUIS ALEJANDRO,BARBOZA GULARTE LUIS ALEJANDRO,RODRIGUEZ SENEN M 4645,MONTEVIDEO,24085583,elherreroylamuerte@hormail.com,S/D,2021-05-20
Vencido,215268490016,14101,"Fabricación de prendas de vestir exteriores, excepto prendas de piel",RIBAK SA,S/D,GERARDO GRASSO 2678,MONTEVIDEO,24864331,inforibaksa@gmail.com,S/D,2020-05-27
Vencido,020596980013,62010,Actividades de programación informática,GLOBAL SOFTWARE SOLUTIONS SAS EN FORMACIÓN,S/D,Jose Batlle y Ordoñez 1359,CANELONES,099302210,escritorio@barindelli.com.uy,S/D,2024-10-07
Vencido,180125370010,29200,Fabricación de carrocerías para vehículos automotores,LOPEZ ALMIRON HUGO DANIEL,METALURGICA RODO,Rincon 123,SORIANO,45382095,hugolopezalmiron@hotmail.com,S/D,2022-09-01
Vencido,211822920016,10711,"Elaboración de pan, productos panificados en forma tradicional",PERAL S R L,S/D,JAVIER BARRIOS AMORIN 1385,MONTEVIDEO,29015816,estudiocrgarin@hotmail.com,S/D,2020-05-27
Vencido,214013550015,62010,Actividades de programación informática,WEB2MIL S A,ConectaGames,LUIS ALBERTO DE HERRERA 1052,MONTEVIDEO,26281228,info@web2mil.com.uy,www.conectagames.com,2024-10-17
Vencido,215543290019,62020,Actividades de consultoría informática y actividades de administración de medios informáticos,FIDUNER ZONE SOCIEDAD ANONIMA,Fiduner Zone,Juncal 1392,MONTEVIDEO,29001000,cpa@cpaferrere.com,S/D,2023-03-15
Vencido,040550170013,62010,Actividades de programación informática,AIROLDI SAS,Airoldi SAS,Jose Pedro Varela 532,COLONIA,45220505,cecilila.roland@estudioterrasol.com,S/D,2022-12-09
Vencido,170175590017,25110,Fabricación de productos metálicos para uso estructural,BENTANCUR MORALES NELSON ADRIAN,S/D,TREINTA Y TRES 229,SAN JOSÉ,099234124,rodriguezescritorio@gmail.com,S/D,2022-09-29
Vencido,080138840014,16102,"Aserrado, cepillado y trabajo a máquina de la madera.",LUENGO PEON KARINA,ASERRADERO PROGRESO,S/D,CANELONES,23691110,aserraderoluengo@hotmail.com,www.aserraderoprogreso.com.uy,2022-09-27
Vencido,217177240013,1260,"Cultivo de frutas oleaginosas (ej. coco, aceitunas, etc.)",DI TULLIO ALEJANDRO DANIEL,CHACRA LA ANYTA,SEREGNI 30410,MALDONADO,42497084,contador@peluffoyasociados.com.uy,S/D,2024-05-06
Vencido,150292100011,11030,Elaboración de bebidas malteadas y de malta,VALLET URUGUAY LIMITADA,Cerveza Volcanica,e y 12 sin numero,CANELONES,43728311,cerveza@volcanica.com.uy,www.volcanica.com.uy,2021-08-31
Vencido,212919700019,10611,Elaboración de productos de molinería de arroz y elaboración de aceite de arroz,GLENCORE S A,GLENCORE SA,S/D,S/D,S/D,rice.uruguay@glencore.com,S/D,2020-05-27
Vencido,212397880010,23100,Fabricación de vidrio y de productos de vidrio,FABRICA DE ENVASES DE VIDRIO S A,FABRICA DE ENVASES DE VIDRIO SA,S/D,S/D,S/D,fev1@adinet.com.uy,S/D,2020-05-27
Vencido,212076200015,10710,Elaboración de productos de panadería,ITALICA S R L,ITALICA,BARROSO 3646,MONTEVIDEO,25089400,blaens@cipu.org,S/D,2020-05-27
Vencido,219084670014,62010,Actividades de programación informática,TERMMED SAS,TERMMED,luis alberto de herrera 1248,MONTEVIDEO,26232326,info@termmed.com,www.termmed.com,2023-05-23
Vencido,215305850017,27100,"Fabricación de motores eléctricos, generadores, transformadores eléctricos, distribución de la electricidad y aparato del control.",VIVION S.A.,VIVION S.A.,EJIDO 1690,MONTEVIDEO,29030314,mgilene@vivioelectric.com,www.vivionelectric.com,2020-05-27
Vencido,211738580013,27400,Fabricación de equipos de iluminación eléctricos,INDUSTRIAS ELDER TAVARES S.A.,INDUSTRIAS ELDER TAVARES SA,OSVALDO RODRIGUEZ 5841,MONTEVIDEO,23200404,ventas@molveno.com.uy,www.molveno.com.uy,2020-05-27
Vencido,217788510018,62010,Actividades de programación informática,CASTRO HERNANDEZ RODRIGO ESTEBAN,CASTRO HERNANDEZ RODRIGO ESTEBAN,NIMES 1681,MONTEVIDEO,097455054,ops@akipotel.com,S/D,2020-05-27
Vencido,212697900017,22200,Fabricación de productos de plástico,CRISTALPET S A,CRISTALPET SA,"GOMEZ, GRAL. SERVANDO 2983",MONTEVIDEO,26007188,rcamarero@cristalpet.com.uy,www.cristalpet.com.uy,2020-05-27
Vencido,214613810018,10710,Elaboración de productos de panadería,DIBEMYR S A,PANADERIA LA NUEVA PAYSANDU,ESPAÑA 1583,PAYSANDÚ,47242632,lanuevapaysandu@gmail.com,S/D,2020-05-27
Vencido,170295950010,25999,Fabricación de otros productos de metal n.c.p.,DAVERI PEREZ MATIAS LENER,S/D,S/D,SAN JOSÉ,43402355,gmaciel1967@gmail.com,S/D,2020-05-27
Vencido,070214330010,25921,Talleres de tornería,PLEGADORA Y METALURGICA FLORIDA LTDA,PLEGADORA Y METALURGICA FLORIDA S.R.L.,27 DE MAYO 3336,FLORIDA,43526862,srava@massons.com.uy,S/D,2024-06-14
Vencido,213965850018,10800,Elaboración de alimentos preparados para animales,ADRELIN S.A.,EL OMBU,S/D,RÍO NEGRO,45607475,gianinadasilva@elombu.com.uy,www.elombu.com.uy,2022-11-24
Vencido,215420680013,62020,Actividades de consultoría informática y actividades de administración de medios informáticos,AS.COM LTDA,AS.COM LTDA,Arturo Prat 3760,MONTEVIDEO,099682356,mcastro@netascom.com,S/D,2023-10-20
Vencido,212948750010,22203,Fabricación de productos de plástico moldeado,MEPA S A,MEPA SA,Carlos Roldán 112,CANELONES,22885810,info@mepaplastic.com,www.mepaplastic.com,2023-08-10
Vencido,216212750010,96090,Otras actividades de servicios,SAUL RODRIGUEZ VALERIA NATALIA,Nani Protecciones,MARCO BRUTO 1419,MONTEVIDEO,27111204,presupuestos@naniprotecciones.com,www.naniprotecciones.com,2020-05-27
Vencido,120009000012,10711,"Elaboración de pan, productos panificados en forma tradicional",CONFITERIA LAS FAMILIAS S A,CONFITERIA LAS FAMILIAS SA,S/D,S/D,S/D,paysandu@postrechaja.com,S/D,2022-04-28
Vencido,210287620018,14100,"Fabricación de prendas de vestir, excepto prendas de piel",VOGUE S A,VOGUE,18 DE JULIO 1467,MONTEVIDEO,24082453,vogue@adinet.com.uy,S/D,2020-05-27
Vencido,120392870011,62020,Actividades de consultoría informática y actividades de administración de medios informáticos,LOYALTY TRADE TECH SAS,LOYALTY TRADE TECH,Pública 1,MALDONADO,42479115,info@loyaltytradetech.com,S/D,2022-11-23
Vencido,219200290014,62020,Actividades de consultoría informática y actividades de administración de medios informáticos,HANAKO SAS,S/D,18 de julio 1296,MONTEVIDEO,29030797,fpaez@mitraconsultores.uy,S/D,2023-01-04
Vencido,215920260013,62010,Actividades de programación informática,SODIO SRL,SODIO,alejandro gallinal 1460,MONTEVIDEO,26140614,lorena@sodio.com.uy,S/D,2022-12-09
Vencido,214225860018,62010,Actividades de programación informática,ECHAVARREN GAMBETTA ANA INES,S/D,FRANCISCO ACUÑA DE FIGUEROA 1771,MONTEVIDEO,29291616,anainese@msn.com,S/D,2020-05-27
Vencido,214413080016,25921,Talleres de tornería,PENEDO IBARRA JUAN PABLO,Metalurgica Penedo,TIMBUES 4086,MONTEVIDEO,22161417,info@indmecpenedo.com,www.indmecpenedo.com,2023-10-20
Vencido,219076340019,62010,Actividades de programación informática,HOLAMUNDO SAS,HOLAMUNDO SAS,Batoví 7939,CANELONES,092350195,brunosmaldonevolpe@gmail.com,S/D,2023-03-17
Vencido,217442560017,74101,Servicios de diseño gráfico,AMEBA CREATIVE STUDIO S.R.L.,AMEBA CREATIVE STUDIO,Ramos 4429 / 106,MONTEVIDEO,099924241,escribime@ameba.com.uy,www.ameba.com.uy,2022-10-06
Vencido,210002620014,10500,Elaboración de productos lácteos,QUESERIA HELVETICA S A,QUESERIA HELVETICA S A,ISLA DE GORRITI 1984,MONTEVIDEO,22096852,susanaweil@hotmail.com,S/D,2020-05-27
Vencido,216455200016,43210,Instalación eléctrica y de comunicaciones,ALEJANDRO PICHNIY S.R.L,ALEJANDRO PICHNIY SRL,JOSE NAZASSI 975,MONTEVIDEO,23127375,gracielatramasagues@hotmail.com,S/D,2020-05-27
Vencido,214807480013,10120,Elaboración de fiambres y chacinados,ALIMEN S R L,S/D,PEDRO DE MENDOZA 8733,MONTEVIDEO,22278100,cdracarballo@gmail.com,S/D,2020-05-27
Vencido,211509550019,10800,Elaboración de alimentos preparados para animales,APROPO S A,APROPO SA,PAYSANDU 0,CANELONES,43152521,sin@datos.nop,S/D,2020-05-27
Vencido,120266090010,25990,Fabricación de otros productos elaborados de metal n.c.p.,ACOPLADOS BORLAN S.R.L.,ACOPLADOS BORLAN S.R.L.,RUTA DE LOS CHARRUAS 0,PAYSANDÚ,47202115,metalurgicalances@hotmail.com,S/D,2020-05-27
Vencido,217045910011,71103,Servicios de ingeniería,UAV AGRIMENSURA S.R.L.,UAV AGRIMENSURA,Pedro Berro 1391,MONTEVIDEO,099987985,pbirriel@uavagrimensura.com.uy,www.uavagrimensura.com.uy,2020-08-24
Vencido,218073700016,62090,Otras actividades de tecnología de información y servicio de computadoras,MIHALCON S.A.,S/D,SIRIA 6337,MONTEVIDEO,29147980,estudio@hana.uy,S/D,2023-01-09
Vencido,214004330016,13119,"Otras preparaciones e hilandería de fibras textiles, excepto tops",VINDYSOL S A,VINDYSOL SA,GRECIA 4223,MONTEVIDEO,22090205,tbello@sindatel.com.uy,S/D,2020-05-27
Vencido,213657080017,62010,Actividades de programación informática,ROBAINA MONTELEONE DOMINGO JUAN,S/D,"CNO, ARIEL 5130",MONTEVIDEO,099119420,domingo@robaina.me,S/D,2020-05-27
Vencido,210673070018,15200,Fabricación de calzado,MARTINEZ HNOS SRL,MARTINEZ HNOS SRL,"BATLLE Y ORDOÂÑEZ, JOSE 5825",MONTEVIDEO,23540673,gabrielamartinezhnos@gmail.com,S/D,2023-07-25
Vencido,210189940018,13110,Preparación e hilandería de fibras textiles,FABRIL EXPORTADORA S A FABEX,FABRIL EXPORTADORA SA FABEX,"RIVERA, BRIG. GRAL. FRUCTUOSO 0",FLORIDA,29022981,fabex@adinet.com.uy,S/D,2020-05-27
Vencido,218132210016,62020,Actividades de consultoría informática y actividades de administración de medios informáticos,WULINVE SRL,S/D,Garcia Cortinas 2357,MONTEVIDEO,099306300,info@innovation.tax,S/D,2023-01-18
Vencido,217119820010,23950,"Fabricación de artículos de hormigón, de cemento y de yeso",TOTOMEH S.R.L.,TOTOMEH S.R.L.,S/D,FLORIDA,43536485,administracion@agconsultores.com.uy,S/D,2021-03-25
Vencido,216772020018,28100,Fabricación de la maquinaria de uso general,DEINUR SOCIEDAD ANONIMA,DEINUR,PTI CERRO 49,MONTEVIDEO,23118187,natasha.deinursa@gmail.com,S/D,2020-05-27
Vencido,211139640019,10749,Elaboración de pastas frescas,GIMI LTDA,Fabrica de Pastas Nueva Roma,GENERAL FLORES 4087,MONTEVIDEO,22151010,crdiaz.1013@gmail.com,S/D,2020-09-04
Vencido,218815670015,62010,Actividades de programación informática,ARCUSAM S.A.S,S/D,18 de Julio 1296,MONTEVIDEO,29030797,fpaez@mitraconsultores.uy,S/D,2022-12-28
Vencido,213648820011,11040,Elaboración de bebidas no alcohólicas,MARANEL S A DISUELTA LEY 19.288,MARANEL SA,PANTALEON QUESADA 583,RIVERA,46233751,mcecinc@hotmail.com,S/D,2020-05-27
Vencido,218779050016,62010,Actividades de programación informática,SKY BLUE LABS SAS,SKY BLUE LABS SAS,Parma 3045,MONTEVIDEO,099564984,agustin.sivoplas@gmail.com,S/D,2022-12-08
Vencido,212780250016,13130,Acabado de productos textiles,HAIFA LTDA,HAIFA LTDA,EMANCIPACION 4685,MONTEVIDEO,23083224,haifaltda@hotmail.com,S/D,2020-05-27
Vencido,214727370017,43222,Instalación de calefacción y de aire acondicionado,CABRERA LEONARDI JORGE WALTER,REN,Torricelli 4754,MONTEVIDEO,095370665,jorgerem1@hotmail.com,S/D,2021-07-05
Vencido,210129120014,24200,Fabricación de productos primarios de metales preciosos y metales no ferrosos,WERBA S A,WERBA SA,S/D,S/D,S/D,contacto@werbasa.com,www.werbasa.com,2022-10-28
Vencido,218242840014,62010,Actividades de programación informática,QUEIROLO CAMOU SEBASTIAN,S/D,CUFRE 2314,MONTEVIDEO,099299089,ops@akipotel.com,S/D,2020-05-27
Vencido,216971210011,16220,Fabricación de partes y piezas de carpintería para edificios y construcciones,COLLAZO TORRES JAIME PABLO,Aberturas Veracierto,VERACIERTO 2995,MONTEVIDEO,25068261,veraciertoaberturas@hotmail.com,www.aberturasveracierto.com.uy,2020-05-27
Vigente,218054110012,62010,Actividades de programación informática,DRGT URUGUAY SA,DRGT Uruguay,juncal 1305,S/D,29165151,info@drgt.com,S/D,2026-01-30
Vencido,190194080015,10711,"Elaboración de pan, productos panificados en forma tradicional",VITAL PAN S R L,S/D,18 DE JULIO 537,TACUAREMBÓ ,46322272,redes@adinet.com.uy,S/D,2020-05-27
Vencido,216362480019,8991,"Extracción de gemas naturales, piedras preciosas o semipreciosas: ágatas y amatistas",URUMINING S.A.,S/D,CALDERON DE LA BARCA 1857,MONTEVIDEO,23213239,estudioindependencia@adinet.com.uy,S/D,2020-05-27
Vencido,210413910016,14100,"Fabricación de prendas de vestir, excepto prendas de piel",GARISLUGO S A,GARISLUGO S.A.,COLORADO 1782,MONTEVIDEO,22001130,info@garislugo.com,www.garislugo.com,2020-05-27
Vencido,219079990014,47219,Comercio al por menor de otros alimentos en almacenes especializados.,ADMAT SOCIEDAD ANONIMA,Pecan de las Animas,Cassinoni 1231,MONTEVIDEO,094794090,info@pecandelasanimas.com,https://pecandelasanimas.com/,2024-06-06
