empresa,telefono,es_movil,email,sitio_web,rubro,ciudad
YPF,+54 11 4807 8463,no,,https://www.ypf.com,fuel,CABA
Shell,+54 11 4760-0356,no,,https://find.shell.com/ar/fuel/AR_10038369-tore-s-a,fuel,CABA
YPF,+54 11 4797-7481,no,,https://www.ypf.com/,fuel,CABA
Enterprise,+54 11 4811 6903,no,,https://www.enterprise.com.ar/,car_rental,CABA
Consulado General de España en Buenos Aires,+54 11 4811 0079,no,cog.buenosaires@maec.es,http://www.exteriores.gob.es/Consulados/BUENOSAIRES/es/Consulado/Paginas/inicio.aspx,diplomatic,CABA
Jardín de Infantes Nucleado D (EPCjc 08/18°) [Sede],+54 11 4674 0880,no,jind18@gmail.com,,kindergarten,CABA
Café Tortoni,+54 11 4342 4328,no,tortoni@cafetortoni.com.ar,https://www.cafetortoni.com.ar/,cafe,CABA
El Ateneo Grand Splendid,+54 11 4813 6052,no,,https://www.yenny-elateneo.com/grand-splendid,books,CABA
Instituto San Gregorio El Iluminador,+54 11 4772 8174,no,sangregorioprim@hotmail.com,,school,CABA
Cine Lorca,+54 11 4371 5017,no,,,cinema,CABA
Instituto Privado Mallinckrodt,+54 11 4811 2962,no,rectoria@colegiomallinckrodt.org.ar,,school,CABA
Los Inmortales,+54 11 4785 7770,no,,https://www.losinmortales.com/,restaurant,CABA
Los Inmortales,+54 11 4322 5493,no,,https://www.losinmortales.com/,restaurant,CABA
La Continental,+54 11 4122 1400,no,,https://www.lacontinental.com/,restaurant,CABA
Comisaría Comunal 8,+54 11 4605 2031,no,,http://www.policiadelaciudad.gob.ar/?q=content/comisar%C3%AD-comunal-8,police,CABA
Comisaría Vecinal 8-A,+54 11 4601 3333,no,,,police,CABA
Comisaría Comunal 10,+54 11 4671 4444,no,,,police,CABA
Comisaría Comunal 7,+54 11 4631 3333,no,,,police,CABA
Comisaría Vecinal 4-C,+54 11 4361 4444,no,,,police,CABA
Comisaría Vecinal 4-D,+54 11 4300 6338,no,,,police,CABA
Comisaría 32,+54 11 4911 3333,no,,,police,CABA
Comisaría Vecinal 7-C,+54 11 4581 4444,no,,,police,CABA
Comisaría Vecinal 11-B,+54 11 4501 3333,no,,,police,CABA
Comisaría Vecinal 6-A,+54 11 4982 4509,no,,,police,CABA
Comisaría Vecinal 5-B,+54 11 4922 3333,no,,,police,CABA
Comisaría Vecinal 3-A,+54 11 4961 3333,no,,,police,CABA
Comisaría 25,+54 11 4832 3333,no,,,police,CABA
Comisaría Vecinal 2-B,+54 11 4822 3333,no,,,police,CABA
Comisaría Vecinal 14-A,+54 11 4823 3333,no,,,police,CABA
Comisaría 6ª,+54 11 4942 2333,no,,,police,CABA
Comisaría Vecinal 3-B,+54 11 4941 3333,no,,,police,CABA
Comisaría Vecinal 1-B,+54 11 4331 9643,no,,,police,CABA
Comisaría Vecinal 1-C,+54 11 4305 3333,no,,,police,CABA
Comisaría Vecinal 1-C (edificio anexo),+54 11 4306 3333,no,,,police,CABA
Comisaría 14,+54 11 4362 3333,no,,,police,CABA
Comisaría Comunal 3,+54 11 4953 2273,no,,,police,CABA
Comisaría Vecinal 1-A,+54 11 4371-3333,no,,,police,CABA
Comisaría Comunal 1,+54 11 4393-0076,no,,,police,CABA
Comisaría Vecinal 14-B,+54 11 4771-3333,no,,,police,CABA
Liceo 9 Santiago Derqui,+54 11 4785-3013,no,liceo9derqui@yahoo.com.ar,,school,CABA
Café La Biela,+54 11 4804-0449,no,info@labiela.com,http://www.labiela.com,cafe,CABA
Teatro Cervantes,+54 11 4816-4224,no,,http://www.teatrocervantes.gov.ar/,theatre,CABA
Embajada de los Estados Unidos,+541157774533,no,,https://ar.usembassy.gov/,diplomatic,CABA
Sinagoga de la Congregación Israelita (CIRA),+54 11 4123-0830,no,,http://www.templolibertad.org.ar/,place_of_worship,CABA
Banchero,+54 11 4382-4669,no,,,restaurant,CABA
El Cuartito,+54 11 4816-4331,no,,,restaurant,CABA
Siga La Vaca,+54 11 4315-6801,no,,https://sigalavaca.com/,restaurant,CABA
Estilo Campo,+54 11 4312-4546,no,info@estilo-campo.com.ar,https://estilo-campo.com.ar/,restaurant,CABA
Comisaría La Matanza NORESTE 1°,+54 11 4652 4444,no,,,police,CABA
FarmaVital,+54 11 4635-5777,no,,,pharmacy,CABA
Café Martínez,+54 11 4776-1870,no,uriarte@cafemartinez.com.ar,https://www.cafemartinez.com/,cafe,CABA
Bomberos Voluntarios de Avellaneda,+54 11 4201-2211,no,avellaneda@bomberosvoluntarios.org.ar,http://www.bomberosavellaneda.org.ar,fire_station,CABA
Escuela Primaria Común 22 Felix de Azara,+54 11 4541-3542,no,dep_epc22_de15@bue.edu.ar,,school,CABA
Escuela Integral Interdisciplinaria 10 Alférez de Navío José María Sobral,+54 11 4702-0818,no,recu10@yahoo.com.ar,,school,CABA
Escuela Primaria Común 09 Evaristo Julio Badia,+54 11 4701-3400,no,esc09de10@yahoo.com.ar,,school,CABA
Escuela Primaria Común 05 Gabriela Mistral,+54 11 4574-5188,no,esc05de16@gmail.com,,school,CABA
Jardín de Infantes Común 03/16° Mafalda,+54 11 4501-7947,no,jic3de16@gmail.com,,kindergarten,CABA
Escuela Primaria Común 08 Jorge Angel Boero,+54 11 4521-3757,no,dep_epc8_de15@bue.edu.ar,,school,CABA
Bodega Amparo,+54 11 4524-7722,no,,https://www.bodegaamparo.com.ar/,alcohol,CABA
Escuela Infantil 08/15º (a),+54 11 4552-4004,no,jinb_de15@hotmail.com,,kindergarten,CABA
Bomberos Voluntarios de Dock Sud,+54 11 4201-2222,no,,,fire_station,CABA
La Casona de Flores,+54 11 4632-1060,no,,http://bloglacasonadeflores.blogspot.com/,restaurant,CABA
Centro Educativo de Nivel Secundario 63,+54 11 4815-3179,no,deaa_cens63_de1@bue.edu.ar,,school,CABA
Café Martínez,+54 11 4373-5346,no,callao498@cafemartinez.com.ar,https://www.cafemartinez.com/,cafe,CABA
Starbucks,+54 11 5258-0314,no,info@starbucks.com.ar,https://www.starbucks.com.ar/,cafe,CABA
Instituto Privado del Sindicato GBA de Obras Sanitarias,+54 11 6319-1441,no,lagotitadeagua@hotmail.com,,kindergarten,CABA
Espacio INCAA KM 0 - Gaumont,+54 11 4381-0003,no,espacioincaa@incaa.gov.ar,https://www.facebook.com/EspacioIncaa,cinema,CABA
Sanatorio De La Providencia,+54 11 4813 2721,no,,https://www.sanatoriodelaprovidencia.com/,hospital,CABA
Escuela Argentina Modelo,+54 11 4811-2705,no,eam@eam.eam.edu.ar,,school,CABA
Establecimiento General de Café,+54 11 4371-6742,no,info@estcafe.com.ar,https://establecimientocafe.com.ar/,cafe,CABA
Escuela Primaria Común 05 Nicolás Rodríguez Peña,+54 11 4811-9190,no,escpri5de1@gmail.com,,school,CABA
Parrilla Peña,+54 11 4371-5643,no,,,restaurant,CABA
Posta,+54 11 4822-8979,no,mtalvear@leble.com.ar,http://www.leble.com.ar/,cafe,CABA
Escuela del Mirador,+54 11 4501-9742,no,secretaria@escueladelmirador.com.ar,,school,CABA
Nuestra Señora de Gracia y Buen Remedio,+54 11 4501-0249,no,ingybr@yahoo.com.ar,,school,CABA
Café Martínez,+54 11 4777-2456,no,lmcampos@cafemartinez.com.ar,https://www.cafemartinez.com/,cafe,CABA
Supervielle,+54 11 4773-2993,no,,https://www.supervielle.com.ar/,bank,CABA
BBVA,+54 11 4340-7040,no,,https://www.bbva.com.ar,bank,CABA
Parador 40,+54 11 4641-0494,no,,,restaurant,CABA
Colegio Lincoln,+54 11 4778-1997,no,primarialincoln@gmail.com,,school,CABA
Disco,+54 11 4733-1000,no,,,supermarket,CABA
Jardín de Infantes Nucleado A (EPCjs 10/09°) [Sede],+54 11 4778-0264,no,jina_de9@yahoo.com.ar,,kindergarten,CABA
Instituto Esquiú,+54 11 4784-3222,no,info@colegio-esquiu.com.ar,https://www.colegioesquiu.edu.ar/,school,CABA
Jardín de Infantes Nucleado A (EPCjc 08/09°),+54 11 4778-0264,no,jina_de9@yahoo.com.ar,,kindergarten,CABA
Colegio del Arce,+54 11 4772-1902,no,colegio@delarce.com.ar,,school,CABA
Farmacity,+54 11 4551-4872,no,,https://www.farmacity.com/,pharmacy,CABA
Duque,+54 11 5263-7402,no,info@duquefuegos.com.ar,https://www.duquefuegos.com.ar/,restaurant,CABA
Victoria Urquiza,+54 11 4521-1878,no,,,restaurant,CABA
Provincia,45533035,no,,https://www.bancoprovincia.com.ar/,bank,CABA
Escuela Primaria Común 19 Naciones Unidas,+54 11 4543-9344,no,escuela19de15@yahoo.com.ar,,school,CABA
Escuela Primaria Común 17 Monseñor Gustavo J. Franceschi,+54 11 4552-5923,no,dep_epc17_de14@bue.edu.ar,,school,CABA
MS Superí,+54 11 4522-3271,no,,,pharmacy,CABA
Instituto Glaux,+54 11 4501-3100,no,secretaria@glaux.edu.ar,,school,CABA
Jardín de Infantes Nucleado E (EPCjs 02/17°) Juana Manso,+54 11 4501-9651,no,jinejuanamanso@gmail.com,,kindergarten,CABA
Jardín de Infantes Nucleado E (EPCjs 08/17° Juana Manso),+54 11 4501-9651,no,jinejuanamanso@gmail.com,,kindergarten,CABA
Stampa Automotores,+54 11 4006 6400,no,,https://stampaautomotores.com.ar/,car,CABA
Jardín del Pino,+54 11 4811-6511,no,jardindelpino1@hotmail.com,,kindergarten,CABA
Embajada de Nigeria,+54 11 48070985,no,,,diplomatic,CABA
Starbucks,+54 11 4958-0205,no,info@starbucks.com.ar,https://www.starbucks.com.ar/,cafe,CABA
McDonald's,+54 11 4711-2000,no,,https://www.mcdonalds.com.ar/,fast_food,CABA
Disco,+54 11 4787-4700,no,,https://disco.com.ar,supermarket,CABA
Oasis,+54 11 4786-6388,no,,,pharmacy,CABA
Escuela Primaria Común 04 Provincia de Córdoba,+54 11 4831-5302,no,esc04de9@gmail.com,,school,CABA
Instituto Benito Nazar,+54 11 4862-4993,no,info@benitonazar.Escuelaedu.ar,,school,CABA
"División Cuartel VI ""Villa Crespo""",+54 11 4854-2222,no,,,fire_station,CABA
Colegio Nuevo Pensar,+54 11 4504-2031,no,directivosnuevopensar@gmail.com,,school,CABA
Jardín de Infantes Nucleado E (EPCjc 05/17°) Juana Manso,+54 11 4501-9651,no,jinejuanamansi@gmail.com,,kindergarten,CABA
Escuela Primaria Común 01 Doctor Antonio Dellepiane,+54 11 4501-0529,no,dep_epc1_de17@bue.edu.ar,,school,CABA
YPF,+54 11 4545 1817,no,,,fuel,CABA
Starbucks,+54 11 5530-7324,no,info@starbucks.com.ar,https://www.starbucks.com.ar/,cafe,CABA
Escuela del Parque,+54 11 4958-6100,no,informes@escueladelparque.com.ar,,school,CABA
Instituto Carlos Pellegrini,+54 11 4901-3297,no,institutocarlospellegrini@gmail.com,,school,CABA
Colegio Integral Caballito,+54 11 4431-8483,no,secretaria@colegiocaballito.com.ar,http://colegiointegralcaballito.blogspot.com/,school,CABA
Instituto Casa Verde,+54 11 4631-6379,no,greenhouse@speedy.com.ar,,school,CABA
Instituto Argentino Excelsior,+54 11 4431-9290,no,excelsior@fibertel.com.ar,,school,CABA
Instituto Sara Chamberlain de Eccleston,+54 11 4631-4194,no,ecclest@fibertel.com.ar,,school,CABA
Jardín Carita Feliz,+54 11 4634-0231,no,info@jardincaritafeliz.com.ar,,kindergarten,CABA
Abrahan Lincoln Flores,+54 11 4637-3515,no,lincolnflores00@hotmail.com,,school,CABA
Escuela Primaria Común 01 Museo de Bellas Artes Gral. Urquiza,+54 11 4612-0566,no,dep_epc1_de12@bue.edu.ar,,school,CABA
Instituto San José de Flores,+54 11 4637-1513,no,secretaria273@yahoo.com.ar,http://www.primariasanjosedeflores.blogspot.com.ar/,school,CABA
Escuela del Nuevo Sol,+54 11 4904-0772,no,,,school,CABA
Instituto Social Militar Doctor Dámaso Centeno,+54 11 4432-3114,no,instituto@damasocenteno.edu.ar,,school,CABA
Instituto Profesorado Jorge A. Susini,+54 11 4632-3847,no,rlegalinstitutosusini@gmail.com,,school,CABA
Escuela Técnica 18 José Antonio Alvarez Condarco,+54 11 4631-5943,no,et18de11@gmail.com.ar,,school,CABA
Escuela Miguel Hernandez,+54 11 4925-1627,no,escuelamhernandez@hotmail.com,,school,CABA
Instituto América del Sur,+54 11 4981-3339,no,americadelsur@fibertel.com.ar,,school,CABA
Escuela Técnica Ort 01,+54 11 4958-9000,no,escuelaort@ort.edu.ar,,school,CABA
Centros Médicos Barriales - CMB 4,+541146327525,no,,,clinic,CABA
CMB 12,+54 11 4631 8254,no,,,clinic,CABA
Starbucks,+54 11 5530-7311,no,info@starbucks.com.ar,https://www.starbucks.com.ar/,cafe,CABA
Clinica Los Cedros,+54 11 4622 8188,no,,https://www.cercanooeste.com/comercio/Clinica-Los-Cedros-de-Tapiales/Villa-Madero/Clinicas-y-Sanatorios/34204,hospital,CABA
Sanatorio Franchín,+541148654030,no,,,hospital,CABA
Rave,+54 11 4833-7832,no,info@restaurantrave.com.ar,http://www.restaurantrave.com.ar,restaurant,CABA
Escuela Nº 19 Yapeyú,+54 11 4241-1813,no,,,school,CABA
Claudio FIGUEIRA propiedades,+541145733333,no,info@figueirapropiedades.com.ar,https://www.figueirapropiedades.com.ar/,estate_agent,CABA
Inmobiliaria Magister Propiedades,+541145443786,no,,https://www.magisterpropiedades.com.ar/,estate_agent,CABA
Instituto San José de Villa del Parque,+54 11 4503-9248,no,secretariamediasanjose_up@hotmail.com,,school,CABA
Comisaría Vecinal 1-B (edificio anexo),+54 11 4307-0537,no,,http://www.policiadelaciudad.gob.ar,police,CABA
Panadería Las 3,+54 11 4311-0536,no,,,bakery,CABA
"Centro de Alfabetización, Educación Básica y Trabajo 17",+54 11 4300-7915,no,paebyt@gmail.com,,school,CABA
Sirop-Folie,+54 11 48135900,no,,https://www.siroprestaurant.com/,restaurant,CABA
Rabelais,+54 11 4515-0640,no,,,restaurant,CABA
Gran Bar Danzón,+54 11 4811-1108,no,danzon@granbardanzon.com.ar,http://www.granbardanzon.com.ar,restaurant,CABA
Circolo Massimo,+54 11 4519-8049,no,,http://www.circolomassimo.com.ar,restaurant,CABA
The Brighton,+54 11 4322-1515,no,,http://www.thenewbrightonsrl.com.ar,pub,CABA
Josephina's,+54 11 4811-5464,no,,,cafe,CABA
Las Violetas,+54 11 4958-7387,no,,https://www.lasvioletas.com/,cafe,CABA
Supermercado Vea,+54 11 4856-3737,no,,https://www.supermercadosvea.com.ar/,supermarket,CABA
Banco Piano,+54 11 4857-1581,no,,,bank,CABA
Banco Santander,+54 11 4110-4700,no,,https://www.santander.com.ar,bank,CABA
BBVA,+54 11 4857-6841,no,,https://www.bbva.com.ar,bank,CABA
La Estrella Del Sur,+54 11 4854-7394,no,,,fast_food,CABA
La Esperanza De Los Ascurra,+54 11 2058-8313,no,,http://esperanzaascurra.com.ar/,bar,CABA
Centro Educativo Municipal N°122 'Maria Elena Walsh',4205-9636,no,,https://www.mda.gob.ar/gobierno/secretaria-de-educacion/centros-educativos-municipales/,school,CABA
Oui Oui,+54 11 4776-4442,no,info@ouioui.com.ar,http://www.ouioui.com.ar/,restaurant,CABA
Café Martínez,+54 11 4373-2876,no,uruguay463@cafemartinez.com.ar,https://www.cafemartinez.com/,cafe,CABA
Establecimiento General de Café,+54 11 4372-2221,no,info@estcafe.com.ar,https://establecimientocafe.com.ar/,cafe,CABA
Teatro Paseo La Plaza,+54 11 63205300,no,,https://www.paseolaplaza.com.ar/,theatre,CABA
Marroco SII,+54 11 4982-2820,no,,,bakery,CABA
Café Martínez,+54 11 4854-3341,no,scalabriniortiz@cafemartinez.com.ar,https://www.cafemartinez.com/,cafe,CABA
Escuela Primaria Común 25 República de Guatemala,+54 11 4433-4950,no,escuela25de7@yahoo.com.ar,https://www.facebook.com/escuela25de7,school,CABA
Le Blé,+54 11 4554-5350,no,athomas@leble.com.ar,http://www.leble.com.ar/,cafe,CABA
Adiós Cretina Tienda,+54 11 4858-1191,no,,http://adioscretinatienda.com.ar/,clothes,CABA
Börner Argentina,+54 11 4855-0461,no,,https://www.borner.com.ar/,doityourself,CABA
mundohelado.com,+54 11 3527-9440,no,info@mundohelado.con,https://www.mundohelado.com,college,CABA
Macro,+54 11 4771 1359,no,,,bank,CABA
Starbucks,+54 11 4899-1505,no,info@starbucks.com.ar,https://www.starbucks.com.ar/,cafe,CABA
Escuela Abierta la Casa del Sol,+54 011 4757-0305,no,escuelaabierta.primaria@gmail.com,,school,CABA
Colegio Esteban Echeverría,+54 11 4300-2147,no,e.echeverria@vaneduc.edu.ar,http://www.vaneduc.edu.ar/ee/,school,CABA
El Beso Club,+54 11 4199-5902,no,,https://elbeso.com.ar/,bar,CABA
Galicia,0810-777-333,no,,https://bancogalicia.com/,bank,CABA
Instituto Horizonte,+54 11 4543-5591,no,info@colegiohorizontes.com.ar,,school,CABA
Jardín de Infantes Integral 02/15° Juan M. Coghlan,+54 11 4544-8509,no,jii2de15@gmail.com,,kindergarten,CABA
Café Martínez,+54 11 6088-6018,no,lima701@cafemartinez.com.ar,https://www.cafemartinez.com/,cafe,CABA
Urquiza MOTOS,+54 11 4541-7248,no,,https://www.urquizamotos.com.ar/,motorcycle,CABA
Lave-Rap,+54 11 4776-0238,no,,,laundry,CABA
Starbucks,+54 11 4314-3386,no,info@starbucks.com.ar,https://www.starbucks.com.ar/,cafe,CABA
Fundación de Altos Estudios en Ciencias Comerciales,+54 11 4124-4700,no,cflorentin@lafundacion.edu.ar,,college,CABA
Bacan,+54 11 4518-8567,no,,https://www.bacanbarberia.com.ar,hairdresser,CABA
Banco Provincia,4931-5114,no,,https://www.bancoprovincia.com.ar,bank,CABA
Starbucks,+54 11 4342-9317,no,info@starbucks.com.ar,https://www.starbucks.com.ar/,cafe,CABA
Gio,+54 11 4962-3558,no,,,ice_cream,CABA
Arcubic,+54 11 4582-8883,no,,https://arcubic.com.ar/,hifi,CABA
Chispita,+54 11 4963-6851,no,veronica_mancebof@hotmail.com,,kindergarten,CABA
Zooco,+54 11 2107 5286,no,,,pet,CABA
Nobiru,+54 11 4782-0401,no,,https://www.nobiru.com.ar/,restaurant,CABA
El Ateneo,+54 11 5786-9840,no,,https://www.yenny-elateneo.com/sucursales/,books,CABA
Granaderos,+54 11 2060-8383,no,farmaciagranaderos@hotmail.com,,pharmacy,CABA
Farmacia ABC,+54 11 4773-2083,no,,https://farmaciasabc.com.ar,pharmacy,CABA
Frávega,+54 11 3754-3207,no,,https://www.fravega.com/,electronics,CABA
ESEA en Danza Mastrazzi Curso Vocacional de Danza y Expresión Corporal Infantil 09,+54 11 4304-2939,no,danzasmastrazzi@yahoo.com.ar,,college,CABA
Olazabar,+54 11 4787-5490,no,,,bar,CABA
San Cristóbal,+54 11 4788-8132,no,,,bakery,CABA
Super Chunghwa,+54 11 4706-2047,no,,http://www.superchunghwa.com,supermarket,CABA
La Juvenil,+54 11 4788-0601,no,info@lajuvenilpastas.com.ar,https://www.lajuvenilpastas.com.ar/,pasta,CABA
Disco,+54 11 4825-3300,no,,,supermarket,CABA
Watson's,+54 11 4313-5679,no,,,restaurant,CABA
Café Martínez,+54 11 4381-7346,no,diagonal@cafemartinez.com.ar,https://www.cafemartinez.com/,cafe,CABA
La Bombonella,+54 11 4371-0633,no,,,confectionery,CABA
American Bike,+54 11 4822-0889,no,info@americanbike.com.ar,https://www.americanbike.com.ar,bicycle,CABA
McDonald's,+54 11 5789-1212,no,,,fast_food,CABA
La Danesa,+54 11 4785-5544,no,,https://www.farmaciadanesa.com.ar/,pharmacy,CABA
Banco Ciudad,+54 800 222 0400,no,,,bank,CABA
Creme Chic,+54 11 4781-7120,no,,,ice_cream,CABA
Olazábal Sushi,+54 11 3529-7379,no,,http://www.nikkosushiwok.com,fast_food,CABA
Helados Gruta,+5491147800603,si,,,ice_cream,CABA
1810,+54 11 4784-0025,no,1810sucursalbelgrano@gmail.com,http://www.1810cocinaregional.com,restaurant,CABA
Comisaría Vecinal 7-B,+54 11 4432-3334,no,,,police,CABA
Las Familias,+54 11 4780-3665,no,,,bakery,CABA
Alcampo,+54 11 4785-8873,no,,,greengrocer,CABA
Vaccaro,+54 11 4783-6823,no,,,bureau_de_change,CABA
Ojal & Botón,+54 11 4783-5070,no,,,sewing,CABA
Banco Provincia,4862-2081,no,,https://www.bancoprovincia.com.ar/,bank,CABA
La Farola de Nuñez,+54 11 4786-1565,no,,,restaurant,CABA
Doctor Scarsi,+54 11 4781-8886,no,,,veterinary,CABA
Fujisan,+54 11 4784-1313,no,,http://www.fujisan.com.ar,restaurant,CABA
Pepa's,+54 11 4788-8673,no,,,fast_food,CABA
GranjArte,+54 11 4706-3484,no,,,butcher,CABA
La Revistería,+54 11 4780-4841,no,,https://www.larevisteriacomics.com/,books,CABA
La Juvenil,+54 11 4704-7005,no,info@lajuvenilpastas.com.ar,https://www.lajuvenilpastas.com.ar/,pasta,CABA
Pepper,+54 11 4784 6140,no,,,restaurant,CABA
Coppelia,+54 11 4781-7410,no,,,bakery,CABA
Los Sanchez,+54 11 3528-7826,no,,,hardware,CABA
Entelequia,+54 11 4788-4521,no,belgrano@entelequia.com.ar,https://entelequia.com.ar/,anime,CABA
Embajada Real de Tailandia,+54 11 4780-0555,no,thaiembargen@fibertel.com.ar,https://www.thaiembargen.org/,diplomatic,CABA
Leocan Express,+54 11 4787-5666,no,,https://www.leocan.com.ar,pet,CABA
Café Martínez,+54 11 4786-0508,no,cabildo1253@cafemartinez.com.ar,https://www.cafemartinez.com/,cafe,CABA
Solotar,+54 11 4783-1382,no,,,furniture,CABA
Disco,+54 11 4788-8866,no,,,supermarket,CABA
Dragón Porteño,+54 11 4784-8970,no,,,restaurant,CABA
Dojo Club,+54 11 3534-2408,no,,http://www.dojoclub.com.ar,dojo,CABA
Hotel Faraón,+54 11 4642 3643,no,info@faraon.com.ar,https://faraon.com.ar/Bienvenidos/,love_hotel,CABA
Galicia,+54 11 4806-4051,no,,,bank,CABA
Biblioteca Popular de Barracas,,no,info@bibliobarracas.com.ar,http://www.bibliobarracas.com.ar/,library,CABA
Instituto Nuestra Señora de la Misericordia,+54 11 4805-5478,no,secretaria@misericordia.edu.ar,,school,CABA
Los Pinos,+54 11 4822-8704,no,,,restaurant,CABA
Instituto Padre Luis M. Etcheverry Boneo,+54 11 4822-3687,no,etcheverryboneo@gmail.com,,school,CABA
Pizzería Tuñin,+54 11 4981-5555,no,,,restaurant,CABA
D'Libertador,+54 11 4701-7304,no,,,hardware,CABA
El Monumental,+54 11 4786-1293,no,,,fast_food,CABA
Carrefour Express,+54 11 3788-1233,no,,https://www.carrefour.com.ar/,convenience,CABA
La Mundial,+54 11 4702-7179,no,,,bakery,CABA
Pimientos,+54 11 4786-1913,no,,,fast_food,CABA
Mihanovich,+54 11 4311-0208,no,,,pharmacy,CABA
Alvaro Yunque,+54 11 4605-0603,no,biblioteca_yunque@buenosaires.gob.ar,,library,CABA
Antonio Devoto,+54 11 4501-4320,no,biblioteca_devoto@buenosaires.gob.ar,,library,CABA
Baldomero Fernández Moreno,+54 11 4855-7508,no,biblioteca_fmoreno@buenosaires.gob.ar,,library,CABA
Benito Lynch,+54 11 4687-1977,no,biblioteca_lynch@buenosaires.gob.ar,,library,CABA
Canónigo Luis Chorroarín,+54 11 4605-9341,no,biblioteca_chorroarin@buenosaires.gob.ar,,library,CABA
Casa de la Lectura,,no,casadelalectura.dgplbc@gmail.com,,library,CABA
Enrique Banchs,+54 11 4943-1078,no,biblioteca_banchs@buenosaires.gob.ar,,library,CABA
Estanislao Del Campo,+54 11 4926-0161,no,biblioteca_delcampo@buenosaires.gob.ar,,library,CABA
Hilario Ascasubi,+54 11 4566-5171,no,biblioteca_ascasubi@buenosaires.gob.ar,,library,CABA
Biblioteca Doctor Laureano Rivas Míguez,+54 11 4963-7146,no,biblioteca@cedie.org.ar,http://guti.gob.ar/docencia-e-investigacion/biblioteca.html,library,CABA
Intendente Julio C. Saguier,+54 11 4635-4009,no,biblioteca_saguier@buenosaires.gob.ar,,library,CABA
Javier Villafañe,+54 11 4919-0058,no,biblioteca_villafane@buenosaires.gob.ar,,library,CABA
Joaquín V. González,+54 11 4302-2481,no,biblioteca_gonzalez@buenosaires.gob.ar,,library,CABA
José Hernández,+54 11 4641-3673,no,biblioteca_josehernandez@buenosaires.gob.ar,,library,CABA
José Mármol,+54 11 4781-7871,no,biblioteca_marmol@buenosaires.gob.ar,,library,CABA
La Prensa,+54 11 4912-2701,no,biblioteca_laprensa@buenosaires.gob.ar,,library,CABA
Leopoldo Lugones,+54 11 4783-1567,no,biblioteca_lugones@buenosaires.gob.ar,,library,CABA
Manuel Gálvez,+54 11 4812-4723,no,biblioteca_galvez@buenosaires.gob.ar,,library,CABA
Mariano Pelliza,+54 11 4631-0961,no,biblioteca_pelliza@buenosaires.gob.ar,,library,CABA
Martín del Barco Centenera,+54 11 4381-1271,no,biblioteca_centenera@buenosaires.gob.ar,,library,CABA
Rafael Obligado,+54 11 4581-8640,no,biblioteca_obligado@buenosaires.gob.ar,,library,CABA
Rent A Sol,+54 11 4787-2140,no,,,car_rental,CABA
Pedro,+54 11 4546 0488,no,,https://www.pesprometeo.com/,seafood,CABA
Rincón norteño,+54 11 4571 7661,no,,,restaurant,CABA
Renatto Cucina Italiana,+54 11 5466 4668,no,,,restaurant,CABA
Banco Ciudad,+54 11 4854-0217,no,,https://www.bancociudad.com.ar/,bank,CABA
Kevingston,+54 11 4857-5495,no,,https://www.kevingston.com/,clothes,CABA
PC Time,+54 11 4857-1661,no,,https://www.pctime.com.ar/,computer,CABA
Alarcón Maniquíes,+54 11 4857-2168,no,,https://www.alarconmaniquies.com.ar/,clothes,CABA
Colombraro,+54 11 4858-1939,no,,https://www.colombraro.com.ar/,company,CABA
Michelin Performance Center,+54 11 4854-4850,no,,https://www.michelin.com.ar/,tyres,CABA
Marva,+54 11 4545-7874,no,,,laundry,CABA
Credicoop,+54 11 4854-5767,no,,https://www.bancocredicoop.coop/,bank,CABA
Los Amores,+54 11 4855-5452,no,,https://www.los-amores.com.ar/,ice_cream,CABA
Café Martínez,+54 11 4331-5582,no,av.demayo@cafemartinez.com.ar,https://www.cafemartinez.com/,cafe,CABA
Mangini,+54 11 4774-6981,no,,https://www.confiteriamangini.com.ar/,bakery,CABA
Granja Alfredo,+54 45450791,no,,,butcher,CABA
Carrefour,08004448484,no,,https://carrefour.com.ar/,supermarket,CABA
San Miguel,+54 11 4822-0777,no,,,cafe,CABA
Disco,+54 8107778888,no,,https://www.disco.com.ar/,supermarket,CABA
Ilulight,+54 11 4780-5937,no,,http://www.ilulightweb.com.ar,fast_food,CABA
Instituto Nuestra Señora del Huerto,+54 11 4571-7584,no,inshmos.medio@gmail.com,,school,CABA
Calzados Noss,+54 1148563337,no,,,shoes,CABA
"Geiser Eventos, Catering",+54 11 4671-8059,no,,https://www.fiestasinolvidables.com/geiser/,events_venue,CABA
Tonel Privado,+54 11 4771-8291,no,info@tonelprivado.com,https://www.tonelprivado.com/,wine,CABA
La Juvenil,+54 11 4771-2298,no,info@lajuvenilpastas.com.ar,https://www.lajuvenilpastas.com.ar/,pasta,CABA
Tienda de Café,+54 11 4587-2847,no,,https://www.tiendadecafe.com.ar/,cafe,CABA
Rp.,+54 11 64830999,no,,,pharmacy,CABA
Sebastián,+54 11 4806-4758,no,,http://www.sebastianonline.com.ar,pet,CABA
Jardín de Infantes Común 03/18° El Jardín de la Floresta,+54 11 4674-1576,no,dei_jic3_de18@bue.edu.ar,,kindergarten,CABA
Jardín de Infantes Nucleado C (EPCjc 11/18°),+54 11 4566-3586,no,jincde18@gmail.com,,kindergarten,CABA
Autoservicio Lo de Sebas,+54 11 2553-2597,no,,https://www.instagram.com/lodesebasl/,convenience,CABA
Acuario Daniel's,+54 11 4701-6139,no,,https://danielspets.com.ar/,pet,CABA
La Valenciana,+54 11 4760-0963,no,,http://www.lavalencianaeventos.com.ar/,bakery,CABA
Showcase Cinemas,+54 11 4780-3334,no,,http://www.todoshowcase.com/,cinema,CABA
Escuela Argentina General Belgrano,+54 11 4543-4673,no,info@eag.edu.ar,,school,CABA
Incucai,+54 11 4788-8300,no,,https://www.incucai.gov.ar/,clinic,CABA
China Wok,+54 11 4703-5279,no,,,fast_food,CABA
Eneri,+54 11 4014 7000,no,info@lylyk.com.ar,https://www.lylyk.com.ar/,clinic,CABA
Café Martínez,+54 11 4331-3354,no,balcarce@cafemartinez.com.ar,https://www.cafemartinez.com/,cafe,CABA
Todo Relleno,+54 11 4541-5354,no,,http://www.todorelleno.com.ar,fast_food,CABA
El Viejo Torino,+54 11 4682-3333,no,,,restaurant,CABA
Daniel,+54 11 4701-5589,no,info@heladosdaniel.com.ar,http://www.heladosdaniel.com.ar/,ice_cream,CABA
Al Rayan,+54 11 4785-1973,no,,http://www.alrayanbelgrano.com.ar,fast_food,CABA
Chinatown,+54 11 4783-4173,no,,,restaurant,CABA
Giro Didáctico,+54 11 4782-6444,no,,www.girodidactico.com,toys,CABA
Café del Arbol,+54 11 4361-9133,no,cafedelarbol.santelmo@gmail.com,,cafe,CABA
El Desnivel,+54 11 4307-2489,no,,,restaurant,CABA
Parroquia Nuestra Señora de las Mercedes,+54 11 4784-8011,no,,,place_of_worship,CABA
Toque de Ángel,+54 11 3440-5373,no,,,spa,CABA
Farmacia Cadefa,+54 11 4854-3069,no,,,pharmacy,CABA
SGS Argentina,+54 11 4124-2000,no,,https://www.sgs.com/es-ar,company,CABA
El Eco Gourmet,+54 11 3221-1433,no,quiero@elecogourmet.com.ar,http://elecogourmet.com/,greengrocer,CABA
Lulú Babies & Kids,+54 11 4861-8163,no,,http://lulu-babiesandkids.com/,clothes,CABA
El Torreón,+54 11 4554-3202,no,,,restaurant,CABA
Parrilla Gran Caruso,+54 11 4547-3993,no,,,restaurant,CABA
Gramotécnica,+54 11 4551-9524,no,,http://gramotecnica.atspace.com/,trade,CABA
Silvina Otero Carteras,+54 11 2077-8525,no,,http://www.silao78.com.ar/,bag,CABA
Café Martínez,+54 11 4783-9957,no,pampa@cafemartinez.com.ar,https://www.cafemartinez.com/,cafe,CABA
Etc Etc,+54 11 4782-2013,no,info@hoteletc.com.ar,https://www.etc-etc.com.ar/,love_hotel,CABA
A lo de Víctor,+54 11 7517-1384,no,,,fast_food,CABA
Mi Barrio Hamburguesería,+54 11 4788-4003,no,mibarriohamburgueseria@gmail.com,,fast_food,CABA
Centro cultural IMPA La Fábrica,+54 11 2075-6708,no,,http://impalafabrica.org.ar/,arts_centre,CABA
Starbucks,+54 11 5777-9501,no,info@starbucks.com.ar,https://www.starbucks.com.ar/,cafe,CABA
Turbo Service,+54 11 4586-2418,no,,http://www.turboservice.com.ar,company,CABA
Spiga,+54 11 4774-2680,no,,,bakery,CABA
Farmapal,+54 11 4777-6386,no,farmapal@fibertel.com.ar,https://www.farmaciasgp.com.ar/,pharmacy,CABA
Rofe Diseño Gráfico + Ilustración,+54 11 3885-8990,no,,https://www.rofe.com.ar/,company,CABA
Odontología,+54 11 4787-0196,no,consultorio.mhg@gmail.com,,dentist,CABA
Las Delicias,+54 11 4551 7779,no,,,bakery,CABA
Green,+54 9 11 4553 8516,si,,http://www.instagram.com/elwayramuyu,pharmacy,CABA
Lamaité,+54 11 4554-8060,no,,,pharmacy,CABA
El Rinconcito de Caballito,+54 11 4923-3638,no,,,restaurant,CABA
Garage Santa Fe,+54 11 4772-7047,no,,,parking,CABA
Buenos Aires Bakery,+54 11 4544-9517,no,info@buenosairesbakery.com.ar,https://www.buenosairesbakery.com.ar/,bakery,CABA
Casa Fortuna,+54 11 4780-4900,no,,https://www.lalai.com.ar/,fast_food,CABA
Instituto Superior de Enseñanza Radiofónica (ISER),+54 11 4313-3423,no,,http://www.iser.gob.ar,college,CABA
Madoks,+54 11 15 6426-1781,no,,http://www.madoks.com.ar,computer,CABA
Banco Patagonia,+54 11 4788 6424,no,,https://www.bancopatagonia.com.ar/,bank,CABA
Tintorería Jenny,+54 11 4778-9339,no,,,dry_cleaning,CABA
Iceland,+54 11 2062-9880,no,,https://www.icelandhelados.com/,restaurant,CABA
Real Web,+54 11 5869-6155,no,info@realweb.com.ar,https://www.realweb.com.ar/,it,CABA
Escuela Infantil 06/10° Madre Eufrasia Iaconis,+54 11 4545-3354,no,ei6_10@yahoo.com.ar,,kindergarten,CABA
Reale,+54 11 4803-8535,no,reale.gourmet@gmail.com,https://www.reale-gourmet.com/,deli,CABA
Centro Educativo Arquidiocesano Espíritu Santo,+54 11 4863-6362,no,info@ceaes.edu.ar,,school,CABA
Farmacia Brianso,+5491147870207,si,,,pharmacy,CABA
Zelmerex,+54 11 4541-5191,no,info@zelmerex.com,www.zelmerex.com,electronics,CABA
Reparacion y Servicio Tecnico,+54 11 3221-8170,no,budaservices@gmail.com,http://budaservice.wix.com/bs,electronics_repair,CABA
Maria Zayas,+54 11 4901-7547,no,,,clothes,CABA
Comisaría Vecinal 3-A (edificio anexo),+54 11 4923-3171,no,,,police,CABA
Embajada de Israel,+54 11 3724-4500,no,info@buenosaires.mfa.gov.il,https://buenosaires.mfa.gov.il/,diplomatic,CABA
Cebra,+54 11 4345-2200,no,,http://www.cebra.com.ar/,toys,CABA
Hotel Mix,+54 11 4961-1123,no,,,love_hotel,CABA
Freelance Java Web Application Designer,+54 11 5488-4477,no,,http://www.pixflag.com.ar,it,CABA
El Aguila,+54 11 4760-0214,no,,,bakery,CABA
Cuspide,+54 11 4807-5715,no,,https://www.cuspide.com/,books,CABA
Lambda Developments,+54 11 6603-5081,no,,www.lamdev.com.ar,it,CABA
Internetq,+54 11 4771-1916,no,,https://www.internetq.com/,company,CABA
EXO S.A.,+54 11 4021-5430,no,,,computer,CABA
"Centro Cultural y Biblioteca Popular ""El Sueñero""",+54 11 4307-9980,no,,http://www.ccelsueñero.com.ar,arts_centre,CABA
Brujas Disco-Bar,+54 11 4174-2992,no,brujasdisco@live.com.ar,https://www.facebook.com/brujasdiscopalermo/,nightclub,CABA
Siamo Nel Forno,+54 11 2326-4829,no,siamonelforno@gmail.com,https://www.facebook.com/Siamo-Nel-Forno-108065175897230/,restaurant,CABA
Chino Central,+54 11 4331-3670,no,,,restaurant,CABA
Alamo,+54 11 4811-6903,no,,https://www.alamoargentina.com.ar/,car_rental,CABA
VCTARGENTINA,,no,ventas@vctargentina.com.ar,http://www.vctargentina.com.ar,gift,CABA
Villa Devoto School,+54 11 4501-1307,no,vdevoto@vdevoto.Escuelaedu.ar,,school,CABA
Hotel Lacarra 48,+54 11 4671-4222,no,,,love_hotel,CABA
Acuario,+54 11 4304-3579,no,,,love_hotel,CABA
Escultores del Aire - Soluciones Integrales de Músicos para Músicos,+54 11 4060-6719,no,,https://www.escultoresdelaire.com/,musical_instrument,CABA
La Farola de Villa Crespo,+54 11 4858-0614,no,,,restaurant,CABA
Airborn,+54 11 4774-3555,no,,,clothes,CABA
Mendieta,+54 11 4866-5757,no,,,pet,CABA
Morillo,+54 11 4862-3043,no,,,restaurant,CABA
Tío Titi,+54 11 4867-4827,no,,,restaurant,CABA
El Hostal Bodegon,+54 11 4300-9028,no,,,restaurant,CABA
Bar Los Laureles,+54 11 4303-3393,no,,,restaurant,CABA
Enfundá la mandolina,+54 11 4822-4479,no,enfunda2012@yahoo.com.ar,http://enfundalamando.com.ar/,restaurant,CABA
Casal de Catalunya,+54 11 4300-1023,no,info@casal.org.ar,http://casal.org.ar/,restaurant,CABA
Conexión a Tierra,+54 11 4811-0430,no,,https://conexionatierra.com.ar/,garden_centre,CABA
Chikylu,+54 11 4867-4027,no,babychikylu@gmail.com,http://chikylu.blogspot.com/,clothes,CABA
Sabores de Patagonia,+54 11 4315-2151,no,,http://www.saboresdepatagonia.com/,restaurant,CABA
Sandwichería Miriam (Eventos),+54 11 4218-3500,no,,,confectionery,CABA
Pisco & Nazca,+54 11 4963-5640,no,,,restaurant,CABA
Cendas,+54 11 4862-3418,no,eventos@cendas.com.ar,https://cendas.com.ar/,theatre,CABA
ConCiencia Tai Chi,+54 11 4551-9128,no,,https://clases-de-taichi.com.ar/,college,CABA
Servicio Técnico de Máquinas Herramienta,+54 11 4551-9128,no,,https://asistencia-tecnica.com.ar/,electronics_repair,CABA
"División Cuartel II ""Patricios""",+54 11 4943-2222,no,,,fire_station,CABA
Sanatorio San Jose,+54 11 4821 1001,no,,,hospital,CABA
Starbucks,+54 11 5530-7328,no,info@starbucks.com.ar,https://www.starbucks.com.ar/,cafe,CABA
Starbucks,+54 11 5530-7326,no,info@starbucks.com.ar,https://www.starbucks.com.ar/,cafe,CABA
Instituto Bayard,+54 11 4803-0902,no,secretaria.secundario@bayard.Escuelaedu.ar,,school,CABA
Disco,+54 11 4807-0627,no,,,supermarket,CABA
Estudio de Danzas y Arte Reina Reech,+54 11 4780-1150,no,,,music_school,CABA
Chabuquita,+54 11 3217-8064,no,,,florist,CABA
Clínica La Sagrada Familia,+541147881800,no,,,hospital,CABA
Disco,+54 11 4804-5033,no,,,supermarket,CABA
Bici Station,+54 11 3451-5087,no,,https://www.bicistation.com.ar/,bicycle,CABA
TalkNet TecnoStore,+54 11 3221-2987,no,,http://talknet.com.ar/tienda/,computer,CABA
Buenos Aires Grill,+54 11 4813-4796,no,,https://linktr.ee/bsasgrill1876,restaurant,CABA
Los Corrales,+54 11 4912-1589,no,,,cafe,CABA
Bitcoin Argentina,+54 11 5352 1250,no,,https://bitcoinargentina.org/,ngo,CABA
Hospital de Odontología Doctor José Dueñas,+541149830392,no,,https://www.buenosaires.gob.ar/hospitaljoseduenas,clinic,CABA
Delfina,+54 11 4703-2154,no,,,taxi,CABA
MiscelaneaTotal,+54 11 4222-9457,no,,,gift,CABA
La Nueva Eclipse,+54 11 4706-2266,no,eclipse_remis@yahoo.com,,taxi,CABA
Rincón Norteño,+54 11 4781-8181,no,,,restaurant,CABA
Starbucks,+54 11 5530-7322,no,info@starbucks.com.ar,https://www.starbucks.com.ar/,cafe,CABA
CoinMelon,,no,info@coinmelon.com,https://www.coinmelon.com,company,CABA
Columbia,+54 11 4816 0737,no,,https://columbiasportswear.com.ar/,clothes,CABA
Clínica Zabala,+541152368500,no,,,hospital,CABA
Global Vip Transfer S.A.,+54 342 456-3386,no,reservas@global-vip-transfer.com,http://www.global-vip-transfer.com,taxi,CABA
Escuela Infantil 04/17°,+54 11 4641-7167,no,dei_ei4_de17@bue.edu.ar,,kindergarten,CABA
Café Martínez,+54 11 4815-1808,no,cmcallao858@cafemartinez.com.ar,https://www.cafemartinez.com/,cafe,CABA
Libros Del Mundo,+54 11 4816-4310,no,,,books,CABA
Petit Colón,+54 11 4382-7306,no,,http://petitcolon.com.ar/,cafe,CABA
Cinema Devoto,+54 11 4019-6060,no,,https://cinemadevoto.com.ar/,cinema,CABA
La Madonnina,+54 11 4703-3490,no,info@lamadonninaresto.com.ar,https://lamadonninaresto.com.ar,restaurant,CABA
Comisaría 46,+54 11 4312-3333,no,,,police,CABA
Cremolatti,+54 11 4786-4186,no,,,ice_cream,CABA
Pizzería Boysito,+54 11 4896-4969,no,,,fast_food,CABA
Hector Tenis,+54 11 4546-1879,no,,http://www.hectortenis.com.ar,sports,CABA
Johnny B. Good,+54 11 4342-6192,no,pmadero@jbgood.com,https://jbgood.com/,bar,CABA
Farmás,+54 11 4781-8064,no,,,pharmacy,CABA
La Celestina,+54 11 4782-4348,no,,,fast_food,CABA
Milenio III,+54 11 4782-9109,no,mileniocollege2000@yahoo.com.ar,,school,CABA
Instituto Río de la Plata,+54 11 4822-2032,no,secundaria@colegioriodelaplata.edu.ar,,school,CABA
Buenos Aires Bakery,+54 11 4828-0668,no,info@buenosairesbakery.com.ar,https://www.buenosairesbakery.com.ar/,bakery,CABA
Bracia,+54 11 4788-3898,no,,,cafe,CABA
Consultorio Psicológico (Lic. Roberto Martínez) Psicoanalista,+54 11 3768-1766,no,rmarthz@gmail.com,http://www.robertodmartinez.com.ar/,doctors,CABA
Royal,+54 11 4781-1700,no,,,hardware,CABA
Alessandro,+54 11 4635-1101,no,,,ice_cream,CABA
Fresh,4683-9401,no,,,ice_cream,CABA
Terzo,+54 11 4635-1310,no,,,ice_cream,CABA
Troche,+54 11 2006 1958,no,,,bakery,CABA
C & F Asociados,+54 11 4635-9581,no,,https://www.cfasociados.com.ar/,insurance,CABA
Estudio Jurídico Sucesión Silvia Lago,+54 11 4433-1294,no,,,lawyer,CABA
Colegio 12 Reconquista,+54 11 4521-0844,no,dem_col12_de15@bue.edu.ar,,school,CABA
Cerrajeria Oscar,+54 11 4635-9568,no,,,locksmith,CABA
Sistemas Administrativos S.A.,+54 11 4581-1226,no,,,company,CABA
Librería Esotérica Arcángel Rafael,+54 11 4814-1974,no,libreria@arcangelrafael.com.ar,https://www.arcangelrafael.com.ar/,books,CABA
Servicios de informática / computación,+54 11 6764-2266,no,,,it,CABA
Centro de Traumatologia y Acupuntura Serpone Miguel F.,+54 11 4568-9651,no,,,clinic,CABA
BsAs sound,+54 11 4582-7858,no,bsas_sound@hotmail.com,http://bsas-sound.com.ar/,hifi,CABA
Il Bruno Pasta & Pizza Napoletana,+541153881010,no,ilbrunoar@gmail.com,,restaurant,CABA
Coletti propiedades,+54 11 4992-7525,no,,,estate_agent,CABA
USS,+54 11 4011-3000,no,,,company,CABA
Centro de Atención Primaria de la Salud n°13 Villa Lynch,+54 11 4830 0709,no,,https://www.sanmartin.gov.ar/servicios/salud/,clinic,CABA
Instituto José Ingenieros,+54 11 4701 5968,no,jingenieros@clubosn.com.ar,http://www.iji-virtual.com.ar/,college,CABA
GIN TONIC CLOTHING,+54 11 2450-1537,no,gintonicshowroom@gmail.com,https://www.facebook.com/pages/GIN-TONIC-Clothing/596909337071187?fref=ts,clothes,CABA
Casavi,+54 11 4805-3777,no,,,florist,CABA
El Soñado,+54 11 4308-4174,no,,,restaurant,CABA
Establecimiento General de Café,+54 11 4374-9073,no,info@estcafe.com.ar,https://establecimientocafe.com.ar/,cafe,CABA
Fusion Musical,+54 11 4374-8048,no,,https://www.fusionmusical.com.ar/,musical_instrument,CABA
Vendoma,+54 11 4373-0745,no,,https://www.vendoma.com.ar/,musical_instrument,CABA
Locutorio Aguero,,no,locutorioaguero@gmail.com,,kiosk,CABA
DeRose Method - Sede Cerviño,+54 11 4801-8522,no,,https://www.derosecervino.com.ar/,college,CABA
The Brothers,+54 11 4674-0869,no,,,restaurant,CABA
Barrancas Center,+54 11 4784-1781,no,,,pharmacy,CABA
El Salmon,+54 11 4315-3362,no,,,bar,CABA
Café Martínez,+54 11 4964-2452,no,cordoba2677@cafemartinez.com.ar,https://www.cafemartinez.com/,cafe,CABA
El Cisne,+54 11 4782-7214,no,,,love_hotel,CABA
GWM Belgrano,+54 11 4787-4200,no,,https://www.gwmbelgrano.com/,car,CABA
El Jardín de los Mirasoles,+54 11 4703-5781,no,jardinmirasoles@gmail.com,http://www.eljardindelosmirasoles.esc.edu.ar/,kindergarten,CABA
La Juvenil,+54 11 4823-8421,no,info@lajuvenilpastas.com.ar,https://www.lajuvenilpastas.com.ar/,pasta,CABA
Colegio Nuevo Guido Spano,+54 11 4963-1516,no,info@colegioguidospano.com,,school,CABA
NetQual,+54 11 4373-3696,no,,https://www.netqual.com.ar/,company,CABA
LAB New American Cuisine & Coffee Shop,,no,info@labcafe.com.ar,http://www.labcafe.com.ar/,cafe,CABA
Zenergia SRL,+54 11 5273-8947,no,info@zenergia.com.ar,https://www.zenergia.com.ar/,company,CABA
La Parri,+54 11 4541-7480,no,,,restaurant,CABA
Credicoop,+54 11 4613-1079,no,,https://www.bancocredicoop.coop/nuestrobanco/,bank,CABA
Carrefour Market,0800 444 8484,no,,https://www.carrefour.com.ar/,supermarket,CABA
Sanatorio Otamendi y Miroli,+54 11 4965-2900,no,rrpp@otamendi.com.ar,https://www.otamendi.com.ar,hospital,CABA
Baron,+54 11 5229-4475,no,,,hairdresser,CABA
kinder farma,+54 11 4963-0872,no,,,pharmacy,CABA
Moderno Bazar,+54 11 4511-9693,no,web@modernobazar.com,https://www.modernobazar.com/,houseware,CABA
De olivas i lustres,+54 11 4867-3388,no,,,restaurant,CABA
"CENOF D.E. 06 ""Centro Municipal del Tango"" - Escuela Primaria 12/06°",+54 11 4957-1382,no,cnf.cetba@bue.edu.ar,,school,CABA
Vivero Palermo,+54 11 5036 4712,no,,,garden_centre,CABA
Bloomes,+54 11 4823-5003,no,piazembo@hotmail.com,,kindergarten,CABA
Diego,+54 11 4824-8399,no,,,supermarket,CABA
Instituto de Recreación Infantil Mi Casita,+54 11 4824-1937,no,escuela@micasitapeldanos.edu.ar,,kindergarten,CABA
Nancy,+54 11 4823-6367,no,,,supermarket,CABA
1810,+54 11 4865-0030,no,1810palermo@gmail.com,http://www.1810cocinaregional.com,restaurant,CABA
Colectivo La Tribu. FM 88.7,+54 11 4866-1095,no,,https://fmlatribu.com/,studio,CABA
Lo de Carlitos,+54 11 4832-5539,no,,https://www.lodecarlitos.com/,restaurant,CABA
Analy,+54 11 4961-1008,no,,,greengrocer,CABA
Los gigantes de la pizza,+54 11 4862-7323,no,,,restaurant,CABA
Chida Abogados,+54 11 4553-8192,no,,www.chida-abogados.com.ar,lawyer,CABA
Pizerria Los Leños,+54 11 4775-2550,no,,https://www.losleños.com.ar/es/,restaurant,CABA
Unidad Sanitaria 9 De Avellaneda,4205-9634,no,,,clinic,CABA
Hostbaires Hosting + Diseño,+54 11 3336-5067,no,,https://hostbaires.com/,company,CABA
Sakura,+54 11 4865-2600,no,,https://www.sakurasushi-bar.com/,restaurant,CABA
Patagonia Flooring,+54 11 4811-4579,no,,https://patagoniaflooring.com/,parquet_layer,CABA
Electronort,+54 11 4393-1898,no,,,electrical,CABA
Corumbá,+54 11 4922-4114,no,,,coffee,CABA
Eurolock,+54 9 11 6511 6191,si,,https://eurolock.com.ar/,doors,CABA
La Exposicion,+54 1148115307,no,,https://www.laexposicion.com.ar/,bakery,CABA
Milion,+54 11 4815-9925,no,info@milion.com.ar,https://www.milion.com.ar/,bar,CABA
Don Julio,+54 11 4831-9564,no,,,restaurant,CABA
Viejo Norton,+54 11 4797-9712,no,,,restaurant,CABA
TGI Friday's,+54 11 4342-7816,no,contacto@tgifridaysargentina.com.ar,http://www.tgifridaysargentina.com.ar/,restaurant,CABA
Rodizio,+541143343638,no,,http://rodizio.com.ar/,restaurant,CABA
Cabaña Las Lilas,+54 11 4313-1336,no,,https://www.laslilas.com/restaurant-cabana-las-lilas,restaurant,CABA
London City,+54 11 4342 - 9057,no,,https://www.londoncity.com.ar/,restaurant,CABA
Volta,+54 810 888 6582,no,,https://unaltravolta.com.ar/,ice_cream,CABA
Disco,+54 11 4815-9995,no,,,supermarket,CABA
Café Martínez,+54 11 4393-0563,no,santafe928@cafemartinez.com.ar,https://www.cafemartinez.com/,cafe,CABA
Monochrome,+54 11 4772-1676,no,,http://www.rewindbikes.com/,bicycle,CABA
Capitán Barbería,+5491124004196,si,,,hairdresser,CABA
Fiamila,+54 11 2055-0499,no,,,ice_cream,CABA
Librería Platero,+54 11 4382-2215,no,,http://www.libreriaplatero.com.ar,books,CABA
Master Print,+54 11 4963-2826,no,,,copyshop,CABA
Starbucks,+54 11 5788-0585,no,info@starbucks.com.ar,https://www.starbucks.com.ar/,cafe,CABA
Circe - Libros Tesoro,+54 11 812-3118,no,biblioteca_circe@buenosaires.gob.ar,,library,CABA
Cachito Premium,+54 11 2088 8883,no,,,fast_food,CABA
Origen Cowork,+54 11 6026-0755,no,,http://origencowork.com/,coworking,CABA
Casa Chimi,+54 11 4857-0949,no,casachimi@hotmail.com,,car_parts,CABA
Sede comunal 15,+54 11 4771-1960,no,,https://www.buenosaires.gob.ar/comuna-15/sede-comunal-15,townhall,CABA
Dark pool,+54 11 4901-6946,no,,https://www.facebook.com/pages/Dark-Pool-Caballito/108032412576238?fref=ts,bar,CABA
Believe Indumentaria,+54 11 4774-2019,no,,facebook.com/believeaguirre,clothes,CABA
Hexacta,+54 11 5299-5400,no,,https://www.hexacta.com/,company,CABA
Farmaplus,+54 810 555 7777,no,,https://www.farmaplus.com.ar/,pharmacy,CABA
Café Martínez,+54 11 4988-0451,no,hortiguera@cafemartinez.com.ar,https://www.cafemartinez.com/,cafe,CABA
Garage Juan B. Justo,011 911-6955-1567,no,,,parking,CABA
"Escuela para Niños, Niñas y Jóvenes con Pluridiscapacidad 26 Doctor Jorge Garber",+54 11 4773-8047,no,eee26_de9@bue.edu.ar,,school,CABA
Havanna,0800 666 1371,no,,https://www.havanna.com.ar/,cafe,CABA
Le Pain Quotidien,+54 11 5789-2705,no,info@lepainquotidien.com.ar,http://www.lepainquotidien.com.ar/,cafe,CABA
Faricci,+54 11 4896-1629,no,,https://www.faricci.com/,ice_cream,CABA
Grill Dandy,+54 11 4776-4549,no,,https://www.somosdandy.com,restaurant,CABA
Escuela de circo La Arena,+54 11 4777-8920,no,info@circoarena.com.ar,http://www.circoarena.com.ar,college,CABA
Basta de Lobby,+54 11 4832-1555,no,palermo@bastadelobby.com,http://www.bastadelobby.com/,cannabis,CABA
El Rosario,+54 11 4777-2160,no,,,laundry,CABA
Café Martínez,+54 11 4864-7173,no,hitaliano@cafemartinez.com.ar,https://www.cafemartinez.com/,cafe,CABA
DeRose Method - Sede Callao,+54 11 4816-5777,no,,https://www.derosecallao.com/,college,CABA
Casa Temple,+54 11 4831-5430,no,palermo@thetemplebar.com.ar,,pub,CABA
Colegio Francesco Faà Di Bruno,+54 11 4771-1975,no,info@faadibruno.edu.ar,,school,CABA
Chacarerean Teatre,+54 11 4775-9010,no,,https://chacarereanteatre.com.ar,theatre,CABA
Nación Seguros,+54 11 4319 9900,no,,https://www.nacion-seguros.com.ar/,insurance,CABA
Mirta Jara,+54 11 4779-0752,no,,,hairdresser,CABA
Burbujas,+54 11 4328-1242,no,,,laundry,CABA
Chin Express,+54 11 4641-3161,no,,,supermarket,CABA
PSC Gestión Comercial,+54 11 3968-6399,no,,http://www.pscomercial.com.ar,company,CABA
Centro de Educación Creativa La Aldea del Buen Ayre,+54 11 4922-8265,no,laaldeadelbuenayre@hotmail.com,http://www.laaldeadelbuenayre.com.ar,kindergarten,CABA
San Lázaro,+54 11 4923-4342,no,,,veterinary,CABA
Zomma,+54 11 4921-3662,no,,https://zomma.com.ar/,fast_food,CABA
daprints,+54 11 4963-0300,no,,,copyshop,CABA
Estilo Buenos Aires,+54 11 4963-6896,no,,,hairdresser,CABA
Brambo,+54 11 4826-1584,no,,,yes,CABA
Escuela Infantil La Tortuga Juanola,+54 11 4771-0699,no,latortugajuanola@hotmail.com,,kindergarten,CABA
Daye Bicycles,+54 11 4567-6269,no,,https://www.dayebicycles.com/,bicycle,CABA
Viccenzo Helado & Café,+54 11 4795-3674,no,,http://www.viccenzo.com.ar/,cafe,CABA
Starbucks,+54 11 4831-9937,no,info@starbucks.com.ar,https://www.starbucks.com.ar/,cafe,CABA
Minga,+54 11 8031-0574,no,,https://linktr.ee/mingaparrilla,restaurant,CABA
Planes Bistró,+54 11 4431-2888,no,,,restaurant,CABA
El Sanjuanino,+54 11 4805-2683,no,,,restaurant,CABA
Capgemini Argentina,+54 11 5297-9200,no,,https://www.capgemini.com/,it,CABA
La Comarca,+54 11 4822-0419,no,,,books,CABA
Escuela de Educacion Media 05/15°,+54 11 4541-6001,no,eem5de15@gmail.com,,school,CABA
Jardín de Infantes Integral 04/14,+54 11 4521-8026,no,dei_jii4_de14@bue.edu.ar,,kindergarten,CABA
Escuela De Educación Primaria Nº 58 Martin José De La Serna,+54 11 4206-4841,no,,,school,CABA
Jardín de Infantes Nucleado C (EPCjs 08/11°) Herminia Brumana,+54 11 4611-5740,no,dei_jinc10_de11@bue.edu.ar,,kindergarten,CABA
Jardín de Infantes Nucleado B (EPCjc 10/04°),+54 11 4301-3312,no,dei_jinb_de4@bue.edu.ar,http://escuelalamadrid.blogspot.com.ar/,kindergarten,CABA
Buenos Aires Bakery,+54 11 4805-4371,no,info@buenosairesbakery.com.ar,https://www.buenosairesbakery.com.ar/,bakery,CABA
Escuela Primaria Común 21 Almirante Segundo R. Storni,+54 11 4854-7859,no,dep_epc21de14@bue.edu.ar,http://escuela21de14.blogspot.com.ar/,school,CABA
Escuela Primaria Común 11 Doctor Enrique Mosca,+54 11 4581-2265,no,dep_epc11_de14@bue.edu.ar,https://sites.google.com/site/escuela11de14/,school,CABA
Instituto Nuestra Señora del Huerto,+54 11 4942-4585,no,administracion@inshuertorincon.edu.ar,,school,CABA
Tienda Consol,+54 11 6351-0477,no,floresta@tiendaconsol.coop,http://www.tiendaconsol.coop,convenience,CABA
Jardín de Infantes Nucleado C (EPCjc 15/18°) [Sede],+54 11 4566-3586,no,jincd.e18@gmail.com,,kindergarten,CABA
Presencia de Dios,+54 11 4924-1690,no,,https://www.presenciadedios.com/,place_of_worship,CABA
Hospital Zonal Especializado en Oncologia de Lanús,+54 11 42474376,no,,,clinic,CABA
UPA 3 - Lanús,+54 11 4208-2767,no,,,hospital,CABA
Ciclo Básico de Formación Ocupacional 03 Olga Cossettini,+54 11 4788-3740,no,dem_cbo3_de10@bue.edu.ar,,school,CABA
Electro Fashion,+54 11 5238-3432,no,info@electrofashion.com,http://www.electrofashion.com,clothes,CABA
Mauricio,+54 11 4777-8585,no,,,hairdresser,CABA
Persistir Pilchas,,no,persistir.pilchas@gmail.com,https://www.facebook.com/persistir.pilchas.9,clothes,CABA
DeRose Method - Sede Palermo,+54 11 4778-3805,no,,http://www.derosepalermo.com,college,CABA
Escuela Primaria Común 03 Doctor Onésimo Leguizamón,+54 11 4811-9814,no,escpri3de1@gmail.com,,school,CABA
Spazio Per Voi,+54 11 4783-9829,no,,,hairdresser,CABA
Sancor Seguros,+54 11 4792-7127,no,,https://gruposancoraseguros.com,insurance,CABA
Bellaria,+54 11 4899-2533,no,info@bellariaweb.com,https://www.bellariaweb.com.ar/,bakery,CABA
Enrique,+54 11 4899-1406,no,,,outdoor,CABA
Liceo 01 José Figueroa Alcorta,+54 11 4823-5308,no,liceo1de2@gmail.com,http://liceo-1.blogspot.com.ar/,school,CABA
Carlos Guido y Spano,+54 11 4773-5862,no,biblioteca_guidoyspano@buenosaires.gob.ar,,library,CABA
Similia,+54 11 4826-1919,no,,www.similia.com.ar,pharmacy,CABA
Rebelión,+54 11 2823-4219,no,,https://rebelion.meitre.com/,cafe,CABA
IBYME,+54 11 4783-2869,no,,https://www.ibyme.org.ar/,research,CABA
Librería Biblos,+54 9 11 4764 2746,si,bibloscolegiales@gmail.com,https://www.libreriabiblos.com.ar/,books,CABA
Jardín de Infantes Nucleado B (EPCjs 12/20°),+54 11 4642-5524,no,dei_jinb8_de20@bue.edu.ar,,kindergarten,CABA
Jardín de Infantes Integral 04/09°,+54 11 4832-1978,no,jardinparaguay@hotmail.com,,kindergarten,CABA
Kimbyconsulting,+54 11 5218-5663,no,,https://kimbyconsulting.com/,accountant,CABA
Jardín de Infantes Nucleado C (EPCjs 03/02°),+54 11 4867-2749,no,jincde02@yahoo.com.ar,,kindergarten,CABA
Escuela Primaria N* 14,+54 11 4752-3852,no,infanteriargentina14@hotmail.com,,school,CABA
Instituto R. P. Hansen,+54 11 4702-8630,no,infoprimaria@institutohansen.com.ar,,school,CABA
Jardín de Infantes Nucleado A (EPCjc 03/17°) Alicia Moreau de Justo,+54 11 4503-5314,no,jinade17@gmail.com,escuelaescuela3de17.blogspot.com.ar,kindergarten,CABA
Instituto María Auxiliadora,+54 11 4300-8667,no,cma131@yahoo.com.ar,,school,CABA
Maternidad Santa Rosa,4513–1946,no,,https://www.vicentelopez.gov.ar/secretaria-de-salud,hospital,CABA
Jardín de Infantes Nucleado B - Mariano Sánchez de Loria,+54 11 4644-1728,no,dei_jinb14_de18@bue.edu.ar,http://buendiaescuela.wix.com/escuelapublica20de18,kindergarten,CABA
Il Gatto Trattorias,+54 11 4828-0203,no,,,restaurant,CABA
Escuela Normal Superior 08 Presidente Julio Argentino Roca (anexo),+54 11 4931-2283,no,ens8_mtprosecretaria@bue.edu.ar,,school,CABA
Pizzeria El Huracan,+54 11 4308-3520,no,,,restaurant,CABA
El Mundo de los Sueños,+54 11 4784-0200,no,,,bed,CABA
La Amistad,+54 11 4787-0422,no,,,florist,CABA
General Store,+54 11 3705-5702,no,,https://www.general-store.com.ar/,watches,CABA
Sánchez & Sánchez,+54 11 4864-6655,no,,,restaurant,CABA
La Colonial,+54 11 4864-3249,no,,,bakery,CABA
La Napolitana,+54 11 4863-4640,no,,,restaurant,CABA
Agustina,+54 11 4867-6788,no,,,restaurant,CABA
Ventas IGN,,no,ventas@ign.gob.ar,https://www.ign.gob.ar/content/turnos-online-departamento-de-ventas,books,CABA
GPS Mundo (Sucursal Microcentro),+54 11 4783-8800,no,,,electronics,CABA
Costanera Uno,+54 11 4312-4545,no,,http://www.costanerauno.com.ar/,boat,CABA
Centro De Salud 11 De Avellaneda,+54 11 4206 1515,no,,,clinic,CABA
Montecarlo,+54 11 4773-0229,no,barcafemontecarlo@gmail.com,http://www.barmontecarlo.com.ar,cafe,CABA
Estancia María Angela,+54 11 4983-9315,no,,http://www.estanciamariaangela.com.ar/,butcher,CABA
D&A Market,+54 11 4788-9130,no,,,supermarket,CABA
Tea Connection,+54 11 4788-5602,no,vueltadeobligado@teaconnection.com.ar,https://www.teaconnection.com.ar/,tea,CABA
Romario,+54 11 4511-4444,no,info@romario.com.ar,https://www.romario.com.ar/,restaurant,CABA
Capriccci,+54 11 4981-6985,no,,,ice_cream,CABA
Pizza Pizza,+54 11 4782-3331,no,,http://www.pizzamaspizza.com.ar,fast_food,CABA
Jardín de Infantes Nucleado A (EPCjs 21/11°) Baldomero Fernández Moreno,+54 11 4613-6861,no,jardindeinfantesnucleadosa@gmail.com,,kindergarten,CABA
La Casa de la Computadora,+54 11 4782 4916,no,info@casadelacomputadora.com.ar,www.casadelacomputadora.com.ar,computer,CABA
El Cisne Blanco,+54 11 4785-6876,no,,,restaurant,CABA
1810,+54 11 4893-2525,no,1810centro@gmail.com,http://www.1810cocinaregional.com,restaurant,CABA
Atilano,+54 11 4545-9595,no,,,restaurant,CABA
Barocca,+54 11 4545-9375,no,,,ice_cream,CABA
Escuela Nº 10 Doctor Ricardo Gutierrez,+54 11 4205-9052,no,diezprimaria@gmail.com,,school,CABA
Jardín de Infantes Nucleado B (EPCjc 10/19°),+54 11 4924-4493,no,jinbde19@yahoo.com.ar,,kindergarten,CABA
Jardín de Infantes Nucleado B (EPCjc 15/20°),+54 11 4642-5524,no,dei_jinb8_de20@bue.edu.ar,,kindergarten,CABA
Jardín de Infantes Nucleado A (EPCjs 21/17°) Alicia Moreau de Justo,+54 11 4501-7234,no,jinade17@gmail.com,,kindergarten,CABA
Jardín de Infantes Nucleado D (EPCjs 09/12°),+54 11 4674-3732,no,jinddistrito12@gmail.com,,kindergarten,CABA
Jardín de Infantes Común 01/13°,+54 11 4687-1133,no,jic01de13@yahoo.com.ar,,kindergarten,CABA
Sanitarios Chialvo,+54 11 4573 5917,no,,https://www.facebook.com/sanitarioschialvo/,chemist,CABA
"Escuela Primaria Pública Nº 57 ""Juana Fernández de Requena""",+54 11 4206-4841,no,,,school,CABA
Escuela Primaria Común 11 Antonio J. Bucich,+54 11 4301-1944,no,dep_epc11_de4@bue.edu.ar,,school,CABA
Escuela Normal Superior 02 en Lenguas Vivas Mariano Acosta,+54 11 4931-3913,no,ens2acosta@bue.edu.ar,,school,CABA
Consultorio Doctora Segura,+54 11 4612-8121,no,,http://www.andreasegura.com.ar,dentist,CABA
Instituto Elisa Harilaos,+54 11 4612-0859,no,colegioelisaharilaos@gmail.com,,school,CABA
Jardín de Infantes Nucleado D (EPCjs 24/17°) Victoria Ocampo,+54 11 4501-7100,no,jind172009@gmail.com,,kindergarten,CABA
Escuela Primaria Común 20 Nieves Escalada de Oromi,+54 11 4301-1867,no,dep_epc20_de5@bue.edu.ar,,school,CABA
Jardín de Infantes Integral 03/11°,+54 11 4633-9395,no,dei_jii3_de11@bue.edu.ar,,kindergarten,CABA
Jardín de Infantes Nucleado A (EPCjs 07/05°) (Sede),+54 11 4307-6901,no,jinacinco@yahoo.com.ar,,kindergarten,CABA
Jardín de Infantes Nucleado C (EPCjs 17/12°),+54 11 4639-6818,no,jincjardin@yahoo.com.ar,,kindergarten,CABA
Santander,+54 11 4110-7000,no,,https://www.santander.com.ar,bank,CABA
Café Martínez,+54 11 4632-7727,no,cmlautaro402@cafemartinez.com.ar,https://www.cafemartinez.com/,cafe,CABA
Prestigio,+54 11 4633-3001,no,,,paint,CABA
Jardín de Infantes Nucleado C (EPCjc 03/14°) [Sede],+54 11 4524-2947,no,jincde1405@gmail.com,,kindergarten,CABA
Jardín de Infantes Nucleado C (EPCjs 04/10°),+54 11 4545-3783,no,jincde10@yahoo.com.ar,,kindergarten,CABA
Escuela Primaria p/Adultos 18 Cabildo de Buenos Aires,+54 11 4553-5347,no,deaa_ep18de14@bue.edu.ar,,school,CABA
Pizza Gigante,+54 11 4784 3631,no,,http://www.pizzasgigantes.com.ar,fast_food,CABA
Selfie Store,+54 11 4788-4645,no,,,mobile_phone,CABA
La Juvenil,+54 11 4786-3894,no,info@lajuvenilpastas.com.ar,https://www.lajuvenilpastas.com.ar/,pasta,CABA
Oscar,+54 11 4702-8861,no,,http://www.escuelaoscar.com/,driving_school,CABA
Delfín,+54 11 4782-7149,no,,,supermarket,CABA
Heladería Donado Palermo,+54 11 4832-3360,no,info@heladosdaniel.com.ar,http://www.heladosdaniel.com.ar/,ice_cream,CABA
Pani,+54 11 4772-6420,no,deli@pani.com.ar,https://www.pani.com.ar/,cafe,CABA
Los Amigos,+54 11 4789-0158,no,,,newsagent,CABA
Instituto Santísima Virgen Niña,+54 11 4501-0854,no,replegalisun@virgennina.org.ar,http://ww.isvn.edu.ar,school,CABA
Crêpas,+54 11 2118-4960,no,,http://crepas.com.uy,fast_food,CABA
Temple Craft Soho,+54 11 6739-0110,no,hola@thetemplebar.com.ar,,pub,CABA
Yenny,+54 11 4821-6028,no,,,books,CABA
Yenny,+54 11 4866-4617,no,,,books,CABA
Mostaza,+54 11 4567-0055,no,devoto@mostazaweb.com.ar,https://www.mostazaweb.com.ar/,fast_food,CABA
Cafe Boccazzi,+54 11 4778-5062,no,,,cafe,CABA
Yenny,+54 11 4778-5137,no,,,books,CABA
Starbucks,+54 11 4802-3151,no,info@starbucks.com.ar,https://www.starbucks.com.ar/,cafe,CABA
Tonel Privado,+54 11 4814-7526,no,info@tonelprivado.com,https://www.tonelprivado.com/,wine,CABA
Yenny,+54 11 4806-5457,no,,,books,CABA
Yenny,+54 11 4814-7427,no,,,books,CABA
Yenny,+54 11 4632-5941,no,,,books,CABA
Instituto Puertas de Sión,+54 11 4637-5897,no,escuela@shaaresion.org.ar,http://shaaresion.org.ar/,school,CABA
Escuela Primaria Común 23 Provincia de Entre Rios,+54 11 4921-1975,no,escuela23distrito6@gmail.com,,school,CABA
Jardín de Infantes Nucleado D (EPCjc 04/17°) Victoria Ocampo,+54 11 4501-7100,no,jind172009@gmail.com,,kindergarten,CABA
Jardín de Infantes Nucleado D (EPCjc 19/02°),+54 11 4862-4453,no,jind2@yahoo.com.ar,,kindergarten,CABA
Escuela Primaria Común 02 José Maria Gutiérrez,+54 11 4941-3551,no,dep_epc2_de6@bue.edu.ar,,school,CABA
E.P. Nº9 MARÍA EVA DUARTE,+54 11 4652-4472,no,,,school,CABA
Escuela Técnica 32 Gral. José de San Martín,+54 11 4551-9121,no,det_32_de14@bue.edu.ar,,school,CABA
Café Palacio,+54 9 11 4554 5529,si,museosimik@gmail.com,,cafe,CABA
Instituto Esteban Agustín Gascón,+54 11 4772-7087,no,contacto@institutogascon.com.ar,,school,CABA
Escuela de Comercio 26 Enrique de Vedia,+54 11 4807-2967,no,com26de1@buenosaires.edu.ar,,school,CABA
Instituto Incorporado Colectividad Helénica,+54 11 4777-8176,no,helenico_a_814@yahoo.com.ar,,school,CABA
Escuela Primaria nº45,+54 11 4204-2013,no,,,school,CABA
Jardín de Infantes Nucleado B (EPCjs 14/10°) [Sede],+54 11 4545-4062,no,jinbde10cap@yahoo.com.ar,,kindergarten,CABA
Escuela Pública 1 Nicolás Avellaneda,+54 11 4201-8934,no,,,school,CABA
"Escuela de Educación Secundaria Técnica N° 8 ""Ángel Gallardo""",+54 11 4201-5662,no,,http://eest8.com.ar/,school,CABA
Clínica de Microcirugía,+54 11 4372-5286,no,,,clinic,CABA
Siglo XX,+54 11 4304-6899,no,,http://www.sigloxxhotel.com.ar/,love_hotel,CABA
Dallas,+54 11 4864-1650,no,,https://www.hoteldallas.com.ar/,love_hotel,CABA
Ruben Otero,+54 11 4642-5100,no,,,pharmacy,CABA
Birmania,+54 11 3804-5108,no,,,bar,CABA
Dia,+54 11 4855-8067,no,,,supermarket,CABA
MegaCar,+541148879400,no,info@megacar.com.ar,https://www.megacar.com.ar/,car,CABA
"La Abadía, Centro de Arte y Estudios Latinoamericanos",+54 11 4773-9223,no,info@laabadia.org,http://www.laabadia.org/,arts_centre,CABA
San José,+54 11 4797-7810,no,,,convenience,CABA
Misiunea „Sfântul Apostol Andrei” Buenos Aires,+54 11 5746-9513,no,,,place_of_worship,CABA
Del Barco Centenera,+54 11 4924-3603,no,,,fast_food,CABA
Intanto,+54 11 4856-0730,no,catering@intanto.com.ar,http://intanto.com.ar/,cafe,CABA
Domenica Pizza & Cafe,+54 11 4308-2331,no,,http://domenicapizzacafe.com.ar,restaurant,CABA
Neodental,+54 11 4706-2222,no,,,dentist,CABA
San Bernardo,+54 11 4855-3956,no,,,bar,CABA
El Club de la Empanada,+54 11 4787-1856,no,,,fast_food,CABA
Matute,+54 11 4788-3302,no,,,newsagent,CABA
Café Martínez,+54 11 4382-1822,no,cmbelgrano1775@cafemartinez.com.ar,https://www.cafemartinez.com/,cafe,CABA
Ebro: Restaurant Bar,011 4372 7574,no,,,cafe,CABA
Take & Eat,+54 11 2054-8194,no,,,restaurant,CABA
Pollo Track,+54 11 4785-5555,no,,http://www.pollotrack.com.ar,fast_food,CABA
Defu The Tofu Co.,,no,sanfu.ar@gmail.com,https://defu.com.ar,convenience,CABA
Moderno Bazar,+54 11 4783-1309,no,web@modernobazar.com,https://www.modernobazar.com/,houseware,CABA
Le Blé,+54 11 4783-0420,no,arredondo@leble.com.ar,http://www.leble.com.ar/,cafe,CABA
Instituto Privado San Martín de los Campos (sede),+54 11 4780-2050,no,secundaria@st-martin.edu.ar,,school,CABA
Amtax,+54 11 4773-7773,no,,http://www.amtax.org.ar,company,CABA
Freeway Motors,+54 11 4787-2626,no,,https://www.freewaymotors.com.ar/,car_repair,CABA
Hoynococinas,+54 11 4702-8715,no,,http://www.hoynococinasweb.com.ar,fast_food,CABA
Soraya,+54 11 4771-6458,no,,http://soraya.com.ar/,restaurant,CABA
Maru Botana,+54 11 4772-2478,no,11deseptiembre@marubotana.com,http://www.marubotana.com/,cafe,CABA
Carletto,+54 11 4515-0707,no,,https://www.carlettoweb.com.ar/,restaurant,CABA
Don Ernesto,+54 11 3394-3142,no,,,newsagent,CABA
Santa Bárbara,+54 11 4551-3623,no,,,seafood,CABA
Schisano - Plaza Bike,+54 11 4584-8159,no,,http://rodadoschisano.blogspot.com.ar/,bicycle,CABA
Relax III,+54 11 4331-5238,no,,,cafe,CABA
Escuela Primaria Común 05 Juan B. Peña,+54 11 4581-8556,no,esc5de7@yahoo.com.ar,,school,CABA
Escuela Primaria Común 06 Doctor Guillermo Correa,+54 11 4943-0553,no,dep_epc6_de6@bue.edu.ar,,school,CABA
Escuela Primaria Común 05 Albina García de Ryan,+54 11 4612-6885,no,dep_epc5_de11@bue.edu.ar,,school,CABA
Jockey Club,+54 11 4771-5660,no,,,pasta,CABA
Maury,+54 11 4788-8836,no,info@ferreteriamaury.com.ar,http://www.ferreteriamaury.com.ar/,hardware,CABA
Itati,+54 11 4783-7909,no,,,bakery,CABA
Premium Baby Company,+54 11 4774-4902,no,info@babycompany.com.ar,http://www.babycompany.com.ar/,baby_goods,CABA
Power and Shine,+54 11 4523-5157,no,info@powerandshine.com,http://www.powerandshine.com,car_wash,CABA
Hierro bodegon,+54 11 4775-9785,no,,https://www.brandonrestaurant.com/,restaurant,CABA
Escuela Primaria Común 07 Olegario Víctor Andrade,+54 11 4941-2966,no,dep_epc7_de6@bue.edu.ar,,school,CABA
Dulce Buenos Aires,+54 11 4554-3011,no,info@dulcebuenosaires.com,http://www.dulcebuenosaires.com/,cafe,CABA
Hausbrot,+54 11 4554-0821,no,,https://www.hausbrot.com/,bakery,CABA
The Temple Bar,+54 11 4805-0733,no,recoleta@thetemplebar.com.ar,http://www.thetemplebar.com.ar/recoleta/bar,pub,CABA
Nuestra Señora de Fatima,+54 11 4286-2325,no,,,place_of_worship,CABA
Unidad Sanitaria Miranda Norgreen,+54 11 4286 9778,no,,,clinic,CABA
Fito Norte,+54 11 4701-8731,no,,,car_parts,CABA
Panchos Ricky,+54 11 4225-0093,no,,,fast_food,CABA
mecanica de biase,+54 11 4958-1492,no,,,car_repair,CABA
Escuela Primaria Común 04 Salvador María del Carril,+54 11 4931-9628,no,dep_epc4_de6@bue.edu.ar,,school,CABA
Luso,+54 11 4782-1201,no,,https://www.lussosrl.com.ar/,kitchen,CABA
Buenos Aires Bakery,+54 11 4896-2541,no,info@buenosairesbakery.com.ar,https://www.buenosairesbakery.com.ar/,bakery,CABA
Aranalfe,4785 1188,no,,https://www.aranalfe.com/index.php,estate_agent,CABA
Garbis,+54 11 4866-4000,no,,,restaurant,CABA
Jardín de Infantes Nucleado D (EPCjs 20/02°) [Sede],+54 11 4862-4453,no,jind2@yahoo.com.ar,,kindergarten,CABA
Class Optical,+54 11 4774-5449,no,classoptical@hotmail.com,,optician,CABA
El Buen Amigo,+54 11 4702-5920,no,elbuenamigo@fibertel.com.ar,,kindergarten,CABA
Instituto de Enseñanza Superior en Lenguas Vivas Juan B. Justo (sede),+54 11 4639-3981,no,jbjusto@bue.edu.ar,,school,CABA
Embajada de Colombia,+54 11 4325-0258,no,ebaires@cancilleria.gov.co,https://argentina.embajada.gov.co/,diplomatic,CABA
PrintaLot La Central,+54 11 47078-3725,no,info@printalot.com.ar,www.printalotpal.com,computer,CABA
La Mar,+54 11 4776-5543,no,info@lamarcebicheria.com.ar,https://lamarcebicheria.com.ar/,restaurant,CABA
Le Pain Quotidien,+54 11 4778-1050,no,contacto@bardumarchepalermo.com,http://www.bardumarchepalermo.com/,cafe,CABA
Salgado Alimentos,+54 11 4854-1336,no,,http://www.salgadoalimentos.com.ar,restaurant,CABA
Tilo - Artesanía & Diseño,+54 11 4862-0798,no,tiloartesanias@gmail.com,,gift,CABA
Embajada de India,+54 11 4393-4001,no,frontdesk@indembarg.org.ar,http://www.indembarg.org.ar/,diplomatic,CABA
Franca Montillo Real Estate,+54 11 7005 3527,no,,https://www.francamontillorealestate.com/,estate_agent,CABA
Dulsisa,,no,dulsisa@hotmail.com,https://www.dulsisa.com/,confectionery,CABA
Basilico,+54 11 2077-5060,no,,https://www.facebook.com/delibasilico,restaurant,CABA
Wakusei,+54 11 4541-9999,no,,https://www.wakuseisushi.com.ar/,restaurant,CABA
La Panera Rosa,+54 11 4831-8395,no,borges@lapanerarosa.com.ar,https://www.lapanerarosa.com.ar/,restaurant,CABA
Reparación JVG,+54 11 4567-9206,no,,https://www.facebook.com/ReparacionJVG,electronics_repair,CABA
Centro Montañés - Casa de Cantabria,+54 11 4553280,no,casadecantabria@casadecantabria.com.ar,https://casadecantabria.com.ar,restaurant,CABA
Alra (repuestos y Servicio),+541141174170,no,taller2@alravw.com,https://www.alravw.com/,car_repair,CABA
Escuela Primaria Común 01 Tomasa de la Quintana de Escalada,+54 11 4854-1160,no,dep_epc1_de7@bue.edu.ar,http://primaria1de7.blogspot.com.ar/,school,CABA
Escuela Primaria p/Adultos 22 Santa María de los Buenos Aires,+54 11 4601-2427,no,prim.adultos22de13@gmail.com,,school,CABA
Suntool's,+54 11 4545-2439,no,,,trade,CABA
Jardín de Infantes Nucleado C (EPCjc 20/20°),+54 11 4686-3671,no,jincde20@gmail.com,,kindergarten,CABA
I violini,+54 11 4361-0032,no,,https://www.iviolini.com.ar/,musical_instrument,CABA
Farmacity,+54 11 4567-6986,no,,https://www.havanna.com.ar/,pharmacy,CABA
Per Fvmvm Bue,+54 11 4787-6938,no,,https://www.perfumumbue.com/,perfumery,CABA
Tonel Privado,+54 11 4784-9090,no,info@tonelprivado.com,https://www.tonelprivado.com/,wine,CABA
Tomasso,+54 11 66946202,no,,https://tomassopizzas.com.ar/,fast_food,CABA
Centro Médico Medicus,+54 11 5786-8277,no,,,doctors,CABA
Escuela Primaria Común 05 Paul Groussac,+54 11 4931-3198,no,dep_epc5_de6@bue.edu.ar,,school,CABA
Nuevo Banco del Chaco,+54 11 4325-7736,no,,https://www.nbch.com.ar/,bank,CABA
Ninina,+54 11 4832-0070,no,,https://ninina.com/,bakery,CABA
Campo Porteño,+54 11 4545-6699,no,,,restaurant,CABA
Café Martínez,+54 11 4576-9510,no,juramento@cafemartinez.com.ar,https://www.cafemartinez.com/,cafe,CABA
Lozada viajes,+54 11 4801-6906,no,recoleta@lozadaviajes.com,https://www.lozadaviajes.com/,travel_agency,CABA
BierLife,+54 11 4307-6315,no,,http://www.bierlife.com,bar,CABA
Instituto Lange Ley,+54 11 4804-6850,no,info@langeley.Escuelaedu.ar,https://www.langeley.edu.ar/,school,CABA
Parrilla Los Chanchitos,+54 11 4856-6535,no,,http://www.loschanchitos.com.ar,restaurant,CABA
Pizzería Angelín,+54 11 4774-3836,no,,https://angelin5.webnode.es/,restaurant,CABA
Gran Parrilla del Plata,+54 11 4300-8858,no,info@parilladelplata.com,https://www.parrilladelplata.com/,restaurant,CABA
Heladería Cadore,+54 11 4374-3688,no,,https://heladeriacadore.com.ar/,confectionery,CABA
Caldén del Soho,+54 48332221,no,,,restaurant,CABA
La Pécora Nera,+54 11 4804-2000,no,,,restaurant,CABA
Santos Manjares,+54 9 11 6050 2225,si,,,restaurant,CABA
Vía Maggiore,+54 11 4814 3438,no,,https://instagram.com/heladosviamaggiore?igshid=1t8bl8sx8ewph,ice_cream,CABA
Siete Spirits,+54 11 4554-4200,no,consultas@sietespirits.com,https://www.sietespirits.com/,wine,CABA
Beio,+54 11 4954-3362,no,,https://beio.com.ar/,cafe,CABA
Runner Bike,+54 11 4771-9277,no,,http://www.runnerbike.com.ar/,bicycle,CABA
Polo Cel,+54 11 4856-1923,no,ventas@polocel.com.ar,http://www.polocel.com.ar/,mobile_phone,CABA
Brasserie Petanque,+54 11 4342-7930,no,,http://www.brasseriepetanque.com,restaurant,CABA
Programa Ibicuy,+54 11 4825-6508,no,info@ibicuy.com,http://www.ibicuy.com,social_facility,CABA
La salsera,+54 11 4866-1829,no,,https://www.lasalsera.com/index1.html,nightclub,CABA
Café de la Plaza Bistro,+54 11 4502-4755,no,,,restaurant,CABA
Restaurante Norte,+54 11 4816-2867,no,,,restaurant,CABA
Embajada de Suiza,+54 11 4311-6491,no,bue.vertretung@eda.admin.ch,https://www.eda.admin.ch/buenosaires,diplomatic,CABA
Catedral de la Fe,+54 11 6091-8920,no,,https://catedraldelafe.org/,place_of_worship,CABA
Le Roi,+54 11 4671-7576,no,,,restaurant,CABA
Ruth Benzacar,+54 11 4857-3322,no,,http://www.ruthbenzacar.com/,art,CABA
ABM - Instituto de educación superior A-793,+54 11 4816-1314,no,abmbiblioteca@fibertel.com.ar,http://www.abm.edu.ar/,college,CABA
Café Martínez,+54 11 4811-3965,no,cerrito1264@cafemartinez.com.ar,https://www.cafemartinez.com/,cafe,CABA
Frappé,+54 11 4811-0363,no,,https://frappe.com.ar/,wine,CABA
Teatro Coliseo,+54 11 4816-3789,no,,https://www.teatrocoliseo.org.ar/,theatre,CABA
Teatro Regina,+54 11 4815-6661,no,,,theatre,CABA
La Tolva,+54 11 4903-2919,no,,,cafe,CABA
Crocante,+54 11 4983-6878,no,,,bakery,CABA
Loft,+54 11 4982-1389,no,,,fast_food,CABA
Parecchio,+54 11 4958-4777,no,,http://parecchio.com,restaurant,CABA
Club Milanesa,+54 11 5263-9015,no,,https://elclubdelamilanesa.com/,restaurant,CABA
La Estancia,+54 11 4958-1801,no,,,deli,CABA
Nueva Vision,+54 11 4816-5892,no,,,optician,CABA
Delegación Avellaneda,+54 11 4208 2035,no,,https://www.argentina.gob.ar/policia-federal-argentina,police,CABA
TuSitioYa,+54 11 4588-0069,no,,https://www.tusitioya.com.ar/,company,CABA
Dirección Nacional del Antártico,+54 11 4331-2900,no,info@dna.gob.ar,http://www.dna.gov.ar/,government,CABA
Kalimnnos,+54 11 4981-2488,no,,https://kalimnosgourmet.com.ar/,deli,CABA
Bao,+54 11 4981-3561,no,,http://www.hotelbao.com.ar,love_hotel,CABA
Retamas,+54 11 4553-9007,no,,,cafe,CABA
Escuela Alamos,+54 11 4983-1676,no,alamosescuela@live.com.ar,http://alamosescuela.com.ar/,school,CABA
Evangel jeans•Galeria el reloj,+54 11 2376-2956,no,,,clothes,CABA
Staff Nails,+54 11 4552-1091,no,,,beauty,CABA
Croxi,+54 11 4555-3334,no,,,restaurant,CABA
Jolie Bistro,+54 11 4551-0766,no,,https://www.joliebistro.com.ar/,restaurant,CABA
Ròncole,+54 11 3534-7295,no,,,restaurant,CABA
Tea Connection,+54 11 4553-6496,no,conde@teaconnection.com.ar,https://www.teaconnection.com.ar/,tea,CABA
Oppel,+54 11 4554-1444,no,belgranor@oppel.com.ar,http://www.oppel.com.ar/,estate_agent,CABA
Caleidoscopio,+54 11 4552-2144,no,,https://caleidoscopiolibros.com/,books,CABA
Enamorada del muro,+54 11 4555-5422,no,info@enamoradadelmuro.com,https://www.enamoradadelmuro.com/,interior_decoration,CABA
Maru Botana,+54 11 4551-8887,no,echeverria@marubotana.com,http://www.marubotana.com/,cafe,CABA
Emede,+54 11 4556-0506,no,,http://www.emedehelados.com.ar/,ice_cream,CABA
Sergio Arias,+54 11 4551-2398,no,ventas@sergioarias.com.ar,http://www.sergioarias.com.ar/,estate_agent,CABA
Talleres Álvarez,+54 11 4786-0979,no,talleresalvarez@hotmail.com,,car_repair,CABA
Royal Einfeld,+54 11 4551-7333,no,,https://cordascoroyalenfield.com.ar/,motorcycle,CABA
Mega Station,,no,megastationsrl@gmail.com,https://megastation.com.ar/,mobile_phone,CABA
Almacén de Pizzas,+54 11 5263-9806,no,,https://almacendepizzas.com/,restaurant,CABA
Freddo,+54 810 333 7333,no,,http://www.freddo.com.ar/,ice_cream,CABA
New Garden,+54 11 4554-9583,no,,http://www.newgarden.com.ar/,convenience,CABA
The Cavern Bar,+54 11 4554-2963,no,,https://www.thecavern.com.ar/,fast_food,CABA
Crisol,+54 11 4555-5576,no,info@crisolweb.com.ar,https://www.crisolweb.com.ar/,cafe,CABA
ALOT,+54 11 4553-1059,no,elcano@staples.com.ar,https://alot.com.ar/,stationery,CABA
Tienda de Café,+54 11 4555-4383,no,,https://www.tiendadecafe.com.ar/,cafe,CABA
Starbucks,+54 11 4554-7122,no,info@starbucks.com.ar,https://www.starbucks.com.ar/,cafe,CABA
Briomaq,+54 11 4568-9902,no,briomaq@briomaq.com,https://briomaq.com/,hardware,CABA
Instituto Hogar de Niños Ramón L. Falcón,+54 11 4931-3159,no,irfalcon@fibertel.com.ar,,school,CABA
Top's,+54 11 4672 8396,no,,,love_hotel,CABA
Endocrinologa Infantil,+54 11 4524-0206,no,,,doctors,CABA
Escuela Primaria Común 02 Florencio Varela,+54 11 4611-7452,no,dep_epc2_de12@bue.edu.ar,,school,CABA
Salón Berlín,+54 11 4771-5000,no,,https://salonberlin.com.ar/,hairdresser,CABA
The Roxy Live!,+54 11 4777-0997,no,info@roxylive.com.ar,http://www.theroxylive.com.ar/,nightclub,CABA
El Milenio,+54 11 4301-9719,no,,,restaurant,CABA
Org tech,+54 11 4504-7442,no,galloguillermo@hotmail.com,http://www.orgtechweb.com,car_parts,CABA
Ascorti,+54 11 4555-3519,no,info@libreriaascorti.com.ar,https://www.libreriaascorti.com.ar/,stationery,CABA
Subway,+54 11 4553-5007,no,,https://www.subwayargentina.com/,fast_food,CABA
Compañia de Juguetes,+54 11 4553-5648,no,belgranor@companiadejuguetes.com,https://www.companiadejuguetes.com/,toys,CABA
Piero,+54 11 4554-9116,no,belgrano@dormipiero.com.ar,https://www.piero.com.ar/,bed,CABA
Arredo,+54 11 4554-6393,no,,https://www.arredo.com.ar/,bed,CABA
Baltimore,+54 11 4554-9494,no,,,alcohol,CABA
Jardín de Infantes Nucleado B (EPCjc 08/20°) [Sede],+54 11 4642-5524,no,dei_jinb8_de20@bue.edu.ar,,kindergarten,CABA
Banco CMF SA,+54 11 4318-6800,no,cbaez@cmfb.com.ar,http://www.cmfb.com.ar,bank,CABA
Daniel,+54 11 4773-0185,no,info@heladosdaniel.com.ar,http://www.heladosdaniel.com.ar/,ice_cream,CABA
by Glennen Estilistas,+54 11 4922-9125,no,,,hairdresser,CABA
Embajada de Bélgica,+54 11 4313-7272,no,buenosaires@diplobel.fed.be,https://argentina.diplomatie.belgium.be/,diplomatic,CABA
Embajada del Reino de los Países Bajos en Buenos Aires,+54 11 4338-0050,no,bue@minbuza.nl,http://argentina.nlembajada.org/,diplomatic,CABA
Embajada de Bolivia,+54 11 4394-1463,no,secretaria@embajadadebolivia.com.ar,https://www.embajadadebolivia.com.ar/,diplomatic,CABA
Montagne Outlet,+54 11 4771-7513,no,,http://www.montagneoutdoors.com.ar/,outdoor,CABA
Embajada de República Democrática del Congo,+54 11 4776-2933,no,rdcbuenos@hotmail.com,,diplomatic,CABA
Embajada de Costa Rica,+54 11 2150-7180,no,embcr-ar@rree.go.cr,,diplomatic,CABA
Adorables Amigos,+54 11 4040-9944,no,,,pet,CABA
telisatel service,+54 11 5400-6666,no,telisatel@msn.com,http://www.facebook.com/malabia1491,computer,CABA
Embajada de Dinamarca,+54 11 4312-6901,no,bueamb@um.dk,http://argentina.um.dk/,diplomatic,CABA
Embajada de la República Dominicana,+54 11 4312-9378,no,embajada@embajadadominicana.com.ar,https://www.embajadadominicana.com.ar/,diplomatic,CABA
LUBRICENTRO JAR,+54 11 4572-8558,no,info@lubricentrojar.com.ar,https://www.lubricentrojar.com.ar/,car_repair,CABA
Tilo,+54 11 4771-3777,no,,,restaurant,CABA
La Unión,+54 11 4671-1866,no,,,bakery,CABA
Espacio Placer,+54 810 444 0344,no,espacioplacer@espacioplacer.com.ar,https://www.espacioplacer.com.ar/,erotic,CABA
Cantegril,+54 11 4771-2201,no,,,restaurant,CABA
Embajada de Ecuador,+54 11 4804-0073,no,,https://www.cancilleria.gob.ec/argentina,diplomatic,CABA
Embajada de El Salvador,+54 11 4813-2525,no,consulta_comunicaciones@rree.gob.sv,http://embajadaargentina.rree.gob.sv/,diplomatic,CABA
Embajada de Eslovenia,+54 11 4894-0621,no,vba@gov.si,http://www.buenosaires.veleposlanistvo.si/,diplomatic,CABA
Embajada de Finlandia,+54 11 4312-0600,no,sanomat.bue@formin.fi,http://www.finlandia.org.ar/,diplomatic,CABA
Dinosaurio Mall,+54 351 526 1500,no,,https://www.grupodinosaurio.com/,mall,Cordoba
Club Milanesa,+54 351 460 8080,no,,https://www.elclubdelamilanesa.com/,restaurant,Cordoba
Disco,+54 351 433-3004,no,,,supermarket,Cordoba
Disco,+54 351 433-3000,no,,,supermarket,Cordoba
Sanatorio Allende,+54 351 4269212,no,,https://www.sanatorioallende.com/,hospital,Cordoba
Todo Suspensión,+54 3543 43 6565,no,,,car_parts,Cordoba
Comedor Universitario,+54 0351 5353910 int. 1,no,comedor@bienestar.unc.edu.ar,https://www.unc.edu.ar/vida-estudiantil/direcci%C3%B3n-de-nutrici%C3%B3n-y-servicios-alimentarios,fast_food,Cordoba
El Sotano,+54 351 4256819,no,,,hardware,Cordoba
El Sotano,+54 351 4239651,no,,,hardware,Cordoba
BBVA Francés,+543514106310,no,,https://www.bbva.com.ar,bank,Cordoba
Banco Patagonia,+543514468300,no,,http://www.bancopatagonia.com/,bank,Cordoba
1+1,+54 9 351 505 0000,si,,,love_hotel,Cordoba
mini Super,,no,minisuperas@gmail.com,,supermarket,Cordoba
YPF,+54 351 461 7222,no,,,fuel,Cordoba
Farmacia Moderna 5,+54 351 568 0181,no,,https://www.redmoderna.com.ar/,pharmacy,Cordoba
Banco Nación,+54 351 433 8692,no,,http://www.bna.com.ar/,bank,Cordoba
Peluquería Giorgio,+543514229576,no,,,hairdresser,Cordoba
Aries,+54 351 480 3204,no,,,pharmacy,Cordoba
Aries II,+54 351 487 6044,no,,,kiosk,Cordoba
Macro,+54 810 345 4999,no,,https://www.itau.com.ar/,bank,Cordoba
Correo Argentino,+54 351 428 9137,no,,http://www.correoargentino.com.ar/,post_office,Cordoba
Oveja Negra,+54 351 589 5666,no,,https://www.facebook.com/OvejaNegraLomos,restaurant,Cordoba
RepensarMe - Consultorio Psicologico,+5493513517423,si,,www.facebook.com/Repensarme,doctors,Cordoba
Antares,+54 351 424 5785,no,,http://www.cervezaantares.com/shops.php?iId=63,bar,Cordoba
Jerome Brew Pub Express Córdoba,+54 9 351 518 0354,si,,,bar,Cordoba
Rockería Trashed,+573463409865,no,,https://www.facebook.com/rockeriatrashed,gift,Cordoba
Rockería Trashed,+153463409865,si,,,gift,Cordoba
Café Martínez,+54 3543 40-2323,no,cordoba@cafemartinez.com.ar,https://www.cafemartinez.com/,cafe,Cordoba
Pronta Pizza,+54 351 462 2284,no,,https://www.pizzapronta.com/index.asp,fast_food,Cordoba
Axion,+54 351 465 1337,no,,,fuel,Cordoba
HEISENBERG – BAR & LAB,+54 351 731 8038,no,,https://heisenbergbar.ar/,bar,Cordoba
Reset Argentina,0351 46906900,no,,https://resetargentina.com.ar/,electronics,Cordoba
Manifesto,+54 351 474 0972,no,,https://www.manifesto.com.ar/,yes,Cordoba
Escuela Mariano Fragueiro,+54 351 434 8915,no,,,school,Cordoba
ESCUELA PROVINCIA DE FORMOSA,+54 351 433 6048,no,primariaformosa@hotmail.com.ar,,school,Cordoba
San Ramon Nonato,+54 351 451 6315,no,,,place_of_worship,Cordoba
Anush Resto Bar,+54 351 4734251,no,,,restaurant,Cordoba
IPEM 174 Trinidad Moreno,+54 351 433 9171,no,,,school,Cordoba
Centro Educativo Rabindranath Tagore (Ex Municipal N° 33),+54 351 433 9199,no,,,school,Cordoba
Creambury,+54 351 469 3144,no,,https://creambury.com.ar/,cafe,Cordoba
Escuela Nicolás Berrotarán,+54 351 434 4124,no,,,school,Cordoba
Escuela República de Líbano,+54 351 481 8533,no,,,educational_institution,Cordoba
Jardín Almirante Guillermo Brown,+54 351 433 9173,no,,,kindergarten,Cordoba
Parroquia Nuestra Señora de Loreto,+54 351 466 3386,no,,http://loretocba.edu.ar,place_of_worship,Cordoba
Ingeniero Regino Manuel Maders,4348931,no,,,school,Cordoba
Colegio Nuestra Señora de Loreto,+54 351 466 3386,no,,,school,Cordoba
Centro Educativo Peter Pan,+54 351 477 1912,no,,,school,Cordoba
Shell,+54 351 241-8617,no,,,fuel,Cordoba
Escuela Alas Argentinas,+54 351 434 3145,no,,,school,Cordoba
Jardín de Infantes Juan Pablo ll,4858870,no,,,school,Cordoba
Escuela Nocturna República de Chile - Extensión Áulica SINPECAF,+54 351 4227351,no,,,school,Cordoba
Jardín Infantes Juan Mantovani,+54 3543 44 9240,no,,https://mantovani.edu.ar/,kindergarten,Cordoba
Consulado General de Perú,+54 351 4264196,no,,,diplomatic,Cordoba
Iglesia Nuestra Señora del Carmen,+54 351 422 4243,no,,,place_of_worship,Cordoba
Bar Sorocabana,+543514227872,no,,,cafe,Cordoba
Consulado de Francia,+54 351 4290915,no,sonzini@arnet.com.ar,,diplomatic,Cordoba
Shell Petrocord,+54 351 4552546,no,,https://find.shell.com/ar/fuel/AR_10002009-petrocord-s-a-c-f-i-f/es_AR,fuel,Cordoba
Late,+54 351 226-1894,no,,,restaurant,Cordoba
Banco Provincia de Córdoba,+54 351 433 6170,no,,,bank,Cordoba
Coco Loco,4220268,no,,,fast_food,Cordoba
Hugo Wast,+03514699912,no,,,school,Cordoba
Quimica Halac,+54 351 421 5102,no,info@quimicahalac.com.ar,https://quimicahalac.com.ar/,hardware,Cordoba
Cuates - Tacos y Lomos,+54 3543 42 3879,no,,,fast_food,Cordoba
Sex Cordoba Shop,+54 351 425 4071,no,,https://www.sexcordobashop.com.ar/,erotic,Cordoba
100x100 Lomo,+5493513587200,si,,www.facebook.com/100x100Lomo,restaurant,Cordoba
Área de Formación Docente y Producción Educativa,+54 0351 433-4088,no,edudis@eco.unc.edu.ar,https://www.eco.unc.edu.ar/inicio-fype,college,Cordoba
Disco,+54 351 471-1961,no,,,supermarket,Cordoba
Compostura de Calzado,4581713,no,,,shoemaker,Cordoba
Marozzi distribuidora,+54 351 451 2414,no,ventas@bateriasmarozzi.com.ar,,car_parts,Cordoba
Capilla Santa Teresita,+54 351 497 4197,no,vicariasantateresita@gmail.com,,community_centre,Cordoba
Augustus,+54 351 481 2367,no,,,confectionery,Cordoba
GNC Alianza,+54 351 465 5276,no,,,fuel,Cordoba
Fabrica Pc,+54 351 472 9366,no,rvlevet@gmail.com,https://fabricapc.com.ar/,electronics,Cordoba
Escuela Tercilio Gambino,+54 351 4343159,no,,,school,Cordoba
Centro de Salud 14 - General Bustos,+54 351 4336003,no,,,clinic,Cordoba
Centro de Salud 4 - Barrio Nueva Italia,+54 351 433 5123,no,,,clinic,Cordoba
Almacén de Mario,+54 351 427 0355,no,,,deli,Cordoba
Maxikiosco Tortuga,+54 351 344 3200,no,,http://www.facebook.com/maxikioscotortuga,kiosk,Cordoba
Farmagroup,+54 351 589 0950,no,,,pharmacy,Cordoba
La Parrilla de Raul,4214730,no,,,restaurant,Cordoba
Musgo Almacén de jardín,4814475,no,,,gift,Cordoba
Centro de Salud 61 - El Cerrito,+54 3543 449421,no,,,clinic,Cordoba
UPAS 2 - Barrio 16 de Noviembre,+54 3543 44 5430,no,,,clinic,Cordoba
Centro de Salud Primaria 33 - Barrio Arguello,+54 351 4338335,no,,,clinic,Cordoba
Centro de Salud 67 - 16 de Noviembre,+54 3543 44 9431,no,,,clinic,Cordoba
Parada 13,+54 351 876 0660,no,,,convenience,Cordoba
DeRose Method - Sede Córdoba,+54 351 422 2781,no,,,college,Cordoba
El Atajo,+54 351 6207882,no,,,bar,Cordoba
Almacén de Mario Delicatessen,+54 3543 42 1095,no,,,supermarket,Cordoba
Almacén de Mario Delicatessen,+54 351 421 7565,no,,,supermarket,Cordoba
Veterinaria La Tablada,+54 351 480 3454,no,,,veterinary,Cordoba
Barquitos de Papel,+54 351 425 6956,no,,,kindergarten,Cordoba
Gestor de Cordoba. Autos. Motos. Gonzalo 3512205097,+54 351 220 5097,no,santinogigena@gmail.com,,car,Cordoba
Gestoría del automotor,+54 351 277 2264,no,,,company,Cordoba
FoodLab,+54 9 2901 555060,si,,,fast_food,Cordoba
Mediatek S. A.,+54 351 482 9281,no,,http://mediatek-sa.com,community_centre,Cordoba
Wöllen,+54 351 421 1069,no,,https://wollen.com.ar/,cafe,Cordoba
ATLARES Crowdfunding Bitcoin & Networking,+54 351 347 5840,no,info@atlares.com,www.atlares.com,company,Cordoba
Deportes Iguazu,+54 351 425 8296,no,deportesiguazu@gmail.com,,sports,Cordoba
Deportes Iguazú,+54 351 465 4237,no,deportesiguazu@gmail.com,https://deportesiguazu.business.site/,sports,Cordoba
Systel S.A Balanzas y Basculas,+54 351 493 1001,no,,https://www.systel.com.ar/,electronics,Cordoba
Instituto Privado Deán Funes,+54 351 456 8164,no,info@institutodeanfunes.edu.com,http://www.institutodeanfunes.edu.com,school,Cordoba
Poeta Soho,+54 351 771 2015,no,poetasoho@gmail.com,,stationery,Cordoba
Super Verde,+54 351 240 1808,no,,,greengrocer,Cordoba
Jardín Maternal y pre Jardín PICARDIAS,4535998,no,,,school,Cordoba
Sabores del Perú,+543514717520,no,,https://www.saboresdelperu.com.ar/,restaurant,Cordoba
de botanas,+54 351 481 8776,no,,,restaurant,Cordoba
Oasis - Estética y Peluquería Canina,+543515060450,no,,,pet_grooming,Cordoba
Centro de Salud 60 -  Marqués Anexo,+54 351 4335122,no,,,clinic,Cordoba
Puente de Estrellas,+54 3543 42 8329,no,puentedeestrellas.micael@gmail.com,,school,Cordoba
Los Valles,+543514078477,no,,www.losvallessalud.com.ar,dentist,Cordoba
Caseritas del Norte,+543517885427,no,,,fast_food,Cordoba
Sushi World,+543512320027,no,,,restaurant,Cordoba
Nails & Co.,+5493517402961,si,,https://nailsandco.com.ar/,hairdresser,Cordoba
Catalina Calzados,+5493515595779,si,catalinacalzados@outlook.com.ar,,shoemaker,Cordoba
Chevromaxs,+54 351 424 7822,no,chevromaxs@gmail.com,http://www.chevromaxs.com.ar,car_parts,Cordoba
Mega Salud,+54 9 351 481-2233,si,,,centre,Cordoba
Centro de Salud 17 - Barrio Villa Azalais Oeste,+54 351 433 5109,no,,,clinic,Cordoba
ONE STAR,35142240011,no,,,fast_food,Cordoba
Parroquia Nuestra Señora del Carmen,+54 351 471 9445,no,pquiantrasenoradelcarmen@gmail.com,,place_of_worship,Cordoba
Centro de Salud 21 - Barrio Marqués De Sobremonte,+54 351 433 5105,no,,,clinic,Cordoba
Centro de Salud 63 - Barrio Parque Republica,+54 351 4337818,no,,,clinic,Cordoba
Consulado General de España,+54 351 469 7490,no,,,diplomatic,Cordoba
Miyazato Dojo Karate Do,+54 351 489 2584,no,,miyazatodojo.com,dojo,Cordoba
Disco,+54 351 433-2001,no,,,supermarket,Cordoba
Farmacia Pedernera,+5493518189594,si,pedernerafarmacia@gmail.com,,pharmacy,Cordoba
Farmacia Aglietti,+54 351 618 0210,no,,,pharmacy,Cordoba
Farmacia Juarez Ruffino IV,+54 351 476 0300,no,,https://www.farmaciajuarezruffino.com/,pharmacy,Cordoba
Consulado de Chile,+54 351 469 2010,no,,,diplomatic,Cordoba
Niquelados,4554739,no,,,car_repair,Cordoba
Waffles One Love,+54 351 422 7382,no,,,fast_food,Cordoba
A.MU.P.T.R.A. Asociación Mutual de Propietarios de Talleres de Reparación de Automotores,+54 351 480 1139,no,,,association,Cordoba
Virmanic SA,,no,jvalles@virmanicsa.com,,company,Cordoba
Carnes de Pelicula,+54 351 356 2244,no,,,butcher,Cordoba
Banco Patagonia,+54 351 465 3396,no,,http://bancopatagonia.com,bank,Cordoba
Betos,+54 351 465 6565,no,,https://betos.com.ar/,fast_food,Cordoba
Casa Manrique,+54 351 465 8077,no,,https://casamanriqueweb.com.ar/,furniture,Cordoba
Merlino,+54 351 466 9280,no,,https://www.merlinosrl.com.ar/,hardware,Cordoba
Centro de Salud 53 - Barrio Inaudi,+54 351 433 3314,no,,,clinic,Cordoba
Servicio Odontologico Municipal,+54 351 434 2249,no,,,clinic,Cordoba
Weiss Córdoba,+54 9 294 430 8892,si,,https://weissburger.com/,fast_food,Cordoba
Alliance Française,+54 351 4221129,no,,,school,Cordoba
Librería Blackpool,+54 351 423 7172,no,blackpool@arnet.com.ar,,books,Cordoba
La Esquina,+54 351 308-9882,no,,,fast_food,Cordoba
Maipu Automotores Vw,+54 351 485 9587,no,,,car_repair,Cordoba
Destacamento N° 19,+54 351 4333572,no,,,police,Cordoba
Mayo Helados,4684087,no,,,ice_cream,Cordoba
Máximo Rent a Car,+5493512297501,si,,https://rentacarcordoba.com/,car_rental,Cordoba
José Luis,4743958,no,,,upholsterer,Cordoba
Bull Power,+54 351 228 0347,no,,,car_repair,Cordoba
Mostaza,+54 351 730 0370,no,,,fast_food,Cordoba
Lomitería Popular,+54 351 211 4370,no,,https://easyorder.com.ar/lomiteria-popular-plaza-espana/,restaurant,Cordoba
Venex Computacion,,no,consultas@venexcomputacion.com,https://www.venexcomputacion.com,computer,Cordoba
La perla,+54 3514214112,no,,,restaurant,Cordoba
Paseo La Toscana,+54 351 309 6101,no,administracion@paseolatoscana.com,https://paseolatoscana.com.ar/puestos,clothes,Cordoba
Choripan El Luisito,+54 9 3546 40 7859,si,,,restaurant,Cordoba
Disco,+54 351 433-1023,no,,,supermarket,Cordoba
NÚCLEO Turismo,+54 351 460 2272,no,,,travel_agency,Cordoba
Sanatorio Francés,+54 351 561 1300,no,,,hospital,Cordoba
Oficial Line,+54 351 574-7580,no,,,electronics,Cordoba
ISADA - Instituto Secundario a Distancia para Adultos,+54 351 422 2292,no,,https://www.isada.edu.ar/,school,Cordoba
Harmonía,+54 351 522 4298,no,,,health_food,Cordoba
LomoLomo,+54 351 423 2799:+54 351 422 8353:+54 9 351 704 7074,no,,,restaurant,Cordoba
General Paz,+54 9 351 5425470,si,,,pharmacy,Cordoba
Jumbo,+54 351 482-8380,no,,,supermarket,Cordoba
Solar,+54 351 421-9702,no,,,restaurant,Cordoba
Bondio Motos - Sucursal YAMAHA,+54 351 425 4430,no,,,motorcycle,Cordoba
Farmacia Richieri,+54 351 4645038,no,,,pharmacy,Cordoba
Estrella II,4681133,no,,,pharmacy,Cordoba
Clinica Sucre S.r.l.,+54 351 446 6800,no,,,hospital,Cordoba
Clinica privada Junin,+54 351 411 4528,no,,,hospital,Cordoba
Imgo Instituto Modelo Privado De Ginecologia Y Obstetricia Sa,+54 351 421 6869,no,,https://www.imgo.com.ar/,hospital,Cordoba
Clinica Romagosa S.a.,+54 351 570 5000,no,,,hospital,Cordoba
Direccion De Medicina Del Trabajo,+54 351 524 3059,no,,,clinic,Cordoba
Hospital Aeronautico Cordoba,+54 351 429 8800,no,,,hospital,Cordoba
Sanatorio Mayo Privado S.A,+54 351 429 9280,no,,,hospital,Cordoba
Direccion De Especialidades Medicas Oeste,+54 351 433 7143,no,,,clinic,Cordoba
Centro De Salud 22 - Barrio Alberdi,+54 351 433 7310,no,,,clinic,Cordoba
Centro De Salud 9 - Barrio Alberdi Oeste,+54 351 433 7909,no,,,clinic,Cordoba
Centro Integral De Ginecologia Obstetricia Y Reproduccion Cigor,+54 351 469 4466,no,,,hospital,Cordoba
Hospital Privado Núñez,+54 3543 42 9142,no,,,hospital,Cordoba
Centro de Salud 7 - Barrio Pueyrredon,+54 351 4339135,no,,,clinic,Cordoba
Centro De Salud 8 - Barrio Acosta,+54 351 4338551,no,,,clinic,Cordoba
Centro de Salud 32 - Barrio Yapeyu,+54 351 4339110,no,,,clinic,Cordoba
CAPS Centro Integral Materno Infantil Cecilia Grierson,+54 351 4688625,no,,,clinic,Cordoba
Clinica de la Familia I,4251010,no,,https://clinicasdelafamilia.com.ar/,hospital,Cordoba
Centro De Salud 19 - Barrio Sargento Cabral,+54 351 4335110,no,,,clinic,Cordoba
Centro de Rehabilitación,+54 351 4346060 int. 236,no,,,clinic,Cordoba
Centro de Salud 16 - Barrio Zumarán,+54 351 4335108,no,,,clinic,Cordoba
Centro de Salud 94 Parque Liceo III Sección,+54 351 433 1924,no,,,clinic,Cordoba
Centro de Salud 1 - Barrio General Mosconi,+54 351 4335102,no,,,clinic,Cordoba
Centro De Salud 59 - Barrio Congreso,+54 351 433 3305,no,,,clinic,Cordoba
UPAS 36 - Barrio Cabildo,+54 351 434 3230,no,,,clinic,Cordoba
Centro de Salud 54 - Barrio Los Boulevares,+54 351 433 5442,no,,,clinic,Cordoba
Centro de Salud 5 - Barrio Yofre Norte,+54 351 433 9103,no,,,clinic,Cordoba
Centro de Salud 10 - Barrio Colonia Lola,+54 351 433 8763,no,,,clinic,Cordoba
Centro comunitario de acompañamiento integral Padre José Nasser,+54 351 433 6021,no,,,clinic,Cordoba
Centro de Salud 31 - Barrio La Salle,+54 3543 44 9427,no,,,clinic,Cordoba
Centro de Salud 89 - Villa Rivadavia,+54 351 433 3228,no,,,clinic,Cordoba
Centro de Salud 20 - Las Margaritas,+54 351 433 5104,no,,,clinic,Cordoba
Centro de Salud 48 - Barrio Villa Azalais Este,+54 351 433 5106,no,,,clinic,Cordoba
Clinica Privada Del Prado,+54 351 426 1971,no,,https://clinicadelprado.com.ar/,hospital,Cordoba
Centro de Salud 38 - Barrio Urquiza,+54 351 433 8555,no,,,clinic,Cordoba
Centro de Salud 46 - Barrio Santa Isabel,+54 351 433 3313,no,,,clinic,Cordoba
UPAS 1 - Barrio San Roque,+54 351 433 3210,no,,,clinic,Cordoba
UPAS 24 - Barrio Sachi,+54 351 433 3217,no,,,doctors,Cordoba
UPAS 6 - Barrio Estacion Flores,+54 351 433 3208,no,,,clinic,Cordoba
Centro de Salud 50 - Barrio Villa Adela,+54 351 433 3304,no,,,clinic,Cordoba
Centro De Salud 26 - Barrio La Madrid,+54 351 433 7306,no,,,clinic,Cordoba
Centro De Salud 23 - Barrio Rosedal Anexo,+54 351 433 3302,no,,,clinic,Cordoba
UPAS 15 - Barrio Albert Sabin,+54 351 433 3215,no,,,clinic,Cordoba
Centro De Salud 40 - Barrio Las Flores,+54 351 433 4353,no,,,clinic,Cordoba
CAPS Ciudad Ampliación Cabildo,+54 9 351 156321424,si,,,clinic,Cordoba
Centro De Salud 45 - Barrio Cabo Farina,+54 351 433 4356,no,,,clinic,Cordoba
UPAS 23 - Barrio Villa El Libertador,+54 351 433 3512,no,,,clinic,Cordoba
Centro Medico Complejo Carcelario 1 Reverendo Padre Luchesse,+54 351 434 2613,no,,,hospital,Cordoba
Centro de Salud 27 - Barrio Pilar,+54 351 433 8553,no,,,clinic,Cordoba
Casa Pueblo Sur,+54 351 672 6074,no,,https://www.facebook.com/casa.pueblosur/,community_centre,Cordoba
Centro de Salud 64 - Barrio Bialet Masse,+54 351 433 4288,no,,,clinic,Cordoba
Centro de Salud 15 - Barrio Remedios de Escalada,+54 0351 4332860/61,no,,,clinic,Cordoba
UPAS 95 - Camino 60 Cuadras,+54 351 434 8520,no,,,clinic,Cordoba
Centro de Salud 80 - Renacimiento,+54 351 433 8562,no,,,clinic,Cordoba
Centro de Salud 24 - Barrio Cupani,+54 0351 4333303/3518,no,,,clinic,Cordoba
Centro de Salud 52 - Barrio Villa Urquiza,+54 0351 4337338/7311,no,,,clinic,Cordoba
CAPS Panamericano,+54 9 0351 156310155,si,,,clinic,Cordoba
Centro de Salud 57 -  IPV Argüello,+54 3543 44 9432,no,,,clinic,Cordoba
Centro de Salud 78 - Parque Liceo II Sección,+54 351 433 2862,no,,,clinic,Cordoba
Banco Central de Sangre de la Provincia De Córdoba,+54 351 434 1556,no,,https://www.facebook.com/Banco-de-Sangre-de-la-Provincia-De-C%C3%B3rdoba-Argentina-180013335348702/,clinic,Cordoba
Centro de Salud 82 - Villa Allende Parque,+54 3543 43 9691,no,,,clinic,Cordoba
Centro de Salud 34 Los Nogales - Barrio 9 De Julio,+54 3543 44 9428,no,,,clinic,Cordoba
Clinica Privada Caraffa,+54 351 427 3333,no,,http://www.clinica-caraffa.com.ar/,hospital,Cordoba
Centro de Salud 90 - Ituzaingo Anexo,+54 351 434 8527,no,,,clinic,Cordoba
Centro de Salud 92 - Los Cortaderos,+54 351 542 2424,no,,,clinic,Cordoba
Centro de Salud 62 - Villa Cornú,+54 351 433 7818,no,,,clinic,Cordoba
Centro de Salud 56 - Barrio Empalme,+54 351 433 8561,no,,,clinic,Cordoba
Laboratorio de Ceprocor - Agencia Cordoba Ciencia,+54 351 434 2490,no,,,laboratory,Cordoba
Centro de Salud 13 -  Hipolito Yrigoyen,+54 351 433 5435,no,,,clinic,Cordoba
Centro de Rehabilitación Hospital Misericordia,+54 351 433 4365,no,,https://www.cba.gov.ar/red-provincial-de-rehabilitacion/,rehabilitation,Cordoba
Centro Alto Rendimiento Deportivo - Agencia Cordoba Deportes,+54 351 434 8360,no,,https://www.cba.gov.ar/centro-de-alto-rendimiento-deportivo-card/consultorios-medicos/,clinic,Cordoba
Centro de Salud 88 - Chacra de la Merced,+54 9 0351 156100370,si,,,clinic,Cordoba
CAPS General Savio,+54 9 351 153916636,si,,,clinic,Cordoba
Centro de Salud de Los Cedros,+54 9 0351 156626150,si,,,clinic,Cordoba
Ferretería - cerrajería San Luis,+5493512293791,si,,,hardware,Cordoba
Supervielle,+543514145260,no,,https://www.supervielle.com.ar/,bank,Cordoba
Planta Baja,+54 351 548 5150,no,,,bar,Cordoba
Yungas Laboratorio de Innovacion,+54 351 5541659,no,,https://yungas.co/,IT_Company,Cordoba
Farmacia Monserrat,+54 351 626 6407,no,,https://linktr.ee/farmaciamonserrat,pharmacy,Cordoba
La cocina - Casa de comidas,+54351 4255162,no,,,fast_food,Cordoba
RM Insumos,+54 9 351 270 0375,si,,https://www.rminsumos.com/,computer,Cordoba
La Tasca,+54 3541 37 9517,no,,https://linktr.ee/panaderialatasca,bakery,Cordoba
Muy mucho - Hambre de Lomito,+54 351 391 4061,no,,https://muymuchohambre.com.ar/,fast_food,Cordoba
La! Fiambrería,+54 351 741 9973,no,,,deli,Cordoba
La Copy,+54 351 322 4664,no,,,copyshop,Cordoba
Nenukitos,4079660,no,,,fast_food,Cordoba
BlackSheepStore,+54 351 656 8474,no,,,computer,Cordoba
Las 2 Hermanas,4769445,no,librerialasdoshermanas@gmail.com,,books,Cordoba
InfoNegocios,+5493516691923,si,correo@infonegocios.info,https://infonegocios.info,newspaper,Cordoba
M&G Uniformes,+54 351 704 8278,no,,,clothes,Cordoba
Imprenta Arguello,+54 351 704-7618,no,laimprenta.arguello@gmail.com,,printing,Cordoba
Olmedo Odontología & Estética,+54 9 351 4258008,si,odontologiayestetica.cba@gmail.com,https://clinicaodontologiayestetica.com/,dentist,Cordoba
Zona de Cactus,+54 351 352 6373,no,,https://zonadecactus.com.ar/,florist,Cordoba
Roma Motos,+54 351 4580466,no,info@romamotos.com.ar,https://romamotos.com.ar,motorcycle_parts,Cordoba
Disco,+54 351 489-4041,no,,,supermarket,Cordoba
Marosi Bikes,+5493515186032,si,,https://marosibikes.com/,bicycle,Cordoba
Farmacia Moderna 4,+54 351 423 8237,no,,https://www.redmoderna.com.ar/,pharmacy,Cordoba
Clínica Mottura,+54 351 460 7071,no,,https://www.esteticamottura.com/,clinic,Cordoba
Registro Civil Central,+54 351 4337110,no,,,government,Cordoba
Lofer Repuestos,+54 351 5230202,no,,,car_parts,Cordoba
Banco Nación,+54 351 490 0809,no,,,bank,Cordoba
Correo Argentino,+54 351 461 3078,no,,,post_office,Cordoba
Sandwitch Alem,+54 351 478 8371,no,,,fast_food,Cordoba
Donotte,+54 351 425 0032,no,,https://www.facebook.com/Donottecba-107172898018586/,fast_food,Cordoba
Davinci,+54 351 426 3321,no,,,fast_food,Cordoba
Cristóbal,+54 9 351 551 4x91,si,,,hardware,Cordoba
Lo de Jacinto,+54 351 711 6481,no,,https://www.lodejacinto.com/,fast_food,Cordoba
Szumik,+54 810 888 7986,no,info@szumik.com.ar,https://pintureriaszumik.com.ar/,paint,Cordoba
Tío José,+54 351 480 2058,no,,,convenience,Cordoba
La Hilda,+54 351 593 7318,no,,https://embotelladoralahil.wixsite.com/aguaslahilda,water,Cordoba
Carro Carnes,+54 9 351 315 2736,si,,,butcher,Cordoba
Trinidad,+543512645169,no,,,convenience,Cordoba
Maestre,+54 351 487 1438,no,info@maestreiluminacion.com.ar,http://www.maestreiluminacion.com.ar/,lighting,Cordoba
Centro Odontológico Palomeque,+54 351 489 8895,no,,,dentist,Cordoba
Tomás Sánchez,+54 351 480 6181,no,,https://tomassanchezcocina.com/,training,Cordoba
Gynar,+54 351 480 6181,no,,,butcher,Cordoba
Don juan,+54 351 489 3190,no,,,fast_food,Cordoba
RentAuto Atgentina,+54 351 554 2412,no,info@rentautoargentina.com.ar,https://www.rentautoargentina.com.ar/,car_rental,Cordoba
Las Delicias del Perú,+543514801131,no,,,fast_food,Cordoba
Las Leñas VII,+543514870482,no,,,fast_food,Cordoba
Activar,+5493516593833,si,,,clinic,Cordoba
Big Lomo,+5493516069509,si,,,fast_food,Cordoba
Tenllado II,+54 351 489 8037,no,,,pharmacy,Cordoba
Pallás,+54 351 489 0608,no,,http://www.santiagopallas.com.ar/,yes,Cordoba
Faustino Parrilla,+54 351 707 4809,no,,http://faustinoparrilla.com/,restaurant,Cordoba
Escaleno Resto Bar,+54 351 468 2757,no,,https://www.instagram.com/escaleno_,restaurant,Cordoba
Intercambio Cordoba,+54 351 519 4270,no,,https://intercambiocordoba.com.ar/,educational_institution,Cordoba
Agroalimentos Córdoba - Bodereau,+54 3543 44 4333,no,,,farm,Cordoba
Salón Bosque de Piedras,+54 351 324 2354,no,,https://www.bosquedepiedrasweb.com.ar/,events_venue,Cordoba
Top Ten 10,+54 351 521 6278,no,,https://topten10cba.mitiendanube.com/,clothes,Cordoba
LIZI,+54 351 591 2812,no,,https://www.instagram.com/lizi.cba,clothes,Cordoba
Snoopy,+543514872550,no,,,kindergarten,Cordoba
Torralba,+53 351 351 489 1990,no,info@torralba.com.ar,https://www.torralba.com.ar/,yes,Cordoba
Go Parking,+54 351 568 8323,no,,,parking,Cordoba
Go Parking,+54 351 568 7804,no,,,parking,Cordoba
Luxis,+54 351 807-6359,no,,https://luxis.com.ar,energy_supplier,Cordoba
BORO CASA GOURMET,+54 351 624 5741,no,,WWW.BORO.COM.AR,supermarket,Cordoba
Supermercado Disco,+54 11 5861-7600,no,,,supermarket,Cordoba
Brüder Amoblamientos,+54 351 6993810,no,,http://wwww.brudervanguardia.com.ar/,furniture,Cordoba
Guay Buby,+5493512199756,si,,https://guaybuby.com/10-juguetes-,interior_decoration,Cordoba
Manaish,+54 9 351 608 4161,si,,,fast_food,Cordoba
Instituto de la Visión Cerro,+54 351 4811955,no,,https://institutodelavisioncerro.com/,clinic,Cordoba
Pasta & Pizza Gastronomía Italiana,+54 351 650 4028,no,,,cafe,Cordoba
Morella,+54 351 442 3668,no,,,shoes,Cordoba
EntreSano - Supermercado Saludable,+54 9 351 2896897,si,,,supermarket,Cordoba
Rincón Verde,+54 3514234331,no,,,restaurant,Cordoba
Delivery Paint,+54 351-5149445 / +54 264-4037678,no,deliverypaint@gmail.com,https://deliverypaint.com/,paint,Cordoba
La Mediterránea,+54 351 471 4785,no,,,company,Cordoba
Mi Fauna,+54 9 351 394 3873,si,,,veterinary,Cordoba
Megatone,+54 8104446342,no,atencionalcliente@megatone.net,https://www.megatone.net,electronics,Cordoba
Alta Regalería,054 9 351 341 0996,no,,,toys,Cordoba
CS Electrónica,054 9 351 539 2654,no,,,electronics_repair,Cordoba
Quick Lomo,+54 9 351 712 2523,si,,,fast_food,Cordoba
GM,054 9 351 661 5323,no,,,car_repair,Cordoba
Alquiler Auto Aero-Cordoba,+54 9351 2902990,si,info@alquilerautocordoba.com.ar,https://alquilerautocordoba.com.ar,car_rental,Cordoba
El Espejo Libros,+54 351 424 2420,no,espejoventas@elespejolibros.com.ar,https://www.elespejolibros.com.ar/,books,Cordoba
Ruben Libros,+54 9 351 755 0085,si,,web.facebook.com/RubenLibros/,books,Cordoba
Musimundo,+54 351 674 3784,no,,,electronics,Cordoba
Centro Cultural Córdoba,+54 351 434 3518,no,,,community_centre,Cordoba
Centro de Salud 71 - Cooperativa El Arco,+54 351 433 8631,no,,,clinic,Cordoba
OlmedoOdontologia,351818800,no,Consultorioolmedo@hotmail.com,https://www.olmedoodontologia.com.ar/,clinic,Cordoba
Consulado General de Brasil,+54 351 4685919,no,,,diplomatic,Cordoba
Consulado del Paraguay,+54 351 326-0901,no,,,diplomatic,Cordoba
BAfarma - Farmacia Bosque Alvarez,+543514214207,no,contacto@bafarma.com,https://bafarma.com/,pharmacy,Cordoba
Afema S.A,+54 351 737 1862,no,,https://www.afema.com.ar/,company,Cordoba
Lo+Rico Empanadas,+54 351 752 0060,no,,www.lomadricormpanadas.ar,fast_food,Cordoba
Service Impresoras,+54 351 503 8306,no,simpresoras@gmail.com,https://www.serviceimpresoras.com,computer,Cordoba
Banco de Sangre – Instituto de Hematología y Hemoterapia  (UNC),+54 351 433 4121,no,direccionmedica@ihh.unc.edu.ar,https://bancodesangre.turnos.unc.edu.ar/,blood_donation,Cordoba
Electricista Matriculado,+54 351 207 9320,no,,,electrician,Cordoba
Rey Can,4973655,no,,,veterinary,Cordoba
La Plaza,+54 351 305 3922,no,,,gambling,Cordoba
Y tu pizza,4954312,no,,,fast_food,Cordoba
Newsport,+54 351 651 0661,no,,,sports,Cordoba
Escuela Juan María Gutierrez,+54 351 4345216,no,,,school,Cordoba
Biblioteca Mayor - Universidad Nacional de Córdoba,+54 351 433 1072,no,info@bmayor.unc.edu.ar,https://www.bmayor.unc.edu.ar/,library,Cordoba
Ferniplast,+54 351 446 1760,no,,,yes,Cordoba
Ferniplast,+54 351 474 0309,no,,,yes,Cordoba
Ferniplast,+54 351 465 4545,no,,,yes,Cordoba
Ferniplast,+54 351 486 2901,no,,,yes,Cordoba
Unísono Escuela de Música,+543516362016,no,,https://unisonoescuelademusica.com,music_school,Cordoba
Escuela Provincia de Catamarca,+54 351 4619768,no,,,school,Cordoba
LITTLE TOKYO – ᴀɴɪᴍᴇ & ᴄᴀꜰᴇ,+54 810 777 2400,no,,https://instagram.com/little.tokyo.coffee?igshid=YmMyMTA2M2Y=,cafe,Cordoba
Unifit,+54 351 767-0180,no,hola@unifit.ar,https://unifit.com.ar,clothes,Cordoba
Szumik,+54 351 460-0918,no,info@szumik.com.ar,https://pintureriaszumik.com.ar,paint,Cordoba
Pizza Popular,+54 351 653 5799,no,,https://pizzeriapopularrn.com/,restaurant,Cordoba
POLO 52 Parque Industrial,+54 351 564 2685,no,,https://polo52.com.ar/,variety_store,Cordoba
Nobis Medical,0810-345-66247,no,,https://nobis.com.ar/,insurance,Cordoba
"Peluqueria Ladies, Barberia Gentleman",+54 351 744-3005,no,,,hairdresser,Cordoba
I Farm,+54 9 351 695 1525,si,,,pharmacy,Cordoba
Lo de Jacinto Empanadas Trejo,+54 0351 469-4881,no,,,fast_food,Cordoba
Ferretería La Trejo,+54 0351 516-6259,no,,,hardware,Cordoba
Carnes Oncativo,+54 03572 52-3812,no,,,butcher,Cordoba
Me haces mucha palta,+54 0351 251-6056,no,,,greengrocer,Cordoba
Mikhuy,+54 0351 645-1422,no,,,greengrocer,Cordoba
Luminotecnia,+54 351 863-3950,no,info@luminotecnia.com.ar,https://luminotecnia.com.ar,lighting,Cordoba
Hospital Veterinario Córdoba,+54 351 703-3000,no,hospitalveterinariocba@gmail.com,,veterinary,Cordoba
Farmacia Genari II,+54 351 904 8669,no,,,pharmacy,Cordoba
M&D,+54 351 253 1063,no,,,car_repair,Cordoba
Celiacor,+54 351 472-4072,no,,,health_food,Cordoba
Instituto Santa Ana,+54 3512 687253,no,,,school,Cordoba
Orvema Tostadores,+54 9 351 632-9160,si,,https://www.instagram.com/orvemacafe/,coffee,Cordoba
Odontóloga Milagros Montañez Sandoz,+54 351 805 5629,no,,,dentist,Cordoba
Licenciada Montañez Sandoz,+54 351 514 5467,no,,,financial_advisor,Cordoba
URBANO – Despensa · Maxikiosko,+54 351 460 8628,no,,,kiosk,Cordoba
QUANTUM | LIBRERÍA TÉCNICA,+54 351 241 0762,no,,,stationery,Cordoba
MARIACHI – Tacos & Lomos,+54 351 468 0336,no,,http://mariachisite.com/,fast_food,Cordoba
TOMMY PETS,+54 351 736 8587,no,,https://www.tommypets.com.ar/,veterinary_pharmacy,Cordoba
La Pastelería Oficial | Café de Especialidad,+54 351 606 0870,no,,https://www.instagram.com/lapasteleria.oficial/,cafe,Cordoba
Frich 'n fries,+54 351 614 2090,no,,https://www.instagram.com/frich.hamburguesas/?hl=es,fast_food,Cordoba
Carrefour Express,08004448484,no,,https://express.carrefour.com.ar/,convenience,Cordoba
EL MERCADILLO [Ituzaingó],+54 351 528 3696,no,,https://www.instagram.com/elmercadillocba,greengrocer,Cordoba
Librería del Palacio,+54 351 200 0058,no,,https://libreriadelpalacio.mitiendanube.com/,books,Cordoba
Secretaría de Minería de Córdoba,+54 351 434 4120,no,,,government,Cordoba
Lomiteria Popular,+54 351 634 5841,no,,https://easyorder.com.ar/lomiteria-popular-buen-pastor/,restaurant,Cordoba
FULANO Café de Vereda,+54 351 308 8004,no,,https://menu.fu.do/fulano-caf%C3%A9devereda/qr-menu,cafe,Cordoba
Panicafé Buen Pastor,+54 351 804 4980,no,,http://panicafe.com.ar/,cafe,Cordoba
IT! Italy Ristorante & Café & Bar,+54 351 200 5626,no,,https://www.ititaly.com.ar/,restaurant,Cordoba
ZIA,+54 351 867 7856,no,,,beauty,Cordoba
Cherry Season - Nueva Córdoba,+54 351 860 4040,no,,https://www.instagram.com/cherryseason_arg?igsh=MXhqbnJib3ZzOW13dg==,cafe,Cordoba
sushi 2x1 [Nueva Córdoba],+54 351 746 1415,no,,https://nuevacordoba.sushi2x1.com.ar/,restaurant,Cordoba
iphone CBA,+54 351 204 2422,no,,,repair,Cordoba
Olivia Empanadas y Pizzas,+54 351 255 6081,no,,,fast_food,Cordoba
Mis Chiches Jugueteria y Libreria,+54 351 468 2618,no,,https://mischiches.mercadoshops.com.ar/,toys,Cordoba
Carniceria verduleria almacen san cayetano,+54 351 251 1411,no,,,butcher,Cordoba
"Fotocopiadora ""La Pecera""",+54 351 573 2524,no,,,copyshop,Cordoba
La Hueveria,+54 351 255 6425,no,,,eggs,Cordoba
Overwild Store,+54 9 351 769 7755,si,,,clothes,Cordoba
Iconos Grafica,+54 351 635 6512,no,,https://iconossrl.com.ar/,copyshop,Cordoba
Centro de Salud N° 47 - Coronel Olmedo,+54 351 433 8633,no,,,clinic,Cordoba
Centro de Salud N° 74 - Villa Esquiú,+54 351 499 9910,no,,https://cordoba.gob.ar/,clinic,Cordoba
Los Santos Studio,+5492966685460,si,,,hairdresser,Cordoba
Máximo Rent A Car,+54 351 229-7501,no,,,car_rental,Cordoba
Ferretería Martín,+54 351 546-8934,no,,,hardware,Cordoba
Carnes Sucre,4263251,no,,,butcher,Cordoba
Darwin,+54 351 341-7751,no,,,veterinary,Cordoba
Hospital Córdoba,08005554141,no,,http://hospitalcordoba.com.ar/#miModal,hospital,Cordoba
Lubri-Car LC,+54 3543 69 8056,no,,,car_repair,Cordoba
Volcán Azul Libros y refugio cultural,+54 351 815-8850,no,,https://volcanazullibros.com/,books,Cordoba
The Wall Coffee & Music,+54 362 523-1570,no,,,cafe,Cordoba
La Olmos Bebidas,+54 351 271-6737,no,,,alcohol,Cordoba
Interplástica Centro Médico Quirúrgico,+54 351 468 4438,no,,,clinic,Cordoba
HEDA,+54 0351 460-8142,no,,,clothes,Cordoba
Lencería Anika,+54 0351 611-1339,no,,,clothes,Cordoba
Casa Mona,+54 0351 760-6006,no,,casamona.empretienda.com.ar,household_linen,Cordoba
A&M Librería,+54 0351 759-9842,no,,,stationery,Cordoba
Librería Mil Trazos,+54 0351 632-9830,no,,,stationery,Cordoba
UP! Lomitos,+54 0351 621-1680,no,,,restaurant,Cordoba
Ferretería Agucons,+54 0351 801-4703,no,,,hardware,Cordoba
Valu Home,+54 0351 661-7889,no,,https://valuhome.com.ar/,furniture,Cordoba
Palo Santo,+54 351 275 0410,no,,,furniture,Cordoba
Centro Modelo,+54 3543 43-5308,no,,https://www.centromodelova.com/,clinic,Cordoba
Tienda Florencia,+54 3513229960,no,florenciagrowshop@gmail.com,https://tiendaflorencia.mitiendanube.com/,catalogue,Cordoba
PROIL INGENIERIA,+543512446662,no,,https://proil.com.ar/,research,Cordoba
HOVECOR,+543512446662,no,,,repair,Cordoba
La Yerbatería,+54 0351 631-7081,no,,,herbalist,Cordoba
Dupes Perfumería,+54 9 351 851-2014,si,,https://dupes.com.ar/,perfumery,Cordoba
Peluquería Scissors estudio,+54 0351 873-6318,no,,,hairdresser,Cordoba
Guasa Mila Club,+54 0351 226-3073,no,,,fast_food,Cordoba
Fraternité Biscuits & Co,+54 0351 622-1399,no,,,cafe,Cordoba
MRE Estilistas Nueva Cordoba Peluquería,+54 9 0351 265-2733,si,,https://mrestilistas.com/,hairdresser,Cordoba
Fermina,+54 9 0351 240-7015,si,,https://frmn.com.ar/,clothes,Cordoba
Open 24 Drugstore,+54 9 0351 235-6774,si,,,kiosk,Cordoba
Nutricionista Romina Seisdedos,+54 9 0351 319-3647,si,,,doctors,Cordoba
Mercadito El Capi,+54 9 0351 397-2660,si,,,greengrocer,Cordoba
Pollería Rooster,+54 9 0351 621-0728,si,,,butcher,Cordoba
La Panadería,+54 9 0351 547-1577,si,,,bakery,Cordoba
Los Gayon,+54 9 0351 815-2098,si,,,marketplace,Cordoba
Carniceria La Entrañita,+54 9 0351 15 755-5740,si,,laentranita.com,butcher,Cordoba
Patitas del Sur,+54 9 0351 623-8086,si,,,pet,Cordoba
Lavandería La Lavamos Ya!,+54 9 0351 291-2629,si,,,laundry,Cordoba
Centro de Investigaciones y Estudios sobre Cultura y Sociedad (CIECS),,no,secretariaciecs@gmail.com,,educational_institution,Cordoba
Instituo Bilingüe para Sordos,+54 3513857998,no,,,school,Cordoba
Veterinaria Exoticos Dr Lagos - Veterinaria Mundo Bicho,+54 9 351 706-0088,si,,https://m.facebook.com/veterinaria.mundobicho/,veterinary,Cordoba
"Mini Shop ""Laura""",+54 351 805 8162,no,,,gift,Cordoba
Chamtac,+54 351 663 4850,no,,https://www.impermeabilizacionestechoscordoba.com/,roofer,Cordoba
MADERO – Espacio de eventos,+5493512885992,si,,,events_venue,Cordoba
La Fuente de Milanesas,+5493518009057,si,,,fast_food,Cordoba
eRRe,+5493516811375,si,,,hairdresser,Cordoba
Fundación Mueve,,no,fundacion@mueve.org.ar,https://mueve.org.ar/,foundation,Cordoba
Imari Omakase,+54 9 3512 58-6364,si,,https://linktr.ee/imari.omakase,restaurant,Cordoba
Tecnoplus Casa Informática,+54 351 530 1004,no,tecnoplus@live.com.ar,http://www.tecnoplusshop.com.ar,computer,Cordoba
Duo0 Limpieza,+54 351 819 0145,no,,https://duo0.co/,cleaning,Cordoba
Peluqueria Fernanda Bernahola,+3512557937,no,,,hairdresser,Cordoba
Ópticas Lauricella,+54 9 351 2481588,si,opticas.lauricella@gmail.com,https://www.opticaslauricella.com.ar/,optician,Cordoba
Córdoba Suspensión,+54 351 489 5997,no,,https://www.cordobasuspension.com.ar/,car_parts,Cordoba
"Stock In - Mayorista Multimarcas - Lexico, Oreiro Love y muchas más.",+54 9 351 7180888,si,pedidos@mhtendencias.com.ar,https://www.stockin.ar,fashion_accessories,Cordoba
"Tienda Lexico - Moda y Complementos - Carteras, Mochilas, Valijas y Accesorios",+5493516698309,si,tiendalexico@mhtendencias.com.ar,https://www.tiendalexico.ar,fashion_accessories,Cordoba
Flash Regalos,+54 351 6646691,no,,,stationery,Cordoba
ALB,+54 351 428 2631,no,ventas@albamoblamientos.com.ar,https://www.albamoblamientos.com.ar,kitchen,Cordoba
La Barber Bar,+54 351 867 9296,no,,,hairdresser,Cordoba
Don Almacen,+54 351 245 4347,no,,,convenience,Cordoba
Ferrini,+54 351 855 0011,no,,,electronics,Cordoba
Michel's,+54 351 528 4403,no,,,cafe,Cordoba
Animales Sueltos,+54 351 217 2556,no,,,pet,Cordoba
Amo Latere,+54 351 800 7728,no,,,fast_food,Cordoba
Farmacia Estrella,+54 351 510 7837,no,,,pharmacy,Cordoba
Saju Cobertura Médica,+54 351 459 8777,no,,,insurance,Cordoba
Mas Color,+54 351 392 4818,no,,,paint,Cordoba
Dr Mio Ecografías,+54 351 521 5801,no,,,laboratory,Cordoba
Fuego Nuestro,+54 351 818 5271,no,,,fast_food,Cordoba
Creaciones Naelí,+54 351 642 7741,no,,,interior_decoration,Cordoba
General Paz,08004447257,no,,https://www.farmaciageneralpaz.com,pharmacy,Cordoba
AutoRep,+54 351 426 5330,no,,https://www.autorepsacba.com,car_parts,Cordoba
M & M Maxi,+54 351 639 4327,no,,,wholesale,Cordoba
La Bolivianita,+54 351 572 4321,no,,,deli,Cordoba
Elohim Envases Descartables,+54 351 699 6607,no,,,houseware,Cordoba
Viviana Patoco,+54 9 351 332 2413,si,,,lighting,Cordoba
Saltanovich,+54 351 664 8476,no,,,hardware,Cordoba
Cleo,+54 351 5734670,no,,,pet,Cordoba
Malter's,+54 9 3854 40-3399,si,,,car_repair,Cordoba
Juan Cruz Alfonso,+54 351 395 2706,no,,,hairdresser,Cordoba
Alcaza Automotores,+54 351 617 5370,no,,,car,Cordoba
Hosar,+54 351 701 4141,no,,,pet,Cordoba
Avícola Ohana,+54 351 865 7859,no,,,wholesale,Cordoba
Alas Centro de Rehabilitación Integral Infantojuvenil,+54 351 810 9388,no,info@centroalas.com.ar,https://alascentro.com.ar/,rehabilitation,Cordoba
Swiss Medical,+54 9 11 50519982,si,,https://www.swissmedical.com.ar,insurance,Cordoba
Papilo Despensa,+54 351 213 0637,no,,,convenience,Cordoba
Frenos y Lubricantes Meloni's,+54 351 8073238,no,,,car_repair,Cordoba
"Facultad de Matemática, Astronomía, Física y Computación (FaMAF)",+54 351 4334051,no,,https://www.famaf.unc.edu.ar/,educational_institution,Cordoba
Disco,+54 351 433-4001,no,,,supermarket,Cordoba
Hospital Rawson,0351-4348754 al 8,no,,,hospital,Cordoba
Hospital Nacional De Clinicas,0351-4337014/17,no,,,hospital,Cordoba
Carrefour,+54 351 414-2900,no,,,supermarket,Cordoba
"Hospital Materno Neonatal ""Ministro Dr. Ramón Carrillo""",+54 351 4348350,no,,,hospital,Cordoba
Escuela Mariano Moreno,+54 351 433 2303,no,,,school,Cordoba
Hospital Misericordia,0351-4344110,no,,,hospital,Cordoba
Escuela Integral Argentina Mariano Moreno,+54 351 422 4798,no,,http://www.eiamm.edu.ar/,school,Cordoba
Disco,+54 11 4964-8000,no,,,supermarket,Cordoba
Instituto José Peña,+54 351 480 6054,no,,,school,Cordoba
Disco,+54 351 433-8000,no,,,supermarket,Cordoba
Sociedad Catolica Popular Italiana,+54 351 4556766,no,,,community_centre,Cordoba
Instituto Modelo de Cardiología,+54 351 4858585,no,,https://www.imcnet.com.ar/,hospital,Cordoba
Hospital Oncológico Provincial Dr. José Miguel Urrutia,+54 351 434 8779,no,,,clinic,Cordoba
Hospital de Niños de la Santísima Trinidad,0351-4586400,no,,,hospital,Cordoba
YPF,+54 351 461 3078,no,,,fuel,Cordoba
Disco,+54 354 344-9045,no,,,supermarket,Cordoba
Hospital Militar Regional Córdoba,+54 351 433 3237,no,,https://hmcba.com.ar/,hospital,Cordoba
Terminal II de Córdoba,+54 351 428 4141,no,,,bus_station,Cordoba
UPAS 9 - Barrio Parque Futura,+54 351 433 3517,no,,,clinic,Cordoba
Colegio Escuelas Pías,+54 351 4510769,no,,,school,Cordoba
Escuela Normal Superior Doctor Agustín Garzón Agulla,+54 351 433 9177,no,,http://ensagulla.cba.infd.edu.ar/,school,Cordoba
Coro Municipal,+54 351 434 3199,no,,,music_school,Cordoba
Instituto De Zoonosis  Instituto Antirrábico,0351-434 1112/13,no,,,clinic,Cordoba
Hospital Provincial Florencio Díaz,+54 351 4348690,no,,,hospital,Cordoba
Hospital Príncipe de Asturias,+54 351 4343221 int.118,no,,,hospital,Cordoba
Policlinico Policial,+54 351 4333523,no,,https://www.policiacordoba.gov.ar/dependencias/policlinico-policial/index.html,hospital,Cordoba
Hospital Materno Provincial Felipe Luccini,+54 351 434 8761,no,,,clinic,Cordoba
Hospital Raúl Ángel Ferreyra,+54 351 4438300,no,,https://www.apross.gov.ar/17-Hospital-Raul-Angel-Ferreyra.note.aspx,hospital,Cordoba
Escuela Santiago del Castillo,+54 351 433 3319,no,,,school,Cordoba
Escuela Municipal Raúl Víctor Martínez,+54 3543 44 9423,no,,,school,Cordoba
ITV Chateau (Inspección Técnica Vehicular),0800 888 8488,no,itv.cordoba@opuslatam.com,https://itvcordoba.com.ar/,vehicle_inspection,Cordoba
Centro de Salud 49 - Colinas del Cerro,+54 351 433 8405,no,,,clinic,Cordoba
Direccion de Especialidades Medicas - DEM Norte,+54 351 470 8880,no,,,clinic,Cordoba
Disco,+54 351 469-2511,no,,,supermarket,Cordoba
Colegio Gabriel Taborín,+54 351 458 0095,no,direcciongeneral@taborin.edu.ar,https://www.taborin.edu.ar/,school,Cordoba
Monasterio de Santa Catalina de Siena,+5493513795161,si,,,place_of_worship,Cordoba
Banco Nación,+54 810 666 4444,no,,http://www.bna.com.ar/,bank,Cordoba
Teatro Real,+543514331670,no,,https://www.facebook.com/vamosalteatroreal/,theatre,Cordoba
Hipotecario,+54 810 222 7777,no,,https://www.hipotecario.com.ar/,bank,Cordoba
Escuela Manuel Belgrano,4345153,no,,,school,Cordoba
Clínica Universitaria Reina Fabiola,+54 351 414 2121,no,,,hospital,Cordoba
Clínica Privada Vélez Sársfield,+54 9 351 468 0700,si,,,hospital,Cordoba
Hospital Tránsito Cáceres de Allende,+54 351 4342411,no,,,hospital,Cordoba
Hospital Italiano,+54 351 4106500,no,,https://www.hospital-italiano.org.ar/,hospital,Cordoba
Escuela Doctor Henoch Domingo Aguiar,+54 351 433 5163,no,,,school,Cordoba
Escuela Manuel Belgrano,+54 351 434 3050,no,,,school,Cordoba
CAPS Ciudad de Mis Sueños,+54 9 351 631 0095,si,,,clinic,Cordoba
Escuela Eva Duarte,+54 351 433 2930,no,,,school,Cordoba
IPEM Nº 206 Fernando Fader,+54 351 434 8385,no,,,school,Cordoba
Escuela Dante Alighieri,+543514618556,no,,https://www.escueladantecordoba.edu.ar/,school,Cordoba
Escuela De Las Américas,+54 351 4344094,no,,,school,Cordoba
C.E.N.M.A. Casa de Gobierno,+54 0353 4345144,no,,,school,Cordoba
Escuela Elisa Kopstein de Litvack,+54 3543448399,no,,,school,Cordoba
Escuela Primaria Juan Mantovani,+54 3543 44 9240,no,,https://mantovani.edu.ar/,school,Cordoba
Hospital Pediátrico del Niño Jesús (Ex Casa Cuna),+54 351 434 6065,no,,,hospital,Cordoba
Centro Municipal de Capacitación de Transporte y Transito,+54 351 434 8509,no,,http://www2.cordoba.gov.ar/portal/index.php/secretaria-de-servicios-publicos/direccion-centro-de-capacitacion-de-transporte-y-transito/,government,Cordoba
Dirección Nacional de Migraciones,+54 351 4236879,no,,https://www.dnm.gov.ar/,government,Cordoba
Consultorios externos Reina Fabiola,+54 351 414 2121,no,,,hospital,Cordoba
UPAS 8 - Barrio La Floresta,+54 351 499 7930,no,,,clinic,Cordoba
Plaza de la Música,+54 351 426 2300,no,,https://www.plazadelamusica.com/,events_venue,Cordoba
AutoHaus,+54 351 487 9500,no,,https://www.autohaus.com.ar/,car,Cordoba
Policía de La Provincia de Córdoba Comisaría N°9 Distrito VIII,+54 351 433 6189,no,,https://www.policiacordoba.gov.ar/,police,Cordoba
UPAS 12 - Barrio Villa Union,+54 351 433 3209,no,,,clinic,Cordoba
Escuela Juan Amós Comenio,+54 351 434-3123,no,,,school,Cordoba
Clinica Privada Sanagec,+54 351 4222042,no,,,hospital,Cordoba
Clinica y Maternidad Del Sol,+54 351 5680600,no,,https://www.clinicadelsol.com.ar/,hospital,Cordoba
Sanatorio Privado De La Cañada,+54 9 351 767 0780,si,,,hospital,Cordoba
Lomo Club,4718722,no,,,restaurant,Cordoba
Supermercados Mariano Max,+54 351 545 1873,no,,,supermarket,Cordoba
La Pugliese,+54 351 460-6432,no,,,bakery,Cordoba
"Centro Oftalmológico Dr. Ernesto ""CHE"" Guevara",+54 351 472 4588,no,,https://www.operacionmilagro.org.ar/nueva/,optician,Cordoba
Cofico,+54 351 421 5226,no,,,supermarket,Cordoba
División Canes Policía de Córdoba,+54 351 432 2019,no,,,police,Cordoba
Tagle,+54 351 524-2000,no,info@taglerenault.com.ar,https://www.tagle.com.ar/,car_repair,Cordoba
Motcor,,no,motcor@motcor.com.ar,https://www.motcor.com.ar/,car_repair,Cordoba
Avant,+54 351 442-4900,no,marketing@avantpeugeot.com.ar,http://www.avantpeugeot.com.ar/,car_repair,Cordoba
Fiat,,no,motcor@motcor.com.ar,https://www.motcor.com.ar/,car,Cordoba
Renault,+54 351 524-2000,no,info@taglerenault.com.ar,https://www.tagle.com.ar/,car,Cordoba
Egeo,+54 351 414-8080,no,,https://www.egeoautomotores.com.ar/,car_repair,Cordoba
Ramón Suarez,+54 351 485-0504,no,,https://motoshondaramonsuarez.com.ar/,motorcycle,Cordoba
MG,+54 351 488-7620,no,,,motorcycle,Cordoba
Bondio,+54 351 455-6691,no,motosonline@bondio.com.ar,https://www.bondio.com.ar/,motorcycle,Cordoba
Ames Motos,+54 351 429-7380,no,ventas@amesmotos.com.ar,https://www.amesmotos.com.ar/,motorcycle,Cordoba
Direccción de Especialidades Medicas,+54 351 4276240,no,,,clinic,Cordoba
Hospital de Urgencias,0351-4222039/0351-4215001,no,,,hospital,Cordoba
Forja Centro de Eventos,+54 351 433 5522,no,,,events_venue,Cordoba
Escuela Ramón J. Cárcano,+54 351 434 9734,no,rjcarcano@hotmail.com,,school,Cordoba
Dirección nacional de Aduanas;Dirección nacional de aduanas,http://www.afip.gob.ar/,no,,http://www.afip.gob.ar/,government,Cordoba
Jardín de Infantes Presidente Kennedy,+54 351 488 4324,no,,,kindergarten,Cordoba
I.P.E.M. N° 7 Profesor Carlos Segreti,+54 351 434 7784,no,,,school,Cordoba
Host Coworking - Sede Villa Belgrano,+54935174391111,si,,https://www.hostcoworking.com.ar/,coworking,Cordoba
Clínica Privada Ricchieri,+54 351 4641444,no,,,hospital,Cordoba
Vea,+54 351 433 7002,no,,https://www.vea.com.ar,supermarket,Cordoba
Centro de Salud 41 - Barrio Villa El Libertador,+54 351 4333211,no,,,clinic,Cordoba
Centro de Salud 44 - Barrio Bella Vista,+54 351 433 4281,no,,,clinic,Cordoba
Centro De Salud 28 - Barrio Las Violetas,+54 351 433 7302,no,,,clinic,Cordoba
Sanatorio Privado del Noreste,+54 351 451 3209,no,,http://sanatoriodelnoreste.com.ar/,hospital,Cordoba
Centro de Salud 51 - Barrio Guiñazú,+54 351 499 5883,no,,,clinic,Cordoba
Centro de Salud 84 Bº Bajo Grande,+54 351 4339137,no,,,clinic,Cordoba
IPET N° 249 Nicolás Copérnico,+54 351 433 1662,no,ipet249@gmail.com,http://www.ipet249.edu.ar,school,Cordoba
Diana Ricci Loft,+54,no,,,art,Cordoba
Biblioteca Córdoba,+54 351 433 2300,no,,,library,Cordoba
Banco Nación,+54 351 456 3445,no,,,bank,Cordoba
Sanatorio Sindical Suoem,4261364,no,,,hospital,Cordoba
Centro de Rehabilitación Socio Laboral,+54 351 434 2432,no,,,rehabilitation,Cordoba
Sanatorio Santo Tomas Privado,+54 351 420 4300,no,,,hospital,Cordoba
Sanatorio Parque,+54 351 4564000,no,,https://sanatorioparque.com/,hospital,Cordoba
Centro Privado de Cirugía Plástica Doctor Rafael Cinelli,+54 351 481 2726,no,,,hospital,Cordoba
Centro Médico Privado San Andres,(351) 4256829 / 4256464 / 4257907,no,,https://centromedicosanandres.com/,hospital,Cordoba
Aconcagua Sanatorio Privado,+54 351 5699910,no,,https://sanatorioaconcagua.com/,hospital,Cordoba
Sanatorio Privado Duarte Quirós,+54 351 480 4065,no,,,hospital,Cordoba
Clínica Privada Los Arcos,+54 351 422 2027,no,,,hospital,Cordoba
Clinica Privada Gallia,+54 810 444 2554,no,info@centrogallia.com,http://www.clinicagallia.com/,clinic,Cordoba
INTA,+54 9 351 4256414,si,,,government,Cordoba
Dirección General de Rentas,08004448008,no,,https://www.rentascordoba.gob.ar/,government,Cordoba
Registro Civil Central de la Municipalidad de Córdoba,08008880404,no,,https://cordoba.gob.ar/registro-civil/,government,Cordoba
Bolsa y Cámara de Cereales de Córdoba,+54 351 422 9637,no,,https://www.bccba.org.ar/,government,Cordoba
ENACOM Córdoba,+54 351 424 4225,no,,https://www.enacom.gob.ar/,government,Cordoba
Centro de Salud 75 - Cerveceros,+54 351 4334357,no,,,doctors,Cordoba
Centro De Salud 39 - Barrio Ferrer,+54 351 433 4355,no,,,doctors,Cordoba
Patio Olmos,+54 351 570 4199,no,,https://www.patioolmos.com/,mall,Cordoba
ITV 3 Av. Japón,0800 888 8488,no,,,vehicle_inspection,Cordoba
"Centro de Salud Saldan ""Enfermera Blanca Veron""",+54 351 589 4040,no,,,hospital,Cordoba
Clínica Veterinaria Eva Inguerman,+54 351 432 6414,no,,https://www.facebook.com/ClinicaVeterinariaEvaInguerman/,veterinary,Cordoba
Catedral de Córdoba. Nuestra Señora de la Asunción,+54 9 0351 4223446,si,,https://catedraldecordoba.org.ar/,place_of_worship,Cordoba
Centro de salud municipal Villa Rivera Indarte,+54 3543 44 9420,no,,https://www.hospitales.argentina.crigu.com/centro-de-salud-6-villa-rivera-indarte-cordoba-capital/,clinic,Cordoba
Laprida Hogar,+5493513251171,si,,https://www.lapridahogar.com.ar/,appliance,Cordoba
Gomería El Flaco,+54 351 898-0113,no,,,car_repair,Cordoba
Fundación Universitaria de Oficios,+54 351 372 2487,no,,https://fuoficios.com.ar/,school,Cordoba
Apross,08008882776,no,,https://www.apross.gov.ar/,government,Cordoba
ProColor,+54 351 461 0676,no,,,paint,Cordoba
Mercado de Sabores,+54 9 351 8149405,si,,,seafood,Cordoba
Al Campo,+54 351 510 0037,no,,,supermarket,Cordoba
Supermercados Mariano Max,+54 351 2779128,no,,,supermarket,Cordoba
Host Comunidad de Negocios - Sede Orfeo,+54 9 3512 51-0222,si,,https://www.hostcoworking.com.ar/,coworking,Cordoba
Terminal de Ómnibus Córdoba,+54 351 428 4141,no,,https://terminaldecordoba.com/,bus_station,Cordoba
Colegio Nacional de Monserrat,+54 351 535 3940,no,monserrat@cnm.unc.edu.ar,https://monserrat.unc.edu.ar/,school,Cordoba
Cormay Climatización SRL,+54 341 425-1809,no,,http://www.cormay.com.ar/,electronics,Rosario
Cooperativa de Trabajo Encuentro,+54 341 527-1337,no,coopencuentro.ros@gmail.com,,community_centre,Rosario
Zelarus,+54 341 561-9787,no,,https://zelarus.com/,computer,Rosario
Biblioteca Argentina Doctor Juan Álvarez,,no,biblioargentina@rosario.gov.ar,http://biblioargentina.org.ar/,library,Rosario
Bi-Maq,+54 341 440-0710,no,,,bicycle,Rosario
Bicicletas Bengoa,+54 341 440-2705,no,,,bicycle,Rosario
Guillen,+54 341 421-7307,no,,,bicycle,Rosario
Indian Tradle,+54 341 210-0693,no,,,bicycle,Rosario
Rippio,+54 341 448-0944,no,,,bicycle,Rosario
Speedway Bike Center,+54 341 426-8415,no,,,bicycle,Rosario
Gomeria Los Gringos,+54 341 423-0232,no,,,car_repair,Rosario
Sablé Paris,+54 341 3470499,no,info@sableparis.com,https://www.sableparis.com/,cafe,Rosario
ColorStudio,+54 341 243-0404,no,,http://color-studio.com.ar/,paint,Rosario
El Delfin Blanco,+54 341 485-6185,no,,,supermarket,Rosario
Novogar,+54 341 447-0211,no,,http://www.novogar.com.ar/,electronics,Rosario
La Rosarina,+54 341 679-1341,no,,,bakery,Rosario
Bici Kaiser 2,+54 341 435-1289,no,,,bicycle,Rosario
Castagno,+54 341 435-3451,no,,,bicycle,Rosario
Mula Bikes,+54 341 300-5968,no,,,bicycle,Rosario
Bike House 2,+54 341 424-5280,no,,,bicycle,Rosario
Gomería Centro,+54 341 561-1943,no,,,bicycle,Rosario
Confitería & Panadería Santa Lucía,+54 341 463-1821,no,,,bakery,Rosario
Vinoteca del Boulevard,+54 341 523-2268,no,,,alcohol,Rosario
Casa Triulzi,+54 341 424-6659,no,,,doityourself,Rosario
Cortinería Confort,+54 341 426-0231,no,,,curtain,Rosario
Don Chilo,+54 341 263 9202,no,,https://carnesdonchilo.com/,butcher,Rosario
Starbucks,,no,info@starbucks.com.ar,http://www.starbucks.com.ar/,cafe,Rosario
What The Fuck?,+54 341 362-5959,no,,,clothes,Rosario
Marstech Computación,+54 341 445-1223,no,mendoza@marstech.com.ar,http://www.marstech.com.ar/,computer,Rosario
QuiqueGian,+54 341 421-9203,no,,,travel_agency,Rosario
La Chacra,+54 341 424-8548,no,contacto@lachacrarotiseria.com,http://www.lachacrarotiseria.com,fast_food,Rosario
Centro de Convenciones Cristiano,+54 341 449-4117,no,orepormi@canalluz.org,http://www.canalluz.org,place_of_worship,Rosario
Rosario Agro Industrial srl,+54 341 440-4218,no,info@rosarioagroindustrial.com,http://www.rosarioagroindustrial.com,car_parts,Rosario
PadTravel,+54 341 411-0108,no,pabla@padtravel.com.ar,http://www.padtravel.com.ar,travel_agency,Rosario
Mary Jane,,no,maryjanedisenos@gmail.com,,clothes,Rosario
Marsili Neumáticos,+54 341 456-4597,no,,http://www.neumaticosmarsili.com/,car_repair,Rosario
Banquito Ferroviario,+54 341 438-1536,no,info@banquitoferroviario.org,http://banquitoferroviario.org/,community_centre,Rosario
Teatro Mateo Booz,+54 341 426-5749,no,info@teatromateobooz.com,http://www.teatromateobooz.com,theatre,Rosario
EducaciónIT,+54 341 527-1200,no,rosario@educacionit.com.ar,http://www.educacionit.com/rosario,college,Rosario
Hi-Fi Laser,+54 341 425-5959,no,hifilaser@hifilaser.com.ar,http://www.hifilaser.com.ar,computer,Rosario
Intervalo Shop,+54 341 421-4343,no,,http://www.intervaloshop.com/,musical_instrument,Rosario
Anabel Confitería,+54 341 425-8272,no,,http://www.familiaanabel.com.ar/confiteria.html,confectionery,Rosario
SushiClub,+54 341 438-4280,no,contacto@sushiclub.com.ar,https://sushiclubweb.com.ar/,restaurant,Rosario
Celular 911,+54 341 425-6685,no,,http://www.celular911.com.ar/,computer,Rosario
Belgrano,,no,lapanaderiabelgrano@gmail.com,,bakery,Rosario
Tips Mucho Diseño,+54 341 424-3213,no,tipstienda@gmail.com,http://www.tips.com.ar/,gift,Rosario
Tips Mucho Diseño,+54 341 448-0059,no,tipstienda@gmail.com,http://www.tips.com.ar/,gift,Rosario
My.Phone,+54 341 424-0049,no,tipstienda@gmail.com,http://www.tips.com.ar/,mobile_phone,Rosario
Centro Evolutivo,+54 341 435-1627,no,centroevolutivo@gmail.com,http://centroevolutivo.com.ar,clinic,Rosario
Carnes del Abasto,+54 341 482-6891,no,,,butcher,Rosario
Dar,+54 341 426-1902,no,,,supermarket,Rosario
Dar,+54 341 440-2118,no,,,supermarket,Rosario
"Anexo Instituto Superior del Profesorado de Música 5932 ""Carlos Guastavino""",+54 341 472-1408,no,info@ispmguastavino.edu.ar,http://www.ispmguastavino.edu.ar/,school,Rosario
Tips,+54 341 243-2055,no,tipstienda@gmail.com,http://www.tips.com.ar/,gift,Rosario
Higa Plantas,+54 341 421-4171,no,,,garden_centre,Rosario
E.E.T. Nº 638 Margarita Mazza de Carlés,+54 341 472-4484,no,sec638_rosario@santafe.edu.ar,http://www.eet638.edu.ar,school,Rosario
A Punto,+54 341 424-2454,no,,,fast_food,Rosario
Ferretería Juancito,+54 341 448-6464,no,,,hardware,Rosario
Martín + Tettamanzi,+54 341 445-0858,no,,https://www.mtinmobiliaria.com.ar/,estate_agent,Rosario
Estilo Oculto,+54 341 297-6104,no,,,hairdresser,Rosario
Muma,+54 341 421-5084,no,,,fast_food,Rosario
Dr. Balbi,+54 341 597-5108,no,,,veterinary,Rosario
Ministerio de Seguridad,+54 341 472-1838,no,,,government,Rosario
Hardcore Computación,+54 341 658-8497,no,,https://hardcorecomputacion.com.ar/,computer,Rosario
Rosario Servicios,+54 341 430-6330,no,administración@rosarioservicios.com.ar,http://www.rosarioservicios.com.ar,mobile_industrial_equipment,Rosario
CenterLav,+54 341 227-2178,no,,https://tintoreria-lavanderia-centerlav.negocio.site/,laundry,Rosario
CVS Seguridad,+54 341 453-1555,no,,http://www.cvssrl.com.ar/,company,Rosario
KEL Ediciones,+54 341 449-8906,no,info@kel-ediciones.com,https://www.kelediciones.com/,books,Rosario
Lucana,+54 341 421-7721,no,,,bakery,Rosario
Escuela 1139 Marcos Sastre,,no,prim1139_rosario@santafe.edu.ar,,school,Rosario
SBS Librería,+54 341 426-1276,no,,,books,Rosario
Dar,+54 9 341 447-1441,si,,,supermarket,Rosario
Casa Sandin,+54 341 439-6996,no,,http://www.casasandin.com/,motorcycle_repair,Rosario
Jumbo Comunicaciones,+54 341 438-3878,no,jumbocom@fibertel.com.ar,,electronics_repair,Rosario
Neumáticos Fuentes,+54 341 449-2022,no,,,tyres,Rosario
Puerto Libro,+54 341 426-5343,no,,,books,Rosario
Tomasso,+54 341 298-1678,no,,,fast_food,Rosario
Super Top,+54 341 426-7344,no,,,supermarket,Rosario
Instituto Municipal de la Mujer,+54 341 480-2046,no,,,social_facility,Rosario
Correo Argentino,+54 341 480-5210,no,,https://www.correoargentino.com.ar/,post_office,Rosario
Frávega,+54 341 489-0885,no,,https://www.fravega.com/,electronics,Rosario
Autopartes Rosario,+54 341 456-4762,no,,http://desarmaderoar.com.ar/,car_parts,Rosario
Desarmadero El Grillo,+54 341 461-4489,no,info@gustavogrillo.com.ar,,car_parts,Rosario
Escuela de Guardavidas Rosario,+54 9 341 335-8827,si,escuela_de_guardavidasrosario@hotmail.com,,school,Rosario
Compu-Byte,+54 341 559-6312,no,sebacedo@hotmail.com,http://www.compu-byte.com.ar,computer,Rosario
El Riel,+54 341 617-1536,no,,,restaurant,Rosario
Chicharra,+54 341 435-3934,no,,,restaurant,Rosario
Ajoarriero,+54 341 423-422,no,,,restaurant,Rosario
Motoshop Rosario,+54 341 457-0873,no,,http://www.motoshoprosario.com.ar/,clothes,Rosario
Orci Indumentaria,+54 341 435-6949,no,,https://orciindumentaria.com/,clothes,Rosario
Cepero,+54 341 445-0432,no,,http://cepero.com.ar/,bag,Rosario
Cepero,+54 341 423-2493,no,,http://www.cepero.com.ar/,bag,Rosario
La Vendetta Express Roca,+54 341 222-8888,no,,https://www.lavendetta.com.ar/,restaurant,Rosario
Centro de Salud 17 de Octubre,+54 341 498-3428,no,,,clinic,Rosario
Centro de Salud Barrio Talleres,+54 341 498-3412,no,,,clinic,Rosario
Centro de Día Vivero Agroecológico Rosario,+54 341 480-2444 (131),no,,,community_centre,Rosario
Centro de Salud Niño Jesús,+54 341 492-8804,no,,,clinic,Rosario
Lemmy's Pizza,+54 341 297-4001,no,,https://lemmys-pizza.negocio.site,restaurant,Rosario
Mauricio Rozas,+54 341 672-8718,no,,,estate_agent,Rosario
Nono Pepe,+54 341 449-6107,no,,,bakery,Rosario
Encomiendas Strappa,+543413436286,no,,,courier,Rosario
Krow Distribuidora,+54 9 341 719-9774,si,,,alcohol,Rosario
Nono Pepe,+54 341 449-3746,no,,,bakery,Rosario
FyP Minimercado,+54 341 398-2590,no,,https://fyp-mini-market.negocio.site,convenience,Rosario
Escuela 55 Domingo Faustino Sarmiento,+54 341 472-1427,no,prim55_rosario@santafe.edu.ar,,school,Rosario
Hiper de la Pelu,+54 9 341 228-8918,si,,https://hiperdelapelu.com.ar/,cosmetics,Rosario
Far+One,4481444,no,,,pharmacy,Rosario
Neumaticos Debona,+54 341 437-7707,no,,,tyres,Rosario
Nautica Río,+54 9 341 496-0014,si,,https://nauticario.com/,boat,Rosario
Cimer,+54 341 426-0439,no,tiendacimer@gmail.com,,clothes,Rosario
Manuel Foglia,+54 341 421-7740,no,,,musical_instrument,Rosario
Distrito Oeste Ciudad Futura,,no,contacto@ciudadfutura.com.ar,https://www.ciudadfutura.com.ar/,political_party,Rosario
Siscom,+54 341 440-9517,no,info@siscom.com.ar,http://www.siscom.com.ar/,mobile_phone,Rosario
El Mago NT,,no,elmagont@gmail.com,www.elmagont.com.ar,gift,Rosario
Topper,+54 341 425-9216,no,,,shoes,Rosario
Arribo,+54 341 440-2948,no,,https://arribo.online,variety_store,Rosario
Liza lencería,+54 341 335-3865,no,,,clothes,Rosario
Sueñolandia,+54 341 421-4128,no,,,bed,Rosario
Nadin Lencería,+54 341 447-6592,no,,,clothes,Rosario
González Exclusivo,+54 341 425-5280,no,,http://gonzalezexclusivo.com/,clothes,Rosario
Addoumie,+54 341 448-0577,no,,,fabric,Rosario
Panadería El Shaddai,+54 9 341 617-5677,si,,,bakery,Rosario
La Tiendita,+54 9 341 321-0263,si,,https://www.facebook.com/LaTiendita.Rosarina,groundskeeping,Rosario
Lucio,+54 9 341 315-1342,si,,https://carniceriayverdulerialucio.goodbytt.com.ar,butcher,Rosario
Grupo Mansilla,+54 341 485-8300,no,gmp.mayorista@grupomansilla.com.ar,https://grupomansilla.com.ar/,car_repair,Rosario
Encendido Madi,+54 341 545 4547,no,,,car_parts,Rosario
La Cueva del Kioskero,+54 341 463-4911,no,,http://www.lacuevadelkioskero.com.ar,convenience,Rosario
Kiosco L'Edicola,+54 9 341 601-0162,si,,,kiosk,Rosario
Lavandería Rosario,+54 341 423-2505,no,,,laundry,Rosario
La Pichincha,+54 341 464-0351,no,,,furniture,Rosario
Vidriería Centro Cristal,+54 341 439-3571,no,,,glaziery,Rosario
Ruben Vicente,+54 9 341 671-0351,si,,http://rubenvicentesrl.com.ar/,bakery,Rosario
La Esquina,+54 341 498 7351,no,,,hardware,Rosario
Silab,+54 341 529-1120,no,labin@silab.com.ar,https://silab.com.ar/,clinic,Rosario
Graficando Ideas,,no,graficandoideas.rosario@gmail.com,,copyshop,Rosario
Creando Futuro ONG,+5493412641096,si,,https://creandofuturo.org/,ngo,Rosario
Magistral,+54 341 424-6290,no,farm.magistral@gmail.com,https://www.farmaciamagistralweb.com.ar/,pharmacy,Rosario
Escuela para Adultos 6619,+54 341 472-9679,no,cecla19rosario@gmail.com,,college,Rosario
EbenEzer,+54 341 640-8821,no,,,car_repair,Rosario
Mundo Market,+54 341 350-3267,no,,,kiosk,Rosario
El Emporio de las Golosinas,+54 341 453-0138,no,,https://www.emporiogolosinas.com/,confectionery,Rosario
Japón in Box,+54 341 227-8282,no,grupoinboxargentina@gmail.com,https://www.japoninbox.com/,restaurant,Rosario
Neumáticos Belgrano,+54 341 458-5512,no,,,tyres,Rosario
Yuli Pastas,+54 341 430-0110,no,,https://pastasyuli.com.ar/,pasta,Rosario
Geor Bozzo,+54 341 346-1917,no,,,hairdresser,Rosario
Flomar,+54 341 426-2565,no,,,seafood,Rosario
Carras,+54 341 601-1965,no,,,pet,Rosario
Montecatini Antiques,+54 341 322-8162,no,antiques939@gmail.com,,antiques,Rosario
Claro,+54 341 276-5552,no,,https://www.claro.com.ar/,mobile_phone,Rosario
Cúspide,+54 341 239-1616,no,portal.rosario@cuspide.com,https://cuspide.com/,books,Rosario
Del Tano,2415158,no,,,fast_food,Rosario
Novoturismo,+54 341 730-1414,no,,,travel_agency,Rosario
Jardín 1251 Doctor Hermann Gmeiner,+54 341 431-6515,no,jardin1251_rosario@santafe.edu.ar,,kindergarten,Rosario
Escuela 1427 San Isidro Labrador,+54 341 431-6515,no,prim1427_rosario@santafe.edu.ar,,school,Rosario
M&M Fibroarte,+54 341 660-5662,no,,,gift,Rosario
Shagira Impresos,+54 341 400-2897,no,,,copyshop,Rosario
Ferretería Urquiza,+54 341 321-2525,no,,,hardware,Rosario
La Casa del Recambio,+54 341 485-5259,no,,http://lacasadelrecambio.com.ar/,car_parts,Rosario
Gomería Hermanos Conte,+54 341 385-0743,no,,,car_repair,Rosario
Valor Performance,+54 341 437-1539,no,,,car_repair,Rosario
Gomería Largui,+54 341 648-8333,no,,,car_repair,Rosario
Taller Luis Sánchez,+54 341 675-9604,no,,,car_repair,Rosario
Arbat - Baterías Automotor,+54 341 307-2803,no,,,car_repair,Rosario
Repuestos Alberdi,+54 341 430-2974,no,,https://repuestosalberdi.com.ar/,car_parts,Rosario
Axpell Group,+54 341 589-8941,no,,,car_parts,Rosario
Fiat Avellaneda Renault,+54 341 304-4102,no,,,car_parts,Rosario
Repuestos Avellaneda,+54 341 314-8520,no,,https://repuestosavellaneda.com.ar/,car_parts,Rosario
Suspensión Norte,+54 341 612-6448,no,,,car_parts,Rosario
Rico Pollo,+54 341 563 5600,no,,,fast_food,Rosario
Muebles antiguos,+54 341 600 4754,no,,,furniture,Rosario
LM Lubricantes,+54 341 545 9817,no,,,car_repair,Rosario
Escapes El Gringo,+54 341 400 0456,no,,,car_repair,Rosario
Full Car Aire Acondicionado,+54 341 354 7132,no,,,car_repair,Rosario
Lubricentro Lubrishop,+54 341 546 9794,no,,,car_repair,Rosario
Radiadores Bernal,+54 341 430 6830,no,,https://www.radiadoresbernal.com.ar/,car_repair,Rosario
HAUS GNC,+54 341 433 5930,no,,http://haussa.com.ar/,car_repair,Rosario
Neumáticos Verona,+54 341 611 5874,no,,https://www.neumaticosverona.com.ar/,tyres,Rosario
Neumaticos Delmenico,+54 341 466 1085,no,,,tyres,Rosario
Battery Trading SA,+54 341 481 5254,no,,https://bateriasmegaton.com.ar/,car_repair,Rosario
Gomería Rubén Cabral,+54 341 439 7281,no,,,car_repair,Rosario
Bavastro,+54 341 485 3374,no,,,pharmacy,Rosario
Lubricentro GR3,+54 341 796 8528,no,,,car_repair,Rosario
Gama Climatización,+54 341 438 1420,no,,,car_repair,Rosario
Lubricantes El Elefante Blanco,+54 341 650 4180,no,,,car_repair,Rosario
Parabrisas Lider,+54 341 424 4187,no,,https://www.parabrisaslider.com.ar/,car_repair,Rosario
Arroyito GNC,+54 341 520 3807,no,,,car_repair,Rosario
Galicia (Sucursal 704),0800 888 4254,no,,https://www.galicia.ar/personas,bank,Rosario
Neumáticos Verona,+54 341 262 3328,no,,https://neumaticosverona.com.ar/,tyres,Rosario
Escapes Virasoro,+54 341 481 9187,no,,,car_repair,Rosario
Larrauri Neumaticos,+54 341 247 5646,no,,https://larraurineumaticos.com.ar/,tyres,Rosario
Moscato Neumáticos,+54 341 439 0743,no,,https://moscatoneumaticos.com.ar/,tyres,Rosario
Radiadores San Cayetano,341 4236330 / 4236271 / 4236151,no,,http://www.radiadoressancayetano.com/,car_repair,Rosario
Carat Apart Boutique,+54 341 693 6106,no,reservas@carat.com.ar,https://carat.com.ar/,parking,Rosario
Matafuegos Zs - Carga Segura,+54 341 434 0184,no,,https://www.cargasegura-zs.com/,security,Rosario
S.I.E.R.,+54 341 481 4351,no,,,car_repair,Rosario
Taller Maragliano,+54 341 778 4941,no,,,car_repair,Rosario
Gastaldi Neumáticos,+54 341 322 6876,no,,,tyres,Rosario
Mecánica Neder,+54 341 641 7571,no,,,car_repair,Rosario
La Casa de la Óptica,+54 341 485 1527,no,,,car_repair,Rosario
Mafer,+54 341 438 0734,no,,,supermarket,Rosario
Macias Rectificaciones,+54 341 664 6565,no,,https://www.rectificadoramacias.com.ar/,car_repair,Rosario
Puro Cómic,+54 341 719 9967,no,,,collector,Rosario
Belloc,+54 341 445 0469,no,,http://belloc.com.ar,furniture,Rosario
Tintorería Lima,03414472853,no,,,laundry,Rosario
El Chañar,341-6999571,no,,,butcher,Rosario
La Despensa,03413673535,no,,,general,Rosario
Portal Rosario Shopping,+54 341 409-7200,no,,https://portalrosario.com.ar/,mall,Rosario
Shopping del Siglo,+54 341 449-1001,no,,http://www.shoppingdelsiglo.com/,mall,Rosario
Biblioteca Central Rosario - UCA,,no,biblioteca_rosario@uca.edu.ar,https://uca.edu.ar/es/rosario/biblioteca-central-rosario,library,Rosario
Motor Dos,+54 341 481-7710,no,,http://www.motordos.com.ar/,motorcycle,Rosario
Mercado de Productores Rosario,+54 341 431-7227,no,info@mprosario.com.ar,http://www.mprosario.com.ar/,farm,Rosario
Novopor,+54 341 568-2100,no,,http://www.novopor.com.ar/,furniture,Rosario
Juleriaque,+54 341 472-8710,no,,http://www.juleriaque.com.ar/,perfumery,Rosario
Gassman Barber Shop & Peluquería,+54 9 341 515-6591,si,,,hairdresser,Rosario
Beta Iveco,+54 341 482-4685,no,,http://www.beta-sa.com.ar/,truck,Rosario
Ricambi Repuestos y Servicios,+54 341 558-2020,no,,http://www.gasparoni.com,hardware,Rosario
La Sandro,+54 341 463-6325,no,,,supermarket,Rosario
La Gallega,+54 341 480-1906,no,,,supermarket,Rosario
Escuela 77 Pedro Goyena,+54 341 472-4518,no,prim77_rosario@santafe.edu.ar,,school,Rosario
Giorgi,+54 341 410-1000,no,,http://www.giorgiford.com/home.html,car,Rosario
Escuela 1422 Marcelino Champagnat,,no,prim1422_rosario@santafe.edu.ar,,school,Rosario
Coto,+54 341 425-4913,no,,http://www.coto.com.ar/,supermarket,Rosario
Vicente Anastasio de Echevarria 798,+54 341 472-9693,no,prim798_rosario@santafe.edu.ar,,school,Rosario
General Manuel Belgrano 465,+54 341 472-8174,no,sec465_rosario@santafe.edu.ar,,school,Rosario
AutoTécnica,+54 341 649 0876,no,,,car_repair,Rosario
Novogar,+54 341 449-4299,no,,http://www.novogar.com.ar/,department_store,Rosario
Hugo Valetto,+54 341 320-0569,no,,https://hugovaletto.com/,hardware,Rosario
Provenzano Piscinas,+54 341 691-2231,no,,http://provenzanopiscinas.com.ar/,swimming_pool,Rosario
Instituto de Música Carlos Guastavino,+54 341 472-1408,no,info@ispmguastavino.edu.ar,http://www.ispmguastavino.edu.ar,college,Rosario
Posta Gourmet,+54 341 323-2397,no,,https://postagourmet.empretienda.com.ar/,deli,Rosario
Tierra del Té,+54 341 542-8212,no,,https://www.tierradelte.com.ar/,tea,Rosario
Coto,+54 341 435-7060,no,,http://www.coto.com.ar/,supermarket,Rosario
Senta,+54 341 424-2796,no,,http://www.sentaautomotores.com/,car_repair,Rosario
Parroquia Nuestra Señora de Luján,+54 341 441-1404,no,parroquialujanrosario@gmail.com,,place_of_worship,Rosario
Senta,+54 341 525-9595,no,,http://www.sentaautomotores.com/,car,Rosario
Resonancias,+54 341 463-0523,no,ventas.honda@resonancias.com.ar,http://www.resonancias.com.ar/,motorcycle,Rosario
Fussetti,+54 341 439-0352,no,frosario@fussetti.com,http://www.fussetti.com/,motorcycle,Rosario
Escuela 1417 San Pablo,+54 341 462-5231,no,prim1417_rosario@santafe.edu.ar,,school,Rosario
Axion,+54 341 439 8080,no,,,fuel,Rosario
Escuela Técnica 473 Juana Elena Blanco,+54 341 472-4488,no,aggorza@yahoo.com.ar,,school,Rosario
Servicios Caramuto,+54 341 437-3838,no,,http://www.caramuto.com.ar/,funeral_directors,Rosario
El Tradicional,+54 341 6920779,no,,,restaurant,Rosario
Roque Vicente Gioiosa S.R.L.,+54 341 506-3537,no,,https://gioiosamateriales.com/,trade,Rosario
Centro Sadosky,+54 341 482-7203,no,,http://www.centrosadosky.com/,college,Rosario
PigmentAr Pinturas,+54 341 776-5515,no,,https://pigmentarpintureri.wixsite.com/website,paint,Rosario
Chevromax,+54 341 298-9010,no,administracion@chevromax.com.ar,https://www.chevromax.com.ar/,car,Rosario
Escuela Técnica 8199 Nuestra Señora de La Guardia,+54 341 463-2084,no,sec8199_rosario@santafe.edu.ar,https://bibliotecalaguardia.wordpress.com/,school,Rosario
Escuela 8199 Nuestra Señora de la Guardia,+54 341 701-0295,no,sec8199_rosario@santafe.edu.ar,https://bibliotecalaguardia.wordpress.com/,school,Rosario
Colegio Pablo VI,+54 341 456-1006,no,administracion@colegiopaulovi.edu.ar,http://colegiopaulovi.edu.ar/,school,Rosario
Cúspide Libros,+54 341 527-0578,no,rosario@cuspide.com,http://www.cuspide.com/,books,Rosario
Almacén de Quesos Santafesinos,+54 341 327-7028,no,,,cheese,Rosario
El Ladrillero Mayorista,+54 341 431-3705,no,,https://elladrilerosa.com.ar/,trade,Rosario
Coto,+54 810 888 2686,no,info@coto.com.ar,https://www.coto.com.ar/,supermarket,Rosario
Remy,,no,sucursalpasodelbosque@remy.com.ar,https://www.remy.com.ar/,bed,Rosario
Luco Express,+54 341 326-0020,no,,https://www.lucoexpress.com.ar/,convenience,Rosario
Lo de Granados,+54 341 547-5674,no,,https://lodegranado.com.ar/,wine,Rosario
El Corral Carnes,+54 341 297-1554,no,,https://elcorralcarnes.com/,butcher,Rosario
Fiat Avec,+54 341 558-1313,no,,https://fiatavec.com.ar/,car,Rosario
Escuela 1226 Nuestra Señora del Valle,+54 341 463-4400,no,primpri1226_rosario@santafe.edu.ar,,school,Rosario
Escuela 649 General San Martín,+54 341 472-9696,no,sec649_rosario@santafe.edu.ar,,school,Rosario
Escuela 1279 Brigadier Estanislao Lopez,+54 341 472-9712,no,prim1279_rosario@santafe.edu.ar,,school,Rosario
Centro Integrado de Operaciones Rosario,+54 341 434-4200,no,cmm@rosario.gob.ar,,government,Rosario
Anexo Escuela 3066 San Pablo,+54 341 457-8901,no,sec3066_rosario@santafe.edu.ar,,school,Rosario
Panificación Nuevo Rumbo,+54 341 681-5723,no,,http://panificacionnuevorumbo.com/,bakery,Rosario
Autoservicio Mayorista Líder SRL,+54 341 217-1159,no,,https://amlidersrl.com.ar/,wholesale,Rosario
Escuela 1318 Comunidad Eva Perón,,no,prim1318_rosario@santafe.edu.ar,,school,Rosario
Imán Mayorista,+54 341 315-7857,no,,https://www.mayoristaiman.com.ar/,wholesale,Rosario
Jardín de Infantes 262 Mané Bernardo,+54 341 472-9619,no,jardin262_rosario@santafe.edu.ar,,kindergarten,Rosario
Escuela Primaria 756 José Serrano,+54 341 472-9704,no,prim756_rosario@santafe.edu.ar,,school,Rosario
Escuela Nº 800 Profesor Joaquín Argüelles,,no,prim800_rosario@santafe.edu.ar,,school,Rosario
Lesgart Neumáticos,+54 341 620-7166,no,,,tyres,Rosario
Merii Automotores,+54 341 508-5827,no,,,truck,Rosario
Centro de Salud 11 Pueblo Nuevo,+54 341 492-2777,no,,,clinic,Rosario
Escuela Primaria 1220 San Martín de Porres,+54 341 465-0426,no,prim1220_rosario@santafe.edu.ar,,school,Rosario
Escuela Primaria 117 Islas Malvinas,+54 341 472-9707,no,prim117_rosario@santafe.edu.ar,,school,Rosario
Ribron,+54 341 439 5560,no,info@ribron.com,https://ribron.com/,scaffolder,Rosario
Tecnofrío,+5493416754627,si,dariomaglia54@gmail.com,https://www.tecnofrioautomotor.com/,car_repair,Rosario
Brigadier Estanislao Lopez 6383,+54 341 472-7599,no,prim6383_rosario@santafe.edu.ar,,school,Rosario
Helados de Chacras,+54 261 496 0121,no,,,ice_cream,Mendoza
Ex Comisaría Seccional N°7 - Fiscalía N°3,54 0261 4221385,no,,,police,Mendoza
Teatro Municipal Julio Quintanilla,+54 261 423 2310,no,,,theatre,Mendoza
Autocine El Cerro,+54 261 444 3173,no,,,cinema,Mendoza
Del Puente City,+54 261 429 2300,no,,,pharmacy,Mendoza
Mitre Boulevard,+54 261 382 6811,no,,,restaurant,Mendoza
Farmacia Mori,+54 261 425 0909,no,,,pharmacy,Mendoza
Colegio San Andres P-016,+54 261 425 0824,no,,,school,Mendoza
Mudanzas El Chasqui,0800 444 2427,no,info@mudanzaselchasqui.com.ar,http://www.mudanzaselchasqui.com.ar,moving,Mendoza
Agencia de Mudanzas Pulido,+54 261 445 8917,no,,,moving,Mendoza
Mudanzas Bernal,+54 261 445 4666,no,,http://www.mudanzasbernal.com,moving,Mendoza
Mudanzas Stocco (Juan Carlos e hijos),+54 261 425 3344,no,,,moving,Mendoza
Mudanzas Stocco (Vicente e hijo),+54 261 422 2272,no,info@mudanzastocco.com,http://www.mudanzastocco.com,moving,Mendoza
La Jirafa II,+54 261 428 8290,no,,,pharmacy,Mendoza
La Barca,+54 261 423 3367,no,,,restaurant,Mendoza
Vida,54 0261 4286321,no,,,pharmacy,Mendoza
Amorios,+54 261 427 5370,no,,,clothes,Mendoza
DAM,+54 261 420 3170,no,,,musical_instrument,Mendoza
La Facultad,+54 261 423 7791,no,,,pharmacy,Mendoza
Avis,+54 261 420 3178,no,mendozadt@avis.com.ar,http://www.avis.com.ar/,car_rental,Mendoza
Farmacia del Águila,+54 261 423 2391,no,,,pharmacy,Mendoza
Francesco Barbera Ristorante,+54 261 425 3912,no,administracion@francescoristorante.com.ar,http://www.francescoristorante.com.ar/,restaurant,Mendoza
Docwell,+54 261 425 0841,no,info@docwell.com.ar,http://www.docwell.com.ar/,car_rental,Mendoza
Yuma,+54 261 562 8810,no,info@yumarentacar.com,http://www.yumarentacar.com/,car_rental,Mendoza
Librería Técnica,+54 261 429 0471,no,,,books,Mendoza
Blueway,+54 261 425 3114,no,mendoza@bluewaymza.com.ar,http://www.bluewaymza.com.ar/,car_rental,Mendoza
Budget,+54 261 425 6127,no,mendoza@budget.com.ar,http://www.budget.com.ar/,car_rental,Mendoza
Alquiler autos Mdz!,+54 261 423 4148,no,mdzrentacar@gmail.com,http://mdzrentacar.com/,car_rental,Mendoza
O'Carrol,+54 261 425 6832,no,info@docwell.com.ar,http://www.ocarrol.cl/,car_rental,Mendoza
Quality Service Rental,+54 261 423 3543,no,info@qsrentalmendoza.com,http://www.qsrentalmendoza.com/,car_rental,Mendoza
Biblioteca Ricardo Tudela,+54 261 425 7279,no,museoartemoderno@tutopia.com,,library,Mendoza
Casa por la memoria y la cultura,+54 261 429-5667,no,bibliotecaycasaporlamemoria@yahoo.com.ar,,library,Mendoza
Del Puente,+54 261 420 5009,no,,http://www.delpuentefarmacias.com.ar/,pharmacy,Mendoza
Del Plata 7,+54 261 425 5461,no,,,pharmacy,Mendoza
Bute Plaza,+54 261 423 3661,no,,,restaurant,Mendoza
Almacén de la Cosmetología,+54 261 423 2243,no,,,cosmetics,Mendoza
AF - Almacén Fragancias,+54 261 423 2243,no,,,cosmetics,Mendoza
Dietética Aromata,+54 261 423 3910,no,aromatagourmet@gmail.com,,convenience,Mendoza
Mueblería Melani,+54 261 425 6739,no,,,furniture,Mendoza
Cotyfax,+54 261 429 1471,no,cotyfax@hotmail.com,,copyshop,Mendoza
Bar Banana Rana,+54 261 429 5993,no,,,bar,Mendoza
Moto Manía,+54 261 425 6892,no,,,motorcycle,Mendoza
San Martín Goma,+54 261 425 6892,no,,,hardware,Mendoza
Butter Cream,+54 261 554 4487,no,,,bakery,Mendoza
Centro de Salud N°2 Foecyt,+54 261 422 2060,no,,,hospital,Mendoza
Farmacia Mitre,+54 261 429 0101,no,,,pharmacy,Mendoza
Pueyrredon Motos Concesionario,+54 261 422 2107,no,,,motorcycle,Mendoza
Hoffman,+54 261 420 3089,no,,http://www.hoffmanmuebles.com.ar,furniture,Mendoza
Los Andes,+54 0261 42282873,no,,,bakery,Mendoza
Maxirepuestos,+54 261 422 3389,no,,,car_parts,Mendoza
Ferretería La Tachuela,+54 261 428 2543,no,,,hardware,Mendoza
Colegio S004 San José Hnos Maristas,+54 261 444 4969,no,,,school,Mendoza
Bici Motors,+54 261 452 7328,no,,http://www.bicimotorsbm.com.ar,bicycle,Mendoza
Novedades Cristy,+54 261 429 8051,no,,,toys,Mendoza
Taller Alpes Motos,+54 261 427 0862,no,,,motorcycle,Mendoza
Centro de Salud N°15,+54 261 431 1918,no,,,hospital,Mendoza
Bombal Tribunales,+54 261 424 8600,no,,,pharmacy,Mendoza
UPS Mendoza,+54 261 423-7861,no,,,post_office,Mendoza
Vidrieria Margoni,+54 261 427 0468,no,,,glaziery,Mendoza
Bicicletería Ambrosi,+54 261 425 2520,no,,https://www.ambrosibicicletas.com.ar,bicycle,Mendoza
Bicicletería Evolucion,+54 261 445 8394,no,,,bicycle,Mendoza
"Clinica de Garganta, Nariz Y Oidos",+54 261 425 5839,no,,,clinic,Mendoza
Correo Privado Servemar,+54 261 445 6278,no,,,post_office,Mendoza
Armería Rizzo,+54 261 420 4007,no,,,outdoor,Mendoza
OCA (Agencia Oficial),+54 261 429 2844,no,,,post_office,Mendoza
Instituto de Rehabilitación e Integración del Discapacitado (IRID),,no,institirid@hotmail.com,http://www.irid.com.ar,doctors,Mendoza
Ferruccio Soppelsa,+54 261 422 9000,no,,https://www.soppelsahelados.com/,ice_cream,Mendoza
"Clínica Godoy Cruz -Nariz, Garganta y Oído",54 0261 4258340,no,,,clinic,Mendoza
Del Aguila - Las Heras,+54 261 423 3713,no,,,pharmacy,Mendoza
Mendobytes,+54 261 424 2294,no,,,computer,Mendoza
Ferretería Industrial Musotto,+54 261 422 0322,no,,,hardware,Mendoza
Bicicleteria Bicicorsa,+54 261 423 7639,no,,,bicycle,Mendoza
Comisaría Seccional N°25 - Fiscalía N°8,54 0261 4495504,no,,,police,Mendoza
Ferrer Salud,+54 261 429 7755,no,,www.ferrersalud.com.ar/,dentist,Mendoza
Pérez Elisade,+54 261 423 3063,no,,www.perezelizade.com.ar,doctors,Mendoza
Farmacia Trasandina,+54 261 423 3692,no,,,pharmacy,Mendoza
Slike,+54 9 2617 70-0720,si,,,bicycle,Mendoza
Buongiorno,+54 261 429 1952,no,,,cafe,Mendoza
Farmacia Actual,+54 261 423 4805,no,,,pharmacy,Mendoza
Mundo Peugeot Repuestos,+54 261 445 3058,no,,,car_repair,Mendoza
Entre Ríos,+54 261 423 3246,no,,,pharmacy,Mendoza
SBS Libro,+54 261 425 2917,no,,,books,Mendoza
Farmacia San José,+54 261 445 3717,no,,,pharmacy,Mendoza
Arca de Noé,+54 261 425 9440,no,,,toys,Mendoza
Farmatotal,+54 261 429 1853,no,,,pharmacy,Mendoza
Casa Rossi Cuchilleria,,no,casarossi_cuchilleria@yahoo.com,http://casarossicuchilleria.blogspot.com.ar/,yes,Mendoza
Comisaría Distrital 1,+54 261 425 2489,no,,,police,Mendoza
Cielito,+54 261 423 8314,no,,,pharmacy,Mendoza
Parque,+54 261 427 1729,no,,,pharmacy,Mendoza
Italia,+54 261 428 2213,no,,,pharmacy,Mendoza
Remisse Oeste Argentino,+54 261 427 4179,no,,,taxi,Mendoza
Marchigiana,+54 261 423 0751,no,,,restaurant,Mendoza
Don Mario,+54 261 431 0810,no,,https://www.donmario.com.ar/,restaurant,Mendoza
Pastore,+54 261 425 1058,no,,,pharmacy,Mendoza
Ferretería JM,54 0261 43308302,no,,,hardware,Mendoza
PAMI - Las Heras,+54 261 437 2768,no,,http://www.pami.org.ar/,government,Mendoza
Librería Agape,+54 261 420 3966,no,,,books,Mendoza
Super Condorito,+54 261 420 2815,no,,,supermarket,Mendoza
Electro Computacion,+54 261 439 4943,no,,,computer,Mendoza
Instituto Arte F. Chopin,+54 261 424 4509,no,,,college,Mendoza
Mayorista golosinas,4225587,no,aledcastillos@hotmail.com,,stationery,Mendoza
"Panadería Valle Dulce, Hipo",+54 261 424 5774,no,,,bakery,Mendoza
Pizza Paco,+54 261 428 0551,no,,,restaurant,Mendoza
Pizza Pedro,+54 261 428 1660,no,,,food,Mendoza
Pizzas Angel,+54 261 424 3287,no,,,food,Mendoza
Sergio Lunghi,54 0261 44292662,no,,,hairdresser,Mendoza
Sol y Luna,+54 261 424 1829,no,,,kindergarten,Mendoza
Tintoreria Luxor,+54 261 428 5725,no,,,laundry,Mendoza
Tintoreria Man,+54 261 428 2086,no,,,laundry,Mendoza
Biblioteca Pública General San Martín,+54 261 423 1674,no,bibliotecapublicasanmartin@mendoza.gov.ar,https://www.mendoza.gov.ar/cultura/bpgsm/,library,Mendoza
Centro Internacional del Libro,+54 261 420 5049,no,,,books,Mendoza
Roma La Vera Pizza,+54 261 456 4630,no,,https://www.facebook.com/RomaLaVeraPizza,fast_food,Mendoza
Centro Medico San Telmo,+54 261 428 4602,no,,,clinic,Mendoza
La Taba Sandwichs,+54 261 428 2511,no,,,restaurant,Mendoza
Montecristo Muebles,+54 9 261 415 1486,si,,,furniture,Mendoza
Veterinaria Buena Pata,+54 261 427 4605,no,,,veterinary,Mendoza
Vicino Servicio Automotor,+54 261 428 3142,no,,,car_repair,Mendoza
"Instituto ""Mavor""",+54 261 424 0446,no,,,college,Mendoza
Comisaría 40 - Fiscalia 4,54 0261 4284721,no,,,police,Mendoza
Estilo Pueblo - Lomos,496-0100,no,,,fast_food,Mendoza
Hospital Veterinario Modelo,+54 261 496 4748,no,,http://www.hospitalveterinariomodelo.com/,veterinary,Mendoza
Casino Cóndor,+54 261 521 8600,no,info@winland.com.ar,,casino,Mendoza
Escuela Superior de Artes,+54 261 452 1063,no,,,school,Mendoza
Los Reyes del descanso,+54 261 429 1608,no,,https://www.losreyesdeldescanso.com.ar/,furniture,Mendoza
Muebles Platinum,+54 261 429 5634,no,,,furniture,Mendoza
Pablo Aguerre,+54 261 498 0258,no,,,paint,Mendoza
Pablo Aguerre,+54 261 427 5136,no,,,paint,Mendoza
Remar,+54 261 428 1241,no,,,social_facility,Mendoza
Jardín Maternal J-020 Amiguitos,+54 261 432 1051,no,,,kindergarten,Mendoza
Farmacia Lamadrid,+54 261 431 8753,no,,,pharmacy,Mendoza
Mori Dorrego,+54 261 432 1333,no,,,pharmacy,Mendoza
Autos,+54 261 419-3333,no,info@autogsm.com.ar,https://www.autogsm.com.ar/,car,Mendoza
Delegación Municipal - Centro Sexta,+54 261 425 1496,no,,,townhall,Mendoza
"Escuela de Arte Vocacional N5-007 ""Julian Aguirre""",+54 261 422 4280,no,,,school,Mendoza
Ton Image Estilistas,+54 261 456 4485,no,,,hairdresser,Mendoza
Casa Lara,+54 261 429 8456,no,,,books,Mendoza
Ferretería Pedemonte,+54 261 428 7454,no,,,hardware,Mendoza
Ferretería Visciglio,+54 261 427 1535,no,,,hardware,Mendoza
La Salud,+54 261 428 8038,no,,,pharmacy,Mendoza
Lavaseco EcoBombal,+54 261 424 5363,no,,,laundry,Mendoza
Librería Rayün,+54 261 424 4820,no,,,stationery,Mendoza
Veterinaria El Charito,+54 261 424 8366,no,,,veterinary,Mendoza
Colegio Pablo Besson NP27,+54 261 425 4845,no,,,school,Mendoza
Librería Ventura,+54 261 432 4980,no,,,books,Mendoza
Panificadora 4 Espigas,+54 261 435 0373,no,,,bakery,Mendoza
Tintoreria Olimpia,+54 261 420 0596,no,,,laundry,Mendoza
Escuela 3-407 Padre Jorge Contreras,+54 261 432 3640,no,,,school,Mendoza
Microcine Municipal David Eisenchlas,+54 261 449 5255,no,,,cinema,Mendoza
Mendoza Music,+54 261 423 7542,no,,,musical_instrument,Mendoza
Tea & Company,+54 261 424 7815,no,,,cafe,Mendoza
Restaurant Arabe,+54 261 496 0398,no,,,restaurant,Mendoza
Dantesco,54 0621 4598088,no,,,restaurant,Mendoza
Escuela N°4-085 Liceo Alfredo R. Bufano,+54 261 423 6447,no,,,school,Mendoza
Escuela N°4-137 Nieves del Aconcagua,+54 261 420 1432,no,,,school,Mendoza
Casa Carioca,+54 261 418 8056,no,,,hardware,Mendoza
Clínica del Niño,+54 261 425-9733,no,,,clinic,Mendoza
Instituto Superior de Educación Mendoza (ISEM),+54 261 431 2736,no,,,college,Mendoza
Libros San Pablo,+54 261 423 7384,no,,,books,Mendoza
PC-D@D,+54 261 427 0236,no,,,computer,Mendoza
Electromecánica IMAP,+54 261 428 7868,no,,,car_repair,Mendoza
Escuela 1-110 Manuel Lainez,+54 261 428 4304,no,,,school,Mendoza
Barcala,+54 261 445 6710,no,,,pharmacy,Mendoza
Biblioteca Popular Municipal Almafuerte,+54 261 449 8123,no,,,library,Mendoza
Sala de Arte Libertad,+54 261 449 8123,no,,,theatre,Mendoza
Parroquia Nuestra Señora de Lourdes,+54 261 438 1306,no,,,place_of_worship,Mendoza
Parroquia Señor del Milagro y Virgen Niña,+54 261 430 3009,no,,,place_of_worship,Mendoza
Parroquia de Santo Domingo y Santa Catalana de Siena,+54 261 425 5460,no,,,place_of_worship,Mendoza
Policía Federal Argentina - Delegación Mendoza,54 0261 02614239767,no,,,police,Mendoza
Librería Lotfi Medicina,+54 261 425 0603,no,,,books,Mendoza
Teatro Histórico Huellas,+54 261 421 5615,no,,,theatre,Mendoza
Hercomp,+54 261 424 6098,no,,,computer,Mendoza
Oxford House,+54 261 427 4355,no,,,school,Mendoza
Consulado de Chile,+54 261 425-5024,no,,,diplomatic,Mendoza
Facultad de Humanidades y Ciencias de la Educación - UCA,+54 261 425 4542,no,,,university,Mendoza
Instituto Cultural Mendoza (ICM),54 0261 4257355,no,,https://culturalmendoza.com/,college,Mendoza
Veterinaria El Charito,+54 261 439 2539,no,,,veterinary,Mendoza
Al Paso Pizza,+54 261 427 5176,no,,,fast_food,Mendoza
Centro Urologico,+54 261 429 4086,no,,,doctors,Mendoza
Clínica Odontológica OSEP,+54 261 425 2700,no,,,doctors,Mendoza
Clínica Odontológica y Ortodoncia,+54 261 434 0246,no,,,dentist,Mendoza
Estancia La Florencia,+54 261 429 1564,no,informes@elaflorencia.com.ar,www.elaflorencia.com.ar,restaurant,Mendoza
OSDE Binario,+54 261 449 1010,no,,,company,Mendoza
Sr. Vino,+54 261 424-2844,no,,,alcohol,Mendoza
Casa Perfect,+54 261 423 2719,no,,,hardware,Mendoza
Doctor Ahorro,+54 261 420 3466,no,,,pharmacy,Mendoza
Motos Modica,+54 261 420 1810,no,,,motorcycle,Mendoza
Biónica Electromedicina,+54 261 423 9060,no,bionicamza@hotmail.com,,yes,Mendoza
Comisaría 37 - Fiscalia 3,+54 261 452 3322,no,,,police,Mendoza
Escuela 1-574 Emilia M. de Armanini,+54 261 444 5665,no,,,school,Mendoza
Clinica Odontológica Necochea,+54 261 429 5494,no,,,dentist,Mendoza
Imagen Diagnostica,54 0261 4291994,no,,https://www.idiagnostica.com.ar/,clinic,Mendoza
Akuarium,+54 261 420 3397,no,,https://www.akuarium.com.ar/,pet,Mendoza
"Cónsul Honorario de la República Federal de Alemania,",+54 261 420 1077,no,mendoza@hk-diplo.de,https://buenos-aires.diplo.de/ar-de/ueber-uns/honorarkonsuln/1890016-1890016?openAccordionId=item-201348-0-panel,diplomatic,Mendoza
Consulado General de España,+54 261 425 3947,no,,,diplomatic,Mendoza
Consulado de Italia,+54 261 520 1400,no,,http://www.consmendoza.esteri.it,diplomatic,Mendoza
Consulado de Uruguay,+54 261 425 9877,no,,,diplomatic,Mendoza
Sevilla,+54 261 423 5050,no,,,pharmacy,Mendoza
Audio Shop,+54 261 424 7166,no,,www.audioshopcar.com,car_parts,Mendoza
Todo Volkswagen,+54 261 424-6814,no,,,car_repair,Mendoza
Wessels,+54 261 424 0402,no,,,car_parts,Mendoza
Escuela 2-004 Profesor Jerónimo Semorille,+54 261 431 0647,no,,,school,Mendoza
Centro Odontológico Barraquero,+54 261 424 9662,no,,,dentist,Mendoza
Istituto San Matias (ISM),+54 261 429 0080,no,,,college,Mendoza
Natal 2,+54 261 425 2030,no,,,pharmacy,Mendoza
"Facultad de Arquitectura, Urbanismo y Diseño - UM",+54 261 420 2017,no,,,university,Mendoza
Facultad de Ciencias Médicas - UM,+54 261 420 2017,no,,,university,Mendoza
Garcia Santos Libros,+54 261 429 2287,no,,,books,Mendoza
Librería Chaplin,+54 261 429 4052,no,,,books,Mendoza
Florencia Libros Especializados,+54 261 425 3624,no,,,books,Mendoza
Mi Librería,+54 261 425 8226,no,,,books,Mendoza
Petra,+54 261 423 1033,no,,,books,Mendoza
Rayuela,+54 261 429 1143,no,,,books,Mendoza
Salonia Libros,+54 261 425 6478,no,,,books,Mendoza
CEBJA 3-033 Miguel Lillo,+54 261 422 1880,no,dge3033@mendoza.edu.ar,,school,Mendoza
Escuela 1-078 Santiago del Estero,+54 261 422 1880,no,dge1078@mendoza.edu.ar,,school,Mendoza
Comisaría 27 - Fiscalía 4,+54 261 427 1708,no,,,police,Mendoza
Destacamento FOECYT,+54 261 435 2288,no,,,police,Mendoza
Escuela Latinamoericana de Medicina tradicional China,+54 261 422 3518,no,,,dojo,Mendoza
Piramide,+54 261 422 6129,no,,,books,Mendoza
Mueblería MyS,+54 261 422 2729,no,,,furniture,Mendoza
ZOE Estética Peluquería Capacitación,,no,turnoszoe@gmail.com,,hairdresser,Mendoza
Centro Integral Nefrologico,+54 261 420 3318,no,,,clinic,Mendoza
Escuela 2-005 Raquel Menéndez de Pavón (Ortofonia y Sordos),+54 261 423 9271,no,,,school,Mendoza
Tea & Company,+54 261 4961051,no,,http://teandcompany.com.ar/,cafe,Mendoza
Instituto Roberto Piazza - Mendoza,+54 261 423 5607,no,,,college,Mendoza
Ibuke Sushi,+54 261 496 4937,no,contacto@ibukisushi.com.ar,,restaurant,Mendoza
Intercultural,+54 261 429 0269,no,,https://www.intercultural.com.ar/,school,Mendoza
"Hispanium, centro de formación",+54 261 542 4316,no,,http://www.preuniversitario.hispanium.com/,college,Mendoza
L'etoile,+54 261 421 6036,no,,http://www.letoileescuela.com,school,Mendoza
ICBC,54 0261 4984999,no,,,bank,Mendoza
La Marchigiana,+54 261 439 1961,no,lamarchipalmares@marchigiana.com.ar,https://www.marchigiana.com.ar/,restaurant,Mendoza
"Instituto Superior de Enfermeria ""Enfermera Reinald Balancini""",+54 261 449 6797,no,,www.instituto-rb.com.ar,college,Mendoza
Game Over,+54 261 429 0603,no,,,computer,Mendoza
Game Over,+54 261 423 1111,no,,,computer,Mendoza
Anastasio El Pollo,+54 261 496 1481,no,,,restaurant,Mendoza
Instituto de Sanidad y Calidad Agropecuaria Mendoza,+54 261 4299015,no,iscamen@iscamen.com.ar,,government,Mendoza
Reggina Trattoria,+54 261 432 7247,no,,www.regginatrattoria.com.ar,restaurant,Mendoza
Cave Canem,+54 261 428 5393,no,,,veterinary,Mendoza
Brillat Savarin,+54 261 423 4166,no,,,bakery,Mendoza
Alas,+54 261 423 7223,no,,,pharmacy,Mendoza
Rigoletto,459-0559,no,,,restaurant,Mendoza
CENS 3-409 Chiara Lubich,+54 261 425 8059,no,,http://www.chiaralubich.edu.ar,school,Mendoza
Policonsultorios Médicos,+54 261 445 8460,no,,,doctors,Mendoza
Escuela 4-136 Jorge Luis Borges,+54 261 431 2914,no,,,school,Mendoza
Instituto Superior Del Profesorado P014,+54 261 445 3853,no,,,college,Mendoza
El Aljibe,+54 261 428 3130,no,,,garden_centre,Mendoza
Alpine Skate,+54 261 423 0168,no,,,outdoor,Mendoza
Armería Cascarano SRL,+54 261 423 0824,no,,,outdoor,Mendoza
El Puma,+54 261 425 9110,no,,,outdoor,Mendoza
Montalto Cámping,+54 261 445 0429,no,,,outdoor,Mendoza
Sur Fly Shop,+54 261 423 6093,no,,,outdoor,Mendoza
Rivamar,+54 261 428 4948,no,,,food,Mendoza
Santa Almacén,+54 261 425 5600,no,,,restaurant,Mendoza
TELEDAT,+54 9 261 4241579,si,,http://teledat.blogspot.com,electronics,Mendoza
Estilo Smash Aristides,+54 261 554-5968,no,mibarriohamburgueseria@gmail.com,,fast_food,Mendoza
Encantados Jardín Maternal,+54 261 429 2892,no,,,kindergarten,Mendoza
Chivito In Tawn Resto,+54 261 423 3676,no,,,restaurant,Mendoza
Perfumería Color's,+54 261 429 0541,no,,,cosmetics,Mendoza
Parroquia Divino Maestro,+54 261 437 1083,no,,,place_of_worship,Mendoza
Parroquia Nuestra Señora de la Misericordia,+54 261 448 9773,no,,,place_of_worship,Mendoza
Oficina Fiscal N°10,+54 261 497 2460,no,,,police,Mendoza
Todo Computación,+54 261 420 1555,no,,www.tcmza.com.ar,computer,Mendoza
Becares Nautica,+54 261 452 3392,no,,,outdoor,Mendoza
Taller Lubricentro Sergio Jesús,+54 261 428 6656,no,,,car_repair,Mendoza
ASISMED Centro de Estudios Medicos,+54 261 425 5383,no,,,doctors,Mendoza
Libros AM,54 0261 4233296,no,,,books,Mendoza
Libros Iván Miszei,+54 261 429 8675,no,,,books,Mendoza
Libros San Juan,+54 261 429 3227,no,,,books,Mendoza
Escuela N° 2-002 Pedro Nolasco Ferreyra,+54 261 420 3873,no,,,school,Mendoza
Pro Foto,+54 261 423 3810,no,,,photo,Mendoza
Farmacia Magistral,+54 261 420 2852,no,,,pharmacy,Mendoza
Dyter Clinica Ocular,+54 261 476 9008,no,,,doctors,Mendoza
Sabores Pizzas,+54 261 424-6363,no,,,fast_food,Mendoza
Arcoiris,+54 261 445 1855,no,,,paint,Mendoza
DNRPA - Registro Automotor Godoy Cruz,+54 261 422-3213,no,,https://www.pressa.com.ar/,government,Mendoza
"Colegio Esloveno de Mendoza ""Anton Martin Slomsek""",+54 261 456 4108,no,,,school,Mendoza
AutoMendoza,+54 261 420 0022,no,info@automendoza.com,https://automendoza.com/,car_rental,Mendoza
Bicimundo,+54 261 445 7249,no,,,bicycle,Mendoza
Clinica Sananes,+54 261 425 7319,no,,https://www.clinicasananes.com/,clinic,Mendoza
Belgrano,+54 261 445 7000,no,,,pharmacy,Mendoza
Hoffmann Instrumentos Musicales,+54 261 425 5549,no,,,musical_instrument,Mendoza
CCT 6-012 Rosario Vera Peñaloza,+54 261 422 3124,no,dge612@mendoza.gov.ar,,college,Mendoza
Sifer,+54 261 425 3226,no,,,stationery,Mendoza
Parroquia de San José,+54 261 431 1283,no,,,place_of_worship,Mendoza
Treiding Computacion,+54 261 420 4551,no,,,computer,Mendoza
Veterinaria Boxie,+54 261 432 5951,no,,,veterinary,Mendoza
Casa Juan Femenia,+54 261 431 3927,no,,https://www.casajuanfemenia.com.ar,hardware,Mendoza
Arnal Norte,+54 261 431 9849,no,,,car_parts,Mendoza
Buho Eventos,+54 261 422 7010,no,,,community_centre,Mendoza
Jardín Nucleado N° 0-127,+54 261 439 7891,no,,,kindergarten,Mendoza
Jardín Nucleado N° 0-127 (1-640),+54 261 440 0701,no,,,kindergarten,Mendoza
Sol Solet,+54 261 424 5052,no,,,kindergarten,Mendoza
Asociación Tiflológica Luis Braille,+54 261 425 7850,no,,,community_centre,Mendoza
Escuela Israelita Doctor Max Nordau,+54 261 429 8276,no,,,school,Mendoza
Juguetería Marilú,+54 261 425 0960,no,,,toys,Mendoza
Juguetería Piruetas,+54 261 429 4737,no,,,toys,Mendoza
Juguetería Thompson,+54 261 423 4859,no,,,toys,Mendoza
Los Candiles del Jockey,+54 261 427 2901,no,,,community_centre,Mendoza
People Bar,54 0261 4298686,no,,,restaurant,Mendoza
Club de la Milanesa,+54 261 425 9254,no,,,restaurant,Mendoza
Restaurant Lopez,+54 261 497 2406,no,,,restaurant,Mendoza
Centro de Medicina Preventiva Doctor Emilio Coni,+54 261 425 1124,no,,,clinic,Mendoza
CENS 3-458 Dr. Pedro Aníbal Castro Aubone,+54 261 437 7603,no,dge3458@mendoza.edu.ar,,school,Mendoza
Escuela 1-543 Julio Cesar Raffo de la Reta,+54 261 444 4808,no,,,school,Mendoza
Escuela 1-610 Valle de Guantata,+54 261 430 6289,no,dge1610@mendoza.edu.ar,,school,Mendoza
Escuela 1-006 Juan Jose Paso,+54 261 498 0098,no,,,school,Mendoza
Sercom Contact Center Mendoza,+54 261 412 9300,no,,https://www.sercommedia.com/,company,Mendoza
Centro de Salud N° 3 – Carrodilla,+54 261 436 1650,no,,,clinic,Mendoza
Centro de Salud 38 – Chacras de Coria,+54 261 496-0104,no,,,clinic,Mendoza
Escuela 1-419 Emaús,+54 261 422 0927,no,,,school,Mendoza
Regency Casino,+54 261 441 2732,no,casino@regencycasinos.com,http://www.regencycasinos.com/,casino,Mendoza
Instituto Tersoglio,+54 261 427 4530,no,,https://institutotersoglio.com.ar/,clinic,Mendoza
Jardín Girasoles,+54 261 438 0091,no,,https://colegioicei.edu.ar/,kindergarten,Mendoza
Full Pet's,+54 261 435 0834,no,,,pet,Mendoza
Jardín Maternal Colorines,+54 9 261 208 8804,si,,,kindergarten,Mendoza
Montecatini,+54 261 524 0635,no,,,restaurant,Mendoza
Pajaro Uno,+54 261 425 2749,no,,,pet,Mendoza
KiosKing,+5492616615393,si,,,supermarket,Mendoza
Escuela 7-001 Especial de Arte Aplicado,+54 261 422 3028,no,,,school,Mendoza
"Jardín Maternal J-030 ""Duendes del Lago""",+54 261 425 9700,no,,,kindergarten,Mendoza
Escuela Primaria 1-021 Doctor Dalmacio Vélez Sársfield,+54 261 426 2986,no,,,school,Mendoza
Escuela 1-313 Beatriz Falcitelli,+58 261 4303023,no,dge1313@mendoza.edu.ar,,school,Mendoza
Escuela 4-008 Fray Mamerto Esquiu,+54 261 430 5577,no,,,school,Mendoza
Escuela Nº 1-014 Alejandro Mathus,4511244,no,,,school,Mendoza
La Zona Tango,+5492615196027,si,zonatangomza@gmail.com,,bar,Mendoza
Capri Pizzas,+54 261 425 4245,no,,,restaurant,Mendoza
Clinica Mira,+54 261 438 0103,no,,,clinic,Mendoza
AMPROMEN,+54 261 423 7223,no,,,pharmacy,Mendoza
Argentina,54 0261 4233493,no,,,pharmacy,Mendoza
Costanera,+54 261 423 8334,no,,,pharmacy,Mendoza
Del Puente,+54 261 429-6610,no,,,pharmacy,Mendoza
Del Centro Colón,+54 261 423 8847,no,,,pharmacy,Mendoza
Mendoza Motors,+5492616340405,si,info@mendozarentamotos.com,http://www.mendozarentamotos.com,motorcycle,Mendoza
Almacén Español,+54 261 496 1741,no,,,restaurant,Mendoza
Automóvil Club Mendoza,+54 261 496 0325,no,,,community_centre,Mendoza
Club de la Milanesa,+54 261 496 5742,no,,,restaurant,Mendoza
La Flor de la Canela,+54 261 4201279,no,,,restaurant,Mendoza
Economas,+54 261 421 5000,no,,,pharmacy,Mendoza
Instituto Sagrada Familia - P72,+54 261 426 3439,no,,,school,Mendoza
Parroquia Sagrada Familia,+54 261 426 0814,no,,,place_of_worship,Mendoza
Escuela 1-421 República Oriental del Uruguay,+54 261 412 2329,no,,,school,Mendoza
Iglesia San José Obrero,+54 261 497 2203,no,,,place_of_worship,Mendoza
Instituto de Alergia e Inmunologia,4256957,no,,,doctors,Mendoza
LavaSec,+5492616419388,si,,http://www.lavasecmendoza.com.ar/,laundry,Mendoza
Swiss Medical,54 0261 4292102,no,,,company,Mendoza
Centro Médico Dorrego,54 0261 4647300,no,consultas@hespanol.com.ar,https://www.centromedicodorrego.com.ar/,clinic,Mendoza
Facundo Sebastianelli Peluqueros,+54 9 261 212 6483,si,,,hairdresser,Mendoza
Trevi,+54 261 423 3195,no,,,restaurant,Mendoza
Taipei Delivery,+54 261 457 7251,no,,http://taipeidelivery.com.ar,restaurant,Mendoza
Radio FM UTN 94.5,+54 9 261 524-4555,si,,https://www.fmutn.com.ar/,studio,Mendoza
Jardín Maternal Veo Veo,+54 261 427 1320,no,,http://www.veoveojardin.com,kindergarten,Mendoza
Instituto de Neurologia,+54 261 424 3052,no,,,doctors,Mendoza
Bröd Cafe,+54 261 425 2993,no,,,cafe,Mendoza
Bröd Panadería,+54 261 425 2993,no,,,bakery,Mendoza
Clinica Yoma,+54 261 425 9087,no,,https://clinicayoma.com/,clinic,Mendoza
"Clinica de Nariz, Grganta y Oidos",+54 261 429 5809,no,,,clinic,Mendoza
Instituto Superior Humberto de Paolis PT-091,+54 261 423 6897,no,,http://www.idp.edu.ar,school,Mendoza
Medicina de Imagenes,+54 261 423 7271,no,,,clinic,Mendoza
Estacion Palero,+54 261 427 4116,no,,,restaurant,Mendoza
Cine Tadicor,+54 261 481 5634,no,,http://www.tadicor.com/Cines.php,cinema,Mendoza
Patrona,+54 261 429 1057,no,,,restaurant,Mendoza
Pronto Caffé,+54 261 420 3422,no,,,cafe,Mendoza
Arturito Parrilla,+54 261 425 9925,no,,,restaurant,Mendoza
Colegio Santa María de los Ángeles,+54 261 421 5281,no,,,school,Mendoza
Consultorio Médico Clínico Doctor Gustavo Delgado (OSEP-PAMI),+54 261 452 5644,no,,,doctors,Mendoza
Tandil,+54 261 4447999,no,,,pharmacy,Mendoza
Archivo General de la Provincia de Mendoza,+54 261 423 0194,no,,,government,Mendoza
Cúspide,+54 261 423 8195,no,,,books,Mendoza
Gen Digital,+54 261 420 0079,no,,https://www.gendigital.com.ar/,computer,Mendoza
Paulinas Libros,+54 261 429 1307,no,,https://libreriapaulinas.com/,books,Mendoza
El Choique,4974685,no,,,fast_food,Mendoza
Amicana,+54 0261 4236367,no,,http://www.amicana.com/,school,Mendoza
Instituto de Enseñanza Superior Magíster (PT-151),+54 261 429 4713,no,,,college,Mendoza
Universidad Maza - Delegacion centro,+54 261 423 5438,no,,https://www.umaza.edu.ar/,university,Mendoza
La Carmenere resto,+54 261 524-6213,no,,,restaurant,Mendoza
Faoro Abogados,+54 9 261 6356274,si,efaoro@abogadosdemendoza.com.ar,https://www.abogadosdemendoza.com.ar/,lawyer,Mendoza
Casa de Campo eventos,+549 261 512 1104,si,,http://casadecampoeventos.com/,events_venue,Mendoza
Centro de Salud Municipal N° 1 Fuchs,+54 261 439 0640,no,,,hospital,Mendoza
Honorable Concejo Deliberante,+54 261 449 5356,no,,https://ciudaddemendoza.gov.ar/municipio/honorable-concejo-deliberante,government,Mendoza
EPC especialistas,+54 261 422 5261,no,mza_shine@hotmail.com,,car_repair,Mendoza
Suri SA,+54 261 430 5760,no,suri@suri-sa.com.ar,https://www.suri-sa.com.ar/,hardware,Mendoza
Vinoteca Viognier,4297688,no,vinotecaviognier@hotmail.com,,wine,Mendoza
ASC Librería Juridica - Contable,+54 261 423 5267,no,,,books,Mendoza
La Primera,54 9 4232152,si,,,copyshop,Mendoza
Cardiologia Infantil,+54 261 429 2266,no,,,hospital,Mendoza
Diagnosticos Imagen & Consultorios (DICON),+54 0261 4246454,no,,,doctors,Mendoza
1884 Francis Mallmann,+54 261 424 2698,no,,,restaurant,Mendoza
Cava de Cano,+54 261 498 7283,no,reservas@cavadecano.com.ar,http://www.cavadecano.com.ar,restaurant,Mendoza
Universidad siglo 21,+54 261 429 9136,no,,,school,Mendoza
Arboit,+54 261 426 2627,no,,,pharmacy,Mendoza
Chevrocar Sur Repuestos,+54 261 422 2997,no,,,car_parts,Mendoza
valen y puli,4964902,no,,,childcare,Mendoza
Farmacia Drummond,+54 261 498 6303,no,,,pharmacy,Mendoza
Pizza O'clock Gourmet,+54 261 207-5428,no,,,restaurant,Mendoza
LaveRap,+54 261 424 1208,no,,,laundry,Mendoza
Bodega Carmelo Patti,+54 261 498 1379,no,,,alcohol,Mendoza
Centro Especializado de Rehabilitación (CER),+54 261 424 3456,no,,,clinic,Mendoza
La Consola Digital,+54 261 497 0276,no,laconsolamendoza@gmail.com,http://www.laconsoladigital.com,computer,Mendoza
Pottenza Bikes,+54 261 445 2790,no,,,bicycle,Mendoza
MDZ Celulares,+54 261 610 6711,no,mdz.cel@outlook.com,,mobile_phone,Mendoza
La Casa Violeta,+54 261 428 0190,no,,,community_centre,Mendoza
Lerit Billeteras,+54 261 555 8408,no,leritbilleteras@gmail.com,https://www.leritbilleteras.com/,gift,Mendoza
Academia Cisco UTN Mendoza,+54 9 261 524-4576,si,,,college,Mendoza
Itaka Restoran,+54 261 423 9793,no,,http://www.itakahostel.com.ar,restaurant,Mendoza
Mendoza Inn,+54 261 420 2486,no,,,bicycle_rental,Mendoza
Prestigio Geriatrico,+54 261 425 7056,no,,,nursing_home,Mendoza
Cleep´s,+542615864376,no,,,yes,Mendoza
Bodega Domaine Le Billoud,+5492615182855,si,info@domainelebilloud.com,https://www.domainelebilloud.com/,beverages,Mendoza
Maipú Bikes Rental Bikes,+54 9 2614670761,si,,https://maipubikes.com.ar,bicycle_rental,Mendoza
"Vinoteca ""La Botella""",+54 9 2614670761,si,,www.vinotecalabotella.com,bar,Mendoza
Don Alonso,+54 261 423 5538,no,,,restaurant,Mendoza
Comisaría 57°,+54 261 451 4220,no,,,police,Mendoza
Farmacia del Sauce,+54 261 451 3555,no,,,pharmacy,Mendoza
Iglesia Nuestra Señora de la Merced,+54 261 451 2003,no,marcelocinque@gmail.com,,place_of_worship,Mendoza
Escuela 1-410 Andrés Ferreyra,+54 261 432 2124,no,,,school,Mendoza
Escuela 3-412 (CENS),+54 261 432 2619,no,,,college,Mendoza
Bachillerato Artístico y Musical de Mendoza (BAM),+54 261 431 9476,no,,,school,Mendoza
Escuela N°P052 Niños Cantores,+54 261 431 9476,no,,,school,Mendoza
Hotel Alojamiento La Luna,+54 261 445 7027,no,,,love_hotel,Mendoza
JQ Grafica,+54 261 683 8981,no,,,copyshop,Mendoza
Librería Andina,+54 261 304 6968,no,gmontemayor@live.com.ar,,books,Mendoza
Anamar,4370368,no,,,dry_cleaning,Mendoza
Salon de Fiestas Paihuen,+54 261 426 7722,no,,,community_centre,Mendoza
Instituto de Educacion Superior (IES) 9-008 Manuel Belgrano,+54 261 428 6173,no,,,college,Mendoza
Hospital Geriátrico Dr. Héctor Elías Gailhac,+54 261 451 1301,no,,,hospital,Mendoza
Red Vital Odontologia,+54 261 435 0610,no,,,dentist,Mendoza
Abu Criss,+54 261 424 0851,no,,,stationery,Mendoza
Arome Fiore,+54 261 424 3451,no,,,florist,Mendoza
JM Repuestos,+54 261 424 3111,no,,,motorcycle,Mendoza
Amadeus Rockeria,+54 261 429 9025,no,,,music,Mendoza
Elegant Alquiler de Trajes,+542615785157,no,gabrielfunesilluminati@hotmail.com,,clothes,Mendoza
Zona Musica,+54 9 0261 3728147,si,,,musical_instrument,Mendoza
Herrán Inyección,+54 261 453 1920,no,,,car_repair,Mendoza
DHL,+54 261 423 5581,no,,,post_office,Mendoza
Clinica del Prado,+54 261 432 4076,no,consultas@hespanol.com.ar,,clinic,Mendoza
Centro veterinario ciudad,+5492616304725,si,centroveterinariociudad@gmail.com,,veterinary,Mendoza
Parra Neumáticos,+54 261 424 9970,no,,,tyres,Mendoza
Clínica CERPOL,+54 261 424 0933,no,,,doctors,Mendoza
"La Cooperativa, Empresa Eléctrica de Godoy Cruz Ltda.",+54 261 449 4600,no,,https://www.cegc.com.ar/,outdoor,Mendoza
Caro Pepe,+54 261 425 4482,no,,,restaurant,Mendoza
EXSOLD Soldaduras del Oeste,+54 261 427 2615,no,,,tiler,Mendoza
Romano,+54 2661 421-8605,no,,,bakery,Mendoza
Rincón de López,+54 261 497 2406,no,,https://bodegaslopez.com.ar/restaurant/,restaurant,Mendoza
RTX Mecanica,+54 261 422 4146,no,rtxmecanica_@hotmail.com,,car_repair,Mendoza
ASTI HELADOS,+54 261 430 3112,no,,,cafe,Mendoza
"Asociación defensa al consumidor, protectora",+54 261 425 5181,no,,,association,Mendoza
Centro de Salud N 14 - Pedro Molina,4262151,no,,,hospital,Mendoza
Angus carnicería boutique,4631920,no,,,butcher,Mendoza
Chiqui Park Fiestas Infantiles,+54 261 431 0896,no,,,community_centre,Mendoza
Planeta Comics,+54 261 425 7081,no,,http://www.planetacomicsmza.com.ar,books,Mendoza
Matices,+54 261 423 7607,no,,,furniture,Mendoza
Parroquia Santa Cruz,+54 261 430 6710,no,,,place_of_worship,Mendoza
Vinoteca Olascoaga,+54 261 437-2536,no,,,wine,Mendoza
Del Norte,+54 261 437 3540,no,,,pharmacy,Mendoza
Delegacion Municipal El Zapallar,+54 261 430 0663,no,,,townhall,Mendoza
Farmacia Unimev,+54 261 421 4617,no,,,pharmacy,Mendoza
Parroquia Santa Bernardita,+54 261 426 4842,no,,,place_of_worship,Mendoza
Mailho Villa Nueva,+54 261 426 3307,no,,,ice_cream,Mendoza
Capilla Inmaculada Concepción,+54 261 444 6152,no,,,place_of_worship,Mendoza
Amarna Resto Árabe,+54 261 420 0364,no,,,restaurant,Mendoza
Viaje a la Luna - Tienda de cine,+54 261 423 8734,no,,,books,Mendoza
Delegacion Municipal General Gutierrez,+54 261 493 3999,no,,,townhall,Mendoza
Pelotero Picardias,+54 261 452 7539,no,,,community_centre,Mendoza
Farmacia Gil III,+54 261 493 2082,no,,,pharmacy,Mendoza
Fresh Pan,+54 261 493 2483,no,,,bakery,Mendoza
Mesura Gutierrez,+54 261 497 8787,no,,,pharmacy,Mendoza
Autoservicio EL Obrero,+54 261 497 8803,no,,,supermarket,Mendoza
Farmacia Rawson,+54 261 497 8787,no,,,pharmacy,Mendoza
Farmacia Bandera de los Andes I,+54 261 432 4438,no,,,pharmacy,Mendoza
Correo Argentino,+54 261 445 3562,no,,,post_office,Mendoza
Farmacia Don Orione,+54 261 445 7178,no,,,pharmacy,Mendoza
Magic World Eventos,+54 261 450 2423,no,,,community_centre,Mendoza
S&G Repuestos,+54 261 450 2432,no,,,car_parts,Mendoza
Doña chona,+54 261 439 1949,no,,,fast_food,Mendoza
Parroquia Nuestra Señora de la Consolata,+54 261 445 5343,no,,,place_of_worship,Mendoza
El Mundo de Vazagui Eventos Infantiles,+54 9 261 417 2157,si,,,community_centre,Mendoza
Asia Respuetos,+54 261 445 8736,no,,,car_parts,Mendoza
Clínica Santa Rosa,+54 261 441 9001,no,,,clinic,Mendoza
Farmacia Santa Mónica,+54 261 445 0640,no,,,pharmacy,Mendoza
High Bike,+54 261 445 6856,no,,,bicycle_rental,Mendoza
Alonso Neumaticos,+54 261 445 8912,no,,,tyres,Mendoza
Escuela Secundaria 4-049 Maestro Alberto Rodríguez,+54 261 426 2986,no,,,school,Mendoza
Capilla La Purísima,54 0261 4218483,no,,https://www.institutomurialdo.org/,place_of_worship,Mendoza
Instituto PS-038 Leonardo Murialdo,+54 261 426 3152,no,,https://www.institutomurialdo.org/,school,Mendoza
Farmacia Belen,+54 261 429 6777,no,,,pharmacy,Mendoza
Satelitax,+54 261 5067007,no,,https://satelitax.com.ar,security,Mendoza
El Club del Disfraz,54 0261 4243581,no,,,yes,Mendoza
Alchemie Café,+54 261 429 0599,no,,,cafe,Mendoza
Pellizzoni Repuestos,+54 261 425 2463,no,,,doityourself,Mendoza
Tucumán Drugstore,+54 261 424 7815,no,,,convenience,Mendoza
Academia Godoy Cruz,+54 261 424 7831,no,,,school,Mendoza
Laberinto - Taller artistico,+54 261 424 8885,no,,http://www.laberintocuentos.com.ar,school,Mendoza
Instituto de Ciencias Biomedicas San,+54 261 424 0314,no,,https://www.instsanagustin.com/,college,Mendoza
Colegio Monseñor Scalabrini - Nivel Inicial,+54 261 432 2768,no,,https://colegioscalabrini.edu.ar/,kindergarten,Mendoza
Colegio P-58 Monseñor Scalabrini,+54 261 432 2768,no,,https://colegioscalabrini.edu.ar/,school,Mendoza
Arcobaleno,+54 261 432 6939,no,,,stationery,Mendoza
Automotores Cabello,+54 261 432 0569,no,,,car,Mendoza
Mis Amigos,+54 261 431 4110,no,,,veterinary,Mendoza
Castillo Encantado - Eventos Infantiles,+54 261 485 5259,no,,,community_centre,Mendoza
Instituto Superior Técnico de Estudios Economicos de Cuyo,+54 261 423 2318,no,info@isteec.edu.ar,,college,Mendoza
Comercial Santilli,+54 261 421 2358,no,,,hardware,Mendoza
Farmacia Payem,+54 261 432 2360,no,,,pharmacy,Mendoza
Tartufo,+54 2614253499,no,,https://www.tartufochocolates.com.ar/,confectionery,Mendoza
GoNatacion - Marfed,+54 261 429 5477,no,,,sports,Mendoza
Centro de Integración Comunitario II - Delegación Municipal,+54 261 425 1496,no,,,townhall,Mendoza
Escuela 1-547 General Carlos E. O'Donnell,+54 261 420 1033,no,,,school,Mendoza
CEBA 3-126 Prof. Fabian Roberto Testa,+54 261 420 1033,no,,,school,Mendoza
Escuela 4-067 Dr. Osvaldo Silvio Paolo Boghi,+54 261 425 5649,no,,,school,Mendoza
Gulle Hnos- Chevrolet,54 0261 4257191,no,,http://www.gullehnos.com.ar,car_parts,Mendoza
Chevrolet,+54 261 432 2335,no,,,car_repair,Mendoza
Jardín Blue Kinder,+54 261 423 1590,no,,,kindergarten,Mendoza
Dante el elefante,+54 261 449 5104,no,,,kindergarten,Mendoza
Librería Distribuidora Peru,+54 261 429 6771,no,,,stationery,Mendoza
Believe Irish Pub,+54 261 429 5567,no,,,pub,Mendoza
Red Informatica,+54 261 425 2777,no,,,computer,Mendoza
Inst@ncopy,+54 261 423 1721,no,,,copyshop,Mendoza
ODM Informática,+54 261 470 0070,no,,https://www.odminformatica.com/,computer,Mendoza
Farmacia Salta,+54 261 425 9917,no,,,pharmacy,Mendoza
Farmacia Del Trabajo,+54 261 420 4068,no,,,pharmacy,Mendoza
Instituto Privado de Radioterapia de Cuyo,+54 261 438 0767,no,,,doctors,Mendoza
Instituto de Diagnostico y Resonancia de Mendoza,+54 261 438 1500,no,,,doctors,Mendoza
Escuela Domiciliaria 2-034 Dr. Ricardo Gutierrez,+54 261 423 9079,no,,,school,Mendoza
Foto Shop,+54 261 420 2964,no,,,photo,Mendoza
Leviatán Libros,+54 261 420 2922,no,,,books,Mendoza
Centro de Capacitación para el Trabajo (CCT) 6-015 Cecilia Grierson,+54 261 429 5527,no,,,college,Mendoza
Panadería La Catalana,+54 261 420 3066,no,,,bakery,Mendoza
Tintoreria Tahiti,+54 261 420 1110,no,,,laundry,Mendoza
Garibaldi,+54 261 423 8262,no,,,pharmacy,Mendoza
Centro de Estudios y Tratamiento de Enfermedades Urologicas (CETEU),+54 261 429 9922,no,,,clinic,Mendoza
Instituto de Enseñanza Secundaria E-21 Juan Agustin Maza,+54 261 420 3116,no,,,school,Mendoza
Clínica Montes,+54 261 425 5830,no,,,clinic,Mendoza
Zoom Bazar,4204385,no,,,gift,Mendoza
Pastas Frescas Del Jardín,+54 261 420 5162,no,,,bakery,Mendoza
Alimentos Granix,4324032,no,ventascuyo@granix.com.ar,,department_store,Mendoza
Dentomendoza,+54 261 420-3515,no,,https://dentomendoza.com.ar/,dentist,Mendoza
Adidas,+54 261 425 6960,no,,,sports,Mendoza
Nike,+54 261 425 1849,no,,,clothes,Mendoza
FarmaciaCenter,+54 261 425 4227,no,,,cosmetics,Mendoza
AMECOM,54 0261 4202671,no,,,pharmacy,Mendoza
Centro de Empleados de Comercio (CEC),+54 261 425 7013,no,,https://www.cecmendozaweb.com.ar/,community_centre,Mendoza
Castillo Color,+54 261 425 0729,no,,,photo,Mendoza
Computer 2001,54 0261 4290748,no,,,computer,Mendoza
Ceferino Fábrica de Pastas,+54 261 444-0229,no,,,pasta,Mendoza
Doña Elina Masas Artesanales,+54 261 444 8218,no,,,food,Mendoza
Herrajes Bauzá,+54 261 437 7557,no,compras@herrajesbauza.com.ar,http://herrajesbauza.com.ar/,hardware,Mendoza
Electro Urquiza,+54 261 425 8687,no,electro_urquiza@hotmail.com,https://www.maselectrourquiza.com/,electrical,Mendoza
348 Spazio,+54 261 425 2361,no,,https://www.facebook.com/348Club.Zpazio,bar,Mendoza
GYR&S Bar de Tapas,+54 261 435 0825,no,,,convenience,Mendoza
Liceo Profesional Laprida,+54 261 429 6338,no,,http://www.lplvirtual.com.ar/,college,Mendoza
ADEN Business School,+54 261 423 3300,no,,https://www.aden.org/,college,Mendoza
Jardín Maternal Caritas Dulces,+54 0261 4494010,no,,,kindergarten,Mendoza
Bodega Lagarde,+54 261 498 5507,no,,https://www.lagarde.com.ar/,alcohol,Mendoza
Bodega Calle,+54 261 498 5507,no,,,alcohol,Mendoza
Instituto Superior de Formación Docente PT-042 Santa María Goretti,+54 261 498 0504,no,,,school,Mendoza
"Almacén ""Doña Angelica""",+54 261 422-8071,no,,,supermarket,Mendoza
Sofia,+54 261 429 9836,no,,,cafe,Mendoza
Bodega Centenario,+54 261 431 4761,no,,www.bodegacentenario.com.ar,winery,Mendoza
Facultad de Ciencias Económicas y Jurídicas - UCA,+54 261 425 4542,no,,,university,Mendoza
Universidad de Mendoza - Rectorado,+54 261 420 2017,no,,https://um.edu.ar/,university,Mendoza
Facultad Relaciones Internacionales - UM,+54 261 420 2017,no,,,university,Mendoza
Facultad de Ciencias de la Salud - UM,+54 261 420 2017,no,,,university,Mendoza
Facultad de Ingenieria - UM,+54 261 420 2017,no,,,university,Mendoza
Facultad de Ciencias Juridicas y Sociales - UM,+54 261 420 2017,no,,,university,Mendoza
Cordillera,+54 261 425 2014,no,,www.cordillerarentacar.com.ar,car_rental,Mendoza
Lunita Regalos,+54 261 422 6594,no,,,stationery,Mendoza
Amano Sanatorio Privado,+54 261 442 9950,no,,,clinic,Mendoza
Sitrack.com Argentina S.A.,,no,clientes@sitrack.com,https://www.sitrack.com,company,Mendoza
We Are Chiringuito,+54 261 390 9125,no,,,bar,Mendoza
Sala Cultural Malvinas Argentinas,+54 261 412 9687,no,,,arts_centre,Mendoza
Parroquia San Miguel Arcángel,+54 261 430 7916,no,,,place_of_worship,Mendoza
Farmacia Burgos,+54 261 448 1866,no,,,pharmacy,Mendoza
Repuestos Calloni,+54 261 447 0026,no,,,car_parts,Mendoza
Ferretería Cona,+54 261 448 8174,no,,,hardware,Mendoza
Escuela 4-149 Carlos Varas Gazari,+54 261 420 5296,no,,,school,Mendoza
CENS 3-405,+54 261 425 1416,no,,,college,Mendoza
Neumáticos Recasur,4315981,no,,,tyres,Mendoza
Farmacia Muria,+54 261 431 1449,no,,,pharmacy,Mendoza
Pizzeria y rotiseria Los Moran,+54 261 541 7559,no,,,restaurant,Mendoza
Centro Educativo Franciscano San Buenaventura,+54 261 425 4542,no,,,school,Mendoza
ELECTRO INBOME,+54 261 445 7408,no,,,electronics,Mendoza
Latin Express,+54 261 423 8949,no,,,company,Mendoza
Colegio Nadino P-039,+54 261 425 0331,no,,,school,Mendoza
Centro de Capacitación para Trabajo 6-018 Leonor Lemos,+54 261 423 1350,no,,,school,Mendoza
Instituto Medico Magna Salud,+54 261 429 4477,no,,,doctors,Mendoza
Rodamientos Cuyo SRL,+54 261 425 1521,no,,https://www.rodamientoscuyo.com/,car_parts,Mendoza
Café Martínez,+54 261 423-9939,no,cmmendozamall@cafemartinez.com.ar,https://www.cafemartinez.com/,cafe,Mendoza
Café Martínez,+54 261 680-2294,no,mendoza@cafemartinez.com.ar,https://www.cafemartinez.com/,cafe,Mendoza
Vineria Pepe Botella,+54 261 423 9272,no,,,alcohol,Mendoza
Farmacia Santa Elena,+54 261 445 6368,no,,,pharmacy,Mendoza
Vacunatorio CIPPI,4239051,no,,https://www.cippivacunatorio.org.ar/,clinic,Mendoza
Centro Medico Villa Nueva,+54 261 421 9033,no,,,doctors,Mendoza
Juzgado de Paz Villa Nueva,+54 261 421 6234,no,,,courthouse,Mendoza
Comisaría 9 - Oficina Fiscal 9,+54 261 421 5727,no,,,police,Mendoza
Farmacia Ayelen,+54 261 426 0684,no,,,pharmacy,Mendoza
Farmacia Stocco II,+54 261 426 1601,no,,,pharmacy,Mendoza
Palacio de la mascota,+54 261 421-7612,no,,,pet,Mendoza
Escuela 1-471 Tito O. Laciar,+54 261 421 2276,no,,,school,Mendoza
Cubo Mágico,+54 261 426 8175,no,,,community_centre,Mendoza
Bulonera Avellaneda,+54 261 426 9291,no,,,hardware,Mendoza
Nihuil,+54 261 426 3494,no,,,pharmacy,Mendoza
Suni,+54 261 426 0664,no,,,hardware,Mendoza
Doña Tela,+54 261 423 3834,no,,,fabric,Mendoza
Instituto de Reumatología,+54 261 425 7028,no,,,doctors,Mendoza
Optica la pirámide,+54 261 429 9000,no,,,optician,Mendoza
Farmacia La Piramide,+54 261 425 7647,no,,,pharmacy,Mendoza
Club Sirio de Mendoza,+54 261 425 7333,no,,,community_centre,Mendoza
La tijera,+54 261 423 4168,no,,,fabric,Mendoza
Teatro Selectro,+54 261 424 6972,no,hola@teatroselectro.com.ar,https://teatroselectro.com.ar/,theatre,Mendoza
Aramendi,+54 261 434 0052,no,,,travel_agency,Mendoza
Moutain Sport,+54 261 429 7744,no,,,outdoor,Mendoza
Ferretería Los Chelos,+54 261 693 1741,no,,,hardware,Mendoza
Ocular Centro Oftalmología,+54 261 348 5212,no,,,doctors,Mendoza
Andesmar Turismo,+54 261 405 0800,no,,,travel_agency,Mendoza
Ferretería Mitre,+54 261 445 5160,no,,,hardware,Mendoza
Farmacia Santa Ana,+54 261 445 1092,no,,,pharmacy,Mendoza
Andesmar Bus,+54 261 420 4547,no,,,ticket,Mendoza
Andesmar Turismo,+54 261 420 4547,no,,,travel_agency,Mendoza
Farmacia Gil,+54 261 429 2719,no,,,pharmacy,Mendoza
Union Personal Civil de la Nacion (UPCN) - Mendoza,+54 261 423 1678,no,,,community_centre,Mendoza
Centro Medico Montecaseros,+54 261 420 0247,no,,,doctors,Mendoza
Jardín Maternal Aserrin Aserran,+54 261 438 0327,no,,,kindergarten,Mendoza
Uniformes Aconcagua,+54 261 423 0084,no,,http://www.uniformesaconcagua.com/,clothes,Mendoza
Andys toys,+54 261 423 1204,no,,,toys,Mendoza
Cuarto Intermedio,+54 261 429 7300,no,,,restaurant,Mendoza
Jardín Maternal Sapo Giuseppe,+54 261 424 0554,no,,,kindergarten,Mendoza
Colegio Nuestra Señora de la Misericordia,+54 261 429 1512,no,,,school,Mendoza
Pinturería Prestigio,+54 261 429 1517,no,,,paint,Mendoza
Seguro San Cristobal,+54 261 520 9400,no,,,insurance,Mendoza
Clínica de Cuyo - Consultorios Externos,+54 261 464 1100,no,,https://www.clinicadecuyosa.com.ar/,hospital,Mendoza
Secretaria Electoral Mendoza,+54 261 425 0507,no,,,courthouse,Mendoza
Instituto del Corazón,+54 261 423 6656,no,,,hospital,Mendoza
"Instituto de Docencia, Investigación y Capacitación Laboral de la Sanidad PT-172",+54 261 424 8520,no,,,college,Mendoza
Cerrajeria,+54 261 420 3520,no,,,locksmith,Mendoza
"Escuela 1-243 ""Lucio Cicchitti""",+54 261 431 1556,no,,,school,Mendoza
CEBA 3-216,,no,ceba3.216@gmail.com,,school,Mendoza
Puliafito,+54 261 431 0100,no,,,car_parts,Mendoza
Ferretería El trébol,+54 261 450 2830,no,,,hardware,Mendoza
Farmacia Nova Salud,+54 261 445 2568,no,,,pharmacy,Mendoza
Farmacia Del Barrio,+54 261 445 5201,no,,,pharmacy,Mendoza
Farmacia Los Ceibos,+54 261 445 1761,no,,,pharmacy,Mendoza
Farmacia Don Bosco,+54 261 445 0919,no,,,pharmacy,Mendoza
Escuela 1-514 Bautista Grosso,+54 261 426 2125,no,,,school,Mendoza
Bicicletería Centro del Ciclismo,+54 261 380 7366,no,,https://www.CentrodelCiclismo.com.ar,bicycle,Mendoza
Colegio Corazón de María,+54 261 425 1388,no,,,school,Mendoza
Biblioteca Pública de Maipu,+54 261 481 3724,no,,,library,Mendoza
CATA Turismo,+54 261 425 1750,no,,,travel_agency,Mendoza
Turismo Uspallata,+54 261 438 1092,no,,,travel_agency,Mendoza
Bicicleteria El Sapito,+54 261 425 7891,no,,,bicycle,Mendoza
Hotel Le Prive,+54 261 4215318,no,,http://www.leprivehotel.com/,love_hotel,Mendoza
Centro Integral Provincial de Atención de Urgencias del Adolescente (CIPAU),+54 261 421 8450,no,,,government,Mendoza
Librería Pública Gildo D'Accurzio,+54 261 449 5846,no,,,library,Mendoza
Órgano Administrativo Local (OAL) - Guaymallén,+54 261 421 2948,no,spdguaymallen@mendoza.gov.ar,,government,Mendoza
Centro de Salud No 10,+54 261 431 1567,no,,,doctors,Mendoza
Dental Salud,+54 261 445 2909,no,,,dentist,Mendoza
Godoil Repuestos Multimarcas,+54 261 445 4466,no,,,car_parts,Mendoza
Colegio Clave de Sol PS-161,+54 261 445 5009,no,,,school,Mendoza
El Mago,+54 261 425 7165,no,,,electronics,Mendoza
Librería Lara,+54 261 429 8456,no,,,books,Mendoza
Optica Mendoza,+54 261 420 5107,no,,,optician,Mendoza
Casa de Medias,+54 261 423 0991,no,,,clothes,Mendoza
Casa de Medias,+54 261 429 0241,no,,,clothes,Mendoza
Artemania Libros,,no,artemanialibros@gmail.com,,copyshop,Mendoza
Servicio de instalación eléctrica y sistema de seguridad,+54 261 692-1293,no,m.alejandro755@gmail.com,,electronics,Mendoza
Shelby,+54 261 230-7785,no,,,cafe,Mendoza
Farmacia Nueva Pellegrini,+54 261 444 6008,no,,,pharmacy,Mendoza
COMERCIAL ELECTRONICA/COMETRONICA,+54 261 383 7093,no,comercialelectronicasrl@gmail.com,,electronics_repair,Mendoza
Lavaseco España,+54 261 430 3336,no,,,laundry,Mendoza
Atomo,+54 261 430 7541,no,,,supermarket,Mendoza
Lomoro,+54 261 445 1269,no,,,ice_cream,Mendoza
Escuela 7-017,+54 261 431 0647,no,,,school,Mendoza
Taller Motos Quiroz,+54 261 431 9195,no,,,motorcycle,Mendoza
Computacion PC Era Bits,+54 261 431 0554,no,,,computer,Mendoza
Clinica Veterinaria San Jose,+54 261 431 5220,no,,,veterinary,Mendoza
Ferretería America,+54 261 431 3074,no,,,hardware,Mendoza
Farmacia Cobos,+54 261 431 2409,no,,,pharmacy,Mendoza
MyM,+54 261 438 0380,no,,,lighting,Mendoza
Mumbai Masala,+54 261 566 9451,no,,https://mumbaimasala.com.ar,restaurant,Mendoza
Dante Soppelsa,+54 261 438 0843,no,,,ice_cream,Mendoza
Librería Imperial,+54 9 261 617 3092,si,,,books,Mendoza
El Refugio,+54 261 423-5615,no,,,outdoor,Mendoza
Inka Expediciones — Aconcagua Specialists,+54 261 425-0871,no,,https://inka.com.ar,travel_agency,Mendoza
AMG — Aconcagua Mountain Guides,+54 9 261 302 2436,si,info@aconcaguamg.com,https://aconcaguamountainguides.com,travel_agency,Mendoza
23 Rios Craftbeer,+54 9 261 526 1046,si,,www.23rios.com,bar,Mendoza
CAPS 1 Barrio San Martín,+54 261 4444792,no,caps001@mendoza.gov.ar,,clinic,Mendoza
Instituto Maipú de Educación Integral (IMEI),+54 261 497 2520,no,,,school,Mendoza
Farmacia Ozamis,+54 261 497 2054,no,,,pharmacy,Mendoza
Vinos con historia,+54 261 481 2769,no,,,alcohol,Mendoza
Centro Emisor Licencias de Conducir Maipú,+54 261 497 6989,no,licencias@maipu.gob.ar,,government,Mendoza
Diesel Campillay,+54 261 4320610,no,,http://dieselcampillay.com/,car_repair,Mendoza
Sanitario Rio Plomo,+54 261 425 1600,no,,,doityourself,Mendoza
"Centro de Capacitación para el Trabajo (CCT) 6-034 ""Enriqueta Delgado de Videla""",+54 261 429 3473,no,,,college,Mendoza
Ibaceta Hogar,+54 261 425 2459,no,,https://www.rribaceta.com.ar/,electronics,Mendoza
Colegio Andino,+54 261 420 5148,no,,,school,Mendoza
Centro Psicoeducativo Intensivo (CPeI),+54 261 425 3774,no,cpeimza@yahoo.com.ar,,doctors,Mendoza
Silvestre Cuadros,+54 261 425 6979,no,,,frame,Mendoza
Multijuegos,+54 261 425 1612,no,,,toys,Mendoza
Club Cell,+54 9 261 340 7075,si,,,mobile_phone,Mendoza
Pierobon Rental Sky,+54 261 425 6719,no,,,outdoor,Mendoza
Optica Romero,+54 261 425 1796,no,,,optician,Mendoza
Centrovisión Clínica Oftalmológica,+54 261 4232020,no,info@centrovision-mza.com.ar,https://centrovision.com.ar/,clinic,Mendoza
Estudio Jurídico BORA,+54 261 509 9780,no,jaquelinabora@gmail.com,,lawyer,Mendoza
REGISTRO CIVIL El Bermejo,+54 261 451 1245,no,,,government,Mendoza
Angeliko,+542613069450,no,,,bar,Mendoza
Dirección de Desarrollo Económico,+542614977437,no,,https://maipu.gob.ar/,government,Mendoza
Castro Distribuidora,+542617170710,no,,https://www.castrodistribuidora.com.ar/,wholesale,Mendoza
Andesgaucho,+542616261083,no,,,caterer,Mendoza
Cake Shop,+542616221202,no,,,cafe,Mendoza
Chilo's Garage,+542616679299,no,,,car_repair,Mendoza
Video Seguridad Digital,+54 261 607 7381,no,,http://nochemendoza.hol.es/,supermarket,Mendoza
Megamecánica,+54 261 431 9114,no,,,car_repair,Mendoza
Servi Auto,+5492616624248,si,,,car_repair,Mendoza
Gelt Deco,+54 261 710 3932,no,,https://www.geltdeco.com/,interior_decoration,Mendoza
"Appiolaza, Servicios del Automotor SRL",+542614320616,no,,https://appiolaza.com/,car_repair,Mendoza
Comisaria 36,+54 261 447 0305,no,,,police,Mendoza
Ferreteria Forja,+54 261 437 3627,no,,,hardware,Mendoza
Estudio Jurídico Dr. Fabricio Fernandez,+54 261 468 5160,no,,https://www.fernandezfabricio.com/,lawyer,Mendoza
Escuela 4-112 Profesor Antonio Douglas Gurgui,+54 261 412 2329,no,,,school,Mendoza
Jardin de Infantes 0-011 Suyay,+54 261 412 2329,no,,,kindergarten,Mendoza
Escuela 4-219 Eliana Molinelli,,no,dge4219@mendoza.edu.ar,,school,Mendoza
GuardaTODO Mendoza,+54 9 261 2438787,si,,,storage_rental,Mendoza
Johnny's Pizza,+5492616117294,si,,,fast_food,Mendoza
Erina Estilista,+5492615659717,si,,,hairdresser,Mendoza
Malvinas Argentinas,+54 9 261 384-2950,si,,,bakery,Mendoza
Boutique del Vintage,+542613828082,no,,,clothes,Mendoza
Las Nanis Vintage,+54 261 382 8082,no,,,clothes,Mendoza
FerreterIa Acis,+54 261 497 2230,no,,,hardware,Mendoza
Escuela 1-624 Fray Luis Beltran,,no,dge1620@mendoza.edu.ar,,school,Mendoza
Escuela 1-620 Cnel Pedro Regalado de la Plaza,,no,dge1620@mendoza.edu.ar,,school,Mendoza
PEREYRA GARCÍA PROPIEDADES,+54 26 1660 6060,no,infopereyragarcia@gmail.com,https://pereyragarcia.ar/,estate_agent,Mendoza
Winethic Soluciones Legales,+54 261 541 4145,no,winethic@gmail.com,https://winethic.com.ar/,company,Mendoza
Nexonet,+54 92 6159 46354,si,daniel@nexonet.com.ar,,company,Mendoza
Instituto San Vicente Ferrer,+54 261 4222200,no,,,school,Mendoza
Bicicleteria La Jungla,+54 9 261 242 2177,si,,,bicycle,Mendoza
Bicicleteria OK Riders,+54 9 261 325 2018,si,,,bicycle,Mendoza
Bicicleteria Bici A Punto,+54 9 261 272 8218,si,,,bicycle,Mendoza
Bicicletería Las Heras Bikes,54 9 0261 6174422,si,,,bicycle,Mendoza
Bicicletería Chila Taller,54 9 0261 7230155,si,,,bicycle,Mendoza
Bicicletería Ciclismo Total,+54 261 437 6705,no,,,bicycle,Mendoza
Bicicletería enBICIate,54 9 0261 5711660,si,,,bicycle,Mendoza
Bicicleteria JWH Bike,+54 9 261 686 3735,si,,,bicycle,Mendoza
Bicicleteria El Gauchito,+54 261 437 7786,no,,,bicycle,Mendoza
Bicicletería Todociclismo,+54 9 261 708 8359,si,,https://www.Todociclismo.com.ar,bicycle,Mendoza
Clínica Santa María - PAMI,+54 261 425 5830,no,,,clinic,Mendoza
Jazba Café,+542612518547,no,jazba809@gmail.com,,restaurant,Mendoza
Gomeria Neumaticos del Oeste,+54 261 430 1132,no,,,car_repair,Mendoza
Floreria Cuyo,+54 261 430 7733,no,,,florist,Mendoza
Ferreteria Dolonguevich,54 0261 0261 4230056,no,,,hardware,Mendoza
Vineria Código Vinario,+54 261 238 7627,no,,,alcohol,Mendoza
Gomeria Rinaldo,+54 261 437 1153,no,,,car_repair,Mendoza
Ferreteria Buloneria Idemi,+54 261 430 1617,no,,,hardware,Mendoza
Autobahn Repuestos,+54 261 430 6057,no,,,car_parts,Mendoza
Repuestos HEGO,+54 9 261 503 0412,si,,,car_parts,Mendoza
Neumaticos Prolube,+54 261 447 0026,no,,,car_repair,Mendoza
Remax Excelencia,+54 261 4233449,no,excelencia@remax.com.ar,https://Remax.com.ar/excelencia,estate_agent,Mendoza
Eidos,+5492612566507,si,dt_eidos@outlook.com,https://eidos-ingenieria-civil-sas.jimdosite.com/,architect,Mendoza
La Estacion,+54 261 423 2467,no,,,pharmacy,Mendoza
Rancho Ski Rental,+54 261 429 0476,no,,,outdoor,Mendoza
El Tiroles,+54 261 438 1115,no,,,outdoor,Mendoza
Silvi relojes,+54 261 425 4029,no,,,watches,Mendoza
NG Materiales Electricos,+54 261 430 9013,no,,,electrical,Mendoza
Autopartes Pazzaglia,+54 261 430 1175,no,,,car_parts,Mendoza
Farmacia Olascoaga,+54 261 429 4422,no,,,pharmacy,Mendoza
Bevilacqua Ferreteria Industrial y Buloneria,+54 261 344 8223,no,,,hardware,Mendoza
Carolino Cocina,+5492613333518,si,,http://carolinococina.ar/,restaurant,Mendoza
Estancia La Pasión,+54 261 669 4496,no,,,restaurant,Mendoza
Magnolia Restò,+54 261 420 0005,no,,https://magnoliaresto.com/,restaurant,Mendoza
Centauro,+54 9 261 206 6255,si,,https://centaurorestaurant.com/,restaurant,Mendoza
La Kafra,+5492615146567,si,,,cafe,Mendoza
Ferreteria Gas Refrigueracion Arturo,+54 261 430 8210,no,,,hardware,Mendoza
Servicio Nacional de Sanidad y Calidad Agroalimentaria (SENASA),54 0261 4231162,no,,https://www.senasa.gob.ar/,government,Mendoza
Red Globe Tours,+54 926 1656 6566,si,reservas@redglobetours.com,https://redglobetours.com/es/,guide,Mendoza
MDZ Rent a Car - Alquiler de Autos en Mendoza,+549 261 230-6787,si,,https://www.mdzrentacar.com/,car_rental,Mendoza
El rey de la bicisenda,+54 9 2617 55-5002,si,,,bicycle,Mendoza
Hipermercado Carrefour,+54 261 405 7200,no,,,supermarket,Mendoza
"Escuela 1-275 ""José Manuel Estrada""",+54 261 445 0014,no,,,school,Mendoza
Escuela 1-120 José Rudecindo Ponce,+54 261 445 3705,no,,,school,Mendoza
Escuela Técnica No 4-118 San José,4454727,no,,,school,Mendoza
Comisaría 31,+54 261 445 2097,no,,,police,Mendoza
Vea,+54 261 445 0671,no,,,supermarket,Mendoza
Escuela 1-015 Manuel Emiliano Sayanca,+54 261 445 4908,no,,,school,Mendoza
Escuela 1-385 Guillermo Cano,+54 261 445 4654,no,,,school,Mendoza
Escuela 4-133 Abelardo Vazquez,+54 261 445 6807,no,,,school,Mendoza
"Hospital Pediátrico ""Doctor Humberto Notti""",+54 261 445 2982,no,,http://www.hospinotti.mendoza.gov.ar/,hospital,Mendoza
Universidad Nacional de Cuyo - Facultad de Ciencias Agrarias,+54 261 413 5010,no,,,university,Mendoza
"Escuela N° 4-020 ""Ingeniero Gabriel del Mazo"" (EGB)",+54 261 452 0288,no,,,school,Mendoza
Escuela 4-030 Profesor Ángel Cervera,54 0261 4271375,no,,,school,Mendoza
Aduana de Mendoza,+54 261 423 6162,no,adumendo@afip1.gov.ar,,government,Mendoza
Hospital Luis C. Lagomaggiore,+54 261 413 4600,no,,http://www.hospitallagomaggiore.com/,hospital,Mendoza
Banco Nación,+54 261 498 0118,no,,http://www.bna.com.ar/,bank,Mendoza
Centro de Salud Nº 31 - David Busana,+54 261 498 0709,no,,,clinic,Mendoza
Escuela 1-609 Perito Francisco Moreno,+54 261 498-3128,no,,,school,Mendoza
Centro Regional de Hemoterapia,54 0261 4492902,no,pphemoterapia@mendoza.gov.ar,https://www.crhmendoza.com.ar/,hospital,Mendoza
Colegio P084 - Valentín Bonetti,+54 261 427 0651,no,,,school,Mendoza
Colegio Nuestra Señora de Pompeya,+54 261 427 0651,no,,,school,Mendoza
Palmares Open Mall,+54 261 413-9100,no,,https://palmares.com.ar/,mall,Mendoza
Teatro Independencia,+54 261 438 0644,no,,,theatre,Mendoza
Hospital Jose N. Lencinas - Godoy Cruz,+54 0261 4272600,no,hosp-lencinas@mendoza.gov.ar,,hospital,Mendoza
Escuela 4-072 Federico García Lorca,+54 261 428 5844,no,,,school,Mendoza
Escuela 1-628 Leonardo Da Vinci,+54 261 427 2267,no,,,school,Mendoza
Ecoparque Mendoza,+54 261 444 4411,no,zoomendoza@yahoo.com.ar,,animal_shelter,Mendoza
Casino de Mendoza,+54 261 424-1616,no,,https://www.casinomendoza.com/,casino,Mendoza
Colegio San Luis Gonzaga,+54 261 429-6518,no,,https://www.colegiosanluisgonzaga.edu.ar/,school,Mendoza
Sur France,+54 261 424-0400,no,,http://www.surfrance.com.ar/,car,Mendoza
Nave Cultural,+54 261 449 5288,no,,http://www.ciudaddemendoza.gov.ar/municipio/areas/intendencia/area-cultura/nave-cultural,arts_centre,Mendoza
Parroquia Nuestra Señora de Luján de Cuyo,+54 261 498 0309,no,info@parroquiadelujan.com.ar,,place_of_worship,Mendoza
Escuela 4-083 Agustín Alvarez,+540261 423-9426,no,,,school,Mendoza
Colegio Universitario Central “General José de San Martín”,+54 261 424-7931,no,,http://cuc.uncuyo.edu.ar/,school,Mendoza
Escuela 1-617 San Gabriel,+54 261 422 1309,no,,,school,Mendoza
Escuela 1-712 Maestro Jesús de Nazaret,+54 261 435 0850,no,,,school,Mendoza
Biblioteca Central “Dr. Arturo Andrés Roig”,+54 0261 4135216,no,,https://bdigital.uncu.edu.ar/,library,Mendoza
"Escuela N°1-485 ""Avelino Maure""",+54 261 424 4119,no,,,school,Mendoza
Hospital Español,+54 261 449 0300,no,,,hospital,Mendoza
Universidad de Congreso,+54 261 423 0630,no,,https://www.ucongreso.edu.ar/,university,Mendoza
Administración de Parques y Zoo,+54 261 420 5052,no,,http://www.parques.mendoza.gov.ar/,government,Mendoza
Autoferia Lorenzo,+54 261 424 0306,no,,,car,Mendoza
Vea,+54 261 426 2735,no,,,supermarket,Mendoza
Escuela 1-520 Maria Celsa Basaure de Martínez,+54 261 413 5000,no,,,school,Mendoza
Casino Arena Maipú,+54 261 481 9800,no,,https://www.arenamaipu.com/casino.html,casino,Mendoza
Vea,54 0261 4972218,no,,,supermarket,Mendoza
Escuela 1-109 Juan Martínez de Rozas,+54 261 424 2205,no,,,school,Mendoza
Destacamento Benegas,+54 261 439 0559,no,,,police,Mendoza
Escuela 1-005 Leandro N. Alem,+54 261 431 1560,no,,,school,Mendoza
Love Motel,+54 261 432 6784,no,,,love_hotel,Mendoza
Escuela 1-407 Jorge A. Calle,+54 261 431 0243,no,,,school,Mendoza
Clínica Santa Clara,+54 261 449 6765,no,,https://www.redsantaclara.com.ar/,hospital,Mendoza
ATM - Sede Central,+54 261 251 6385,no,,https://atm.mendoza.gov.ar/,government,Mendoza
Iglesia de la Alameda,+54 261 425 1182,no,contacto@primeramendoza.com.ar,http://www.primeramendoza.com.ar,place_of_worship,Mendoza
Universidad de Mendoza,+54 261 420 2017,no,,https://um.edu.ar/,university,Mendoza
Escuela 1-698 Provincia de Mendoza,+54 261 422 6007,no,dge1698@gmail.com,,school,Mendoza
Bodegas López,+54 261 497 2406,no,,https://bodegaslopez.com.ar/,winery,Mendoza
Escuela N°4-154 Doctor Salvador Mazza,+54 261 431 9271,no,,,school,Mendoza
Escuela N°1-665 Padre Juan Pastor,+54 261 431 5125,no,,,school,Mendoza
Instituto Provincial de Vivienda (IPV),+54 261 449 9600,no,,http://www.ipvmendoza.com.ar/,government,Mendoza
La Barraca Mall,+54 261 459 8019,no,,https://www.labarracamall.com/,mall,Mendoza
Arte y Diseño Mónica Bandeira,3984151,no,,,arts_centre,Mendoza
Alepo Motors,+54 261 424 9826,no,,https://www.mundomagicomza.com.ar/,car,Mendoza
Instituto Cuyano de Educacion Integral (ICEI),+54 261 438 0091,no,,https://colegioicei.edu.ar/,school,Mendoza
Comisaría 47 Carrodilla,+54 261 436 1537,no,,,police,Mendoza
Escuela 1-072 Doctor Roque Saenz Pena,+54 261 439 2283,no,dge1072@mendoza.edu.ar,,school,Mendoza
Sociedad Española de Socorros Mutuos,+54 261 415 6888,no,,,hospital,Mendoza
Escuela 1-144 Hipólito Yrigoyen,+54 261 430 5681,no,,,school,Mendoza
Escuela 4-139 Ernesto Sábato,+54 261 424 7171,no,dge4139@mendoza.edu.ar,,school,Mendoza
Parroquia San Agustín,+54 261 424 1171,no,,,place_of_worship,Mendoza
Escuela Italiana (EGB),54 0261 4257613 / 4254811,no,,https://www.laitaliana.edu.ar/,school,Mendoza
Hospital Ministro Doctor Ramón Carrillo,+54 261 430 8666,no,,,hospital,Mendoza
Escuela 1-672 Renato Della Santa,+54 261 4395081,no,,,school,Mendoza
Escuela 4-052 Juan Draghi Lucero,+54 261 439 5034,no,,,school,Mendoza
Destacamento Cabo A. Cuello,+54 261 439 1020,no,,,police,Mendoza
Colegio Integral del Huerto P-037,+54 261 439 3538,no,,,school,Mendoza
Escuela Técnica Ecológica Ambientalista (ETEA) PS-119,+54 261 439 3073,no,,,school,Mendoza
Escuela Rieles Argentinos,+54 261 497 8080,no,,,school,Mendoza
Instituto Compañía de María,+54 9 261 4254636,si,,,school,Mendoza
Galeno,+54 261 441 7120,no,,https://www.e-galeno.com.ar,company,Mendoza
Escuela N° 9-002 Tomás Godoy Cruz,+54 261 429 6405,no,,,school,Mendoza
Escuela Italiana,54 0261 4257613 / 4254811,no,,https://www.laitaliana.edu.ar/,school,Mendoza
Auto Shop,+54 261 405 3000,no,,,car_parts,Mendoza
Repuestos Auto,+54 261 427 1121,no,,,car_repair,Mendoza
Escuela 1-573 Basilia Velazco de Robert,+54 261 444 8555,no,,,school,Mendoza
Escuela de Educación Técnica (E.E.T.) 4-029 General José de San Martín,+54 261 444 4833,no,,,school,Mendoza
Comisaría 50 - Fiscalia 4,+54 261 428 4721,no,,,police,Mendoza
Escuela 4-068 Profesor Atilio Anastasi,+54 261 439 4059,no,,,school,Mendoza
Universidad Católica Argentina (UCA),+54 261 425 4542,no,,https://www.uca.edu.ar/,university,Mendoza
"Escuela -356 ""Dr. Victoriano Montes""",+54 261 452 0300,no,,,school,Mendoza
"Escuela 4-162 ""Maestro Alfredo Bravo""",+54 261 452 4732,no,,,school,Mendoza
Colegio Alberto Schweitzer,+54 261 431 3386,no,,,school,Mendoza
Isla Mágica,+54 261 435 0341,no,,,community_centre,Mendoza
Escuela Artística 5-014 Maestro Florentino Olivan,+54 261 448 8850,no,,,school,Mendoza
Escuela 4-023 Molinero Andres Tejeda,+54 261 430 4092,no,,,school,Mendoza
Escuela Nº 4-111 Ingeniero Pablo Nogués,+54 261 424 8077,no,,,school,Mendoza
Escuela Nº 4-001 José Vicente Zapata,+54 261 423 2318,no,info@isteec.edu.ar,,school,Mendoza
Galeria Piazza,+54 261 420 0090,no,,,mall,Mendoza
Bodega Los Toneles,+54 261 431 0403,no,info@bodegalostoneles.com,https://bodegalostoneles.com/,winery,Mendoza
Escuela Nº 1-683 Conrado González Feltrup,+54 261 444 0919,no,,,school,Mendoza
Bomberos,+54 223 491 2536,no,,https://www.bomberosra.org.ar/,fire_station,Mar del Plata
Café Martínez,+54 223 493-6461,no,mdqcolon2@cafemartinez.com.ar,https://www.cafemartinez.com/,cafe,Mar del Plata
Disco,+54 223 495-3003,no,,,supermarket,Mar del Plata
Disco,+54 223 451-8880,no,,,supermarket,Mar del Plata
La Fonte D'Oro,+54 223 486 2777,no,,https://lafontedoro.com/,cafe,Mar del Plata
Makro Supermercado,+54 223 470 2222,no,,https://www.makro.com.ar/,supermarket,Mar del Plata
YPF,+54 223 472 2437,no,,,fuel,Mar del Plata
Floppy Computación,+54 223 472 3855,no,,www.floppycomputacion.com.ar,computer,Mar del Plata
Bob Milanga Milanesería,+54 223 4937040,no,,https://bobmilanga.com.ar/,restaurant,Mar del Plata
EDEA,+54 223 4993332,no,,,company,Mar del Plata
Autoservicio WAYS,+54 223 485 1186,no,,,supermarket,Mar del Plata
Amuyen,+54 223 479-7713,no,,http://www.amuyen.com.ar/,school,Mar del Plata
HILET,+54 223 4932525,no,,https://www.hilet.com/,educational_institution,Mar del Plata
Clínica 25 de Mayo,+54 223 499 4000,no,cl25demayo@clinica25demayo.com.ar,https://www.clinica25demayo.com.ar/,clinic,Mar del Plata
Disco,+54 223 479-0305,no,,,supermarket,Mar del Plata
Panadería Viena Cafetería,+54 223 471 1285,no,,http://www.facebook.com/panaderiaviena,bakery,Mar del Plata
Gran Vía,+54 223 479 4712,no,,https://www.morphi.net/dashboard/ipalias/go?link=GRAN%20VIA:3055/carta/showcarta/getdata/1/4,cafe,Mar del Plata
Colonial,+54 223 479 2627,no,,http://colonialweb.com.ar/,cafe,Mar del Plata
Madre Selva,+54 223 591 3230,no,,,gardener,Mar del Plata
Comisaría Mar del Plata 16°,+54 223 481 1602,no,,,police,Mar del Plata
Escuela 47 Doctor Ricardo Gutiérrez,4755101,no,,,school,Mar del Plata
Nuestra Señora del Carmen,+542234862669,no,,http://elcarmenmdp.org/,school,Mar del Plata
Escuela Municipal n.º 14,+54 223 477-1118,no,,,school,Mar del Plata
Sancor Seguros,+54 223 494 8006,no,,https://www.gruposancorseguros.com/,insurance,Mar del Plata
Café Martínez,+54 223 491-1111,no,cluro@cafemartinez.com.ar,https://www.cafemartinez.com/,cafe,Mar del Plata
Universidad Atlantida Argentina,+54 223 4915400,no,,https://atlantida.edu.ar/,university,Mar del Plata
Pedrito,+542234731029,no,,,restaurant,Mar del Plata
Smile,+54 223 573 2636,no,,,restaurant,Mar del Plata
Claro,+54 9 223 636 9309,si,clarolocalmdq@hotmail.com,,mobile_phone,Mar del Plata
Free Electron,+54 223 494 7477,no,,https://www.free-electron.com.ar/,radiotechnics,Mar del Plata
Pase y Vea/Pago Facil,+54 223 489 1485,no,,,gift,Mar del Plata
Electrotecnica Iluminación y Electricidad,+54 223 481 7897,no,electrotecnica@hotmail.com,https://electrotecnica.com.ar/,lighting,Mar del Plata
25 de Mayo,+54 223 473 5624,no,,,pharmacy,Mar del Plata
Comisaría Mar del Plata 1°,+54 223 494 9880,no,,,police,Mar del Plata
Tech Solutions,+54 223 4762442,no,,,electronics,Mar del Plata
Don Majul,4951814,no,,,beverages,Mar del Plata
Casio Shop,+54 223 491 6167,no,,,electronics,Mar del Plata
Senasa Mar del Plata,+54 223 480 2226,no,regionalbasur@senasa.gob.ar,https://www.senasa.gov.ar/,government,Mar del Plata
Montecatini,+54 223 491 2505,no,colon@grupoalpe.com.ar,www.montecatini.com.ar,restaurant,Mar del Plata
Colegio Santa Maria del Buen Ayre,4517815,no,administracion@smba.edu.ar,http://smba.edu.ar,school,Mar del Plata
Parabrisas Word glass,+54 223 474-1638,no,,,car_parts,Mar del Plata
Consultorio Odontológico Bolivar,+54 223 493 0315,no,consultorioodontologicobolivar@gmail.com,,dentist,Mar del Plata
"Quba, café de mar",+54 223 422 2057,no,,https://www.facebook.com/QubaCafeDeMar/,restaurant,Mar del Plata
Sanatorio Belgrano,+54 223 499 1900,no,,https://www.sanatoriobelgrano.com.ar,clinic,Mar del Plata
Café Martínez,+54 223 499-2656,no,clinicamdq@cafemartinez.com.ar,https://www.cafemartinez.com/,cafe,Mar del Plata
Teatro Enrique Carreras,+54 223 494 2753,no,,,theatre,Mar del Plata
Teatro Neptuno,+54 223 494 3302,no,,https://www.multiteatro.com.ar/teatros/9-neptuno.aspx,theatre,Mar del Plata
Bocina's,+54 223 494 7842,no,,,restaurant,Mar del Plata
Havanna,+54 223 492 2292,no,,https://www.havanna.com.ar/,cafe,Mar del Plata
Banco Supervielle,+54 223 626 1000,no,,https://www.supervielle.com.ar/,bank,Mar del Plata
Klober Motoshop,+54 223 400 4868,no,klobermdp@yahoo.com.ar,https://www.klobermotoshop.com/,motorcycle,Mar del Plata
EXA Computacion,+54 223 474 0107,no,info@exacomputacion.com.ar,http://www.exacomputacion.com,computer,Mar del Plata
Paseo de Compras Alto Luro,+54 223 477 5038,no,,,marketplace,Mar del Plata
Diario La Capital,+54 223 478 8490,no,,https://www.lacapitalmdp.com/,newspaper,Mar del Plata
Famacia Riadigos,+54 223 478 6900,no,,,pharmacy,Mar del Plata
Marcela Peluquería,+54 223 624 5245,no,,,hairdresser,Mar del Plata
Grido,+54 223 432 2626,no,,,ice_cream,Mar del Plata
Arlequín helados,+54 223 696 6426,no,,,ice_cream,Mar del Plata
Instituto Educativo Julio Cortazar,+54 223 477 4911,no,institutojuliocortazarmdq@gmail.com,https://www.cortazarvirtual.com.ar/,kindergarten,Mar del Plata
Canal Diez,+54 223 494 1003,no,,https://www.canal10mardelplata.tv/,studio,Mar del Plata
ANSES,130,no,,https://www.anses.gob.ar/,government,Mar del Plata
In Roma,+54 9 223 523 6941,si,,https://business.google.com/website/inroma-pasteleria,bakery,Mar del Plata
Axion,+54 223 474 5503,no,,https://www.axionenergy.com/ar/,fuel,Mar del Plata
Martín Fierro,477-3617,no,,,veterinary,Mar del Plata
Perfumería del Puerto,+54 223 478 3056,no,,,pharmacy,Mar del Plata
Farmacia del Interzonal,+54 223 465 1323,no,,,pharmacy,Mar del Plata
Jardín Alfonsina Storni,+54 223 476 2099,no,,,kindergarten,Mar del Plata
Speedy,,no,info@speedy-grill.com.ar,https://www.speedy-grill.com.ar/,appliance,Mar del Plata
Honorable Concejo Deliberante De Gral. Pueyrredon,+54 223 499 6525,no,,,government,Mar del Plata
La Escondida,+54 223 477 5200,no,,,farm,Mar del Plata
Pirulo,+54 223 470 1889,no,,,ice_cream,Mar del Plata
Kiosco Cervecero,+54 9 223 516 2008,si,,https://www.kioscocervecero.com/,brewing_supplies,Mar del Plata
Optica Fava,+5492235349469,si,opticafava@gmail.com,,optician,Mar del Plata
Agua Suragua,+54 223 475 6558,no,,https://www.suragua.com.ar/,water,Mar del Plata
ODONTOLOGIA LURO,+54 223 470 3758,no,,,dentist,Mar del Plata
Veinte777,+54 9 223 301 8956,si,,,restaurant,Mar del Plata
Neumáticos Nelson,+54 9 223 636 6549,si,neumaticos.nelson@hotmail.com,,car_repair,Mar del Plata
Bicicletería Madrid,+54 223 617 4354,no,,,bicycle,Mar del Plata
Makao,+54 223 486 1176,no,,,confectionery,Mar del Plata
CI.LAP Obesidad,+54 223 4938620,no,cilapobesidad@gmail.com,http://cilap.com.ar,hospital,Mar del Plata
Toshimar,+54 223 494 0723,no,,,electronics_repair,Mar del Plata
BeerMan,+54 223 590 6803,no,,https://beerman.com.ar/,brewery,Mar del Plata
Electrónica JCK,+54 223 475 0777,no,,https://electronicajck.com/,electronics,Mar del Plata
Disco,+54 223 495-8836,no,,,supermarket,Mar del Plata
Jardín De Infantes Nº914,+54 223 485 0021,no,,,kindergarten,Mar del Plata
OSMGP Zona Sur,+54 0223 499-2900,no,atencionalcliente@osmgp.gov.ar.,http://www.osmgp.gov.ar/,water_utility,Mar del Plata
Farmacia Zingale,+542235399462,no,,https://farmaciazingale.negocio.site/,pharmacy,Mar del Plata
Alarcon Suspensión,+54 481-0708,no,,,car_repair,Mar del Plata
Kintu Jabones,+549223309789,si,,https://kintujabones1.wixsite.com/kintu,cosmetics,Mar del Plata
Acá tamos café (ATC),+54 223 579 4342,no,,https://www.acatomamoscafe.com/,cafe,Mar del Plata
Veterinaria Copello,4735129,no,,,veterinary,Mar del Plata
Clinica Dental Odontologia,+54 223 506 8337,no,odontologiamdp@gmail.com,,dentist,Mar del Plata
Veterinaria Copello,+54 223 473-5729,no,,,veterinary,Mar del Plata
La Estación,4756252,no,,,restaurant,Mar del Plata
Spot,+54 223 470 0143,no,,https://www.axionenergy.com/,cafe,Mar del Plata
Lo de Moretti,+54 9 223608252,si,,,pet,Mar del Plata
Santoro,+54 223 495 2608,no,,,butcher,Mar del Plata
Nonina,+0223 155 228011,no,,,butcher,Mar del Plata
Academia Driveway,+0223 495 7684,no,drive_way@hotmail.com,https://academiadriveway.com.ar/,driving_school,Mar del Plata
Montecatini,+54 223 492 4299,no,,,restaurant,Mar del Plata
Escuela Mar del Surf,+54 9 0223 6 000892,si,,https://www.instagram.com/escuelamardelsurf,water_sports,Mar del Plata
La Perlita,+54 223 493-4612,no,,,laundry,Mar del Plata
Bye Bye Coxiña's,+54 223 585 2080,no,,,restaurant,Mar del Plata
Grand Hotel Santa Teresita,+54 223 484 3405,no,,http://www.ghsantateresita.com.ar/,restaurant,Mar del Plata
Siempre Farmacias - Badanez,+54 2235 510731,no,info@siemprefarmacias.com.ar,https://www.siemprefarmacias.com.ar/,pharmacy,Mar del Plata
Manolo - Alem,+54 223 486 2142,no,,http://churrosmanolo.com/,restaurant,Mar del Plata
Veterinaria Piltri,+54 223 538 7332,no,,,veterinary,Mar del Plata
Neumaticos Jelpamar,+542236720009,no,,,tyres,Mar del Plata
CAMET Robótica,+54 223 5969330,no,info@camet.com.ar,https://www.camet.com.ar,company,Mar del Plata
Educa Idiomas,+54 223 4741380,no,info@educaidiomas.com.ar,https://www.educaidiomas.com.ar/v2/,educational_institution,Mar del Plata
Niño Lobo,+54 223 348 8433,no,,https://instagram.com/niniolobo,restaurant,Mar del Plata
La Font D' Oro,+54 223 354 3598,no,,https://lafontedoro.com/,cafe,Mar del Plata
Almacén de Envases,+54 223 4741904,no,almacendeenvases@gmail.com,https://almacendeenvases.com/,general,Mar del Plata
Bulder,+54 223 486-0390,no,,,clothes,Mar del Plata
Mar Del Plata,+54 223 472 4632,no,,,seafood,Mar del Plata
Gomacar,+54 223 4746283,no,,https://www.gomacarmdp.com/,car_parts,Mar del Plata
Vidriería Glassmar,+54 223 482 5115,no,,https://www.glassmarvidrios.com.ar/,glaziery,Mar del Plata
Cake Bruss,+54 223 564 0807,no,,,pastry,Mar del Plata
CME | Consultorio Médico Estético,+54 223 618 1437,no,,,beauty,Mar del Plata
Doble Faz,+54 223 671 1179,no,fotocopiasdoblefaz@gmail.com,,copyshop,Mar del Plata
Area Virtual,+54 223 564 6828,no,avirtualciber@gmail.com,,internet_cafe,Mar del Plata
Sara cafe,+54 223 684 2149,no,,https://instagram.com/sara.cafe.mdp,cafe,Mar del Plata
Gato Coffee House,+54 9 223 669 8308,si,,http://www.instagram.com/somos.gato,cafe,Mar del Plata
La Fonte D'Oro,+54 223 471 2425,no,,http://lafontedoro.com/web/menu/,cafe,Mar del Plata
Baguette Constitución,+54 223 438 6823,no,,,cafe,Mar del Plata
Croissant Café,+54 223 503 3700,no,,https://www.instagram.com/croissantmdp/,cafe,Mar del Plata
SÃO Medialunas y Café,+54 223 422 2282,no,,https://sao.com.ar/,cafe,Mar del Plata
Cafetería Isko Tejedor,+54 223 339 6610,no,,,cafe,Mar del Plata
Panaderia Les Grisett Tejedor,+54 223 574 7677,no,,https://instagram.com/les_grisett_tejedor?igshid=MzNlNGNkZWQ4Mg==,cafe,Mar del Plata
La Casa del Parque,+54 9 223 575 6832,si,,,cafe,Mar del Plata
Casa del Mar - Villa García Uriburu,+54 223 618 5299,no,,,cafe,Mar del Plata
La Fonte D'Oro,+54 223 477 0467,no,,https://lafontedoro.com/,cafe,Mar del Plata
Jophiel's Brew,+54 9 223 601 4461,si,,https://www.facebook.com/cervezajophiels,cafe,Mar del Plata
SAO Medialunas y Café,+54 9 223 304 4479,si,,https://sao.com.ar/,cafe,Mar del Plata
Viena Panadería y Cafetería,+54 223 471 5990,no,,,cafe,Mar del Plata
BLESS COFFEE,+54 223 449 3731,no,,https://www.instagram.com/_blesscoffee/,cafe,Mar del Plata
Isko Rivadavia,+54 223 3463500,no,,https://linktr.ee/iskocaferesto,cafe,Mar del Plata
FOLC COFFEE COMPANY Playa Grande - Alem,+54 223 564 3309,no,,https://linktr.ee/folccoffeecompany,cafe,Mar del Plata
MIMOmento Café,+54 223 355 7033,no,,,cafe,Mar del Plata
Tatan Patisserie,+54 223 682 7144,no,,,cafe,Mar del Plata
El Cóndor Coffee Shop,+54 223 456 4765,no,,,cafe,Mar del Plata
CoCo Fresh Tea & Juice,+54 223 301 5356,no,,https://www.facebook.com/CocoCafeMdp/,cafe,Mar del Plata
Baya Negra,+54 223 651 1147,no,,https://instagram.com/baya.negra?igshid=YmMyMTA2M2Y=,cafe,Mar del Plata
Dopo,+5492235166246,si,,,restaurant,Mar del Plata
Universidad Tecnológica Nacional (UTN),+54 223 480 1220,no,,https://mdp.utn.edu.ar/,university,Mar del Plata
Catedral de los Santos Pedro y Cecilia,,no,catedral@iglesiamdp.org.ar,https://www.catedralmardelplata.org.ar,place_of_worship,Mar del Plata
Parroquia San Pío X,,no,sanpiox@iglesiamdp.org,,place_of_worship,Mar del Plata
Parroquia Cristo Rey,,no,cristorey@iglesiamdp.org.ar,,place_of_worship,Mar del Plata
Parroquia San Francisco de Asís,,no,pquiasanfranciscomdp@gmail.com,,place_of_worship,Mar del Plata
Comisaría Mar del Plata 3°,+54 223 480 2620,no,,,police,Mar del Plata
Alfajores Havanna,08006661371,no,,http://www.havanna.com.ar/,cafe,Mar del Plata
Bruma Coffee & Bakery,+54 223 581 6560,no,,,cafe,Mar del Plata
Servicios urbanos (Enosur),+54 223 465 2530,no,,,government,Mar del Plata
Camoga,+54 223 492 3671,no,,camoga.com.ar,craft,Mar del Plata
Parroquia Santa Rita de Casia,,no,santarita@iglesiamdp.org,,place_of_worship,Mar del Plata
"La Cabaña del Bosque, Casa de Té & Tea Shop",+54 223 467 3007,no,,,cafe,Mar del Plata
Asociación Vecinal de fomento Bosque de Peralta Ramos,+54 223 467 1311,no,,,ngo,Mar del Plata
YPF,+54 223 465 3255,no,,,fuel,Mar del Plata
Motos Porta,+54 223 489-6674,no,,http://www.motosporta.com.ar/,motorcycle,Mar del Plata
Mayorista El Regional,+54 223 465 1284,no,,https://es-la.facebook.com/Mayoristaelregional/,supermarket,Mar del Plata
Jardín de Infantes Juan Gutenberg,+54 223 480 2303,no,,,school,Mar del Plata
Escuela Provincial N° 33,+54 223 477 3369,no,,,school,Mar del Plata
CEMA Centro de Especialidades Médicas Ambulatorias,+54 223 499 7900,no,,https://www.mardelplata.gob.ar/Contenido/el-centro-de-especialidades-medicas-ambulatorias-cema-nace-como-idea-en,hospital,Mar del Plata
Disco,+54 11 4555-1110,no,,,supermarket,Mar del Plata
Hospital Privado de Comunidad (HPC),+54 223 499 0000,no,,https://www.hpc.org.ar/,hospital,Mar del Plata
Parroquia San Antonio de Padua,,no,sanantonio@iglesiamdp.org.ar,,place_of_worship,Mar del Plata
Parroquia Nuestra Señora del Huerto,,no,nshuerto@iglesiamdp.org,,place_of_worship,Mar del Plata
Motocentro,+54 223 474-0094,no,,,motorcycle,Mar del Plata
Manolo,+54 223 494 5671,no,,http://churrosmanolo.com/,restaurant,Mar del Plata
Asociacion Judicial Bonaerense,+54 223 451 5904,no,ajb_mdp@yahoo.com.ar,,association,Mar del Plata
Telefe Mar de Plata,+54 223 499 2300,no,,https://mardelplata.telefe.com/institucional,studio,Mar del Plata
Canal Diez Mar del Plata,+54 223 494 1003,no,,https://www.canal10mardelplata.tv/,studio,Mar del Plata
Parroquia Don Bosco,,no,psanpabloysanjuanbosco@gmail.com,,place_of_worship,Mar del Plata
Authogar,+54 223 478 4652,no,,https://authogar.com,electronics,Mar del Plata
TIENDA LEÓN,+54 223 473 3232,no,,https://tiendaleonmdq.com/,bus_station,Mar del Plata
Jardín de Infantes San Cayetano,+54 223 477 4745,no,,,kindergarten,Mar del Plata
Authogar,+54 223 418 9000,no,,https://www.authogar.com/,electronics,Mar del Plata
Cooperativa Nuevo Amanecer,+54 223 475 4111,no,,,dairy,Mar del Plata
"Hospital Interzonal General de Agudos ""Dr. Oscar E. Alende""",+54 223 4770262,no,direccion-alende@ms.gba.gov.ar,https://www.gba.gob.ar/content/regi%C3%B3n_sanitaria_viii_0,hospital,Mar del Plata
Hipermecado Toledo,+54 223 474 9255,no,,https://supertoledo.com/,supermarket,Mar del Plata
Multirrubros La Mega,+54 223 473 6600,no,,,general,Mar del Plata
Jardín Provincial 937,+54 223 470 2728,no,,,kindergarten,Mar del Plata
Flores,+54 223 477 3203,no,,,pharmacy,Mar del Plata
La Nieve,+54 223 495 0104,no,,,restaurant,Mar del Plata
Mayorista Hergo,+54 223 465 3434,no,,https://hergo.com.ar/,wholesale,Mar del Plata
Matafuegos el Marplatense,+54 223 477 3854,no,,,car_repair,Mar del Plata
Paseo de compras Carlos Gardel,+54 223 465 0473,no,,,marketplace,Mar del Plata
Comisaría Mar del Plata 11°,+54 223 465 2549,no,,,police,Mar del Plata
Comisaría Mar del Plata 2°,+54 223 494 9851,no,,,police,Mar del Plata
DDI Mar del Plata,+54 223 494 9848,no,,,police,Mar del Plata
Dirección General de Investigaciones del Tráfico de Drogas Ilícitas,+54 223 491 0103,no,,,police,Mar del Plata
Jefatura Departamental Mar del Plata,+54 223 492 1821,no,,,police,Mar del Plata
División Complejo Policial Juan Vucetich,+54 223 492 0019,no,,,police,Mar del Plata
Oficina de Atención al Ciudadano,+54 223 480 0715,no,,https://www.argentina.gob.ar/prefecturanaval,police,Mar del Plata
Destacamento Punta Mogotes,+54 223 499 6500,no,,,police,Mar del Plata
Comisaría Mar del Plata 5°,+54 223 484 2578,no,,,police,Mar del Plata
Comisaría Mar del Plata 4°,+54 223 475 9357,no,,,police,Mar del Plata
Jefatura Distrital Norte Mar del Plata,+54 223 476 0051,no,,,police,Mar del Plata
Comisaría Mar del Plata 6°,+54 223 477 5044,no,,,police,Mar del Plata
Comisaría Mar del Plata 7°,+54 (223) 479-1316,no,,,police,Mar del Plata
Comisaría Mar del Plata 9°,+54 223 451 3447,no,,,police,Mar del Plata
Comisaría Mar del Plata 12°,+54 223 487 5513,no,,,police,Mar del Plata
Delegación Mar del Plata,+54 223 451 7909,no,delegmar@gmail.com,https://www.argentina.gob.ar/policia-federal-argentina,police,Mar del Plata
Parroquia Santa Rosa de Lima,,no,santarosa@iglesiamdp.org,,place_of_worship,Mar del Plata
Parroquia San Marcos,,no,sanmarcos@iglesiamdp.org,,place_of_worship,Mar del Plata
Parroquia San José,,no,comunidadreligiosa@donorionemdp.org.ar,,place_of_worship,Mar del Plata
Parroquia San Cayetano,,no,sancayetano@iglesiamdp.org,,place_of_worship,Mar del Plata
Parroquia Santa Ana,,no,santaana@iglesiamdp.org.ar,,place_of_worship,Mar del Plata
Parroquia Sagrado Corazón de Jesús,,no,sagradocorazonmdp@iglesiamdp.org.ar,,place_of_worship,Mar del Plata
Parroquia Nuestra Señora del Carmen,,no,parroquiadelcarmenmdp@yahoo.com.ar,,place_of_worship,Mar del Plata
Parroquia Nuestra Señora de Fátima,,no,nsfatima@iglesiamdp.org.ar,,place_of_worship,Mar del Plata
Parroquia Medalla Milagrosa,,no,secparroquialmedallamilagrosa@gmail.com,,place_of_worship,Mar del Plata
Parroquia Jesús Obrero,,no,jesusobrero@iglesiamdp.org,,place_of_worship,Mar del Plata
Parroquia La Asunción de la Santísima Virgen,,no,asuncion@iglesiamdp.org,,place_of_worship,Mar del Plata
Parroquia San Benedetto Mártir y Jesús Niño,,no,sanbenedetto@iglesiamdp.org.ar,http://sanbenedetto.es.tl,place_of_worship,Mar del Plata
San Martín,+543814242074,no,,,pharmacy,San Miguel de Tucuman
Comisaría 2,+54 381 424 8006,no,,,police,San Miguel de Tucuman
Las Marías,+543814249319,no,,,pharmacy,San Miguel de Tucuman
Tienda San Juan,+54 381 421 7807,no,,,clothes,San Miguel de Tucuman
Colegio del Sagrado Corazón,+543814300912,no,sagrado@colsagradocorazon.edu.ar,https://colsagradocorazon.edu.ar/,kindergarten,San Miguel de Tucuman
Mi Nueva Estancia,+543814307049,no,,https://minuevaestancia.com/,restaurant,San Miguel de Tucuman
Café Martínez,+54 381 400-1025,no,tucuman@cafemartinez.com.ar,https://www.cafemartinez.com/,cafe,San Miguel de Tucuman
Vea,+543814201235,no,,https://supermercadosvea.com.ar/,supermarket,San Miguel de Tucuman
Hidalgo,+543814244022,no,,,pharmacy,San Miguel de Tucuman
Santa Fé,+543814303017,no,,,pharmacy,San Miguel de Tucuman
Galicia Más,+543814508000,no,,https://www.galiciamas.com.ar/,bank,San Miguel de Tucuman
Las Palmas,+54 381 430 7648,no,,,cafe,San Miguel de Tucuman
FarMar Catedral III,+543814219754,no,,,pharmacy,San Miguel de Tucuman
FarMar Catedral II,+543814212944,no,,,pharmacy,San Miguel de Tucuman
Libertad,+543814225059,no,,,pharmacy,San Miguel de Tucuman
Instituto Superior de Música - UNT,54 0381 4220767,no,,,school,San Miguel de Tucuman
ServiTuc – Instalación de aires acondicionados,+5493815039235,si,,,hvac,San Miguel de Tucuman
Escuela de Bellas Artes - UNT,+54 381 430 2967,no,,,school,San Miguel de Tucuman
Escuela y Liceo Vocacional Sarmiento - UNT,54 0381 4222410,no,,,school,San Miguel de Tucuman
Comisaría 1,+543814310480,no,,http://www.policiadetucuman.gov.ar/,police,San Miguel de Tucuman
Del Pueblo Plaza,+543814227513,no,,https://www.farmaciasdelpueblo.com.ar/,pharmacy,San Miguel de Tucuman
San Carlos,+543814300902,no,,,pharmacy,San Miguel de Tucuman
San Cristobal,+543814225783,no,farmaciasancristobal15@gmail.com,https://www.farmaciasancristobal.com/,pharmacy,San Miguel de Tucuman
Faith,+543814210869,no,,,pharmacy,San Miguel de Tucuman
Cruz Verde,+543814300991,no,,,pharmacy,San Miguel de Tucuman
FarMar Catedral IV,+543814526150,no,,,pharmacy,San Miguel de Tucuman
Del Pueblo 9 de Julio,+543814524604,no,,https://www.farmaciasdelpueblo.com.ar/,pharmacy,San Miguel de Tucuman
Frávega,+543814221393,no,,,electronics,San Miguel de Tucuman
La Unión,+543814219295,no,clientes.farmacialaunion@gmail.com,https://farmaciaslaunion.com.ar/,pharmacy,San Miguel de Tucuman
Central,+543814225354,no,,,pharmacy,San Miguel de Tucuman
América IV,+543814222141,no,,,pharmacy,San Miguel de Tucuman
Escuela 49 Juan Bautista Alberdi,+543814286136,no,,,school,San Miguel de Tucuman
Refinor,+543814211021,no,rrhh@complejodelparque.com.ar,https://complejodelparque.com.ar/,yes,San Miguel de Tucuman
Nanitos - Peluquería y Boutique,+54 381 423-4201,no,,,hairdresser,San Miguel de Tucuman
El Bajeño,+543814228560,no,bajomusica@hotmail.com,http://www.facebook.com/elbajeno,gift,San Miguel de Tucuman
Escuela Doctor Agustín Justo de la Vega,+543814204174,no,,,school,San Miguel de Tucuman
Florida,+543814204557,no,,,pharmacy,San Miguel de Tucuman
Castillo,,no,info@castillo.com.ar,https://www.castillo.com.ar/,appliance,San Miguel de Tucuman
Escuela José Mármol,+543814312655,no,,,school,San Miguel de Tucuman
Escuela Doctor Marcos Paz,+54 381 4333463,no,,,school,San Miguel de Tucuman
Liceo Militar General Gregorio Aráoz de Lamadrid,+54 381 433 0755,no,,http://liceomilitarlamadrid.com/,school,San Miguel de Tucuman
Mayorista Gomez Pardo hnos,+54 381 452 6210,no,,,supermarket,San Miguel de Tucuman
Instituto 9 de Julio,+54 381 421-8770,no,,http://9dejulio.tuc.infd.edu.ar/sitio/,school,San Miguel de Tucuman
Colegio Salesiano General Belgrano,4214583,no,,,school,San Miguel de Tucuman
Instituto San Cayetano,+543814245458,no,icsancayetano@gmail.com,,school,San Miguel de Tucuman
Bicicleteria Casanova,+54 381 424-4794,no,,,bicycle,San Miguel de Tucuman
Del Norte,+543814224841,no,,,pharmacy,San Miguel de Tucuman
América,+543814211877,no,,,pharmacy,San Miguel de Tucuman
Sanatorio del Norte,+54 381 5654571,no,contacto@traumatologiadelnorte.com,https://traumatologiadelnorte.com/pr/;https://linktr.ee/sanatoriodelnorte,hospital,San Miguel de Tucuman
Escuela de Nivel Inicial Delfin Jijena,+543814526315,no,nidelfinjijena2015@gmail.com,,kindergarten,San Miguel de Tucuman
Instituto San Miguel,+543814222129,no,,https://www.institutosanmiguel.net/,school,San Miguel de Tucuman
El Alto de la Lechuza,+543814218940,no,,,restaurant,San Miguel de Tucuman
Comisaría 10,+543814282887,no,,http://www.policiadetucuman.gov.ar/,police,San Miguel de Tucuman
Escuela Secundaria Marina Alfaro,+543814525088,no,esc.sec.malfaro@hotmail.com,,school,San Miguel de Tucuman
Rectorado Universidad Nacional de Tucumán,4247752,no,,https://www.unt.edu.ar/,school,San Miguel de Tucuman
Del Jardín,+543814221459,no,farmaciadeljardin@argentina.com,,pharmacy,San Miguel de Tucuman
Boho Bar,4554584,no,,,bar,San Miguel de Tucuman
911,(911) (911),no,,,police,San Miguel de Tucuman
UTP,+543814323176,no,,,police,San Miguel de Tucuman
Zole Suarez,+54 381 422 3748,no,,https://www.facebook.com/zolesuarez/,beauty,San Miguel de Tucuman
Spintec,+54 381 420 2858,no,info@spintec.com.ar,https://spintec.com.ar/,mobile_phone,San Miguel de Tucuman
InterSalud Medicina Privada,4219911,no,,,doctors,San Miguel de Tucuman
Casino Parque,4553800,no,,,casino,San Miguel de Tucuman
Prensa Obra Social,+543814220766,no,,https://www.prensaobrasocial.com/,clinic,San Miguel de Tucuman
Centro Radiológico Mendez Collado,+543814217000,no,,https://www.mendezcollado.com/,clinic,San Miguel de Tucuman
Prensa Centro Médico,+543814310941,no,info@prensaobrasocial.com,https://www.prensaobrasocial.com/,clinic,San Miguel de Tucuman
Armonia,+543814214161,no,,,pharmacy,San Miguel de Tucuman
Plazoleta Parque,+543814224442:+543814229282,no,info@farmaciasplazoleta.com,https://www.farmaciasplazoleta.com/,pharmacy,San Miguel de Tucuman
Banco Nación,+54 381 421 1717,no,,http://www.bna.com.ar/,bank,San Miguel de Tucuman
Leguina Informática,+54 381 630 3193,no,leguinainformatica@gmail.com,https://m.facebook.com/informaticaleguina,computer,San Miguel de Tucuman
Farmacia Alamino,+543814305165,no,,,pharmacy,San Miguel de Tucuman
Ekilibrio,+54 381 417 0196,no,,,doctors,San Miguel de Tucuman
Banco Nación,+54 381 424 4041,no,,http://www.bna.com.ar/,bank,San Miguel de Tucuman
tarantino,+54 381 454 2499,no,,,fast_food,San Miguel de Tucuman
Las Bases,+543814271516,no,tucsal@hotmail.com,,pharmacy,San Miguel de Tucuman
"Lic. Diego Rodríguez, psicoanalista",+54 381 549 3554,no,psicdiegorod@gmail.com,,clinic,San Miguel de Tucuman
Propanorte S.A.,+54 381 4292929,no,administración@propanorte.com.ar,,company,San Miguel de Tucuman
Del Pueblo,+543814244540,no,,https://www.farmaciasdelpueblo.com.ar/,pharmacy,San Miguel de Tucuman
Ciot,4311191,no,,,doctors,San Miguel de Tucuman
TodoBulon,+543814310698,no,todobulon@hotmail.com,,hardware,San Miguel de Tucuman
Sanatorio Regional,+54 381 4218181,no,info@sanatorio-regional.com.ar,http://sanatorio-regional.com.ar/,clinic,San Miguel de Tucuman
Teymi,+54 381 451 0418,no,teymi_ge@yahoo.com.ar,,car_repair,San Miguel de Tucuman
Café Martínez,+54 381 422-9651,no,tucumanbarrionorte@cafemartinez.com.ar,https://www.cafemartinez.com/,cafe,San Miguel de Tucuman
Centro de Visas,+543814559460,no,info@centrodevisas.com,https://centrodevisas.com/,travel_agency,San Miguel de Tucuman
Malaga,+543814211863,no,,,pharmacy,San Miguel de Tucuman
Sur,+543814240304,no,,,pharmacy,San Miguel de Tucuman
Juvenil Instituto Moderno,+543814211615,no,institutojimsecundario@gmail.com,https://www.jimtucuman.edu.ar/,school,San Miguel de Tucuman
Colegio San Carlos Borromeo,+543814213536,no,claraliliajimenez@hotmail.com,,school,San Miguel de Tucuman
Colegio Nuestra Señora del Huerto,+543814225200,no,,,school,San Miguel de Tucuman
Poder Judicial de Tucumán - Fuero Penal,+543814979135,no,,http://justucuman.gov.ar/,courthouse,San Miguel de Tucuman
Escuela de Comercio 1 General Manuel Belgrano,+543814310088,no,,,school,San Miguel de Tucuman
Guerra Motors,+54 381 467 1102,no,,,car_parts,San Miguel de Tucuman
San Lorenzo,+543814235052,no,,,pharmacy,San Miguel de Tucuman
OCA,+543816718030,no,,http://www.oca.com.ar/,post_office,San Miguel de Tucuman
El Rayo Bus SRL,+543814274905,no,,http://rayobus.com.ar/,bus_station,San Miguel de Tucuman
Jaco,4310768,no,jaco@jacovideo.com.ar,http://Facebook.com/jacotucuman,electronics,San Miguel de Tucuman
Juvia Grupo Médico,+54 381 430 6955,no,,https://www.juviagrupomedico.com,clinic,San Miguel de Tucuman
Almacén San José,+54 385 516 5191,no,,https://almacensanjose.com.ar/,supermarket,San Miguel de Tucuman
Almacén San José,+54 385 586 7288,no,,https://almacensanjose.com.ar/,supermarket,San Miguel de Tucuman
Centro de Educación Básica Alternativa 1-22 (CEBA),+5493815530360,si,sandraeesosa@hotmail.com,,school,San Miguel de Tucuman
Centro de Educación Básica Alternativa 1-118 (CEBA),+543815862279,no,mirtaisaleon@gmail.com,,school,San Miguel de Tucuman
Centro de Formación Profecional 2-41 (Ce.F.P.),+5493815549678,si,adrivalle.love@gmail.com,,college,San Miguel de Tucuman
Centro de Educación Básica Alternativa 1-94 (CEBA),+5493816817919,si,marialuisa_26_@hotmail.com,,school,San Miguel de Tucuman
Escuela Delfin Jijena,+543814204249,no,delfinjijena@hotmail.com,,school,San Miguel de Tucuman
Escuela Especial Luis Braile,+543814525074,no,luisbrailleescuela@yahoo.com,,school,San Miguel de Tucuman
Jardín de Infantes Moderno,+543814216981,no,inicial@jimtucuman.edu.ar,,kindergarten,San Miguel de Tucuman
Colegio San Cayetano,+543814245458,no,colsancayetano.primaria@colegiosancayetanotuc.com,https://www.colegiosancayetanotuc.com/,school,San Miguel de Tucuman
Colegio San Carlos,+543814213536,no,secretaria.primaria.sancarlos@gmail.com,,school,San Miguel de Tucuman
Prensa Obra Social,+543814310941,no,info@prensaobrasocial.com,https://www.prensaobrasocial.com/,clinic,San Miguel de Tucuman
Prensa Farmacia,+543814975455,no,,,pharmacy,San Miguel de Tucuman
CEMIBERICA - Asesores de Seguros,+54 381 357 9541,no,,https://www.facebook.com/cemiberica,insurance,San Miguel de Tucuman
Escuela de formacion profesional de la escuela de artes y oficios Obispo Colombres,+543814360486,no,formacionprofesionaloc@gmail.com,,school,San Miguel de Tucuman
Benjamín Araoz,+543814229888,no,,,pharmacy,San Miguel de Tucuman
Escuela secundaria Barrio Suitiaga,+543814368603,no,esc.b.sutiaga@hotmail.com,,school,San Miguel de Tucuman
Daruich,+543814330791,no,,,pharmacy,San Miguel de Tucuman
Del Pueblo,+543814527784,no,,https://www.farmaciasdelpueblo.com.ar/,pharmacy,San Miguel de Tucuman
CAC N5 San Ramón,"+543814278501,3011",no,,,clinic,San Miguel de Tucuman
Escuela Secundaria Emilio Castelar,+543814279867,no,escuelaemiliocastelar@hotmail.com,,school,San Miguel de Tucuman
Supermercados Comodin,+543814206212,no,,http://supermercadoscomodin.com/nuestras-sucursales/sucursal-c25/,supermarket,San Miguel de Tucuman
Supermercados Comodin,+543814556024,no,,https://supermercadoscomodin.com/nuestras-sucursales/sucursal-c23/,supermarket,San Miguel de Tucuman
Escuela San Martín,+543814272680,no,escsanmartin339@hotmail.com,,school,San Miguel de Tucuman
Escuela Técnica 2 Obispo Colombres,+543814204157,no,tecnica2obispocolombres@gmail.com,,school,San Miguel de Tucuman
Instituto John Kennedy,+543813183516,no,info@institutokennedy.com.ar,http://www.institutokennedy.com.ar/,school,San Miguel de Tucuman
Plasticaucho,,no,comercial@plasticaucho.com.ar,,wholesale,San Miguel de Tucuman
Luz,+543814553016,no,,,pharmacy,San Miguel de Tucuman
Maipú,+543814219222,no,,,pharmacy,San Miguel de Tucuman
Del Pueblo,+543814979181,no,,https://www.farmaciasdelpueblo.com.ar/,pharmacy,San Miguel de Tucuman
Namuncurá,+543814310181,no,,,pharmacy,San Miguel de Tucuman
Plazoleta Centro Santiago,+543814222897,no,,https://www.farmaciasplazoleta.com/,pharmacy,San Miguel de Tucuman
San Agustín,+543814212357,no,,,pharmacy,San Miguel de Tucuman
Victoria,+543814215908,no,,,pharmacy,San Miguel de Tucuman
Del Huerto,+543814221618,no,,,pharmacy,San Miguel de Tucuman
Orion,+543814227853,no,,,pharmacy,San Miguel de Tucuman
San Alberto Margno,+543814312401,no,,,pharmacy,San Miguel de Tucuman
San Felipe,+543812316723,no,,,pharmacy,San Miguel de Tucuman
BonFarma,+543814216664,no,,,pharmacy,San Miguel de Tucuman
La Merced,+543814217654,no,,,pharmacy,San Miguel de Tucuman
Paris,+543814216306,no,,,pharmacy,San Miguel de Tucuman
Parque,+543814301999,no,,,pharmacy,San Miguel de Tucuman
Monteagudo,+543814307892,no,,,pharmacy,San Miguel de Tucuman
Primavera Norte,+543814216540,no,,,pharmacy,San Miguel de Tucuman
Del Pueblo Barrio Norte,+543814524603,no,,https://www.farmaciasdelpueblo.com.ar/,pharmacy,San Miguel de Tucuman
Del Pueblo Urquiza,+543814226346,no,,,pharmacy,San Miguel de Tucuman
Salta,+543814228829,no,,,pharmacy,San Miguel de Tucuman
Nieves,+543814310581,no,,,pharmacy,San Miguel de Tucuman
Andalucia,+543814229177,no,,,pharmacy,San Miguel de Tucuman
Avellaneda Norte,+543814219399,no,,,pharmacy,San Miguel de Tucuman
Bristol,+543814211224,no,,,pharmacy,San Miguel de Tucuman
Plazoleta San Martín,+543814345838,no,,,pharmacy,San Miguel de Tucuman
San Pablo,+543814212393,no,,,pharmacy,San Miguel de Tucuman
Crisostomo,+543814305937,no,,,pharmacy,San Miguel de Tucuman
Regina,+543814303210,no,,,pharmacy,San Miguel de Tucuman
Siloé,+543814228926,no,,,pharmacy,San Miguel de Tucuman
Del Pueblo Jujuy,+543814524600,no,,https://www.farmaciasdelpueblo.com.ar/,pharmacy,San Miguel de Tucuman
Ayacucho,+543814307566,no,,,pharmacy,San Miguel de Tucuman
Plazoleta San Lorenzo,+543814333020,no,,https://www.farmaciasplazoleta.com/,pharmacy,San Miguel de Tucuman
Samuel Hahnemann,+543814225038,no,,,pharmacy,San Miguel de Tucuman
13 de Febrero,+543814312532,no,,,pharmacy,San Miguel de Tucuman
Iranzo,+543814978226,no,,,pharmacy,San Miguel de Tucuman
Elina,+543814244934,no,,,pharmacy,San Miguel de Tucuman
Nuevo,+543814245654,no,,,pharmacy,San Miguel de Tucuman
Panacea,+543814203314,no,,,pharmacy,San Miguel de Tucuman
Plazoleta Las Heras,+543815075820,no,,https://www.farmaciasplazoleta.com/,pharmacy,San Miguel de Tucuman
Del Pueblo Roca,+543814200472,no,,https://www.farmaciasdelpueblo.com.ar/,pharmacy,San Miguel de Tucuman
Plazoleta Argentina,+543813020323,no,,https://www.farmaciasplazoleta.com/,pharmacy,San Miguel de Tucuman
Nuevo Milenio,+543814247537,no,,,pharmacy,San Miguel de Tucuman
Paulino,+543814243926,no,,,pharmacy,San Miguel de Tucuman
Andrea,+543814240470,no,,,pharmacy,San Miguel de Tucuman
Alba,+543814223073,no,,,pharmacy,San Miguel de Tucuman
San Judas Tadeo,+543814309284,no,,,pharmacy,San Miguel de Tucuman
Camila,+543814303072,no,,,pharmacy,San Miguel de Tucuman
María,+543814212170,no,,,pharmacy,San Miguel de Tucuman
El Cóndor,+543814248573,no,,,pharmacy,San Miguel de Tucuman
Orihuel,+543814238097,no,,,pharmacy,San Miguel de Tucuman
Nuestra señora de la consolación,+543814303872,no,,,pharmacy,San Miguel de Tucuman
Lujan,+543814237024,no,farmacialujan@tucbbs.com.ar,,pharmacy,San Miguel de Tucuman
Zilman,+543814331431,no,,,pharmacy,San Miguel de Tucuman
Rojas,+543814237027,no,,,pharmacy,San Miguel de Tucuman
El Nogal,+543814398752,no,,,pharmacy,San Miguel de Tucuman
Mate de Luna,+543814302959,no,,,pharmacy,San Miguel de Tucuman
Todofarma,+543812322273,no,,,pharmacy,San Miguel de Tucuman
Lamadrid,+543814202098,no,,,pharmacy,San Miguel de Tucuman
Juan XXIII,+543814369561,no,litoia2012@yahoo.com.ar,,pharmacy,San Miguel de Tucuman
Siglo XXI,+543814201044,no,,,pharmacy,San Miguel de Tucuman
Alem SCS,+543814362471,no,,,pharmacy,San Miguel de Tucuman
Muñecas SCS,+543814246795,no,roofajardo@hotmail.com,,pharmacy,San Miguel de Tucuman
Matheu,+543814298537,no,farmamatheu@yahoo.com.ar,,pharmacy,San Miguel de Tucuman
Mabel,+543814292574,no,,,pharmacy,San Miguel de Tucuman
Saenz Peña,+543814248109,no,,,pharmacy,San Miguel de Tucuman
Bermudez,+543814245440,no,farmacia1bermudez@hotmail.com,,pharmacy,San Miguel de Tucuman
Juramento,+543814282021,no,,,pharmacy,San Miguel de Tucuman
Atlas,+543814313687,no,,,pharmacy,San Miguel de Tucuman
FarMar Catedral I,+543814221842,no,,,pharmacy,San Miguel de Tucuman
Alejandro Fleming,+543814361553,no,,,pharmacy,San Miguel de Tucuman
Del Pueblo,+543814216600,no,,https://www.farmaciasdelpueblo.com.ar/,pharmacy,San Miguel de Tucuman
España,+543814290327,no,,,pharmacy,San Miguel de Tucuman
Rafael,+543814321359,no,,,pharmacy,San Miguel de Tucuman
Asunción,+543814232976,no,farmaciaasuncion@hotmail.com,,pharmacy,San Miguel de Tucuman
San Joaquin,+543814330394,no,,,pharmacy,San Miguel de Tucuman
Río Salí,+543814223392,no,fciariosali@hotmail.com,,pharmacy,San Miguel de Tucuman
Ely,+543814324420,no,,,pharmacy,San Miguel de Tucuman
Del Pueblo,+543814212149,no,,https://www.farmaciasdelpueblo.com.ar/,pharmacy,San Miguel de Tucuman
San Vicente,+543814850235,no,,,pharmacy,San Miguel de Tucuman
Americana,+543814850298,no,,,pharmacy,San Miguel de Tucuman
Del Piamonte,+543814322738,no,la_farpiamonte@yahoo.com.ar,,pharmacy,San Miguel de Tucuman
Primavera,+543814306250,no,farprimavera@arnetbiz.com.ar,,pharmacy,San Miguel de Tucuman
Belén,+543814274540,no,belenfarmacia@hotmail.com,,pharmacy,San Miguel de Tucuman
Plazoleta Esquina Norte,+543812623962,no,,https://www.farmaciasplazoleta.com/,pharmacy,San Miguel de Tucuman
Ancla,+543814210856,no,farmaciaancla@hotmail.com.ar,,pharmacy,San Miguel de Tucuman
Avenida,+543814504770,no,farmaciaavenidatucuman@yahoo.com.ar,,pharmacy,San Miguel de Tucuman
Plazoleta Belgrano,+543814238659,no,farmaciaplazoleta@hotmail.com.ar,https://www.farmaciasplazoleta.com/,pharmacy,San Miguel de Tucuman
Plazoleta El Bosque,+543812066204,no,,,pharmacy,San Miguel de Tucuman
Del Valle,+543814237102,no,,,pharmacy,San Miguel de Tucuman
Magalí,+543814321024,no,,,pharmacy,San Miguel de Tucuman
América II,+543814239000,no,,,pharmacy,San Miguel de Tucuman
Farmacity,+54 381 497 9160,no,,https://www.farmaciasdelpueblo.com.ar/,pharmacy,San Miguel de Tucuman
Chango Más,+543814853408,no,,,pharmacy,San Miguel de Tucuman
Miluno,+543815491016,no,,,pharmacy,San Miguel de Tucuman
Del Ahorro,+543814340245,no,,,pharmacy,San Miguel de Tucuman
Vital,+543812311954,no,,,pharmacy,San Miguel de Tucuman
Santa Victoria,+543814320387,no,,,pharmacy,San Miguel de Tucuman
Farmacenter,+543814233115,no,farmfarmacenter@yahoo.com,,pharmacy,San Miguel de Tucuman
Santa Cruz,+54 11 5195-1180,no,,,pharmacy,San Miguel de Tucuman
Calcagno,+543814276681,no,info@farmaciacalcagno.com.ar,https://www.farmaciacalcagno.com.ar/,pharmacy,San Miguel de Tucuman
Nino,+543814277204,no,,,pharmacy,San Miguel de Tucuman
Chango Más,+543814510261,no,,,pharmacy,San Miguel de Tucuman
Martín,+543814286128,no,,,pharmacy,San Miguel de Tucuman
Los Lirios,+543814362284,no,nlg75@hotmail.com,https://farmacia-los-lirios.negocio.site/,pharmacy,San Miguel de Tucuman
Anna,+543814853868,no,,,pharmacy,San Miguel de Tucuman
De la Rosa,+543814263049,no,omarlec@arnetbiz.com.ar,,pharmacy,San Miguel de Tucuman
De La Rosa,+543814267268,no,,,pharmacy,San Miguel de Tucuman
Moderna,+543814261637,no,farmaciamoderna@hotmail.com,,pharmacy,San Miguel de Tucuman
De La Rosa,+543814260497,no,,,pharmacy,San Miguel de Tucuman
Imperial,+543814519277,no,,,pharmacy,San Miguel de Tucuman
Martiniano,+543814260918,no,martinianofarma@hotmail.com,,pharmacy,San Miguel de Tucuman
Farmaservis,+543814261566,no,,,pharmacy,San Miguel de Tucuman
Cruz Alta,+543814261438,no,fabianmarchesi@hotmail.com,,pharmacy,San Miguel de Tucuman
Concepción,+543814260808,no,farmconcepcion@arnet.com.ar,,pharmacy,San Miguel de Tucuman
Del Pueblo Express,+543814319882,no,,https://www.farmaciasdelpueblo.com.ar/,pharmacy,San Miguel de Tucuman
Marcantonio Deportes,+54 381 6070555,no,,https://marcantoniodeportes.com.ar/,sports,San Miguel de Tucuman
Cardiología Intervencionista Modelo - CIM,+543814229883,no,cim.modelo@gmail.com,,doctors,San Miguel de Tucuman
Centro Modelo de Cardiología,+543812560074,no,,,doctors,San Miguel de Tucuman
OdontoTucuman,+5493813407776,si,,,dentist,San Miguel de Tucuman
Las Marías,+54 381 454 8681,no,,,hardware,San Miguel de Tucuman
Dermatología y Estética Bollea Garlatti,+54 381 431-0602,no,,,doctors,San Miguel de Tucuman
Comisaría 11,+543814310337,no,,http://www.policiadetucuman.gov.ar/,police,San Miguel de Tucuman
Vea,+54 381 421 3021,no,,http://www.supermercadosvea.com.ar/,supermarket,San Miguel de Tucuman
Lecfer EVT SA,+54 9 3813 60 1481,si,,,travel_agency,San Miguel de Tucuman
MYTO - Masajes y Terapias Orientales (SMT),+54 381 513 0161,no,terapias.myto@gmail.com,https://www.instagram.com/masajes_orientales/,alternative,San Miguel de Tucuman
Fotografía y Video / Producción y edición by Fer,+5493816242212,si,,https://www.instagram.com/ferbustamantee/,photographer,San Miguel de Tucuman
Municipalidad de Banda del Río Salí,+54 381 4268175,no,info@bandadelriosali.gob.ar,https://www.bandadelriosali.gob.ar/,townhall,San Miguel de Tucuman
Centro De Día El Sembrador,+54 381 4265572,no,,,social_facility,San Miguel de Tucuman
IMPREPAPEL (Impresiones),+54 9 381 468 4537,si,pao20lugon3s@gmail.com,https://www.instagram.com/lugones1781/,copyshop,San Miguel de Tucuman
Polituc,+54 381 4272845,no,,,company,San Miguel de Tucuman
BTC to ARS/USD by Club Satoshi,,no,clubsatoshiok@gmail.com,https://forms.gle/3YTn6Pf2KrhQo8w9A,bureau_de_change,San Miguel de Tucuman
Grafica Molina & Kreibohm,+5493812133179,si,,,copyshop,San Miguel de Tucuman
Todo Congelado,+5493865610605,si,,,health_food,San Miguel de Tucuman
Escuela De La Patria Doctor Manuel Belgrano,+54 381 424 7555,no,,,school,San Miguel de Tucuman
Escuela De La Patria Comercio 3,+54 381 424 7555,no,,,school,San Miguel de Tucuman
Luve Tech - Reparación de Celulares,+5493813605587,si,luvetechnologies@gmail.com,,repair,San Miguel de Tucuman
PAKUA - Espacio Interdisciplinario de Artes y Terapias Orientales,+5493815130161,si,recintodepakua@gmail.com,,alternative,San Miguel de Tucuman
Sir Volka - Asesoría Literaria,+54 381 246 1186,no,sirvolkaoficial@gmail.com,,consulting,San Miguel de Tucuman
Escuela Patricias Argentinas,+54 381 4527712,no,,,school,San Miguel de Tucuman
Escuela de Nivel Inicial 49 Juan Bautista Alberdi,+543814286136,no,,,kindergarten,San Miguel de Tucuman
We Love Muchachas,+5493814800200,si,,,clothes,San Miguel de Tucuman
Escuela de Nivel Inciail Patricias Argentinas,+54 381 4527712,no,,,kindergarten,San Miguel de Tucuman
Plazoleta Roca,+543814036293,no,,https://farmaciasplazoleta.com/,pharmacy,San Miguel de Tucuman
Instituto De Gastroenterología,+54 381 4212613,no,,,hospital,San Miguel de Tucuman
La Anónima,+543814504000,no,,https://www.laanonima.com.ar/,supermarket,San Miguel de Tucuman
Sagitario II,+543814274335,no,,,pharmacy,San Miguel de Tucuman
Plazoleta Sur,+543812576909,no,,https://www.farmaciasplazoleta.com/,pharmacy,San Miguel de Tucuman
Plazoleta El León,+543812066823,no,,https://www.farmaciasplazoleta.com/,pharmacy,San Miguel de Tucuman
Plazoleta Mendoza,+543814526030,no,,https://www.farmaciasplazoleta.com/,pharmacy,San Miguel de Tucuman
Plazoleta Lomas de Tafí,+543814345838,no,,https://www.farmaciasplazoleta.com/,pharmacy,San Miguel de Tucuman
Plazoleta Central,+543812300944,no,,https://farmaciasplazoleta.com/,pharmacy,San Miguel de Tucuman
Af Alliance Française Tucumán,03814219651,no,info@aftuc.com.ar,,language_school,San Miguel de Tucuman
Escuela Maternal y Jardín de Infantes Semillita,+54 381 4135307,no,,,kindergarten,San Miguel de Tucuman
Casino de Tucumán,+54 381 431 1118,no,,https://www.casinodetucuman.com/,casino,San Miguel de Tucuman
Hospital del Niño Jesús,+54 381 420 5341,no,,,hospital,San Miguel de Tucuman
Escuela Especial Prospero García,+543814525089,no,prospero.garcia@yahoo.com,,school,San Miguel de Tucuman
Hospital Colonia Juan Maria Obarrio,+543814330781,no,,https://m.facebook.com/hospitaljuanobarrio/,hospital,San Miguel de Tucuman
Banco Nación,+543814503800,no,,https://www.bna.com.ar/,bank,San Miguel de Tucuman
El Ateneo,+543814310560,no,tucuman@elateneo.com,https://www.yenny-elateneo.com/,books,San Miguel de Tucuman
Positano,+543814323000,no,,,restaurant,San Miguel de Tucuman
Instituto Técnico UNT,+54 381 4247752,no,,,college,San Miguel de Tucuman
Vea,+5438147331000,no,,https://www.vea.com.ar/,supermarket,San Miguel de Tucuman
Instituto Doctor Carlos Pellegrini,+543814245375,no,,http://www.pellegrinituc.com.ar/,school,San Miguel de Tucuman
Che! Pizza,+54 381 421 0339,no,chepizza@hotmail.com,,restaurant,San Miguel de Tucuman
Escuela Ramón Paz Posse,+3814269845,no,,,school,San Miguel de Tucuman
Escuela de Todos,+543814368600,no,,,school,San Miguel de Tucuman
Car Noa,+54 381 485-9800,no,internet@car-noa.com,http://www.car-noa.com/,car,San Miguel de Tucuman
Yuhmak,+54 381 451-8863,no,ventas@yuhmak.com.ar,https://www.yuhmak.com/,motorcycle,San Miguel de Tucuman
Belvi,+54 381 422-1745,no,ventas@belvisrl.com.ar,http://www.belvisrl.com.ar/,motorcycle,San Miguel de Tucuman
Banco COMAFI,+543814227021,no,,https://www.comafi.com.ar/,bank,San Miguel de Tucuman
Itaú,+541152771400,no,,https://www.itau.com.ar/,bank,San Miguel de Tucuman
Vea,+548109999832,no,,https://www.vea.com.ar/,supermarket,San Miguel de Tucuman
Atlas,+543814337702,no,,https://www.cineatlasweb.com.ar/,cinema,San Miguel de Tucuman
Comisaría N° 12,+543814347787,no,,,police,San Miguel de Tucuman
Escuela Secundaria Doctor Leandro N. Alem,+543814526311,no,secundarialeandroalem@gmail.com,,school,San Miguel de Tucuman
Sanatorio Paquini,+543814310348,no,administracion@sanatoriopasquini.com.ar,https://sanatoriopasquini.com.ar/,hospital,San Miguel de Tucuman
Comodin,03815258928,no,,https://www.comodinencasa.com.ar/,supermarket,San Miguel de Tucuman
Gymnasium de la UNT,54 0381 4215375,no,,http://dgisrv15.unt.edu.ar/gym/,school,San Miguel de Tucuman
CSS Guillermina 2,+543816799873,no,guillermina2sp@gmail.com,,fuel,San Miguel de Tucuman
Universidad del Norte Santo Tomás de Aquino,+543814101141,no,ciu@unsta.edu.ar,https://www.unsta.edu.ar/,university,San Miguel de Tucuman
Colegio San José de Calasanz,+543814346388,no,,https://www.instagram.com/colegiocalasanztucuman/,school,San Miguel de Tucuman
Sanatorio Modelo,+543814979500,no,gerencia@sanatoriomodelosa.com.ar,https://www.sanatoriomodelosa.com.ar/,hospital,San Miguel de Tucuman
Centro de Diagnóstico por Imágenes - MATSA,+54 381 455 6300,no,,http://www.matsa.com.ar/,laboratory,San Miguel de Tucuman
Centro de Dignóstico Nuclear - CDN,+543814217676,no,,,laboratory,San Miguel de Tucuman
Centro Privado de Cardiología - CPC,+543814305330,no,,,hospital,San Miguel de Tucuman
Megacentro de Compras Gómez Pardo,+54 381 420-0558,no,,https://www.gomezpardo.com.ar/,supermarket,San Miguel de Tucuman
PAMI Instituto Nacional de Servicios Sociales para Jubilados y Pensionados,138,no,,https://www.pami.org.ar/,government,San Miguel de Tucuman
Axion,+543813444046,no,,https://www.axionenergy.com/,fuel,San Miguel de Tucuman
YPF,+54 387 244 5379,no,,https://www.ypf.com/,fuel,Salta
Comisaría Primera,+54 387 421 2222,no,,,police,Salta
La Casona del Molino,+54 387 434 2835,no,,,restaurant,Salta
Centro de Salud 17 Barrio San Remo,+54 387 4270747,no,,,doctors,Salta
Vea Cencosud,+54 387 4311428,no,,https://supermercadosvea.com.ar/,supermarket,Salta
Comodin,,no,info@supermercadoscomodin.com,https://supermercadoscomodin.com/,supermarket,Salta
Avis,+54 387 4222540,no,,,car_rental,Salta
Hertz Salta Center,+54 9 11 3900 4533,si,reservas@hertz.ar,https://www.hertz.com.ar,car_rental,Salta
Escuela Doctor Joaquín Castellanos,+54 387 428 0762,no,,,school,Salta
Domingo Faustino Sarmiento,513874223491,no,,,school,Salta
"La Escuela N° 4028 ""Brigadier Juan Álvarez de Arenales""",+3874954652,no,,,school,Salta
Colegio San Lucas,+3874314030,no,sanlucascolegio@gmail.com,,school,Salta
Escuela General José de San Martín.,+54 387 421 5418,no,,,school,Salta
Confiterìa San José,+54 387 422 1246,no,,,restaurant,Salta
Oficina Unica (trámites Policiales),4312711-4216143-4373190,no,,,government,Salta
HMD-MOTOS,+54 387 684 4490,no,hmd1000@yahoo.com.ar,,motorcycle_repair,Salta
Dante Suspensiones,+54 387 426 2773,no,,,car_repair,Salta
Manos Limpias,+54 387 4222969,no,,,laundry,Salta
Lave-Rap,+54 387 4317283,no,,www.laverap.com,laundry,Salta
Macowens,+54 387 421 2554,no,,https://www.macowens.com.ar/,clothes,Salta
Iglesia el Rio,+54 387 431 7265,no,,,place_of_worship,Salta
Elasticos Suspension System in Salta,+5494280673,si,,,car_repair,Salta
Gamma,4210032,no,gammaelectrohogar@hotmail.com,,bureau_de_change,Salta
Miguel Toyota Center (VW/Toyota),+54 9 387 15 462 5085,si,,,car_repair,Salta
Café Martínez,+54 387 471-5043,no,saltabalcarce@cafemartinez.com.ar,https://www.cafemartinez.com/,cafe,Salta
Distribuidora Yñigo Genio,,no,distribuidora@ynigogenio.com,http://www.ynigogenio.com,department_store,Salta
Tu Momento,+54 3875 061258,no,,,hairdresser,Salta
La Criollita,+54 387 431 7342,no,,,restaurant,Salta
Panaderia Adriano,+54 387 4317567,no,,,bakery,Salta
Viracocha,+54 387 4212916,no,,,restaurant,Salta
Macacha,+54 387 4316183,no,,,restaurant,Salta
Agencias Tren A Las Nubes,,no,ventas@trenalasnubes.com.ar,,travel_agency,Salta
Salta Free Tour,+14122532935,no,info@saltafreetour.com,https://www.saltafreetour.com,travel_agency,Salta
100% Sabroso,4225388,no,,,fast_food,Salta
Laboratorio Ruiz Moreno,+54 387 431 4452,no,laboratorioruiz-moreno@hotmail.com,https://www.labruizmoreno.com.ar/,clinic,Salta
Alto Turismo,+54 387 431 9769,no,,https://www.altroturismo.com.ar/,travel_agency,Salta
Turismo Tastil,+54 387 431 1223,no,,https://www.turismotastil.com.ar/,travel_agency,Salta
Soporte Salta,+543876181860,no,soportesalta@outlook.com,https://soportesalta.com,computer,Salta
Rent a Car Salta,+543874223448,no,reservas@saltarentacar.com,http://www.saltarentacar.com,car_rental,Salta
Cónsul Honorario de la República Federal de Alemania,+54 387 422 90 88,no,salta@hk-diplo.de,,diplomatic,Salta
Hospital Privado Tres Cerrito,+54 387 439 8880,no,,https://hp3c.com.ar/,hospital,Salta
Sixt,+54 387 4216064,no,salta@sixt.com.ar,,car_rental,Salta
La Candelaria Parilla,+54 387 422 3845,no,,,restaurant,Salta
Mikuna Huasi,+54 387 503 8158,no,,,restaurant,Salta
Salita - Centro de Salud Campo Caseros,+54 3874311245,no,,,hospital,Salta
Super Chagra,+54 387 431 0722,no,,,supermarket,Salta
Kosas de Kasas,+54 387 463-9560,no,,,art,Salta
Pieve Salud,+54 387 4217501,no,pievesalud@pieve.com.ar,https://www.grupopieve.com/centromedico-sal.html,clinic,Salta
De Altura - Viajes y Turismo,+54 387 422 3487,no,,https://dealtura.com.ar,travel_agency,Salta
Tienda La Fortuna,+54 387 421 4391,no,tiendalafortunasalta@gmail.com,,clothes,Salta
Tacchi Moda y Accesorios,+54 387 605 3934,no,tacchiargentina@gmail.com,http://www.facebook.com/tacchiargentina,gift,Salta
Café Martínez,+54 387 421-8473,no,portalsalta@cafemartinez.com.ar,https://www.cafemartinez.com/,cafe,Salta
Café Martínez,+54 387 427-1660,no,saltapaseolibertad@cafemartinez.com.ar,https://www.cafemartinez.com/,cafe,Salta
Café Martínez,+54 387 421-9604,no,salta@cafemartinez.com.ar,https://www.cafemartinez.com/,cafe,Salta
Digital Print,+54 387 471 8327,no,digitalprint@live.com.ar,,copyshop,Salta
La Cefira,+54 387 421-4922,no,,,restaurant,Salta
MPC car rental,+5491134210202,si,,https://www.rentacarmpc.com/,car_rental,Salta
colegio belgrano,+54 387 404 7143,no,,,department_store,Salta
Bartom,+54 387 421 3850,no,,,restaurant,Salta
M y M,+54 387 486 5274,no,,,department_store,Salta
Sandwichera martin,+54 9 387 453 0837,si,,,department_store,Salta
Almacén Abel,+54 387 455 3142,no,,,department_store,Salta
Irene Almacén,439 0331,no,,,department_store,Salta
Silvia romeri,+54 387 574 2401,no,,,department_store,Salta
Juan usedo,+54 387 463 5253,no,,,department_store,Salta
Toledo,+54 387 408 8995,no,,,department_store,Salta
María lescano,+54 387 674 2573,no,,,department_store,Salta
nilda gomez,+54 387 678 5742,no,,,department_store,Salta
pablo mendez,+54 3877 45 2654,no,,,department_store,Salta
Silvia perez,+54 387 456 7455,no,,,department_store,Salta
Pablo ortiz,+54 387 574 1962,no,,,department_store,Salta
María belmonte,+54 387 424 5985,no,,,department_store,Salta
María jose,+54 387 514 2356,no,,,department_store,Salta
Lacteos mercedes,+54 387 487 5224,no,,,department_store,Salta
Clínica de la Merced,0384219212,no,clinica_lamerced@yahoo.com.ar,https://www.clinicadelamerced.com/,clinic,Salta
La Coya Empanadas,+54 387 431-9721,no,,,fast_food,Salta
Transfer VIP NOA,+54 387 578-1748,no,,https://transfersalta.com/,travel_agency,Salta
Centro de Salud N° 41 Gerónimo Angelitti,+54 387 439 9622,no,,,centre,Salta
La Maïté Enpanadas,4214546,no,,,fast_food,Salta
Das rent a car,+5493874403852,si,,,car_rental,Salta
Dexotic.com,+543875271499,no,info@dexotic.com,https://www.dexotic.com/,travel_agency,Salta
MTB Aventura Salta,+544215971,no,info@mtbsalta.com,https://www.mtbsalta.com/,travel_agency,Salta
Pucará Rent A Car,+54 9 387 583-7097,si,,https://www.rentacarpucara.com.ar/,car_rental,Salta
Tazmania Delivery,+54 387 535 8765,no,,,restaurant,Salta
Solid,+54 387 6207303,no,administracion@solidmd.com.ar,https://www.solidmd.com.ar/,yes,Salta
centro de salud 18 Portezuelo,+54 387 4282532,no,,,hospital,Salta
Taller TOP MOTO,+54 387 423 5532,no,,,car_repair,Salta
La Rosadita Restaurant,+54 387 421 9226,no,,,restaurant,Salta
Western Union,0810444100,no,,https://wu.com/ar,financial,Salta
Norte Rental Alquiler Autos & Motos,+54 387 4698200,no,,https://www.norterental.com/,motorcycle,Salta
Farmacias del Valle,+54 387 4317578,no,,,pharmacy,Salta
LavaSalta,+54 387 4218005,no,,https://www.instagram.com/lavasalta,laundry,Salta
Condor Moto Trip & Rental,+54 9 387 4636171,si,,https://condormototrip.com/,motorcycle,Salta
Naranja X,+54 810 3336272,no,,naranja.com,bank,Salta
Corona Pizza,+54 387 6399363,no,,,fast_food,Salta
Cardamomo,+54 387 2200559,no,,https://www.monline.com.ar/Cardamomo,restaurant,Salta
Abuelo Francisco,+54 387 4227886,no,,,bakery,Salta
Colegio Sta. Isabel de Hungría,+54 387 421 2110,no,,https://colegiosantaisabeldehungria.com/,school,Salta
SashaDesigns,+5493874684425,si,ventas@sashadesigns.com.ar,https://sashadesigns.com.ar,furniture,Salta
Tierra de Güemes,+542902451869,no,,,restaurant,Salta
Centro De Salud 27 Barrio Intersindical,+54 387 4240899,no,,,hospital,Salta
Centro de Salud 03 Barrio Hernando de Lerma,+54 387 4375060,no,,,hospital,Salta
Centro de Salud 05 Barrio Castañares Viejo,+54 387 4394115,no,,,hospital,Salta
Centro de Salud Nº 6 Barrio El Manjón,+54 387 4281393,no,,,hospital,Salta
Centro De Salud 08 Barrio El Tribuno,+54 387 4241412,no,,,hospital,Salta
Centro de Salud 10 Barrio 20 de Febrero,+54 387 4210189,no,,,hospital,Salta
Centro De Salud 11 Barrio Ciudad Del Milagro,+54 387 4254370,no,,,hospital,Salta
Centro De Salud 12 Barrio Santa Lucía,+54 387 5 095 903,no,,,fast_food,Salta
Centro de Salud 54 Barrio San Ignacio,+54 387 435 3500,no,,,hospital,Salta
Centro de Salud 53 Villa Cristina,+54 387 4230139,no,,,hospital,Salta
Vicaria San Francisco Solano,+54 387 5293648,no,elianaemolinas@gmail.com,,place_of_worship,Salta
Centro de Salud 44 Barrio Floresta,+54 387 4281927,no,,,hospital,Salta
Millenium Computacion,4215177,no,ventas@milleniumcomputacion.com.ar,https://milleniumcomputacion.com.ar/,computer,Salta
ShamRock Barberia,+54 9 3875 82-7058,si,,,hairdresser,Salta
Patio San Francisco,+543874883241,no,,https://linktr.ee/patiosanfrancisco,restaurant,Salta
Farmacias San Francisco Sucursal Avenida Bolivia,+543876711924,no,,,pharmacy,Salta
Guía Comercial Salta,3874572170,no,info@guiacomercialsalta.com.ar,https://guiacomercialsalta.com.ar,advertising_agency,Salta
Dirección General de Inmuebles,+54 387 421 5631,no,,https://inmuebles.gov.ar,government,Salta
Bz Hardware,+54 387 508 1910,no,,,computer,Salta
Estacionamiento Masciarelli,387421021,no,,,parking,Salta
Sarmiento Bikes,+54 387 459 5541,no,,,bicycle,Salta
Kimchirang,+54 387 210 5809,no,,,restaurant,Salta
Centro de Salud 15 Barrio Castañares,+54 387 4250917,no,,,clinic,Salta
Colegio San Pablo,+54 387 436 1583,no,correo@sanpablosalta.edu.ar,https://sanpablosalta.edu.ar,school,Salta
Centro Educativo N° 8171 Fe y Alegría,+54 387 435 4423,no,,,school,Salta
Escuela N° 4012 Pdte. Julio Argentino Roca,+54 387 423 3463,no,escuelaroca@yahoo.com.ar,,school,Salta
Dia,+54 810 222 5315,no,,,supermarket,Salta
Macro,+54 387 425 3721,no,,,bank,Salta
Frigorifico Bermejo,+54 387 4253030,no,,,butcher,Salta
LA FLOR,+54 387 425 5161,no,,,pharmacy,Salta
Registro Civil Ciudad del Milagro,+54 387 4250559,no,,,government,Salta
Fiani,+54 387 431-1602,no,,,car,Salta
Yuhmak,+54 387 496-0992,no,ventas@yuhmak.com.ar,https://www.yuhmak.com/,motorcycle,Salta
Centro de Salud 49 Barrio General Belgrano,+54 387 4250300,no,,,hospital,Salta
Corralón TIto,+543875028495,no,,https://corralontito.business.site/,trade,Salta
Empanadas La Nona,+543876358081,no,,,fast_food,Salta
Farmacia América,+543874219519,no,,,pharmacy,Salta
Finotti Diesel,+543874237880,no,,,car_repair,Salta
Escuela Nº4316 Juana Azurduy de Padilla,+54 387 423-6980,no,juanaazurduydepadilla@hotmail.com,,school,Salta
Lotería de Salta,+543874211238,no,,,lottery,Salta
Corralón Soto,+543874232634,no,,,trade,Salta
Municipalidad de Salta - Medio Ambiente,+548007774400,no,,,townhall,Salta
Electromecanica Machila,+543874127937,no,,,car_repair,Salta
Panadería La Cumbre,+54 387 439 9249,no,,,bakery,Salta
Damesco,+543874361020,no,,https://www.damesco.com.ar/,supermarket,Salta
Peluquería Ricardo,+543876852459,no,,,hairdresser,Salta
Escuela Técnica N° 8,+54 387 423 6980,no,,https://guia-salta.escuelasyjardines.com.ar/ESCUELA-DE-EDUCACION-TECNICA-JUANA-AZURDAY-DE-PADILLA-EX-N-8-salta-capital-salta-i31532.htm,school,Salta
Veterinaria La Huella,+543875068745,no,,,veterinary,Salta
"Escuela Nº 4741 ""Dr. Gustavo ""Cuchi"" Leguizamón""",+54 387 462 4319,no,,,school,Salta
Comisaria N°104 - DUR 1 - Barrio Palermo,+54 387 436 5564,no,,https://web.policiadesalta.gob.ar/,police,Salta
Macro,3874364303,no,,https://www.macro.com.ar/,bank,Salta
Centro de Salud 4,+54 3874375063,no,,,hospital,Salta
Centro de Salud 9 Villa Lavalle,+54 387 4350191,no,,,hospital,Salta
Escuela Doctor Indalecio Gomez,+54 387 421 6443,no,escuelaindaleciogomez@gmail.com,http://www.escuelaindaleciogomez.site,school,Salta
Control Linea 1C,4 238118,no,saeta.usuarios@gmail.com,https://saetasalta.com.ar/saetaw/,bus_station,Salta
YPF,+54 387 432 0363,no,,https://www.ypf.com/,fuel,Salta
Colegio Salesiano Ángel Zerda,+54 387 421 2793,no,,,school,Salta
Banco Provincia,+54 221 429 0100,no,,,bank,La Plata
Teatro Coliseo Podestá,+54 0221 4248457,no,,http://www.coliseopodesta.laplata.gov.ar/,theatre,La Plata
Cervecería Alemana,+54 221 482 6746,no,,,bar,La Plata
Registro Civil,,no,cqr@jg.gba.gov.ar,http://www.gob.gba.gov.ar/portal/registro,government,La Plata
Biblioteca Pública,4236607,no,,https://biblio.unlp.edu.ar/,library,La Plata
Parroquia Nuestra Señora del Valle,+54 221 421 3922,no,,,place_of_worship,La Plata
Unidad Sanitaria 19 De Berisso,+54 221 424 8655,no,,,clinic,La Plata
Comisaría Berisso 4°,+54 221 423 1924,no,,,police,La Plata
El Aguila,+54 221 421 0892,no,,,pharmacy,La Plata
Frávega,+54 221 4225812,no,,,electronics,La Plata
Banco Santander,+54 221 410 7600,no,,https://www.santander.com.ar,bank,La Plata
Superintendencia de Servicios Sociales,+54 221 423 1914,no,,http://www.sersoc.org.ar,government,La Plata
Ortopedia LOI,+54 221 4244324,no,,,yes,La Plata
Santander,+54 221 410 2800,no,,https://www.santander.com.ar,bank,La Plata
Ensamble Musical,+54 221 423 1610,no,ensamblemusical@gmail.com,,musical_instrument,La Plata
Arrieta,+54 221 489 1773,no,,,pharmacy,La Plata
Bruno,+54 221 421 0984,no,,,pharmacy,La Plata
Corsico,+54 221 421 0892,no,,,pharmacy,La Plata
Crivaro,+54 221 457 3957,no,,,pharmacy,La Plata
Dalton,+54 221 421 1495,no,,,pharmacy,La Plata
Del Centro,54 0221 4210331,no,,,pharmacy,La Plata
Del Nuevo Teatro,+54 221 483 4705,no,,,pharmacy,La Plata
Della Casa,+54 221 422 9440,no,,,pharmacy,La Plata
Doctor Uribe,+54 221 451 0691,no,,,pharmacy,La Plata
Antica,+54 221 427 8126,no,,,restaurant,La Plata
El Indio S.C.S.,+54 221 423 3453,no,,,pharmacy,La Plata
Nagy S.C.S(EliÇabe),+54 221 424 1902,no,,,pharmacy,La Plata
Banco Provincia,+54 221 482 7385,no,,,bank,La Plata
Casa Muzik,+54 221 489 8336,no,,,musical_instrument,La Plata
Banco Santander,+54 221 410 2700,no,,https://www.santander.com.ar,bank,La Plata
Delegación La Plata,+54 221 483 0011,no,,https://www.argentina.gob.ar/policia-federal-argentina,police,La Plata
Fagnani,+54 221 421 0460,no,,,pharmacy,La Plata
Fariña,+54 221 452 0886,no,,,pharmacy,La Plata
Farluz S.C.S.,+54 221 451 5711,no,,,pharmacy,La Plata
Fragasso,+54 221 452 9923,no,,,pharmacy,La Plata
Bet-El,+54 221 427 6542,no,,,laundry,La Plata
Galicia Más,+54 221 423 5644,no,,https://www.galiciamas.com.ar/,bank,La Plata
Thionis,+54 221 427 4442,no,,,ice_cream,La Plata
Escuela Educación Media Nº6 - Republica de México,+54 221 421 5849,no,,,school,La Plata
ABC Musica,+54 221 422 1567,no,,,musical_instrument,La Plata
Che Music,+54 221 422 5978,no,,http://www.che-music.com.ar,musical_instrument,La Plata
Drum Shop,+54 221 489 4845,no,,,musical_instrument,La Plata
Eco Music,54 0221 4277762,no,,,musical_instrument,La Plata
EdenLP,+54 221 483 2595,no,,,musical_instrument,La Plata
La Central,+54 221 483 8649,no,,,musical_instrument,La Plata
Musicalidad 41,+54 221 424 8876,no,,,musical_instrument,La Plata
Musicmans,+54 221 483 8147,no,,,musical_instrument,La Plata
Instituto Movilizador de Fondos Cooperativos,+54 221 425 3978,no,,,government,La Plata
Cinema Rocha,+54 221 425 9873,no,,http://www.cinemalaplata.com/,cinema,La Plata
Banco Nación,+54 221 427 0830,no,,http://www.bna.com.ar/,bank,La Plata
Santander,+54 221 410 6100,no,,https://www.santander.com.ar,bank,La Plata
Macro,+54 221 422 4421,no,,,bank,La Plata
Club de Ajedrez La Plata,+54 221 421 6605,no,,http://www.ajedrezplatense.com.ar/,community_centre,La Plata
Arquitecto Alejandro Sago,+54 221 482 2569,no,alejandro@alejandrosago.com.ar,https://alejandrosago.com.ar/,architect,La Plata
Sagrado Corazón de Jesús (Los Hornos),+54 221 456 0661,no,,,place_of_worship,La Plata
San Cayetano,+54 221 479 3081,no,,,place_of_worship,La Plata
San Miguel Arcángel,+54 221 482 4491,no,,,place_of_worship,La Plata
San Pablo,+54 221 483 3347,no,,,place_of_worship,La Plata
Santa Lucía (Villa Rivera),+54 221 482 0250,no,,,place_of_worship,La Plata
Escuela N° 65 - Bartolome Mitre (EGB),+54 221 421 5676,no,,,school,La Plata
Yupanqui,+54 221 453 0820,no,,,fast_food,La Plata
Casa de Pre Alta,+54 221 478 0181,no,,,social_facility,La Plata
Café Martínez,+54 221 423-0918,no,laplata2@cafemartinez.com.ar,https://www.cafemartinez.com/,cafe,La Plata
Cinema City,+54 221 423 5456,no,,http://www.cinemalaplata.com/,cinema,La Plata
Cinema San Martin,+54 221 483 9947,no,,http://www.cinemalaplata.com/,cinema,La Plata
Relojeria Argos,+54 221 421 7002,no,,,jewelry,La Plata
Instituto Inmaculada de La Plata,+54 221 421 4503,no,,http://www.inmaculadalp.edu.ar/,school,La Plata
Colegio Juan XXIII,+54 221 424 3714,no,,,school,La Plata
Colegio Nuestra Señora de Luján,+54 221 422 9599,no,,,school,La Plata
Colegio Nuestra Señora del Valle,+54 221 421 2664,no,,,school,La Plata
El Banderin,+54 221 482 3660,no,,,toys,La Plata
Hugo Fotovideo - Impresión y revelado,+54 221 421 4612,no,,,photographic_laboratory,La Plata
"Hospital Subzonal Especializado ""Elina De La Serna De Montes De Oca""",+54 221 421 2729,no,administracion-hdelaserna@ms.gba.gov.ar,,hospital,La Plata
Saki Sushi,+54 221 421 1681,no,,,restaurant,La Plata
Supervielle,+54 221 410 6830,no,,,bank,La Plata
Banco ICBC,+54 221 412 0700,no,,,bank,La Plata
Café Martínez,+54 221 410-0476,no,laplata@cafemartinez.com.ar,https://www.cafemartinez.com/,cafe,La Plata
Joy Div Computers,+54 221 422 4298,no,info@joy-div.com.ar,www.joy-div.com.ar,computer,La Plata
Credicoop,+54 221 423 3308,no,,,bank,La Plata
Sánchez,+5492214572753,si,,,pharmacy,La Plata
Pizzano,+54 221 457 0295,no,,,pharmacy,La Plata
Del Bono,+54 221 421 5969,no,,,pharmacy,La Plata
Banco Galicia,+54 221 425 1020,no,,,bank,La Plata
Xocoa - Chocolate Original,+54 221 423 6117,no,,https://www.xocoa.com.ar/,confectionery,La Plata
Centro Unico Coordinador de Ablación e Implante de la Provincia de Bs. As.,54 0221 44276070,no,cucaiba@cucaiba.gba.gov.ar,,government,La Plata
Hospital Zonal Especializado En Cronicos El Dique,+54 221 423 5175,no,,,clinic,La Plata
JDR,+54 221 588-5453,no,,,hardware,La Plata
Credicoop,+54 221 489 4643,no,,,bank,La Plata
Rimbaud,+54 221 423 2172,no,,,restaurant,La Plata
Isis Sun depilacion,+542214216013,no,,http://isisdepilacion.com.ar,beauty,La Plata
CARNE,4219817,no,,,restaurant,La Plata
Biblioteca López Merino,+54 221 427 5795,no,cbmlopezmerino@laplata.gov.ar,http://cbm.laplata.gov.ar/,library,La Plata
Biblioteca de Arte,+54 221 427 1193,no,biblioteca@macla.com.ar,,library,La Plata
Archivo Histórico de la Provincia de Buenos Aires “Dr. Ricardo Levene”,+54 221 482 4925,no,biblioteca@macla.com.ar,,library,La Plata
"Biblioteca Braille, Digital y Parlante de la Provincia de Buenos Aires",+54 221 4210578,no,,,library,La Plata
Biblioteca Pública Central Ernesto Sabato,+54 221 4254954p104,no,,,library,La Plata
Play Stadium,+54 221 422 5769,no,,,community_centre,La Plata
Scotti Libros,+54 221 422 7172,no,,https://www.scottilibros.com.ar/,books,La Plata
American House,+54 221 423 0235,no,,,toys,La Plata
Asociación Sarmiento,+54 221 421 3474,no,,,community_centre,La Plata
Crumb Historietas,+54 221 423 3375,no,,http://www.Crumb.cam.ar,books,La Plata
Registro Provincial de las Personas - Centros de Documentación RApida (CDR),+54 221 427 1530,no,,,government,La Plata
Hiper Coop,+54 221 426 2800,no,,https://www.hipercoop.com/,electronics,La Plata
Lo de Carlitos,+54 221 489 8544,no,,,restaurant,La Plata
Papelote,+54 221 423 5140,no,,http://www.papelote.com.ar,stationery,La Plata
Cine Paradiso,+54 221 4834474,no,,http://www.cinemalaplata.com/,cinema,La Plata
Ente Nacional Regulador del Gas,+54 221 4270245,no,,https://www.enargas.gov.ar/,government,La Plata
Ginko Eventos,+54 9 221 668 7693,si,,http://www.ginkgoeventos.com.ar,community_centre,La Plata
Universidad del Este - Rectorado,+54 221 422 4636,no,,https://ude.edu.ar/,university,La Plata
Universidad del Este,+54 221 483 3777,no,,https://ude.edu.ar/,university,La Plata
Otero,+54 221 422 8586,no,,https://www.otero.com.ar/,electronics,La Plata
Ribeiro,+54 221 427 5543,no,,,electronics,La Plata
Banco Nación,+54 221 421 7727,no,,http://www.bna.com.ar/,bank,La Plata
Restaurante Centro Vasco,+54 221 410 8542,no,,,restaurant,La Plata
Puesto 928,+54 221 428 3394,no,,,newsagent,La Plata
Bolsa de Comercio de La Plata,+54 221 421 7202,no,,https://www.probolsa.com.ar/,company,La Plata
"Caja de Retiros, Jubilaciones y Pensiones de las Policias de la Provincia de Buenos Aires",+54 221 423 2611,no,,http://www.cajapolgba.org.ar/,association,La Plata
Soles,+54 221 489 5520,no,,,toys,La Plata
kacun pizza,+54 221 457 0440,no,,,fast_food,La Plata
Banco Provincia,+54 221 450 4926,no,,,bank,La Plata
Instituto de Obra Médico Asistencial (IOMA) La Plata,+54 221 4787403,no,,,company,La Plata
Punto 45,+54 9 221 357-3154,si,,,stationery,La Plata
"Carnicería y Pollajeria ""Don Oscar""",+54 221 622 7480,no,,,butcher,La Plata
Unidad de Pronta Atención (UPA),+54 221 450 9005,no,,,physician,La Plata
7 y 59 Servicio Técnico Celulares,+54 221 627 0727,no,alana6@gmail.com,,mobile_phone,La Plata
Residencia Corazón,+54 9 221 400 96 02,si,,https://residenciacorazon.com.ar/,arts_centre,La Plata
Legaleslaplata,+54 221 477 1376,no,legaleslaplata@yahoo.com.ar,https://www.legaleslaplata.com.ar,lawyer,La Plata
Suárez,4509364,no,,,pharmacy,La Plata
Americana,+54 221 427 0282,no,,,pharmacy,La Plata
Banco Provincia,+54 221 489 1007,no,,,bank,La Plata
Farmacia 60,+54 221 451 6125,no,,,pharmacy,La Plata
Juguetron,+54 9 221 498 7428,si,,,toys,La Plata
Farmacia de la Policía de la Provincia de Buenos Aires,08002220355,no,,https://www.sersoc.org.ar/,pharmacy,La Plata
Aguilar,+54 221 452 0377,no,,,hardware,La Plata
El Jagüel,+54 221 453 7738,no,,,veterinary,La Plata
Entio,+54 221 452 4331,no,,,pharmacy,La Plata
Horacio Varela Propiedades,+54 221 422 9241,no,,https://www.horaciovarela.com.ar/,estate_agent,La Plata
Princi,+54 221 453 6291,no,,,hardware,La Plata
"Cámara de Apelación en lo Contencioso Administrativo - La Plata, Quilmes, Lomas de Zamora",+54 221 427 4146,no,,,courthouse,La Plata
Infinito Fiestas,54 0221 42217482,no,,,community_centre,La Plata
Juzgado de Familia Nº 1 - La Plata,+54 221 410 4400,no,,,courthouse,La Plata
Juzgado en lo Contencioso Administrativo No 1 - La Plata,+54 221 482 7000,no,,,courthouse,La Plata
La Sorbetiere,+54 221 422 7302,no,,,ice_cream,La Plata
Subsecretaria de Derechos Humanos de las Personas Privadas de la Libertad,54 0221 430804,no,,,courthouse,La Plata
Tribunal de Casacion Penal,+54 221 423 1901,no,,,courthouse,La Plata
Tello,+54 221 445 0952,no,,,pharmacy,La Plata
Centro de Formación Profesional Dardo Rocha,+54 221 489 5272,no,,,college,La Plata
Banco Ciudad,+54 221 482 5196,no,,,bank,La Plata
Comafi,+54 221 423 2639,no,,,bank,La Plata
Galicia,+54 221 427 7388,no,,,bank,La Plata
Santa Teresita,+54 221 425 3255,no,,,pharmacy,La Plata
Banco Provincia,+54 221 489 3825,no,,,bank,La Plata
Sondos Albergue transitorio,+54 221 482 3671,no,,,love_hotel,La Plata
Terapia Radiante SA,+54 221 483 9173,no,,,clinic,La Plata
Los Alerces Librería,+54 221 410 9464,no,contacto@losalerces.com.ar,https://losalerces.com.ar/,books,La Plata
BrewHouse,+54 9 11 4979 4713,si,,https://www.facebook.com/brewhouselaplata/,bar,La Plata
Iglesia Berea,+54 221 600 9503,no,,,place_of_worship,La Plata
Cobalto Ingenieria,+542214228218,no,info@cobaltoingenieria.com.ar,http://www.cobaltoingenieria.com.ar,electronics,La Plata
Reparación de Celulares,+54 221 560 5027,no,camachocastillo555@gmail.com,,mobile_phone,La Plata
Instituto de Diagnóstico Cardiovascular La Plata,+54 221 422 2664,no,,https://www.idclp.com.ar/,doctors,La Plata
Instituto Médico Mater Dei,+54 221 439 3000,no,,,clinic,La Plata
ProDance,+54 221 458 6020,no,,,school,La Plata
Ambulancias La Plata,+54 221 489 6322,no,ambulanciaslp@hotmail.com,https://www.ambulanciaslaplata.com/,hospital,La Plata
Smart Technology,+54 221 6115728,no,pedidos@smartlaplata.com.ar,https://www.smartlaplata.com.ar/,mobile_phone,La Plata
FLB,+54 9 221 552 2278,si,flbseguros@gmail.com,,insurance,La Plata
Estudio del Rio,4226697,no,info@estudiodelrio.com.ar,https://www.estudiodelrio.com.ar/,estate_agent,La Plata
Zur3D,+54 221 417 7220,no,info@zur3d.com.ar,https://zur3d.com.ar/,electronics,La Plata
Banco Provincia,+54 221 482 0049,no,,,bank,La Plata
Galicia,+54 221 422 9640,no,,,bank,La Plata
Librería Atenea,+54 221 427 4757,no,,,books,La Plata
AMIA,+54 221 482 1776,no,,,association,La Plata
Mambru Jardín de Infantes,+54 221 4088908,no,,,kindergarten,La Plata
Banco Ciudad,+54 221 482 3196,no,,,bank,La Plata
Bicicletas Pianelli,+54 221 425 0800,no,,https://www.pianelli.com.ar/,bicycle,La Plata
Comics Séptimo Portal,+54 221 4221567,no,,,books,La Plata
BAMP Group,+54 9 11 5305-7778,si,,,motorcycle,La Plata
NB Informatica,+54 221 421 2683,no,info@nbinformatica.com.ar,https://www.nbinformatica.com.ar/,computer,La Plata
Distribuidora Don Otto,,no,distdonotto@gmail.com,,supermarket,La Plata
Marva,+54 221 4572177,no,,,laundry,La Plata
La casa del Acero Inoxidable,+54 221 424 8141,no,,,hardware,La Plata
Genelab,+542214237729,no,,https://www.genelab.com.ar/,laboratory,La Plata
Laboratorio D'Agostino-Bruno,+542214254900,no,,https://www.dagostino-bruno.com.ar/,laboratory,La Plata
iLounge,,no,info@ilounge.com.ar,,electronics,La Plata
De Picos Pardos Boutique Cervecera,+54 221 586-9793,no,,,brewery,La Plata
Autoservicio Montana,+54 221 4244834,no,,,convenience,La Plata
Aloise - Casa Central,+542214511115,no,marketing@grupoaloise.com,https://aloisevirtual.com.ar/,electronics,La Plata
La Compostera,+54 221 562 4971,no,,,restaurant,La Plata
Keuken SA,+54 11 52633862,no,,http://www.keuken.com.ar/,computer,La Plata
Unidad Sanitaria Barrio Mosconi,+54 221 460 2358,no,,,clinic,La Plata
Unidad Sanitaria 80 De Ensenada,+54 221 421 2584,no,,,clinic,La Plata
Unidad Sanitaria 44 Dr Ramon Carrillo,457-0070,no,,,clinic,La Plata
Unidad Sanitaria 43 De Berisso,+54 221 464 5066,no,,,clinic,La Plata
Mendez & Abogados,+54 221 4242997,no,estudiojuridico@mendezabogados.com.ar,http://www.mendezabogados.com.ar/home.html,lawyer,La Plata
Confitería Aruse,+54 221 4835703,no,,https://casaclick.com.ar/listing/aruse/,cafe,La Plata
"Oh, Yes! Sex Shop",+54 221 423-5057,no,,https://ohyes.com.ar/,erotic,La Plata
Ratones Sex Shop,+54 221 422-1057,no,,https://sexshopratones.com.ar/,erotic,La Plata
Panaderia La Caprichosa,+54 221 451 2482,no,,,bakery,La Plata
Pescaderia El Suave,+54 221 457 2981,no,,,seafood,La Plata
Vittal,+54 0810 888 48825,no,info@vittal.com.ar,https://www.vittal.com.ar,insurance,La Plata
NotBug IT,+54 221 627 3888,no,contacto@notbugit.com,http://www.notbugit.com,consulting,La Plata
Sanatorio Médico Los Tilos,+54 221 4834151,no,,,clinic,La Plata
Cabrera Bienes Raices 7505,+5492213552452,si,consultas@cabrerabienesraices.com.ar,https://www.cabrerabienesraices.com.ar/,estate_agent,La Plata
Disco,+54 221 422-9696,no,,,supermarket,La Plata
Motomanía,+54 221 452-3002,no,,https://motomania-la-plata.negocio.site/,motorcycle,La Plata
Clínica breast,+54 221 4126262,no,info@clinicabreast.com.ar,https://clinicabreast.com.ar/,clinic,La Plata
La Mantequeria 13,+54 221 595 2638,no,,,bakery,La Plata
Opti B,+54 221 572 4113,no,,http://optib.com.ar,optician,La Plata
Eyelit - Ropa interior para hombre,+54 221 649 7726,no,,,clothes,La Plata
Libros Lenzi,+542214831086,no,,,books,La Plata
C.E.Re Centro de Enfermedades Respiratorias - La Plata,+54 221 4250200,no,cerelaplata@gmail.com,https://www.cerelaplata.com.ar,doctors,La Plata
SWING,+54 221 489 4241,no,,,variety_store,La Plata
901 Seguridad Monitoreada,+54 221 410 9901,no,,https://www.901.com.ar,security,La Plata
901 Seguridad Monitoreada - Departamento técnico,+542214109901,no,,https://www.901.com.ar,security,La Plata
Súper 66,+54 379 481 7036,no,,,supermarket,La Plata
El Duero Bodega,+5492213531690,si,,www.instagram.com/elduerobodega,restaurant,La Plata
Hey Grow,+5492216262888,si,,,garden_centre,La Plata
Copy 6,+54 9 221 482 8467,si,copyseis@yahoo.com.ar,,copyshop,La Plata
La Bastilla,+54 221 436 8795,no,,https://tiendacafelabastilla.com.ar/,cafe,La Plata
Dovana,+549221155454848,si,,https://www.dovana.com.ar,cleaning_supplies,La Plata
Docena-Orellano,+5492214883698,si,,https://instagram.com/lab.docena.orellano/,sample_collection,La Plata
Kar-Die,+5492214521464,si,,,bakery,La Plata
Venetto,+5492215480520,si,,,deli,La Plata
Super Pallas,+5491127357091,si,,,supermarket,La Plata
Los Pollitos de Mamá,+5492214586059,si,,,butcher,La Plata
El Jacarandá,+5492216688269,si,,,veterinary,La Plata
Dirección Provincial de Defensa Civil de la Provincia de Buenos Aires,+54 221 452 0045,no,,https://www.mseg.gba.gov.ar/,government,La Plata
Hospital Italiano de La Plata,+54 221 453 5000,no,,http://www.italianolaplata.com.ar,hospital,La Plata
Instituto de Hemoterapia de La Plata,+54 221 451 0137,no,hemoba@ms.gba.gov.ar,https://www.ms.gba.gov.ar/sitios/hemoterapia/,hospital,La Plata
Hospital Interzonal de Agudos Especializados en Pediatría Sor María Ludovica,+54 221 453 5901,no,ludovica@ms.gba.gov.ar,,hospital,La Plata
Iglesia Catedral Nuestra Señora de los Dolores,+54 221 4211993,no,,,place_of_worship,La Plata
Colegio Cristo Rey,+54 221 421 3649,no,,,school,La Plata
Colegio San Pio XI,+54 221 452 6850,no,,,school,La Plata
Colegio Nuestra Señora de Lourdes,+54 221 423 4841,no,,,school,La Plata
Colegio Santa Teresa de Jesús,+54 221 451 6708,no,,,school,La Plata
Colegio Mater Dei,+54 221 453 1071,no,,,school,La Plata
Comisaría La Plata 11°,+54 221 423 1955,no,,,police,La Plata
Colegio Sagrada Familia,+54 221 421 2231,no,,,school,La Plata
Escuela Media n.° 31 Libertador General José de San Martín,+54 221 4211372,no,media31comercial@yahoo.com.ar,,school,La Plata
Basílica Sagrado Corazón de Jesús,+54 221 483 9466,no,,,place_of_worship,La Plata
Centro Cultural Estación Provincial,+54 221 457 1207,no,,https://www.estacionprovincial.com.ar/,arts_centre,La Plata
Axion,+54 221 508 3434,no,,,fuel,La Plata
"Hospital Zonal Especializado ""Dr. Noel H. Sbarra""",+54 221 4573497,no,sbarra@ms.gba.gov.ar,https://www.hospitalsbarra.com.ar/,hospital,La Plata
Escuela Polimodal n.°29 - Benito Lynch,+54 221 482 7093,no,,,school,La Plata
San Francisco de Asís,+54 221 451 0600,no,,,place_of_worship,La Plata
Parroquia Nuestra Señora de la Luz,+54 221 482 7689,no,,,place_of_worship,La Plata
Cristo Rey,+54 221 451 4150,no,,,place_of_worship,La Plata
Escuela Primaria N* 15,+54 221 421 3902,no,,,school,La Plata
Ntra. Sra. de Fátima (Circunvalación),+54 221 452 3527,no,,,place_of_worship,La Plata
Nuestra Señora. de Guadalupe,+54 221 422 2840,no,,,place_of_worship,La Plata
Parroquia Nuestra Señora de la Merced,+54 221 483 1843,no,,,place_of_worship,La Plata
Ntra. Sra. de la Piedad,+54 221 457 6746,no,,,place_of_worship,La Plata
Ntra. Sra. de la Victoria,+54 221 451 1590,no,,,place_of_worship,La Plata
Nuestra Señora del Pilar,+54 221 424 6764,no,,,place_of_worship,La Plata
Nuestra Señora de Lourdes,+54 221 457 6746,no,,,place_of_worship,La Plata
Disco,+54 221 479-2447,no,,,supermarket,La Plata
Asociación de Empleados de la Dirección de Rentas e Inmobiliaria (AERI),+54 221 4270973,no,,http://www.aeri.org.ar,company,La Plata
Escuela EGB N° 33 Juan Manuel Ortiz de Rozas,+54 221 421 6304,no,,,school,La Plata
Colegio Corazón Eucarístico de Jesús,+54 221 422 7511,no,,,school,La Plata
La Cueva de Osofete - Jardín de Inf.,+54 221 451 4078,no,,,school,La Plata
Hospital Rossi,+54 221 482 8821,no,,,hospital,La Plata
Hospital San Juan de Dios,+54 221 457 5454,no,direccion-sjdios@ms.gba.gov.ar,,hospital,La Plata
Escuela EGB Nº 58 Vice-Almirante Vicente Estanislao Montes,+54 221 451 0388,no,,,school,La Plata
Escuela Primaria 22,+54 221 457 8602,no,,,school,La Plata
Hospital General San Martín,+54 221 421 1195,no,administracion-hsmartin@ms.gba.gov.ar,,hospital,La Plata
EP Nº60,+54 221 471 4086,no,,,school,La Plata
San Juan Bosco,+54 221 470 0932,no,,,place_of_worship,La Plata
Colegio San Cayetano,+54 221 479 3081,no,,,school,La Plata
Banco Provincia,+54 221 479 3336,no,,,bank,La Plata
Lado B,+54 221 4707981,no,,,restaurant,La Plata
Banco Provincia,+54 221 470 9988,no,,,bank,La Plata
Brother's,4799922,no,,,pet,La Plata
Sella,+54 221 425 8844,no,,,pharmacy,La Plata
Supermercado Melanie,+54 221 482 1199,no,,,supermarket,La Plata
Kaizen,+54 221 483-1746,no,info@kaizenhonda.com.ar,http://www.kaizenhonda.com.ar/,motorcycle,La Plata
Banco Nación,+54 221 423 4999,no,,http://www.bna.com.ar/,bank,La Plata
BBVA,+54 221 429 0050,no,,https://www.bbva.com.ar,bank,La Plata
H,+54 221 512 1638,no,,https://www.heladeriah.com.ar/,ice_cream,La Plata
Noni Noni,+5492216020602,si,,,baby_goods,La Plata
Tibet,4513663,no,,,ice_cream,La Plata
Motorräder,+5492215628397,si,,,car_parts,La Plata
Shell,+54 221 4257891,no,,https://find.shell.com/ar/fuel/AR_10039255-fedagas-s-a,fuel,La Plata
Apples,+54 221 457 4815,no,,,ice_cream,La Plata
Colegio Padre Castañeda,+54 221 451 2241,no,,,school,La Plata
Centro Diagnóstico Mon,+54 221 439 2100,no,,https://www.diagnosticomon.com.ar/,hospital,La Plata
Banco Provincia,+54 221 425 1141,no,,,bank,La Plata
San Antonio de Padua,+54 221 427 6227,no,,,place_of_worship,La Plata
Banco Nación,+54 221 429 0451,no,,http://www.bna.com.ar/,bank,La Plata
Segretín,+54 221 483 9375,no,,,hardware,La Plata
Ministerio de Desarrollo Social de la Provincia de Buenos Aires,+54 221 4295000,no,,http://www.mds.gba.gov.ar/,government,La Plata
Neumen,+54 221 457-5734,no,laplata@autoneumen.com.ar,http://www.autoneumen.com/,tyres,La Plata
Kaizen,+54 221 427-6101,no,info@kaizenhonda.com.ar,http://www.kaizenhonda.com.ar/,motorcycle,La Plata
Colegio de Escribanos de Buenos Aires,+54 221 412 1800,no,,http://www.colescba.org.ar,association,La Plata
Comisaría Ensenada 3°,+54 221 423 1743,no,,,police,La Plata
Comisaría La Plata 1°,+54 221 423 1945,no,,,police,La Plata
Comisaría La Plata 2°,+54 221 423 1947,no,,,police,La Plata
Comisaría La Plata 3°,+54 221 450 7890,no,,,police,La Plata
Comisaría La Plata 4°,+54 (221) 423-1949,no,,,police,La Plata
Comisaría de la Mujer y la Familia de La Plata,+54 221 423 1826,no,,,police,La Plata
Comisaría La Plata 6°,+54 221 423 1951,no,,,police,La Plata
Comisaría La Plata 8°,+54 221 452 4322,no,,,police,La Plata
Comisaría La Plata 9°,+54 221 423 1953,no,,,police,La Plata
Comisaría La Plata 16°,+54 221 457 7126,no,,,police,La Plata
"Supermercado ""La Amistad""",+54 221 479 0118,no,,https://supermercadolaamistad.com.ar,supermarket,La Plata
Instituto Medico Mater Dei,+54 221 439 3000,no,,http://www.materdeisa.com.ar,hospital,La Plata
Sanatorio Argentino,+54 221 412 9500,no,,http://www.sanargen.com.ar/,hospital,La Plata
Hospital Zonal General de Agudos “Dr. Ricardo Gutiérrez”,+54 221 483 0171,no,direccion-gutierrez@ms.gba.gov.ar,,hospital,La Plata
Colegio Nuestra Señora de la Merced,+54 221 479 4298,no,,,school,La Plata
Escuelas de Educación Estética Nº 2,+54 261 489 5080,no,,,school,La Plata
Colegio Nuestra Señora de La Misericordia,+54 221 421 0476,no,,,school,La Plata
Autoservicio Plaza,+542214270490,no,,,supermarket,La Plata
Chevroskar,+54 221 651 7699,no,,https://chevroskar.com.ar,general,La Plata
San José,+54 221 421 2303,no,,,place_of_worship,La Plata
Banco Galicia,+54 221 482 9596,no,,,bank,La Plata
Cinema 8,+54 221 482 5554,no,,http://www.cinemalaplata.com/,cinema,La Plata
Nuestra Señora de Luján,+54 221 451 0912,no,,,place_of_worship,La Plata
Farmacias Global,+54 299 633-4289,no,,https://farmaciasglobal.com.ar/,pharmacy,Neuquen
Ortodoncia J. Favier,+54 299 447 4500,no,consultas@drgerardofavier.com.ar,http://www.drgerardofavier.com.ar/,dentist,Neuquen
Óptica Neuquén,+54 299 442-2925,no,opticaneuquen@hotmail.com,,optician,Neuquen
Tescom,+54 299 447 4645,no,,https://tescomsrl.com.ar/,computer,Neuquen
Libracos,54 0299 4423662,no,,,books,Neuquen
Flipper,+54 299 447 2044,no,,,toys,Neuquen
Galerna,+54 299 443 7249,no,,,books,Neuquen
Lysa,+54 299 442 3911,no,,,stationery,Neuquen
Copy Show,+54 299 448-8217,no,neuquen@copyshow.ar,https://www.copyshow-neuquen.com/,copyshop,Neuquen
Todomúsica,+54 299 447-0004,no,,,musical_instrument,Neuquen
Pescadería El Golfo Azul,+54 299 442 8418,no,,,seafood,Neuquen
Bonelli,+54 299 442-3238,no,,https://www.casabonelli.com/,musical_instrument,Neuquen
BBVA,0800-333-0303,no,,https://www.bbva.com.ar/,bank,Neuquen
Dante Pinturerías,+54 810 362 0012,no,ventasweb@dantepinturerias.com.ar,https://www.dantepinturerias.com/,paint,Neuquen
Farmacias Global,+54 299 656-4637,no,,https://farmaciasglobal.com.ar/,pharmacy,Neuquen
Per Uomo''s,+54 299 442 3030,no,,,hairdresser,Neuquen
Satch Pizzas,+54 299 477-0749,no,,,fast_food,Neuquen
TECHNOLOGY STORE,+54 299 447 1573,no,ventas@notebooksneuquen.com,http://www.notebooksneuquen.com,computer,Neuquen
Estudio Jurídico Tortone,,no,marinatortone@gmail.com,http://estudiojuridicotortone.com.ar/,lawyer,Neuquen
Vista Energy Argentina SAU,+54 299 430-7100,no,,https://www.vistaenergy.com/,company,Neuquen
Farmacia del Pueblo,+54 299 434-0301,no,,https://www.farmaciadelpueblo.com.ar/,pharmacy,Neuquen
Rotil,+54 299 478-1881,no,,,houseware,Neuquen
Narcisas Unisex,+54 299 583-2596,no,,,hairdresser,Neuquen
Farmacia del Pueblo,+54 299 446-3300,no,,https://www.farmaciadelpueblo.com.ar/,pharmacy,Neuquen
Farmacias Global,+54 299 438-7809,no,,https://farmaciasglobal.com.ar/tienda/,pharmacy,Neuquen
Farmacia del Pueblo,+54 299 442-2374,no,,https://www.farmaciadelpueblo.com.ar/,pharmacy,Neuquen
La Caja de Ahorro y Seguro,+54 299 448-0585,no,sucneuquen@lacaja.com.ar,https://seguros.lacaja.com.ar/,insurance,Neuquen
Banco Patagonia,0800 777 8500,no,,https://www.bancopatagonia.com.ar/,bank,Neuquen
ASPA Desarrollos Patagonia,+54 810 666 6277,no,contacto@aspatagonia.com.ar,https://aspatagonia.com.ar/,construction_company,Neuquen
LM Neuquén,+54 299 449-0443,no,,https://www.lmneuquen.com/,newspaper,Neuquen
Farmacias Global,+54 299 504-5657,no,,https://farmaciasglobal.com.ar/,pharmacy,Neuquen
Claro,0800 123 0611,no,,https://www.claro.com.ar/,mobile_phone,Neuquen
Aerolíneas Argentinas,0810-222-86527,no,,https://www.aerolineas.com.ar/,travel_agency,Neuquen
Farmacia del Pueblo,+54 299 442-2292,no,,https://www.farmaciadelpueblo.com.ar/,pharmacy,Neuquen
Makrich & Asociados,+54 299 448-9525,no,,https://www.makrich.com.ar/,estate_agent,Neuquen
Mapfre,0800 999 7424,no,atencionalcliente@mapfre.com.ar,https://www.mapfre.com.ar/,insurance,Neuquen
Bayton,+54 299 443-1471,no,,https://bayton.com/,employment_agency,Neuquen
La Galería Neuquén,+54 299 631-8047,no,lagalerianqnonline@gmail.com,https://www.lagalerianeuquen.com/,jewelry,Neuquen
D´Abramo Inmobiliaria,+54 299 443-4788,no,,https://www.inmobiliariadabramo.com/,estate_agent,Neuquen
Kranex,+54 299 447-1111,no,,http://www.kranex.com.ar/,laboratory,Neuquen
Mimo & Co,+54 299 442-4717,no,,https://www.mimo.com.ar/,clothes,Neuquen
Petit Panda,+54 299 607-8663,no,,,baby_goods,Neuquen
Nación Empresas,+54 299 443-1479,no,,https://www.bna.com.ar/empresas,bank,Neuquen
Omint,+54 810 555 6646,no,,https://www.omint.com.ar/,insurance,Neuquen
Intégrity Seguros,+54 299 443-5472,no,neuquen@integrityseguros.com.ar,https://integrityseguros.com.ar/,insurance,Neuquen
Organización Zanoni,+54 299 477-6187,no,,,consulting,Neuquen
SanCor Salud,0810-555-3684,no,info@sancorsalud.com.ar,https://www.sancorsalud.com.ar/,insurance,Neuquen
Constructora Sol del Plata,+54 299 478-1545,no,info@soldelplata.com.ar,https://www.soldelplata.com.ar/,construction_company,Neuquen
Escribanía Medela,+54 299 478-1173,no,escribaniamedela@yahoo.com.ar,,notary,Neuquen
Farmacia del Pueblo,+54 299 442-2375,no,,https://www.farmaciadelpueblo.com.ar/,pharmacy,Neuquen
Pago Fácil,0800 444 32245,no,,https://www.pagofacil.com.ar/,payment_centre,Neuquen
El Pedregullo,+54 299 478-4613,no,,,butcher,Neuquen
D´Alleva,+54 299 478-2656,no,compras@dalleva.com.ar,https://www.dalleva.com.ar/,car_parts,Neuquen
Como Santas,,no,comsantas@gmail.com,,clothes,Neuquen
Almundo,+54 810 220 1031,no,cipoletti@almundofr.com,https://almundo.com.ar/,travel_agency,Neuquen
Oh My Veggie,+54 9 299 576-1797,si,,https://ohmyveggiesaludable.com/,health_food,Neuquen
Antares,+54 9 299 683-0021,si,,https://www.cervezaantares.com/,pub,Neuquen
Tentaciones,+54 299 477-1684,no,,,bakery,Neuquen
El Estudiante,+54 299 477-5991,no,elestudiantecopias@gmail.com,,stationery,Neuquen
UTHGRA Cipolletti,+54 299 477-3054,no,delegacion.cipoletti@uthgraneuquen.org.ar,https://uthgra.org.ar/,union,Neuquen
GTX Xtreme,,no,gtx_ventas@hotmail.com,https://www.gtxinformatica.com.ar/,electronics,Neuquen
Sater,+54 299 439-1194,no,sater.saludyterapia@gmail.com,,physiotherapist,Neuquen
Adonis Estétic Group,+54 299 687-8190,no,,,hairdresser,Neuquen
Laboratorio Sur,+54 299 477-5293,no,,https://laboratoriosur.com.ar/,laboratory,Neuquen
Info Total,+54 299 478-4299,no,,http://infototal.com.ar/,printer_ink,Neuquen
Pelotero Coloretes,+54 299 429-6399,no,,,events_venue,Neuquen
LiderTravel,+54 299 478-2244,no,ventas.cipo@lidertravel.com.ar,,travel_agency,Neuquen
Toxic Shine Patagonia,+54 292 051-4754,no,,https://toxicshinepatagonia.mitiendanube.com/,chemist,Neuquen
Repuestos 68,+54 299 477-0452,no,repuestos68@hotmail.com,https://www.repuestos68.com/,car_parts,Neuquen
Instituto de Acción Cooperativa,+54 299 443-0401,no,,,college,Neuquen
Calf Salud,+54 299 443-0401,no,,https://www.cooperativacalf.com.ar/servicios/calfsalud/,centre,Neuquen
Farmacias Global,+54 299 401-2935,no,,https://farmaciasglobal.com.ar/,pharmacy,Neuquen
Farmacias Global,+54 299 472-9302,no,,https://farmaciasglobal.com.ar/,pharmacy,Neuquen
Farmacia del Pueblo,+54 299 443-7895,no,,https://www.farmaciadelpueblo.com.ar/,pharmacy,Neuquen
Century 21,+54 299 438-4442,no,contacto@c21hernandez.com.ar,https://c21hernandez.com.ar/,estate_agent,Neuquen
Farmacias Global,+54 299 635-2510,no,,https://farmaciasglobal.com.ar/,pharmacy,Neuquen
Farmacias Global,+54 299 587-8825,no,,https://farmaciasglobal.com.ar/,pharmacy,Neuquen
Radio Taxi Patagonia,+54 299 443-6777,no,,,taxi,Neuquen
Farmacias Global,+54 299 476-0724,no,,https://farmaciasglobal.com.ar/,pharmacy,Neuquen
Secretaría Académica FAI,+54 299 449 0300,no,secretaria.academica@fi.uncoma.edu.ar,https://www.fi.uncoma.edu.ar/index.php/autoridades/,educational_institution,Neuquen
Editorial Universitaria UNCo,+54 299 449 0300,no,rdi@biblioteca.uncoma.edu.ar,http://educo.com.ar/,newspaper,Neuquen
Gabinete de TIG's,+54 299 4490300 Int: 497.,no,,https://sites.google.com/view/gabinetetigs-dptogeografia-/presentaci%C3%B3n,educational_institution,Neuquen
Centro de Estudios Ambientales y Sistemas de Información Geográfica,+54 299 449-0300,no,ceasig@fahu.uncoma.edu.ar,https://ceasig.uncoma.edu.ar/,research,Neuquen
Laboratorio Patagónico de Investigación para el Ordenamiento Ambiental y Territorial,+54 299 449-0300,no,marcosmare@gmail.com,https://fahuweb.uncoma.edu.ar/centros-y-grupos-de-estudios/,research,Neuquen
Dirección Provincial de Catastro e Información Territorial,0800 222 2367,no,,https://dpc.neuquen.gov.ar/,government,Neuquen
Departamento de Alumnos FACIAS,+54 299 449 0375,no,alumnosfacias@hotmail.com,https://faciasweb.uncoma.edu.ar/index.php/paginas/departamento-de-alumnos/,educational_institution,Neuquen
Departamento de Alumnos FAI,+54 299 449 0300,no,dpto.alumnos@fi.uncoma.edu.ar,https://www.fi.uncoma.edu.ar/index.php/uncategorized/departamento-de-alumnos/,educational_institution,Neuquen
Fotocopiadora FAIN,+54 299 449-0300,no,fotocopiadorafain@gmail.com,,copyshop,Neuquen
Ministerio de Gobierno y Educación,+54 299 449-7488,no,,https://www.neuquen.edu.ar/,government,Neuquen
Ministerio de Economía e Infraestructura,+54 299 449-5300,no,,https://www.economianqn.gob.ar/,government,Neuquen
Ministerio de Producción e Industria,+54 299 449-5665,no,,https://produccioneindustria.neuquen.gov.ar/,government,Neuquen
Ministerio de Turismo,+54 299 449-5183,no,,http://neuquentur.gob.ar/es/,government,Neuquen
Ministerio de Energía y Recursos Naturales,+54 299 449-5205,no,,https://www.energianeuquen.gob.ar/,government,Neuquen
Secretaría de Seguridad,+54 299 449-5139,no,,https://w2.neuquen.gov.ar/secretaria-de-seguridad,government,Neuquen
Secretaría General y Servicios Públicos,+54 299 449-4776,no,,https://w2.neuquen.gov.ar/secretaria-general,government,Neuquen
Secretaría de Extension FACIAS,+54 299 449 0300,no,extensionfaciasunc@gmail.com,https://faciasweb.uncoma.edu.ar/index.php/paginas/autoridades/,educational_institution,Neuquen
"Secretaría de Ciencia, Técnica y Posgrado FACIAS",+54 299 449 0300,no,cienciaytecnicafacias@hotmail.com,https://faciasweb.uncoma.edu.ar/index.php/paginas/autoridades/,educational_institution,Neuquen
Auditorio FATU,+54 299 449-0300,no,secretaria.academica@fatu.uncoma.edu.ar,https://fatuweb.uncoma.edu.ar,events_venue,Neuquen
Departamento de Alumnos FATU,+54 299 449-0300,no,direccion.alumnos@fatu.uncoma.edu.ar,https://fatuweb.uncoma.edu.ar/index.php/contacto/,educational_institution,Neuquen
"Dirección de Ingreso, Permanencia y Egreso FAIN",+54 299 449-0300,no,dir.ingresoypermanencia@fain.uncoma.edu.ar,https://fainweb.uncoma.edu.ar/index.php/academica/ingreso-y-permanencia/,educational_institution,Neuquen
ASAP Comahue,+54 299 4490300,no,filialcomahue@asap.org.ar,https://www.asap.org.ar/,educational_institution,Neuquen
CEFAI,,no,cefai@fi.uncoma.edu.ar,https://cefai.fi.uncoma.edu.ar/,educational_institution,Neuquen
Consejo Directivo FAI,+54 299 449 0300,no,decanato@fi.uncoma.edu.ar,https://www.fi.uncoma.edu.ar/index.php/autoridades/,educational_institution,Neuquen
CEFEA,+54 299 449-0300,no,ape.cefea@gmail.com,,educational_institution,Neuquen
Fotocopiadora FAEA,+54 299 449-0300,no,ape.cefea@gmail.com,,copyshop,Neuquen
Bar FAEA,+54 299 449-0300,no,ape.cefea@gmail.com,,cafe,Neuquen
FUNYDER,+54 299 4490387,no,,http://funyder.com.ar/fndr/,association,Neuquen
Departamento de Geografía,299-4490300 – int. 497,no,depgeog.comahue@gmail.com,https://uncoma.edu.ar/carreras/profesorado-en-geografia/,educational_institution,Neuquen
Colegio Profesional de Técnicos de la Provincia del Neuquén,+54 299 442 4619,no,gestion@cptn.org.ar,https://cptn.org.ar/,yes,Neuquen
Portsaid,+54 299 447-7868,no,,https://www.portsaid.com.ar/,clothes,Neuquen
AFIP Neuquén,+54 810 999 2347,no,,https://www.afip.gob.ar/,government,Neuquen
"Cámara de Apelaciones Civil, Comercial, Laboral y de Minería",+54 299 569-1120,no,,https://www.jusneuquen.gov.ar/guiajudicial/portada/organismos/00036,government,Neuquen
Fundación BPN,,no,secretaria@fundacionbpn.org.ar,https://www.fundacionbpn.org.ar/,ngo,Neuquen
Instituto Cardiovascular,+54 299 655-3080,no,,https://www.icardiovascular.com.ar/,clinic,Neuquen
Neuquén Pymes,+54 299 409-2129,no,,https://www.neuquenpymes.com.ar/,financial_advisor,Neuquen
DiCasa,+54 299 546-4923,no,ventas@dicasa.com.ar,https://www.dicasa.com.ar/,furniture,Neuquen
Consultorios Externos PN,+54 299 442-4336,no,,,clinic,Neuquen
Farmacias Global,+54 299 672-8700,no,,https://farmaciasglobal.com.ar/,pharmacy,Neuquen
Pan American Energy,+54 299 489-5500,no,,https://www.pan-energy.com/,company,Neuquen
Registro Único Nominal del Neuquén,+54 299 601-6902,no,runneu@neuquen.gov.ar,https://runneu.neuquen.gov.ar/,government,Neuquen
Juzgado Electoral Provincial,+54 299 569-1115,no,juzgadoelectoral-fd@jusneuquen.gov.ar,https://www.noticiasjusneuquen.gob.ar/juzgadoelectoral/,government,Neuquen
Acceso a la Justicia para Personas con Discapacidad,+54 299 569-1111,no,ajusper@jusneuquen.gov.ar,,courthouse,Neuquen
Carina González Servicios Inmobiliarios,+54 299 604-5384,no,info@carinagonzalez.com.ar,https://www.carinagonzalez.com.ar/,estate_agent,Neuquen
Dirección Nacional de Registro de la Propiedad Automotor N° 4,+54 299 447-2022,no,,https://www.dnrpa.gov.ar/portal_dnrpa/,government,Neuquen
Arkiza,+54 299 461-9027,no,,https://grupoarkiza.com/,architect,Neuquen
El Hornito Santiagueño,+54 299 512-8865,no,,https://elhornito.com.ar/,fast_food,Neuquen
ROOS Propiedades,+54 299 443-1206,no,info@roospropiedades.com.ar,https://roospropiedades.com.ar/,estate_agent,Neuquen
Patagonia Bienes Raíces,+54 299 243-555,no,info@patagoniabienesraices.com.ar,https://patagoniabienesraices.com.ar/,estate_agent,Neuquen
Albertina Shoes,+54 299 329-3348,no,,https://www.albertinashoes.com.ar/,shoes,Neuquen
Estudio Jurídico Diez,+54 299 447-4445,no,info@diezabog.com.ar,https://diezabog.com.ar/,lawyer,Neuquen
RJ Ingeniería,+54 299 477-4222,no,info@rjingenieria.com.ar,https://www.rjingenieria.com.ar/,engineer,Neuquen
Oficina de Gestión Administrativa del Recurso Humano EPEN,+54 299 445-6767,no,,https://www.epen.gov.ar/index.php/concursos/,yes,Neuquen
Ansilta,+54 299 655-7058,no,ventas@cordonandino.com,https://www.cordonandino.com/,outdoor,Neuquen
JOE Elegante Sport,+54 299 430-6473,no,joeelegante@gmail.com,https://joeelegantesport.mitiendanube.com/,clothes,Neuquen
Eloy Viajes,+54 299 429-8530,no,info@eloyviajes.com.ar,http://www.eloyviajes.tur.ar/,travel_agency,Neuquen
Lago Tromen Viajes & Turismo,+54 299 448-8193,no,info@turismolagotromen.com,http://turismolagotromen.com/argentina/,guide,Neuquen
Viceconsulado Honorario de España,+54 299 448-5328,no,ch.neuquen@maec.es,https://www.exteriores.gob.es/Consulados/bahiablanca/es/Paginas/index.aspx,diplomatic,Neuquen
Tribunal Superior de Justicia,+54 299 447-4085,no,,,courthouse,Neuquen
Maleducadas,,no,atencionalcliente@maleducadas.com.ar,https://www.maleducadas.com.ar/,shoes,Neuquen
Escribanía Valdés,+54 299 442-2476,no,,https://www.escribaniavaldes.com.ar/,notary,Neuquen
Adhara,+54 299 418-6897,no,,https://www.adharanqn.com.ar/,clothes,Neuquen
Sebastián Viajes,+54 299 448-6028,no,promo@sebastianviajes.com.ar,https://sebastianviajes.tur.ar/,travel_agency,Neuquen
Sebastián Seguros,+54 299 448-2246,no,,https://sebastianseguros.com.ar/contacto/,insurance,Neuquen
Subsecretaría de Ingresos Públicos,+54 299 449-1200,no,,https://www.neuquencapital.gov.ar/secretaria-de-finanzas-recursos-y-proteccion-ciudadana/subsecretaria-de-ingresos-publicos/,government,Neuquen
Sinergia Salud,+54 9 299 611-0080,si,,,clinic,Neuquen
Andar,+54 299 447-5167,no,andar-neuquen@redsocialfuva.org.ar,https://www.andar.org.ar/,insurance,Neuquen
Tribunal de Cuentas de la Provincia del Neuquén,+54 299 449-5073,no,metdc@neuquen.gov.ar,https://www.tcneuquen.gov.ar/,government,Neuquen
CLUSTERciar,+54 299 447-1988,no,,https://clusterciar.com.ar/wp/,company,Neuquen
Dirección Provincial de Protección al Consumidor,0800 222 2667,no,,http://www.defensaconsumidornqn.gob.ar/,government,Neuquen
Blossom Beauty Bar,+54 299 471-0891,no,,,beauty,Neuquen
Barros Inmobiliaria,+54 299 443-1355,no,barrosneuquen@gmail.com,https://www.barrosinmobiliaria.com/,estate_agent,Neuquen
National Brokers,+54 810 444 5550,no,,https://www.nationalbrokers.com.ar/,insurance,Neuquen
Joyería & Relojería Néstor,+54 299 448-5805,no,,,watchmaker,Neuquen
Sol Inmobiliaria,+54 299 478-3087,no,info@solinmobiliaria.com.ar,https://solinmobiliaria.com.ar/,estate_agent,Neuquen
WeDooNow,,no,comercial@wedoonow.com,https://wedoonow.com/,consulting,Neuquen
NATAL Construcción & Tecnología,,no,info@nataltec.com.ar,,construction_company,Neuquen
Goicochea & Asociados,+54 299 633-6702,no,sabianagoicochea@gmail.com,,lawyer,Neuquen
Sirio Consultorios,+54 299 477-3696,no,sirioconsultorios@gmail.com,,clinic,Neuquen
Instituto Cardiovascular del Sur,+54 810 666 4624,no,,https://lebensalud.com.ar/cardiologia/,clinic,Neuquen
Clínica Radiológica del Sur,+54 810 666 4624,no,,,clinic,Neuquen
Servi-Taxi,+54 299 477-3300,no,,,taxi,Neuquen
Escribanía Obregón,+54 299 478-3658,no,escribaniaobregon@gmail.com,,notary,Neuquen
IAPL Cipolletti,+54 299 624-9952,no,iaplcipolletti@seguridad.rionegro.gov.ar,https://seguridad.rionegro.gov.ar/iapl,government,Neuquen
Lotería de Río Negro,+54 299 478-1397,no,agenciaoficial23@loteriaderionegro.gob.ar,https://www.loteriaderionegro.gob.ar/,lottery,Neuquen
De la Olla al Plato,+54 299 477-2181,no,,,yes,Neuquen
ENE,,no,info@eneneuquen.com.ar,https://eneneuquen.com.ar/,coworking,Neuquen
Mesa de Entradas Cipolletti,+54 299 477-1587,no,mesadeayuda.patagonia@uflouniversidad.edu.ar,,educational_institution,Neuquen
Administración Patagonia,+54 299 477-1587,no,mesadeayuda.patagonia@uflouniversidad.edu.ar,,educational_institution,Neuquen
Cementerio Central - Administración,+54 299 442 2675,no,,,government,Neuquen
"Escuela Primaria N° 205 ""Maestros Neuquinos""",+54 299 433 0699,no,,,school,Neuquen
Catedral María Auxiliadora,+54 299 442-2075,no,,,place_of_worship,Neuquen
"Escuela Primaria N° 61 ""Nicolás Avellaneda""",+54 299 442-2920,no,,,school,Neuquen
"Escuela Normal Nacional Superior ""General San Martín""",+54 299 442-4824,no,,,school,Neuquen
"Escuela Primaria N° 67 ""Contralmirante Martín Guerrico""",+54 299 443-5849,no,,,school,Neuquen
Comisaría N° 2,+54 299 442-4063,no,,,police,Neuquen
Comedor Universitario,+54 299 4490265,no,,https://bienestar.uncoma.edu.ar/index.php/category/comedores/neuquen/,restaurant,Neuquen
Centro Provincial de Enseñanza Media N° 46,+54 299 447-0377,no,,,school,Neuquen
"Instituto de Investigación y Desarrollo en Ingeniería y Procesos, Biotecnologías y Energías Alternativas",+54 299 449 0302,no,administracion@probien.gob.ar,https://probien.conicet.gov.ar/,research,Neuquen
Colegio Confluencia,+54 299 442-7027,no,,https://colegioconfluencia.edu.ar/,school,Neuquen
Honorable Legislatura de la Provincia del Neuquén,+54 299 449-3630,no,,https://www.legislaturaneuquen.gob.ar/inicio.aspx,government,Neuquen
Comisaría Nº 4,+54 299 433-1449,no,,,police,Neuquen
Escuela Primaria Nº 16,+54 299 443-1924,no,,,school,Neuquen
"Escuela Primaria N° 132 ""Ceferino Namuncurá""",+54 299 448-7652,no,,,school,Neuquen
La Anónima,+54 299 433-2063,no,,https://www.laanonima.com.ar/sucursales/237-neuquen,supermarket,Neuquen
Parroquia María Madre de la Iglesia,4330108,no,,,place_of_worship,Neuquen
Centro Cultural Conrrado Villegas,+54 299 442 9785,no,,,arts_centre,Neuquen
Escuela Primaria 118 República de Italia,+54 299 443-4002,no,,,school,Neuquen
"Escuela Primaria N° 121 ""Joaquín V. González""",+54 299 448-5096,no,,,school,Neuquen
Parroquia San Francisco de Asís,+54 299 442 9600,no,,,place_of_worship,Neuquen
Asociación del Personal Nodocente UNCo,+54 299 4490320,no,apunc2015@gmail.com,https://apunc.org.ar/,association,Neuquen
"Escuela Primaria Nº 103 ""Rosa Alaniz""",+54 299 440-0043,no,,,school,Neuquen
Asociación Lihué,+54 299 4331352,no,,,community_centre,Neuquen
"Escuela Primaria N° 207 ""Ciudad de Salta""",+54 299 442-5028,no,,,school,Neuquen
"Escuela Primaria N° 74 ""General Martín Miguel de Güemes""",+54 299 448-7575,no,,,school,Neuquen
Aguas Rionegrinas,0800 999 24827,no,,https://aguasrionegrinas.com/,water_utility,Neuquen
DPA Cipolletti,+54 292 040-8368,no,dpacipolletti@gmail.com,https://dpa.rionegro.gov.ar/,government,Neuquen
Macro,0810-555-2355,no,,https://www.macro.com.ar/home-page,bank,Neuquen
Sancor Seguros,+54 299 443 9375,no,neuquen@sancorseguros.com,,insurance,Neuquen
Consulado General de Chile,+54 299 442-2727,no,,https://chile.gob.cl/neuquen/,diplomatic,Neuquen
Banco Provincia de Neuquén,0800 999 3338,no,,https://www.bpn.com.ar/,bank,Neuquen
Salón Challaco UNCo,+54 299 449-0300,no,secretaria.bienestar@central.uncoma.edu.ar,https://uncoma.edu.ar/bienestar,events_venue,Neuquen
Consultorios Externos - Clínica Raña,+54 299 512-4955,no,,http://www.lachybs.com.ar/nw/index.php#banner,clinic,Neuquen
Centro de Resonancia Magnética Moguillansky,+54 299 430-7800,no,,https://clinicamoguillansky.com.ar/centro-de-resonancia-magnetica,laboratory,Neuquen
Centro de Docentes e Investigadores UNCo,54-299-4490300,no,cediunco@central.uncoma.edu.ar,https://cediunco.uncoma.edu.ar/,union,Neuquen
Sociedad Vecinal Terrazas del Neuquén,+54 299 630-7160,no,,https://www.neuquencapital.gov.ar/barrios/,community_centre,Neuquen
Instituto de Investigaciones en Tecnología y Ciencias de la Ingeniería CONICET - UNCo,+54 299 449 0300,no,iitci@conicet.gov.ar,https://iitci.conicet.gov.ar/,research,Neuquen
Centro de Investigaciones en Toxicología Ambiental y Agrobiotecnología del Comahue CONICET - UNCo,+54 299 449 0300,no,citaac@comahue-conicet.gob.ar,https://citaac.uncoma.edu.ar/index.php?option=com_content&view=article&id=3,research,Neuquen
"Biblioteca Central ""Francisco Perito Moreno""",+54 299 449-0398,no,bibliotecapatagonicaunco@gmail.com,https://bibliocentral.uncoma.edu.ar/,library,Neuquen
Lucciano´s,+54 299 411-8195,no,info@luccianos.com.ar,https://luccianos.net/,ice_cream,Neuquen
Servicio de Obra Social de la Universidad Nacional del Comahue,+54 299 438-3704,no,,https://www.sosunc.org.ar/web/,insurance,Neuquen
Farmacia Universitaria SOSUNC,+54 299 438-3704,no,,https://www.sosunc.org.ar/web/?page_id=179,pharmacy,Neuquen
"Biblioteca Parlamentaria ""Juan José Brion""",+54 299 449-3659,no,bibliotecabrion@legnqn.gob.ar,https://www.legislaturaneuquen.gob.ar/BibliotecaBrion,library,Neuquen
Farmacias Global,+54 299 418-1978,no,,https://farmaciasglobal.com.ar/,pharmacy,Neuquen
Cooperativa Provincial de Servicios Públicos y Comunitarios de Neuquén,0800 333 2253,no,,https://www.cooperativacalf.com.ar/,energy_supplier,Neuquen
Farmacia del Pueblo,+54 299 440-1939,no,,https://www.farmaciadelpueblo.com.ar/,pharmacy,Neuquen
Policía de la Provincia del Neuquén,+54 299 442-4100,no,,https://www.policiadelneuquen.gob.ar/,police,Neuquen
Colchonería Ideal,+54 810 333 2862,no,,https://www.colchoneriaideal.com.ar/,bed,Neuquen
Su Hogar,,no,neuquen@suhogarviviendas.com.ar,https://www.suhogarviviendas.com.ar/,consulting,Neuquen
Sociedad Vecinal 14 de Octubre/Copol,+54 299 504-4757,no,comisionvecinalcoc@gmail.com,https://www.neuquencapital.gov.ar/barrios/,community_centre,Neuquen
Refugio Neuquino Gabriel Brochero,+54 299 622-8523,no,,,rehabilitation,Neuquen
"Jardín de Infantes Maternal ""Sueñitos""",+54 299 442-5795,no,,,kindergarten,Neuquen
Diario LM Neuquén,+54 299 449-0400,no,,https://www.lmneuquen.com/contenidos/contacto.html,newspaper,Neuquen
Ente Provincial de Agua y Saneamiento,0800 222 4827,no,,http://www.epas.gov.ar/,water_utility,Neuquen
Dirección Nacional de Migraciones,+54 299 442-2061,no,,https://www.argentina.gob.ar/interior/migraciones,government,Neuquen
Asociación Mutual del Personal del BPN,+54 810 345 1466,no,hola@mutualbpn.com.ar,https://www.mutualbpn.com.ar/,association,Neuquen
"Hospital Provincial Neuquén ""Doctor Eduardo Castro Rendón""",+54 299 449-0800,no,,https://www.hospitalneuquen.org.ar/,hospital,Neuquen
Farmacias Global,+54 299 428-6169,no,,https://farmaciasglobal.com.ar/,pharmacy,Neuquen
"Hospital de Área Programa Neuquén ""Bouquet Roldán""",+54 299 442-5105,no,,https://www.saludneuquen.gob.ar/hospital-bouquet-roldan/,hospital,Neuquen
Banco Nación,0810-666-4444,no,,https://www.bna.com.ar/,bank,Neuquen
Blancoamor,+54 810 666 8964,no,consultas@blancoamor.com,https://www.blancoamor.com/,furniture,Neuquen
Galicia Más,0800-333-0003,no,contactenos@hsbc.com.ar,https://www.galiciamas.com.ar/,bank,Neuquen
Naldo,0810-222-6253,no,sucursalneuquen@naldo.com.ar,https://www.naldo.com.ar/,electronics,Neuquen
Pardo,+54 247 344-9620,no,atencionalcliente@pardohogar.com.ar,https://www.pardo.com.ar/,electronics,Neuquen
Musimundo,0800 444 0601,no,migestion@emusimundo.com,https://www.musimundo.com/,electronics,Neuquen
Vaypol,+54 810 666 0945,no,,https://www.vaypol.com.ar/,sports,Neuquen
Consulado de la República de Paraguay,+54 299 542-1713,no,consulparneuquen@mre.gov.py,https://www.mre.gov.py/index.php/representaciones/consulados-del-paraguay-en-el-mundo/en-argentina/consulpar-neuquen,diplomatic,Neuquen
Blancoamor Central,+54 810 666 8964,no,consultas@blancoamor.com,https://odoo.gestionblancoamor.com/,furniture,Neuquen
Scott Neuquén,+54 9 299 326-6660,si,,,bicycle,Neuquen
Ente Provincial de Energía del Neuquén,+54 299 445-6699,no,,https://www.epen.gov.ar/,energy_supplier,Neuquen
Farmacias Global,+54 299 472-8031,no,,https://farmaciasglobal.com.ar/,pharmacy,Neuquen
La Anónima,0800-777-0222,no,opinion@laanonima.com.ar,https://www.laanonima.com.ar/sucursales/007-cipolletti,supermarket,Neuquen
EdERSA,+54 810 222 9500,no,edersa@edersa.com.ar,https://www.edersa.com.ar/,energy_supplier,Neuquen
4 Elementos Patagonia,,no,ventas@4elementospatagonia.com.ar,https://4elementospatagonia.com.ar/,electrical,Neuquen
Obra Social de Obreros Empacadores de la Fruta de Río Negro y Neuquén,+54 299 478-2274,no,info@osoefrnyn.org,https://www.osoefrnyn.org/,insurance,Neuquen
Senza Odontología,+54 299 577-4381,no,,,clinic,Neuquen
Instituto de Seguridad Social del Neuquén,+54 299 635-6375,no,contacto@issn.gov.ar,https://www.issn.gov.ar/,government,Neuquen
Juzgado Federal de Primera Instancia de Neuquén N° 1,+54 299 442-2005,no,jfneuquen1@pjn.gov.ar,https://www.pjn.gov.ar/,courthouse,Neuquen
Universidad Patagonia Argentina,+54 204-4522,no,info@upatagonia.edu.ar,https://upatagonia.edu.ar/,university,Neuquen
Instituto IDEAN,+54 299 447-1408,no,,https://idean.com.ar/,college,Neuquen
Centro Integral de la Mujer,+54 299 442-2319,no,,http://www.cidem.com.ar/,clinic,Neuquen
Centro de Medicina Ambulatoria Neuquén Leben Salud,0810-666-4624,no,,https://lebensalud.com.ar/,clinic,Neuquen
Comisaría N° 1,+54 299 442-4046,no,,https://www.policiadelneuquen.gob.ar/,police,Neuquen
Centro de Traumatólogos Neuquinos Moguillansky,+54 299 443-2966,no,,https://clinicamoguillansky.com.ar/centro-de-traumatologos-neuquinos,clinic,Neuquen
YoYo Neuquén,+54 299 523-8152,no,,,events_venue,Neuquen
Camuzzi Gas,0810-555-3698,no,consultas.sur@camuzzigas.com.ar,https://www.camuzzigas.com/,natural_gas_utility,Neuquen
Juzgado de Paz Neuquén I,+54 299 443-5073,no,jpaz1nqfd@jusneuquen.gov.ar,https://www.jusneuquen.gov.ar/,courthouse,Neuquen
NeuNet,+54 299 487-5800,no,,http://www.neunet.com.ar/,telecommunication,Neuquen
NephroCare Neuquén,+54 299 443-0181,no,,https://www.nephrocare.com.ar/,clinic,Neuquen
Farmacia del Pueblo,+54 299 442-2912,no,,https://www.farmaciadelpueblo.com.ar/,pharmacy,Neuquen
Clínica de Imágenes Leben Salud,0810-666-4624,no,,https://lebensalud.com.ar/,clinic,Neuquen
Correo Argentino,+54 810 777 7787,no,,https://www.correoargentino.com.ar/,post_office,Neuquen
Guardia Policlínico Neuquén,+54 299 442-2331,no,contacto@policliniconeuquen.com.ar,https://www.policliniconeuquen.com.ar/,clinic,Neuquen
Medicina Clínica Meditim,+54 299 447-3737,no,,http://www.meditim.com.ar/,clinic,Neuquen
Farmacias Global,+54 299 458-7340,no,,https://farmaciasglobal.com.ar/,pharmacy,Neuquen
Colegio de Escribanos de Neuquén,+54 299 443-1950,no,secretaria@escribanosnqn.org.ar,https://www.escribanosnqn.org.ar/,yes,Neuquen
Policlínico Neuquén,+54 299 442-2331,no,contacto@policliniconeuquen.com.ar,https://www.policliniconeuquen.com.ar/,clinic,Neuquen
Centro Pediátrico La Natividad,+54 299 530-3239,no,,https://lanatividadneuquen.com.ar/,clinic,Neuquen
Consultorios Externos Neuquén,+54 299 633-7724,no,,https://gastroneuquen.com.ar/,clinic,Neuquen
Neurocirugía del Sur,+54 299 447-2478,no,,,clinic,Neuquen
Centro Privado de Patología General,+54 299 442-4497,no,,,clinic,Neuquen
Consultorios Externos Kinesiología PN,+54 299 442-2331,no,,,clinic,Neuquen
Migaven,+54 299 430-5040,no,,https://migaven.com.ar/,cleaning,Neuquen
Fundación SENO,+54 299 456-4725,no,,,community_centre,Neuquen
ZH Canting,+54 299 610-3831,no,,,restaurant,Neuquen
Centro de Estudios Terciarios del Comahue,+54 299 448-1905,no,neuquen@cetec.edu.ar,http://www.cetec.edu.ar/,college,Neuquen
Rebo Refrigeración,+54 299 442-2979,no,info@reboref.com.ar,https://reboref.com.ar/,repair,Neuquen
BRB Odontología,+54 299 442-8368,no,,,clinic,Neuquen
Medifé,0800 333 2700,no,,https://www.medife.com.ar/,insurance,Neuquen
Asociación Española de Socorros Mutuos,+54 299 442-073,no,info@asociacionespanola.org.ar,https://asociacionespanola.org.ar/,community_centre,Neuquen
Medro Salud,+54 299 566-7337,no,,http://medrosalud.com.ar/,clinic,Neuquen
Seleme,+54 299 442-2478,no,info@selemeinmobiliaria.com,https://www.selemeinmobiliaria.com/,estate_agent,Neuquen
Alto Alberdi,+54 299 448-1943,no,altoalberdiredes@gmail.com,,mall,Neuquen
Renault,+54 299 575-1958,no,,https://www.kumenia.com/,car,Neuquen
CROI Odontología Digital,+54 299 443-0505,no,c.r.o.i@hotmail.com,https://www.croiodontologiadigital.com/,clinic,Neuquen
Centro de Ojos Comahue,+54 299 442-4484,no,,http://cocnqn.com.ar/,clinic,Neuquen
Personal Flow,0800 555 3569,no,,https://www.personal.com.ar/,telecommunication,Neuquen
Potenciar Educación Superior,+54 299 447-0704,no,info@potenciareducacionsuperior.edu.ar,https://potenciareducacionsuperior.edu.ar/wp/,college,Neuquen
PROF Seguros,+54 11 3751-9900,no,,https://profseguros.com.ar/,insurance,Neuquen
Cabildo Pizzería,+54 299 448-9473,no,,https://cabildopizzeria.com.ar/,restaurant,Neuquen
"Secretaría De Finanzas, Recursos Y Protección Ciudadana",+54 299 449-1200,no,,https://www.neuquencapital.gov.ar/secretaria-de-finanzas-recursos-y-proteccion-ciudadana/,government,Neuquen
Banco Comafi,0810-999-2662,no,,https://www.comafi.com.ar/,bank,Neuquen
Banco Columbia,"0800-222-0222,0800-222-0224",no,info@bancocolumbia.com.ar,https://secure.bancocolumbia.com.ar/,bank,Neuquen
Red Vaquería,+54 299 448-3186,no,,,clothes,Neuquen
La Casa de la Hamburguesa,+54 299 421-1140,no,,https://pedidos.masdelivery.com/cdh-neuquen,fast_food,Neuquen
Provincia ART,+54 299 442-7502,no,neuquen@provart.com.ar,https://www.provinciart.com.ar/,insurance,Neuquen
BPN Más,0800-999-3338,no,,https://www.bpn.com.ar/,bank,Neuquen
Banco Hipotecario,+54 810 222 7777,no,,https://www.hipotecario.com.ar/,bank,Neuquen
Banco Provincia del Neuquén,+54 299 449-6600,no,presidencia@bpn.com.ar,https://www.bpn.com.ar/,company,Neuquen
BPN Jubilados,0800 999 3338,no,,,bank,Neuquen
Propet,+54 299 442-4550,no,,https://www.propet.com.ar/,pet,Neuquen
Centro Integral Médico,+54 299 478-1707,no,cim-cipolletti@fibertel.com,,clinic,Neuquen
Sakura,+54 299 446-6235,no,hola@sakurasa.com.ar,https://www.sakurasa.com/,bathroom_furnishing,Neuquen
Jardín de Infantes Crear,+54 299 477-1358,no,,https://escuelacrear.wixsite.com/escuelacrear,kindergarten,Neuquen
EVARSA Comahue,+54 299 477-2091,no,cipolletti@evarsa.com.ar,https://www.evarsa.com.ar/,engineer,Neuquen
Más al Sur,+54 299 628-7217,no,,,fast_food,Neuquen
Odontología Eidilstein,+54 299 461-6736,no,odontologiacipo@hotmail.com,,dentist,Neuquen
Monper Eventos,+54 299 419-9469,no,,,events_venue,Neuquen
Delivery Pizza,+54 299 477-5085,no,,,fast_food,Neuquen
La Bocata,+54 299 477-4958,no,,http://labocata.com.ar/food-express-black/,fast_food,Neuquen
Camuzzi Gas,+54 810 555 3698,no,consultas.sur@camuzzigas.com.ar,https://www.camuzzigas.com.ar/,natural_gas_utility,Neuquen
Consultorio Maldonado,+54 299 477-1023,no,,,doctors,Neuquen
Plan B,+54 299 477-7175,no,info@planb.com.ar,https://planb.com.ar/,graphic_design,Neuquen
Parigiani Gráfica,,no,parigianigrafica@gmail.com,,graphic_design,Neuquen
G&C Sport,+54 299 477-3303,no,gycsport@hotmail.com,http://www.gycsport.com.ar/,clothes,Neuquen
Chaplin Resto Bar,+54 299 416-2631,no,,,restaurant,Neuquen
EdERSA,0810-222-9500,no,edersa@edersa.com.ar,https://www.edersa.com.ar/,company,Neuquen
Claro Oscuro Pizzería,+54 299 478-2132,no,,,fast_food,Neuquen
RIBB Indumentaria,+54 299 455-4100,no,indumentaria@ribb.com.ar,http://www.ribb.com.ar/,clothes,Neuquen
OCA,0800 999 7700,no,consultas@oca.com.ar,https://www.oca.com.ar/,post_office,Neuquen
Marsó Maxwel Rivas Abogados,+54 299 478-2216,no,,,lawyer,Neuquen
Fundación Médica de Río Negro y Neuquén,+54 810 666 4624,no,turnos@lebensalud.com,https://lebensalud.com.ar/,clinic,Neuquen
Casa de Salud de Cipolletti,+54 299 477-0405,no,,,clinic,Neuquen
SEM Cipolletti,,no,semcipolletti@altec.com.ar,https://sem.altec.com.ar/park/,yes,Neuquen
Mafer Servicios Inmobiliarios,+54 299 477-5066,no,consultas@mafer.org,https://www.mafer.org/,estate_agent,Neuquen
RE/MAX,+54 299 477-5491,no,confluencia@remax.com.ar,https://www.remax.com.ar/confluencia,estate_agent,Neuquen
Estudio Moll,+54 299 478-2884,no,agrimensormoll@speedy.com.ar,,surveyor,Neuquen
Bridgestone,+54 299 530-7049,no,georadial@gmail.com,,tyres,Neuquen
Pita Inmobiliaria,+54 299 478-2844,no,info@pitainmobiliaria.com,https://www.pitainmobiliaria.com/,estate_agent,Neuquen
Cocheras Darío,+54 299 632-5827,no,,,parking,Neuquen
Consultorios Santa Clara,+54 299 504 6125,no,,,clinic,Neuquen
UFLO Universidad,0800-666-8356,no,infocomahue@uflo.edu.ar,https://www.uflo.edu.ar/,university,Neuquen
Universidad Nacional del Comahue,+54 299 449-0363,no,orientacion.estudiantil@central.uncoma.edu.ar,https://www.uncoma.edu.ar/,university,Neuquen
Poder Judicial de Neuquén,+54 299 448-6822,no,,https://www.jusneuquen.gov.ar/guiajudicial/,government,Neuquen
Telefé Neuquén,+54 299 442-2052,no,,https://neuquen.mitelefe.com/,telecommunication,Neuquen
Polo Científico Tecnológico Capital,+54 299 449-1200,no,coordinaciongm@muninqn.gov.ar,https://www.polotecnologiconeuquen.gob.ar/,research_institute,Neuquen
Café Martínez,+54 291 456-1213,no,bahiablanca@cafemartinez.com.ar,https://www.cafemartinez.com/,cafe,Bahia Blanca
Delegación Bahía Blanca,+54 291 452 0050,no,,https://www.argentina.gob.ar/policia-federal-argentina,police,Bahia Blanca
Primaria San Francisco de Asís,4815457,no,,,school,Bahia Blanca
Cuartel de Bomberos Alberdi,+54 291 481 8379,no,,,fire_station,Bahia Blanca
Ziba,+54 9 291 465-4222,si,,,restaurant,Bahia Blanca
Leo,+54 9 291 462 9327,si,,,pasta,Bahia Blanca
Bomberos Voluntarios de Villa Ressia,+54 291 456 4789,no,,,fire_station,Bahia Blanca
Sociedad de Fomento del Barrio Latino,+54 291 488 4086,no,,,hospital,Bahia Blanca
Dirección de Tránsito y Transporte,+54 291 455 8978,no,,http://www.bahiablanca.gov.ar/conduce/,government,Bahia Blanca
Bomberos Policía Destacamento Villa Rosas,+54 291 455 8648,no,,,fire_station,Bahia Blanca
Criper Electrónica,+54 291 456 1918,no,,,electronics,Bahia Blanca
Farmacia Grunnman,+54 291 481 9719,no,,,pharmacy,Bahia Blanca
Panadería y Confitería La Aragonesa,+54 291 454 8586,no,,http://www.laaragonesa.com.ar,bakery,Bahia Blanca
Escuela 6,+54 9 4524889,si,,https://www.gba.gob.ar,school,Bahia Blanca
FRUTS Yogurt Helado - Cafe,+54 291 451 4227,no,,http://www.fruts.com.ar,cafe,Bahia Blanca
Escuela Nro 34 - José Manuel Estrada,+54 9 4558945,si,,,school,Bahia Blanca
Centro de Jubilados Don José de San Martín,+542914543023,no,,,community_centre,Bahia Blanca
Nadli y Asociados,+54 291 4551035,no,,http://www.nadli.com.ar,company,Bahia Blanca
Giuseppe,+54 291 455 1312,no,,http://www.pizzasyempanadasgiuseppe.com/,fast_food,Bahia Blanca
JC Estilista Internacional,+54 291 451 4147,no,,,hairdresser,Bahia Blanca
Bahía Visión Color,+54 291 455 8100,no,,http://www.vianetcon.com.ar/,yes,Bahia Blanca
Grido,+54 9291 455-0534,si,,,ice_cream,Bahia Blanca
ElectroData,+54 291 416 8232,no,fabiogullacci@Gmail.com,,electronics,Bahia Blanca
MITILLI,+54 291 481 9991,no,,http://www.facebook.com/MitilliAlejandro,butcher,Bahia Blanca
Nivel 3 Servicios,+54 291 416 8232,no,info@niveltres.com.ar,http://www.niveltres.com.ar,car_repair,Bahia Blanca
Heladería BEREZIA,4086462,no,,,department_store,Bahia Blanca
Robotics Bay,+5492915174302,si,,http://www.roboticsbay.com.ar,computer,Bahia Blanca
Artesalandia,+54 9 291 450-1510,si,,,craft,Bahia Blanca
Grundnig Haus Amoblamientos,+54 291 450 0710,no,consultas@grundnighaus.com.ar,https://www.grundnighaus.com.ar/,furniture,Bahia Blanca
Centro de Jubilados y Pensionados Don José de San Martín,4543023,no,cjsm.turismo@gmail.com,,community_centre,Bahia Blanca
Servicios en Informatica,+542914143845,no,gabriel@gabrielcarini.com.ar,https://gabrielcarini.com.ar/,computer,Bahia Blanca
Escuela Primaria Marina Coppa- Escuela Secundaria Sagrado Corazón,+54 291 452 2088,no,,,school,Bahia Blanca
Transporte sierra mar,4820003,no,arielkitiver@gmail.com,http://www.facebook.com/Transportesierramar,travel_agency,Bahia Blanca
Santa Maria,+54 9291 451 3004,si,,,bakery,Bahia Blanca
Estudio Contable Gómez Tedeschi,+5492914123692,si,olgaigomez@hotmail.com,,company,Bahia Blanca
Carnicería de José,+54 9 291 451-4501,si,,,butcher,Bahia Blanca
Radiografías,+54 291 453 7226,no,,,clinic,Bahia Blanca
Radiografias,+54 291 453 7226,no,,,clinic,Bahia Blanca
Autossan,+54 291 486-1166,no,ventas@autossan.com.ar,https://www.autossan.com.ar/,car,Bahia Blanca
Bella Macchina - LIMPIEZA DE TAPIZADOS y LUSTRADOS,+54 291 571 6651,no,lavatapizados@hotmail.com.ar,https://bellamacchina.carrd.co/,car_wash,Bahia Blanca
BahiTronica,+54 291 455-8687,no,bahitronica@gmail.com,https://bahitronica.business.site/,electronics,Bahia Blanca
Bellei,+54 9291 455 0165,si,,http://www.bellei.com.ar/estomba881.html,pharmacy,Bahia Blanca
FullEscabio,029145171853,no,,,wine,Bahia Blanca
Hogar Noel,+54 291 405-8183,no,contacto@hogarnoel.com,https://hogarnoel.com/,social_facility,Bahia Blanca
Alfa Laboratorio de  Análisis Clínicos,+54 291 452 0049,no,,https://www.alfalaboratorio.com.ar/,hospital,Bahia Blanca
Un Capricho Más,+54 291 454 9087,no,,,clothes,Bahia Blanca
Iglesia Adventista del Séptimo Día,+54 9 291 413-5570,si,iasdvillamitre@gmail.com,https://www.adventistas.org/es/,place_of_worship,Bahia Blanca
La Guapa,+54 9 291 451-7388,si,,,greengrocer,Bahia Blanca
Espacio Artesanal,+54 9 291 15-406-2100,si,,,craft,Bahia Blanca
Consulado General de España,+54 291 452-2549,no,,,diplomatic,Bahia Blanca
Consulado Honorario de Francia,+54 291 455-4525,no,,,diplomatic,Bahia Blanca
MicroHouse,+54 9 291 456-1449,si,ventas@microhouse.com.ar,https://microhouse.com.ar/,computer,Bahia Blanca
Mundo Outlet,+54 9 291 414-7915,si,ventas@mundooutdoor.ar,https://mundooutdoor.ar/,clothes,Bahia Blanca
Mundo Outdoor,+54 9 291 414-7915,si,ventas@mundooutdoor.ar,https://mundooutdoor.ar/,clothes,Bahia Blanca
Montagne,+54 9 291 566-2825,si,,https://www.montagne.com.ar/,clothes,Bahia Blanca
Blue Sun,+54 9 291 454-7878,si,,www.bluesunsolarium.com.ar,beauty,Bahia Blanca
Cotillón Osito Panda,+54 9 291 456-5020,si,,https://cotillonositopanda.mitiendanube.com/,party,Bahia Blanca
Banchetto,+54 9 291 454-8600,si,,https://www.banchetto.com.ar,cheese,Bahia Blanca
Arteco,+54 291 455-6687,no,,https://artecojugueteria.com/,toys,Bahia Blanca
Zona Franca BB-CR,+54 291 455-9292,no,,https://zfbbcr.gob.ar/,yes,Bahia Blanca
Hospital Veterinario Cruz Violeta,+54 291 451 4395,no,,https://cruzvioleta.com/,veterinary,Bahia Blanca
Jauja,+54 9 291 451-8111,si,,https://jauja.club/sucursales/bahiablanca/Estomba,ice_cream,Bahia Blanca
Sur,+54 9 291 439-9026,si,,,locksmith,Bahia Blanca
Consultorios de Ecografía,+54 9 291 456-2185,si,consdeeco@gmail.com,,doctors,Bahia Blanca
Aries,+54 9 291 517-4267,si,info@ariesdigital.com.ar,,photo,Bahia Blanca
ABC,+54 291 4538926,no,,https://www.libreriaabc.com.ar/,stationery,Bahia Blanca
La boutique del pan,+54 291 488 1667,no,,,bakery,Bahia Blanca
La Calesita,+54 291 517 7704,no,,,hardware,Bahia Blanca
Don Bosco,+54 291 4546599,no,info@libreriadb.com,https://libreriadb.com/,stationery,Bahia Blanca
iNova,+54 9 291 4265451,si,info@inovadiagnostico.com.ar,,clinic,Bahia Blanca
Lavalle 11,+54 9 291 426 5451,si,,,clinic,Bahia Blanca
Wikinger,+54 9 291 439 4580,si,info@wikinger.beer,http://wikinger.beer,alcohol,Bahia Blanca
Dirección de Tránsito y Transporte,0800 333 0402,no,,http://www.bahiablanca.gov.ar/conduce/,government,Bahia Blanca
LS sin tacc,+54 9 291 425 0789,si,,,bakery,Bahia Blanca
Colocadora Sur,+54 291 456 0834,no,,https://www.colocadorasur.com.ar/,car_repair,Bahia Blanca
Trapun,+54 9 291 474-5013,si,,,butcher,Bahia Blanca
Panadería MarySol,+5492915022600,si,,,supermarket,Bahia Blanca
Instituto técnico La Piedad,+54 291 453 7537,no,secretaria@obralapiedad.com.ar,http://obralapiedad.com.ar/,school,Bahia Blanca
La Casa del Cartucho,+54 291 4882000,no,info@casadelcartucho.com.ar,https://casadelcartucho.com.ar/,printer_ink,Bahia Blanca
Biblioteca Central de la Universidad Nacional del Sur,+54 9 291 459-5111,si,bc@uns.edu.ar,https://bc.uns.edu.ar/,library,Bahia Blanca
Dulce's Tentaciones,+542914475363,no,,,bakery,Bahia Blanca
Token Cafe,+54 291 449 2010,no,,,cafe,Bahia Blanca
Suc. Bahía Blanca - DM Group - Comercializadora Mara S.A.,+5492916481069,si,,,supermarket,Bahia Blanca
Sancor,+54 291 4532172,no,bahiablanca@sancorseguros.com,,insurance,Bahia Blanca
La Brújula 24,+54 9 291 485-6400,si,info@labrujula24.com,https://www.labrujula24.com,studio,Bahia Blanca
"Sala de Lectura Silenciosa ""Manuel Gil""",+54 9 291 459-5111,si,bc@uns.edu.ar,https://bc.uns.edu.ar/,library,Bahia Blanca
Cúrcuma y Jengibre,+54 9 291 513-5964,si,,,health_food,Bahia Blanca
ECODOC,+54 9 291 453 3317,si,ecodocalem@gmail.com,https://www.ecodoc.com.ar/,doctors,Bahia Blanca
Farmacia Gamboa,+54 291 506 1212,no,,,pharmacy,Bahia Blanca
"Escuela de Educación Secundaria Técnica 4 ""Antártida""",+54 0291 488-2616,no,eet4antartida@yahoo.com.ar,,school,Bahia Blanca
C3I S.A. Informática,+54 291 4551052,no,,https://www.c3i.com.ar/,computer,Bahia Blanca
Super Nutricion,+54 9 291 507 2984,si,supernutricionbahiablanca@gmail.com,https://super-nutricion.com.ar/,nutrition_supplements,Bahia Blanca
CREO,+54 291 456 4600,no,,https://creokroin.com.ar/index.php,clinic,Bahia Blanca
Hospital Interzonal General de Agudos “Dr. José Penna”,+54 291 459 3600,no,,http://www.hospitalpenna.com.ar,hospital,Bahia Blanca
Hospital Neuropsiquiátrico,+54 291 459 3600,no,,,hospital,Bahia Blanca
Hiper Cooperativa Obrera,+54 9 291 456 5565,si,,https://www.cooperativaobrera.coop/,supermarket,Bahia Blanca
Policía Científica de Patagones,+54 291 481 2991,no,,https://policia.mseg.gba.gov.ar/,police,Bahia Blanca
Casa Ronald Mc. Donald,+54 9 291 481-1349,si,bahiablanca@casaronald.org.ar,https://casaronald.org.ar/,social_facility,Bahia Blanca
Italiano Regional del Sur,+54 291 550 6700,no,info@hospitalitalianobb.com.ar,https://www.hospitalitalianobb.com.ar/,hospital,Bahia Blanca
Vea,+54 9 291 455-7517,si,,https://supermercadosvea.com.ar,supermarket,Bahia Blanca
Cooperativa Obrera,+54 9 291 451-0107,si,,https://www.cooperativaobrera.coop,supermarket,Bahia Blanca
Colegio Don Bosco,4520344,no,,,school,Bahia Blanca
Escuela Nro 1,+54 291 452 1425,no,,,school,Bahia Blanca
Escuela de Educación Secundaria 10 Ciudad Hermana de Fermo,(0291) 4861393-4862240,no,,,school,Bahia Blanca
Escuela EGB Nro 69,+54 291 486 1888,no,,,school,Bahia Blanca
Hogar del Anciano,+54 9 291 452-3565,si,,,social_facility,Bahia Blanca
Mercado de Abasto de Bahía Blanca,+54 291 453 3786,no,,http://www.mercadocentral.gob.ar/mayorista.php,marketplace,Bahia Blanca
La Misionera,+54 291 4814626,no,,,sawmill,Bahia Blanca
Corralon Láinez,+54 291 4810940,no,,,yes,Bahia Blanca
Florencia,+54 291 4813642,no,,,fast_food,Bahia Blanca
Mario,+54 291 4818130,no,,,paint,Bahia Blanca
Almafuerte,+54 291 4814149,no,,,variety_store,Bahia Blanca
La Favorita,+54 291 4812815,no,,,bakery,Bahia Blanca
La Casa del Sorrentino,+54 291 4816900,no,,,fast_food,Bahia Blanca
Escuela Nº50 Miguel cané,+54 291 481 1260,no,,,school,Bahia Blanca
Girotti,+54 291 4561010,no,,https://www.girotti.com.ar/,estate_agent,Bahia Blanca
Vivero Palihue,+54 291 453 4236,no,,http://www.viveropalihue.com/,garden_centre,Bahia Blanca
Vivero las Magnolias,+54 9 291 451 1198,si,,,garden_centre,Bahia Blanca
Complejo Punto Aparte,+54 291 486 1302,no,info@complejopuntoaparte.com,https://complejopuntoaparte.com/,events_venue,Bahia Blanca
Corbatta,+54 291 455-7888,no,rcorbatta@speedy.com.ar,,motorcycle,Bahia Blanca
Aumacar Famly,+54 9 291 427-7849,si,contacto@australmotos.com,http://www.australmotos.com.ar/,car,Bahia Blanca
Honda,+54 291 456-5646,no,contacto@australmotos.com,http://www.australmotos.com.ar/,car,Bahia Blanca
Comisaría 5ta Bahía Blanca,+54 291 455 5300,no,,https://policia.mseg.gba.gov.ar/,police,Bahia Blanca
Heggel,+54 9 291 456-6777,si,,https://heladosheggel.com/,ice_cream,Bahia Blanca
Mailén,+54 9291 451-3622,si,,,veterinary,Bahia Blanca
Don Bosco,+54 9291 488 0059,si,,https://www.facebook.com/donboscoveterinaria,veterinary,Bahia Blanca
El vecino,+54 9291 15-405-6636,si,,,butcher,Bahia Blanca
Decomad,+54 9 291 450 0177,si,,https://www.decomad.com.ar/,carpenter,Bahia Blanca
Cooperativa Obrera,+54 9 291 488 6002,si,,https://www.cooperativaobrera.coop/,supermarket,Bahia Blanca
Cooperativa Obrera,+54 9 291 488 5022,si,,https://www.cooperativaobrera.coop/,supermarket,Bahia Blanca
Lucaioli,+54 9291 454 0004,si,,http://www.pinturerialucaioli.com/,paint,Bahia Blanca
Unisan 24,+54 9291 451-4205,si,,,veterinary,Bahia Blanca
Radio Colonia,+54 9291 456 0044,si,,,radiotechnics,Bahia Blanca
Imosur,+54 9291 455 8800,si,,http://www.imosur.com.ar/,doctors,Bahia Blanca
Grupo Auto,+54 291 406 9666,no,,https://www.facebook.com/GrupoAutoPatagonia/,car,Bahia Blanca
Vidriería Luongo,+54 291 452-0599,no,luongovidrios@hotmail.com,https://www.luongo-vidrieria.com/,glaziery,Bahia Blanca
Verónica Tanoni,+54 9 291 419 5201,si,,,veterinary,Bahia Blanca
Comisaría 4ª Bahía Blanca,+54 291 481 6498,no,,https://policia.mseg.gba.gov.ar/,police,Bahia Blanca
Superintendencia de Investigaciones de Tráfico de Drogas Ilícitas - Delegación Bahía Blanca,+54 291 455 6048,no,,https://policia.mseg.gba.gov.ar/,police,Bahia Blanca
Subcomisaría Villa Rosas,+54 291 455 3011,no,,https://policia.mseg.gba.gov.ar/,police,Bahia Blanca
Rotisería y Pollería Brian,+54 291 501 0836,no,,,butcher,Bahia Blanca
El Palacio del Soldador,+54 291 452 6372,no,,https://www.elpalaciodelsoldador.com/,hardware,Bahia Blanca
Orlando,+54 291 455-1114,no,,https://pastasorlando.business.site/,pasta,Bahia Blanca
Enmar Bikes,+54 291 412-4837,no,,https://www.facebook.com/ENMAR-BIKES-264019534429205/,bicycle,Bahia Blanca
Instituto de Ciencias e Ingeniería de la Computación (ICIC),+54 291 459 5101 (2612),no,sec.icic@cs.uns.edu.ar,https://icic.conicet.gov.ar/,research,Bahia Blanca
Faunavet,+54 9 291 534 2696,si,,https://www.faunavetbb.com,veterinary,Bahia Blanca
Forrajería y vivero Don Bosco,+54 9291 501 4069,si,,https://www.facebook.com/pg/Forrajería-y-Vivero-Don-Bosco-106969820696960,garden_centre,Bahia Blanca
Bienestar Sport,+54 0291 644-1138,no,,http://www.bienestarsport.com.ar/,sports,Bahia Blanca
Gabriel,+51 9291 454 3332,no,,,bicycle,Bahia Blanca
La Bahía,+54 9291 455-5290,si,,https://www.labahiavidrieria.com/,glaziery,Bahia Blanca
Le pomm,+54 9 291 451-5005,si,,http://www.lepomm.com/,ice_cream,Bahia Blanca
El Señor de los Novillos,+54 9 291 438-2457,si,dvdregina@gmail.com,,butcher,Bahia Blanca
Heguilen,+54 9 291 452-6666,si,,,pharmacy,Bahia Blanca
Corcel,+54 9 291 456-4456,si,,https://www.corcelsa.com.ar/,car,Bahia Blanca
Gráfica Palermo,+54 9 291 474-7359,si,palermografica@hotmail.com,,stationery,Bahia Blanca
La Esquina,+54 9 291 451-4909,si,lavautoslaesquina@hotmail.com,https://lavautoslaesquina.com/,car_wash,Bahia Blanca
A Gusto Y Piacere,+54 9 291 645-3068,si,,,fast_food,Bahia Blanca
Mulata,+54 9 291 444-3535,si,,,cafe,Bahia Blanca
CEMM,+54 9 291 439-7080,si,,,veterinary,Bahia Blanca
CIVET,+54 9 291 454-0674,si,,,veterinary,Bahia Blanca
Instituto Medico para la Mujer,+54 9 291 455-7818,si,info@immbahiablanca.com.ar,http://www.immbahiablanca.com.ar/,doctors,Bahia Blanca
Alpros,+54 9 291 453-1355,si,alprosbb@gmail.com,,chemist,Bahia Blanca
Consulado General de Chile,+54 291 453-1516,no,,https://chile.gob.cl/bahia-blanca/,diplomatic,Bahia Blanca
Consulado Honorario de Brasil,+54 291 452-0505,no,,,diplomatic,Bahia Blanca
Banchetto,+54 9 291 450-1516,si,,https://www.banchetto.com.ar,cheese,Bahia Blanca
Ministerio Público de la Provincia de Buenos Aires,+54 291 459-1700,no,,https://www.mpba.gov.ar/mapa?department=bahiablanca#depto,government,Bahia Blanca
Casabella,+54 9 291 453-3101,si,,https://colchonescasabella.com/,bed,Bahia Blanca
Tucci,+54 9 291 450-1382,si,,https://tuccielreydelcolchon.com.ar/,bed,Bahia Blanca
Asociación Bahiense de Cultura Inglesa,+54 291 452-1493,no,,https://abci.org.ar/,language_school,Bahia Blanca
Diario La Nueva,+54 291 459-0000,no,,https://www.lanueva.com/,newspaper,Bahia Blanca
Comisaría N° 1,+54 291 455-1902,no,,,police,Bahia Blanca
Animal Center,+54 9 291 454-3622,si,animalcenter@bvconline.com.ar,,veterinary,Bahia Blanca
BACIC,+54 9 291 418-2138,si,,,hardware,Bahia Blanca
Bahía Blanca Plaza Shopping,+54 029 459-4100,no,,https://bahiablancaplazashopping.com/#inicio,mall,Bahia Blanca
Benita,+54 9 291 465-9082,si,,,clothes,Bahia Blanca
Tedesco,+52 9 291 423-1128,no,,,optician,Bahia Blanca
Quincho Bahía,+54 9 291 451 3453,si,,https://quinchobahia.com,houseware,Bahia Blanca
Consultorio Radiológico,+54 9 291 453-7306,si,,,doctors,Bahia Blanca
Daniel Fainstein,+54 9 291 452-6684,si,,,doctors,Bahia Blanca
IACA,+54 9 291 459-9999,si,,https://iaca.com.ar,laboratory,Bahia Blanca
Consultores Médicos,+54 9 291 442-2466,si,,https://www.consultoresmedicos.com.ar/,doctors,Bahia Blanca
De la Bahía,+54 9 2914 42-8575,si,,,pharmacy,Bahia Blanca
Consulado General de Italia,+54 9 291 442-8255,si,,https://consbahiablanca.esteri.it/,diplomatic,Bahia Blanca
Clínica Veterinaria Integral,+54 9 291 642-6777,si,,,veterinary,Bahia Blanca
Clínica Veterinaria del Sol,+54 9 291 454-9433,si,,,veterinary,Bahia Blanca
Guzman,+54 9 291 452-6811,si,,,pharmacy,Bahia Blanca
Blue Sun,+54 9 291 450-2939,si,,http://www.bluesunsolarium.com.ar/,beauty,Bahia Blanca
Unidad Regional Nº 5,+54 9 291 455-6686,si,,,police,Bahia Blanca
Panamá,+54 9 291 453-2811,si,,,parking,Bahia Blanca
Bahía Comunicaciones,+54 9 291 454-5565,si,administracion@bahiacomunicaciones.com,http://www.bahiacomunicaciones.com.ar/,telecommunication,Bahia Blanca
El Pinar,+54 9 291 488-7479,si,elpinareventos@hotmail.com,https://www.elpinareventos.com.ar/home.html,events_venue,Bahia Blanca
Leo,+54 9 291 535 3146,si,,,pasta,Bahia Blanca
Sherlock Holmes English Centre,+54 9 291 454-3238,si,info@shec.com.ar,,language_school,Bahia Blanca
La Nación,+54 9 291 404-7077,si,,https://www.panaderialanacion.com/,bakery,Bahia Blanca
Brighton English Centre,+54 9 291 453-1728,si,centrodeidiomasbrighton@gmail.com,,language_school,Bahia Blanca
B&P,+54 9 291 453-2702,si,consultas@electronicabyp.com.ar,https://www.electronicabyp.com.ar/,radiotechnics,Bahia Blanca
Andrea Lopez,+54 9 291 452-0258,si,andreaestilista@yahoo.com.ar,,hairdresser,Bahia Blanca
La Aguada,+54 9 291 456-1146,si,,https://www.laaguadasrl.com/,company,Bahia Blanca
Zarek,+54 9 291 452-2720,si,,,doctors,Bahia Blanca
Flavor,+54 9 291 444-8464,si,,https://flavor.ar/,ice_cream,Bahia Blanca
Electric-Hogar,+54 9 291 452 7536,si,contacto@electrichogar.com,https://electrichogar.com/,bed,Bahia Blanca
Olstein & Asociados,+54 9 291 454-3444,si,,,insurance,Bahia Blanca
Grupo Scout San Jorge,+54 9 291 4775804,si,,,community_centre,Bahia Blanca
Cehache Automotores,+54 291 406 2637,no,,https://cehache-automotores.negocio.site/,car,Bahia Blanca
Via Cargo,+54 9 291 414 2719,si,,https://www.viacargo.com.ar,courier,Bahia Blanca
Consultorio Médico Húsares,+54 9 291 4551565,si,,,doctors,Bahia Blanca
CEDIC,+54 9 291 454-7216,si,,https://cedicdiagnostico.com.ar/,clinic,Bahia Blanca
Todo Tenis & Running,+54 9 291 508-8585,si,,,sports,Bahia Blanca
Lojuro! Deco,+54 9 291 419-4920,si,info@lojuro.com.ar,https://www.lojuro.com.ar/,gift,Bahia Blanca
Teatro Don Bosco,+54 9 291 455-6498,si,,,theatre,Bahia Blanca
Didácticos del Sur,+54 9 291 572 6443,si,info@didacticosdelsur.com,https://www.didacticosdelsur.com,toys,Bahia Blanca
Rústico,+54 9 291 643-3614,si,,https://menu.fu.do/,fast_food,Bahia Blanca
Deco Chic,+54 9 291 432-1138,si,decochicbb@yahoo.com,,furniture,Bahia Blanca
Ilusiones,+54 9 291 450-0150,si,ilusionescotillon@gmail.com,,party,Bahia Blanca
Asociación Integrar,+54 9 291 527-6610,si,appsd.integrar@gmail.com,,social_facility,Bahia Blanca
San Roque,+54 9 291 450-2233,si,,,veterinary,Bahia Blanca
Copymac,+54 9 291 452-7425,si,,,copyshop,Bahia Blanca
"Templo de Bahía Blanca, Argentina",+54 9 291 485-5540,si,,https://www.churchofjesuschrist.org/temples/details/bahia-blanca-argentina-temple?lang=spa,place_of_worship,Bahia Blanca
Del Turista,+54 9 291 504-7083,si,delturistabahiablanca@gmail.com,,cafe,Bahia Blanca
CETYD,+54 9 291 451-3395,si,,https://cetyd.com.ar/,doctors,Bahia Blanca
Resonancia Bahía,+54 9 291 517-8181,si,info@resonanciabahia.com.ar,,doctors,Bahia Blanca
FÉNIX Rehabilitación Funcional,+54 9 291 517-0221,si,,,physiotherapist,Bahia Blanca
Farmacia CHARLONE,+54 291 455 8944,no,,,pharmacy,Bahia Blanca
Almafuerte,+54 9 291 452-1199,si,,,veterinary,Bahia Blanca
Resto Feliks,+54 9 291 451 6999,si,,,restaurant,Bahia Blanca
INCUDI - Centro de día II,+54 9 291 455-6018,si,,,social_facility,Bahia Blanca
Escuela Especial INCUDI,+54 9 291 451 0180,si,,https://incudi.com.ar/escuela-especial-incudi/,school,Bahia Blanca
INCUDI - Centro de día I,+54 9 291 488-8349,si,,https://incudi.com.ar/centro-de-dia-i/,social_facility,Bahia Blanca
INCUDI - Hogar para Jóvenes y Adultos,+54 9 291 488-2280,si,,https://incudi.com.ar/hogar-para-jovenes-y-adultos/,social_facility,Bahia Blanca
INCUDI - Hogar para Adultos Mayores,+54 9 291 488-2794,si,,https://incudi.com.ar/hogar-para-adultos-mayores/,social_facility,Bahia Blanca
Géminis,,no,geminisbahia@hotmail.com,,beauty,Bahia Blanca
Unidad Sanitaria San Dionisio,+54 9 291 455-0211,si,,,clinic,Bahia Blanca
Perlotti,+54 9 291 453-3238,si,,,pharmacy,Bahia Blanca
Consejo Profesional de Agrimensura,+54 9 291 455-5141,si,cpadistrito3@gmail.com,https://www.cpa.org.ar/,community_centre,Bahia Blanca
Amatista,+5492914612068,si,,,tailor,Bahia Blanca
Clínica del Calzado Ariel,+54 9 291 501-7201,si,ariel.torrero@hotmail.com,,shoe_repair,Bahia Blanca
Patronato de la Infancia,+54 9 291 452-0680,si,patronatobahiablanca@hotmail.com,https://www.patronatodelainfanciabahiablanca.com,social_facility,Bahia Blanca
Santé,+54 9 291 520-4351,si,,https://sante.zapturno.com/,physiotherapist,Bahia Blanca
Sociedad Escolar Alemana,+54 9 291 453-6007,si,contacto@seabblanca.com.ar,https://www.seabblanca.com.ar/,language_school,Bahia Blanca
Las Tías Bar,+54 9 291 506-1627,si,,https://las-tias.netlify.app/,bar,Bahia Blanca
Mamba,+54 9 291 15-524-8030,si,,,pub,Bahia Blanca
Traumatología Integral Avanzada,+54 9 291 572-6627,si,,https://www.triabahiablanca.com.ar/,doctors,Bahia Blanca
María José Debernardi,+54 9 291 453-7814,si,mariajosedebernardi@gmail.com,,physiotherapist,Bahia Blanca
MicroHouse,+54 9 291 517-3204,si,ventas@microhouse.com.ar,https://microhouse.com.ar/,computer,Bahia Blanca
Liga del Sur,+54 9 291 452-9322,si,administracion@ligadelsur.com.ar,https://ligadelsur.com.ar/,association,Bahia Blanca
Cuartel de Bomberos Voluntarios de Bahía Blanca,+54 9 291 455-6753,si,bomberosbb@mseg.gba.gov.ar,,fire_station,Bahia Blanca
Vivero Caronti,+54 9 291 451-7442,si,santiago.atala91@gmail.com,,garden_centre,Bahia Blanca
Don José,+54 9 291 441 1181,si,,,butcher,Bahia Blanca
Mil Delicias,+54 9 291 418-0224,si,mildeliciaspanaderia@gmail.com,,bakery,Bahia Blanca
"Escuela Primaria Nº 63 ""Perito Francisco Moreno""",+54 9 291 452-2530,si,,,school,Bahia Blanca
El Delirio,+54 9 2915 05-0197,si,,,fast_food,Bahia Blanca
Liga Comercial,+54 9 291 451-5906,si,ligacomercial@hotmail.com.ar,https://ligacomercial.com.ar,association,Bahia Blanca
La Mejicana,+54 9 291 502-0796,si,,,greengrocer,Bahia Blanca
Mapy,+54 9 291 453-0481,si,,,bakery,Bahia Blanca
Di Nucci,+54 9 291 455-2155,si,tienda@farmaciadinucci.com.ar,https://farmaciadinucci.com.ar/,pharmacy,Bahia Blanca
San Doná,+54 9 291 452-2540,si,,,restaurant,Bahia Blanca
Coffee Tiger,+54 9 291 527-9928,si,,https://coffeetigerco.com/,coffee,Bahia Blanca
SRG Universal Broker,+54 9 291 430 8130,si,info@gruposrg.com.ar,,insurance,Bahia Blanca
La Escondida,+54 9 291 426-8084,si,,,restaurant,Bahia Blanca
Pollería Quica,+54 9 291 524-9576,si,,,butcher,Bahia Blanca
Cooperativa de Bomberos,+54 9 291 451-7558,si,cooperadorabomberos@gmail.com,,association,Bahia Blanca
ARS Group Consulting,+54 9 291 430-9060,si,seleccion@arsgroup.com.ar,https://www.arsgroup.com.ar,consulting,Bahia Blanca
Patio Portugal,+54 9 291 527-3133,si,,,restaurant,Bahia Blanca
El Modesto,+54 9 291 466-4777,si,elmodestocomedor@gmail.com,,restaurant,Bahia Blanca
Instituto de flebología,+54 9 291 453-7371,si,ife@fibertel.com.ar,https://institutoflebologia.com.ar/,doctors,Bahia Blanca
Rotary Almafuerte,+54 9 291 407-3930,si,secretaria@rotaryalmafuerte.org,https://rotaryalmafuerte.org,charity,Bahia Blanca
Comisaría 2ª Bahía Blanca,+54 291 455 6745,no,,,police,Bahia Blanca
Pollería Il Pollo,+54 9 291 442-6329,si,,,butcher,Bahia Blanca
Pescadería Argentina,+54 9 291 456-5885,si,,,seafood,Bahia Blanca
Black Oranda FIsh,+54 9 291 413-5136,si,,,pet,Bahia Blanca
Residencia Casa Alem,+54 9 291 405-1217,si,residenciacasaalem@gmail.com,,social_facility,Bahia Blanca
Andreoli,+54 9 291 455-2011,si,,,pharmacy,Bahia Blanca
Salta Motorsport,+54 9 291 455-6766,si,,,motorcycle,Bahia Blanca
Aumacar Subaru Suzuki,+54 9 291 427-7849,si,,,car,Bahia Blanca
Toyota,+54 810 220 0222,no,,https://autosdelsur.ar/,car,Bahia Blanca
Catedral I,+54 343 4236252,no,,,pharmacy,Parana
Comisaría Octava,+54 343 4518144,no,,,police,Parana
Haimovich Parana SA,+54 343 4222303,no,,https://www.haimovich.com.ar/,car,Parana
Banco Entre Ríos,+54 343 4237735,no,,,bank,Parana
Comisaría III,+54 343 420 6223,no,criatercera.parana@hotmail.com,,police,Parana
División Bomberos Zapadores Per,+54 343 420 6206,no,,,fire_station,Parana
Doctor Arturo Oñativia,+54 343 426 0426,no,,,clinic,Parana
Clínica Modelo,+54 343 423 1200,no,,,clinic,Parana
Sanatorio La Entrerriana,+54 343 420 0500,no,,,clinic,Parana
ITParaná,+54 9 343 507 3164,si,,https://itparana.com.ar/,computer,Parana
Escuela Privada N° 86 Nuestra Señora de Lourdes,+54 343 4319397,no,,,school,Parana
Escuela 4 Domingo Faustino Sarmiento,+54 343 4310805,no,,,school,Parana
Escuela 200 Soldados de Malvinas,+54 343 4270267,no,,,school,Parana
Escuela 195 La Delfina,+54 343 432 7042,no,,,school,Parana
Escuela Primaria Nº 20 Casiano Calderón,+54 343 4270043,no,,https://www.google.com.ar/search?q=escuela+casiano+calderon+parana&espv=2&biw=1360&bih=667&source=lnms&tbm=isch&sa=X&ved=0CAcQ_AUoAmoVChMIys7U9OPqxwIVxBiQCh32ig1-#imgrc=v6hOzXXp74ZqCM%3A,school,Parana
Consejo General de Educación de la Provincia de Entre Ríos,+54 343 484 0937,no,,http://www.entrerios.gov.ar/CGE/2010/,government,Parana
Estudio Contable Zanin,+54 343 424 0156,no,,,variety_store,Parana
Escuela 3 Bernardino Rivadavia,+54 343 423 3493,no,,,school,Parana
La Caleta,+543434223752,no,,https://www.aquatic.com.ar/,yes,Parana
Escuela 181 Osvaldo Magnasco,+54 343 4241081,no,,,school,Parana
Dirección Nacional de Vialidad,+54 343 424 2996,no,,http://www.vialidad.gov.ar/distritos/entre_rios/index.html,government,Parana
Auxilio Medina,+54 343 516 1474,no,,,car_repair,Parana
Abogada Carbo,343,no,,,courthouse,Parana
Consultorios Santa lucía,3100,no,,,clinic,Parana
Muebles Para Tu Hogar,+54 9 343 467 7708,si,andresvalencia.ingeniero@gmail.com,https://www.facebook.com/andresvalencia,furniture,Parana
Selecta,+54 343 4364227,no,,,pharmacy,Parana
Humanita Asoc. Civil,+54 343 422 3946,no,,,school,Parana
Escuela 36 Santa Teresita,+54 343 424 8967,no,,http://santateresitaparana.com.ar/escuela36/,school,Parana
Best Sociedad Anónima,+54 343 434 6191,no,info@bestsa.com.ar,https://www.best.com.ar/,radiotechnics,Parana
Dicett repuestos para motor,155312953,si,,,car_repair,Parana
Centro Atención Primaria Veterinaria,+54 343 420 1849,no,,,veterinary,Parana
Fundación Infancia Digna,+543434320411,no,fundacioninganciadigna@gmail.com,https://www.infanciadigna.org/,ngo,Parana
Axion,+54 343 4248888,no,,,fuel,Parana
Cortinas Black Out Roberto Viggiano,+54 343 623 0098,no,,https://www.facebook.com/Cortinas-Black-Out-Roberto-Viggiano-319982301528825,decoracion,Parana
Instituto Santa Teresita,+54 343 424 8967,no,,http://santateresitaparana.com.ar/escuela36/,school,Parana
Unidad Educativa 213 Santa Teresita Del Niño Jesús,+54 343 424 8967,no,,http://santateresitaparana.com.ar/escuela36/,kindergarten,Parana
Instituto Superior Santa Teresita,+54 343 424 8967,no,,http://santateresitaparana.com.ar/escuela36/,college,Parana
Comisaría XIV,+54 343 430 1550,no,jdpa.cria14@gmail.com,http://www.policiadeentrerios.gob.ar/,police,Parana
Instituto Superior FONS VITAE,+54 343 4231211,no,instfonsvitae@gmail.com,,college,Parana
Escuela Secundaria 48 Domingo Faustino Sarmiento,+54 343 421 7101,no,sarmiento1999sec@gmail.com,https://www.escuelasecundaria48-parana.edu.ar/,school,Parana
Centro de Salud Cecilia Grierson,+54 343 4344322,no,,,clinic,Parana
Comisaría IX,+54 343 420 6209,no,,,police,Parana
Escuela Secundaria 18 Brigadier General Don Juan Manuel De Rosas,+54 343 4374130,no,,,school,Parana
Comisaría Decimoseptima,+54 343 421 1002,no,,,police,Parana
Comisaría X,+54 343 4206502,no,,,police,Parana
Comisaría XVI,+54 343 420 6217,no,,,police,Parana
Comisaría VI,+54 343 4206208,no,jdpcria6@hotmail.com.ar,,police,Parana
Comisaría XIII,+54 343 420 6203,no,jdpcria13@hotmail.com,,police,Parana
Comisaría X,+54 343 420 6204,no,jdpcria10@hotmail.com,,police,Parana
Comisaría II,+54 343 420 6212,no,jdpcria2@hotmail.com,,police,Parana
Jefatura Departamental Paraná,+54 343 421 9104,no,jdpdsgyp@hotmail.com,,police,Parana
Direccion de Toxicologia,+54 343 420 9226,no,operacionetoxico@gmail.com,,police,Parana
División Delitos Economicos / División Homicidios,+54 343 4209997,no,económicos.per@gmail.com,,police,Parana
Dirección Investigaciones /División Trata De Persona,+54 343 460 2021,no,tratadepersonas.per@gmail.com,,police,Parana
División 911 Y Video Vigilancia,+54 343 421 9290,no,dos_d911@policiadeentrerios.gob.ar,,police,Parana
Comisaría IX,+54 343 420 6222,no,jdpcria4@hotmail.com,,police,Parana
Comiaría I,+54 343 420 6224,no,jdpcria1@hotmail.com,,police,Parana
Dirección Inteligencia Criminal,+54 343 420 9009,no,incrimpoler@gmail.com,,police,Parana
Comisaría XIV,+54 343 470 8140,no,parana1julio@gmail.com,,police,Parana
Puesto Caminero Tunel,+54 343 420 6225,no,tunel-parana@hotmail.com.ar,,police,Parana
Grupo De Infantería Adiestrada Per,+54 343 460 1938,no,,,police,Parana
Comisaría XII,+54 343 420 6216,no,jdpcomisaria12@gmail.com,,police,Parana
Comisaría XV,+54 343 420 6205,no,jdpcria15@hotmail.com,,police,Parana
Montada Y Canes Per,+54 343 622 2105,no,,,police,Parana
Toyota,+54 343 4318080,no,info@haimovich.com.ar,https://www.haimovichtoyota.com.ar/,car,Parana
Centro de Salud El Brete,+54 343 433 0969,no,,,doctors,Parana
Cortés,+54 343 4373207,no,,,pharmacy,Parana
La Estrella,+54 343 4311060,no,,,pharmacy,Parana
Patria Sucursal Centro,+54 343 4327231,no,,,pharmacy,Parana
Tribunales,+54 343 4236060,no,,,pharmacy,Parana
Arango,+54 343 4231231,no,,,pharmacy,Parana
Villaguay,+54 343 4319772,no,,,pharmacy,Parana
Moyano,+54 343 4312520,no,,,pharmacy,Parana
Cosmos,+54 343 4310540,no,,,pharmacy,Parana
Mater,+54 343 4310859,no,,,pharmacy,Parana
Teatro Municipal 3 de Febrero,+54 343 4235701,no,teatromunicipalparana@hotmail.com,,theatre,Parana
DisArqParana,+54 343 4384847,no,,https://disarqparana.empretienda.com.ar/,antiques,Parana
Good Plot,+54 343 6202787,no,,https://www.instagram.com/good_plot/,clothes,Parana
El Mundo,+54 343 4227672,no,,https://supermercadoelmundo.negocio.site/,supermarket,Parana
Tribunal de Cuentas,+54 343 4310413,no,,https://www.tcer.gob.ar/,government,Parana
Centro De Salud Arturo U. Illia,+54 343 4201823,no,capsarturo_illia@hotmail.com,,hospital,Parana
Mayorista de Golosinas El Aguila,+54 343 5011717,no,,https://www.parana.com.ar/mayorista-el-aguila,wholesale,Parana
El Centro,+54 343 4344246,no,,,supermarket,Parana
Centro de Salud Doctor Arturo U. Illia,+54 343 4201823,no,,,doctors,Parana
Centro De Atencion Primaria En Salud Mental Mercedes De Giusto,+54 343 4340799,no,,,doctors,Parana
Consultorio Medico Federacion,+54 343 4071446,no,,,doctors,Parana
Centro Medico Doctor Retamar,+54 343 4240720,no,,,clinic,Parana
CAPS Estanislao Zeballos,+54 3443 4246059,no,,,doctors,Parana
Consultorio Medico Doctora Motura,+54 343 4342683,no,,,doctors,Parana
Hospital Doctor Pascual Palma,+54 343 4241999,no,,,hospital,Parana
CAPS Doctor José Alcain,+54 3443 4244008,no,,,doctors,Parana
CAPS Hermana Catalina,+54 343 4330969,no,,,doctors,Parana
Geriatrico Hogar De Ancianos San Vicente Paul,+54 343 4363849,no,,,social_facility,Parana
Servicio De Rehabilitacion Multidisciplinario El Cedro,+54 343 4301199,no,,,clinic,Parana
Benedetich Distribuciones,,no,carlosbenedetich@hotmail.com,https://benedetichdistribuciones.es.tl/Home.htm,wholesale,Parana
La Estrella,+54 343 4354542,no,,,supermarket,Parana
Placa Total,+54 343 4514670,no,,,trade,Parana
El Gobernador,+54 343 4363583,no,,,supermarket,Parana
El Solar,+54 343 4349904,no,,,supermarket,Parana
Pescadería Santana,+54 343 4353678,no,,https://pescaderiasantana.negocio.site/,seafood,Parana
Corralón San Agustín,+54 343 437 2222,no,,,trade,Parana
Panadería y Confitería Los 3 Indios,+54 343 5002102,no,panaderialos3indios@hotmail.com,,bakery,Parana
Natura pan,+54 343 4320652,no,,,bakery,Parana
La Espiga de Oro,+54 343 4310237,no,,,bakery,Parana
La Margarita Confitería,+54 343 4232148,no,,,bakery,Parana
Facturi Panadería Parque,+54 343 4227582,no,,,bakery,Parana
Granaja 79,+54 343 5268126,no,,,bakery,Parana
Villegas San Agustín,+54 343 415-5714,no,tiendavirtual@farmaciasvillegas.com.ar,https://www.farmaciasvillegas.com.ar/,pharmacy,Parana
Pilar Inmobiliaria,+54 343 4218938,no,administracion@pilarinmobiliaria.ar,https://www.pilarinmobiliaria.ar/,estate_agent,Parana
Bessa Inmobiliaria,+54 343 4736208,no,inmobiliariabessa@hotmail.com,,estate_agent,Parana
Stilo Inmobiliaria,+54 343 4226365,no,,,estate_agent,Parana
Roberto Ruiz Inmobiliaria,+54 343 5106678,no,,,estate_agent,Parana
Pintureria San Agustín,+54 343 4693201,no,,,paint,Parana
Pinturería Del Litoral,+54 343 4241247,no,,,paint,Parana
Red Universo Pinturerias,+54 343 4223030,no,,,paint,Parana
Frioteka,+54 343 535-8678,no,,https://frioteka.com/ar/,frozen_food,Parana
Frioteka,+54 343 4343472,no,,https://frioteka.com/ar/,frozen_food,Parana
Frioteka,+54 343 4353025,no,,https://frioteka.com/ar/,frozen_food,Parana
Frioteka,+54 343 469-0901,no,,https://frioteka.com/ar/,frozen_food,Parana
Frioteka,+54 343 506-1532,no,,https://frioteka.com/ar/,frozen_food,Parana
Frioteka,+54 343 4233518,no,,https://frioteka.com/ar/,frozen_food,Parana
Frioteka,+54 343 5231807,no,,https://frioteka.com/ar/,frozen_food,Parana
Pinturería Soluciones,+54 343 4482980,no,,,paint,Parana
A Todo Color Pinturerías,+54 343 4243713,no,,,paint,Parana
Cerámicos Pellegrini,+54 343 4226069,no,,https://ceramicospellegrini.com.ar/,trade,Parana
Corralón Blas Parera,+54 343 4243495,no,,,trade,Parana
Plastilux Paraná,+54 343 6224280,no,,,trade,Parana
Todo Material,+54 343 4230007,no,,,trade,Parana
El Super de la Construcción,+54 343 4262123,no,,,trade,Parana
CH Vidirería,+54 343 4317126,no,,,glaziery,Parana
Vidriería Altimora,+54 343 4233064,no,,,glaziery,Parana
Paracao Aberturas,+54 343 4350927,no,,,glaziery,Parana
Cocinova Muebles,+54 343 5056445,no,,,furniture,Parana
Vidriería Rosset,+54 343 5242877,no,,,glaziery,Parana
Cumar Máquinas y Herramientas,+54 343 4222653,no,,,hardware,Parana
Bulonera del Litoral,+54 343 4313131,no,,,hardware,Parana
Ferretería Miconi,+54 343 5280598,no,,,hardware,Parana
Ferreteria Yolipoc,+54 343 4074434,no,,,hardware,Parana
Nueva Ferretería América,+54 343 4352499,no,,,hardware,Parana
Ferretería luján,+54 343 4249774,no,,,hardware,Parana
Vital,+54 343 5218472,no,,,butcher,Parana
La Loma,+54 343 4349853,no,,,butcher,Parana
Paraná Carnes,+54 343 4341159,no,,,butcher,Parana
Greca Materiales de Construcción,+54 343 4363630,no,contacto@greca.com.ar,https://greca.com.ar,trade,Parana
Lua Sport,+54 343 4327045,no,,,bicycle,Parana
Cabrol Rodados,+54 343 4243443,no,,,bicycle,Parana
Sancor,+54 343 421 8000,no,parana@sancorseguros.com,,insurance,Parana
Neo Paraná,+54 343 512 3065,no,,https://neoparana.com.ar,casino,Parana
Banco Entre Ríos,+54 343 4237751,no,,https://www.bancoentrerios.com.ar,bank,Parana
Banco Entre Ríos,+54 343 4237719,no,,https://www.bancoentrerios.com.ar,bank,Parana
Banco Entre Ríos,+54 343 4237722,no,,https://www.bancoentrerios.com.ar,bank,Parana
Banco Entre Ríos,+54 343 4237773,no,,https://www.bancoentrerios.com.ar,bank,Parana
Banco Entre Ríos,+54 343 4237760,no,,https://www.bancoentrerios.com.ar,bank,Parana
Banco Entre Ríos,+54 343 4201700,no,,https://www.bancoentrerios.com.ar,bank,Parana
Banco Entre Ríos,+54 343 4354775,no,,https://www.bancoentrerios.com.ar,bank,Parana
Herrajes Yori,+54 343 4230235,no,ventas@herrajesyori.com.ar,https://www.herrajesyori.com.ar/,hardware,Parana
Registro de la Propiedad Inmueble,+54 343 431 2630,no,,,government,Parana
Farmacia Cura Álvarez Spot,+54 343 621 2234,no,,https://curaalvarezfarmacia.com.ar/,pharmacy,Parana
La Porca,+54 343 466-4420,no,,https://laporca.com.ar/,butcher,Parana
Osiris Panadería,+54 343 461-1140,no,,,bakery,Parana
Constructora del Paraná,+54 9 0343 416-4049,si,,https://constructoradelparana.com/,construction_company,Parana
Escuela Secundaria 21 Arturo Jauretche,+54 343 4232609,no,,,school,Parana
Doctor Antonio Roballos,+54 343 4331817,no,,,hospital,Parana
Municipalidad de Paraná,+54 343 4211887,no,,https://www.parana.gob.ar/,townhall,Parana
Banco Entre Ríos,+54 343 4201200,no,,https://www.bancoentrerios.com.ar,bank,Parana
Rodolfo Marconi,+54 343 422-3600,no,,,motorcycle,Parana
González Motos,+54 343 431-8290,no,obgsrl@hotmail.com,http://www.gonzalezmotos.com/,motorcycle,Parana
Libros 1912,+54 9 343 4574358,si,,https://www.facebook.com/libros1912/,books,Parana
Mega Automotores,+54 343 424-3455,no,,,car,Parana
Escuela del Bardo,+54 343 4565942,no,,https://teatrodelbardo.wixsite.com/teatrodelbardo,theatre,Parana
Lubricentro Ríos,+54 343 437 2363,no,lubricentrorios@hotmail.com,,car_parts,Parana
Estación de Bomberos Resistencia,911,no,,,fire_station,Resistencia
Laboratorio Central,+54 362 4452588,no,,,clinic,Resistencia
El Dorado,+54 362 4435680,no,,https://www.eldoradosa.com/,bureau_de_change,Resistencia
Gauna,+54 362 5215829,no,,https://verduleriagauna.com/,greengrocer,Resistencia
Box,+54 362 4448484,no,,https://boxonline.com.ar/,fast_food,Resistencia
Cabral,+54 362 4435358,no,alfredocabral963@hotmail.com,https://www.sepelioscabral.com/,funeral_directors,Resistencia
Casa Aides,+54 362 4431253,no,,,electronics,Resistencia
Centro Cultural Galatea,+54 362 4531574,no,,https://centroculturalgalatea.blogspot.com,arts_centre,Resistencia
Cerrajería Santa Rita,+54 362 4648331,no,,,locksmith,Resistencia
Moby Dick,+54 362 4440246,no,,,seafood,Resistencia
Diario Norte,+54 362 4451222,no,,https://www.diarionorte.com/,newspaper,Resistencia
Ivaní Turismo,+54 362 5425207,no,info@ivaniturismo.com.ar,https://www.ivaniturismo.com.ar/,travel_agency,Resistencia
Sociedad Rural del Chaco,+54 362 4446128,no,,http://www.socruralchaco.com.ar/,ngo,Resistencia
Unión Cívica Radical Distrito Chaco,+54 362 4535775,no,,,political_party,Resistencia
Sanatorio Antártida,+54 362 442 9155,no,,,hospital,Resistencia
Moby Dick,+54 362 4450624,no,,,seafood,Resistencia
Patagonia,+54 362 4425784,no,,https://www.bancopatagonia.com.ar,bank,Resistencia
Di Lent,+54 362 4442106,no,,,optician,Resistencia
La Buona Pasta,+54 362 4433802,no,,https://www.facebook.com/LaBuonaPastaDelChaco,restaurant,Resistencia
Zan-En,+54 362 4420927,no,,,cafe,Resistencia
Catedral V,+54 379 4562329,no,,,pharmacy,Resistencia
Esem,+543624615242,no,,,electronics,Resistencia
Laboratorio Galassi,+54 362 4428760,no,,,laboratory,Resistencia
Veterinaria Sol,+54 362 4438419,no,,,veterinary,Resistencia
Víctor Javier Galliano,+54 362 4703048,no,,,dentist,Resistencia
Todo Fiat - Peugeot - Chevrolet,+54 362 442 0090,no,,,car_parts,Resistencia
Un Octavo,+54 362 4588940,no,,,fast_food,Resistencia
Remises Norte,+54 362 4434150,no,,,taxi,Resistencia
Dante,+54 362 4452139,no,,,veterinary,Resistencia
Sebastiani,+54 362 441001,no,,https://www.sebastianivw.com/,car,Resistencia
Ahumada,+54 362 4416046,no,,,bicycle,Resistencia
Del Sagrado Corazón,+54 362 5170192,no,,,pharmacy,Resistencia
ServiPlast,+54 362 443100,no,,,bathroom_furnishing,Resistencia
Seguridad Industrial,+54 362 4447657,no,,,hardware,Resistencia
Super Sarmiento,+54 362 4433013,no,,,kiosk,Resistencia
Distribuidora Racer S.R.L.,+54 362 4448448,no,,https://racer.com.ar/,car_parts,Resistencia
Efrén López Mayorista,+54 362 4452770,no,,,stationery,Resistencia
Viejo Almacén de Lomos,+54 362 4411536,no,,,restaurant,Resistencia
El Chuletazo,+54 362 4994895,no,,,butcher,Resistencia
Fénnix's,0800 888 4034,no,,,currier,Resistencia
La Boutique del Fiambre,+54 362 4949474,no,,,supermarket,Resistencia
Don Humberto,+54 362 4450897,no,,,bakery,Resistencia
Alexis,+54 362 4447422,no,,,pharmacy,Resistencia
Centro Médico Quirúrgico Resistencia,+54 362 4413309,no,,,hospital,Resistencia
Planeta Bike,+54 362 457 3716,no,,https://www.instagram.com/planetbike.ok/,bicycle,Resistencia
Claudio Muebles,+54 362 451-8685,no,,,furniture,Resistencia
La Familia Carnes,+54 362 4026598,no,,,butcher,Resistencia
Chaco Rodamientos,+54 362 4464090,no,,,car_parts,Resistencia
Global Materiales de Construcción,+54 362 4463600,no,,,trade,Resistencia
Casa Familia Aldo Pescarolo,+54 362 4529553,no,,,clothes,Resistencia
Centro de Salud 17 de Octubre Villa Pegoraro,+54 362 4468568,no,,,clinic,Resistencia
SISE Argentina,+54 362 4420858,no,info@siseargentina.com,https://www.siseargentina.com,company,Resistencia
Leonardo Espinoza Automotores,+54 362 4692464,no,,,car,Resistencia
Sanatorio Chaco Oeste,+54 362 4462566,no,,,hospital,Resistencia
Embragues Cozzarolo,+54 362 4464264,no,,,car_parts,Resistencia
Peko,+54 362 4420369,no,,,trade,Resistencia
Centro de Salud Barrio Toba,+54 362 4468562,no,,,clinic,Resistencia
Centro de Salud Santo Domingo de Villa Odorico,+54 362 4468559,no,,,clinic,Resistencia
Radio Venus,+54 362 4431307,no,radiovenusresistencia@yahoo.com.ar,https://www.venusfmresistencia.com.ar/,studio,Resistencia
Centro de Salud Santa Catalina,+54 3722 45-3496,no,,,clinic,Resistencia
Centro de Salud Doctor Laureano Maradona - Villa Prosperidad,+54 362 4452549,no,,,clinic,Resistencia
Asociación Propietarios de Taxis de Resistencia,+5493624429443,si,,http://www.radiotaxircia.com.ar/,yes,Resistencia
Centro De Salud Villa Ghio Doctor Alvarez Lotero,+54 3722 468558,no,,,clinic,Resistencia
Centro De Salud Juan De Garay El Tala,+54 3722  468564,no,,,clinic,Resistencia
Centro De Salud Lote 203,+54 3722  453494,no,,,clinic,Resistencia
Centro de Salud Inmaculada Concepción de Villa Saavedra,+54 3722 453498,no,,,clinic,Resistencia
Centro De Salud Barrio Santa Ines,+54 362 4424394,no,,,clinic,Resistencia
Juan Domingo Perón,+54 362 4440641,no,bcaperon@yahoo.com,,library,Resistencia
Centro De Salud Barrio España,+54 3722 46-8561,no,,,clinic,Resistencia
Centro de Salud Barrio Santa Rita,+54 362 4467373,no,,,clinic,Resistencia
Centro de Salud del Barrio Güiraldes Alberto Torresagasti,+54 362 447 8404,no,,,clinic,Resistencia
Centro de Salud Barrio Cacique Pelayo,+54 362 4468560,no,,,clinic,Resistencia
FM Sapucai,+54 362 4443030,no,,https://www.fmsapucai.com.ar,studio,Resistencia
Remises Urunday,+54 362 4442400,no,,,taxi,Resistencia
Isdel (Instituto Superior de Educación Laboral),+54 362 4573616,no,,https://www.isdel.com.ar/,college,Resistencia
Café Martínez,+54 362 445-0226,no,resistencia@cafemartinez.com.ar,https://www.cafemartinez.com/,cafe,Resistencia
Quain,+54 362 4445350,no,,https://www.quain.com.ar/,electronics,Resistencia
El Clan,+54 362 4437076,no,,,yes,Resistencia
ECOM Chaco S.A.,+54 362 441 9300,no,,https://ecom.com.ar/,government,Resistencia
Mirasoles,+54 362 4488041,no,,,cafe,Resistencia
Panci Alineado y Balanceo,+54 362 4609434,no,,,car_repair,Resistencia
Librería Adabela,,no,adabela_ventas@hotmail.com,,copyshop,Resistencia
Bronx,+54 362 5430929,no,,,bar,Resistencia
Fabrica S.R.L,+54 362 4434400,no,empresa@fabricasrl.com.ar,https://www.fabricasrl.com.ar/,company,Resistencia
Clínica Veterinaria El Pial,+54 362 4203818,no,,,veterinary,Resistencia
Mito Lomos Bar,+54 362 428 2828,no,,https://mitolomosbar.com/,restaurant,Resistencia
Cristo Centro Argentina,+54 362 4430917,no,cristocentroarg@hotmail.com,,place_of_worship,Resistencia
Yvyra,+54 362 4416363,no,yvyradya@gmail.com,,furniture,Resistencia
Servicio Integral de Máquinas Viales,+54 362 4529553,no,pescaroloaldo@hotmail.com,,car_repair,Resistencia
Fotografia Daniel López,+54 362 4697854,no,fotografia.dani@gmail.com,,photo,Resistencia
RepCell,+54 362 4746636,no,bruzzojl@gmail.com,,mobile_phone,Resistencia
CDA electrónica y refrigeración,+54 362 4405479,no,electronicacda@gmail.com,,electronics,Resistencia
Tecnova,+54 362 4057222,no,,,electronics,Resistencia
Carlos Zamudio Estilista,,no,carloszamudio74@hotmail.com.ar,,hairdresser,Resistencia
Instituto DAN,+54 362 5181116,no,,https://www.facebook.com/inst.dan,school,Resistencia
Distribuidora Daniela,+54 362 4431861,no,,,cosmetics,Resistencia
Ciber Enredados,+54 362 4426827,no,cyber.enredados@hotmail.com,,computer,Resistencia
Hospital Central de Odontología,+54 362 4424393,no,,,dentist,Resistencia
"Gráfica ""El David""",+54 362 4424775,no,,http://www.graficaeldavid.com.ar/,books,Resistencia
clínica,+54 362 4434731,no,,,dentist,Resistencia
CROMOS Imprenta Textil,+54 362 4600679,no,,,clothes,Resistencia
Oficina Avon,+54 362 4761013,no,,,cosmetics,Resistencia
Asociación Italiana de Resistencia,+54 362 4415860,no,asociaciónitalianaderesistencia@yahoo.com.ar,https://www.italianaresistencia.com/,ngo,Resistencia
Vía M@il 2,+54 362 4308270,no,viamaildos@gmail.com,https://fb.me/viamaildos.lasheras,copyshop,Resistencia
Estudio jurídico Ramírez Pietrobelli,+54 362 4653385,no,,,lawyer,Resistencia
Bios,+54 362 4712050,no,,https://biosonline.com.ar/,computer,Resistencia
El Indio,+54 362 445-1999,no,,,pharmacy,Resistencia
Aycle srl,+54 362 4369962,no,,http://aycle.com,computer,Resistencia
Mis Pkdos,+54 362 4450335,no,,https://www.mispkdos.com.ar/,erotic,Resistencia
Moreno Moto,+54 362 457-0659,no,,,motorcycle,Resistencia
Bad Rabbit,+54 362 4156809,no,,,car_wash,Resistencia
Bachillerato libre para adultos,+54 362 4453144,no,,,school,Resistencia
Infoservi Soluciones informáticas,+543624672341,no,info@infoservi.com.ar,https://www.infoservi.com.ar/,company,Resistencia
Tapicería Batalla,+54 362 5197323,no,,,car_repair,Resistencia
Tapicería Welcome,+54 362 4631675,no,,,car_repair,Resistencia
Tintín.showroom,+54 362 4225637,no,,,clothes,Resistencia
Transban S.A.,+54 362 4450187,no,contacto@transban.com.ar,https://transban.com.ar/,post_office,Resistencia
Punto Deportivo,+54 362 4443339,no,,https://www.puntodeportivo.com.ar,sports,Resistencia
Centro De Dia Infanto-Juvenil Juan B. Alberdi,+54 362 447-8472,no,,,clinic,Resistencia
Remises Acuario,+54 362 4430107,no,remissesacuario@gmail.com,https://remises-acuario.negocio.site/,taxi,Resistencia
Centro De Salud Villa Los Lirios,+54 3722 453504 int 53504,no,,,clinic,Resistencia
Centro De Salud Villa Don Alberto,+54 3722 453501 int 53501,no,msp_csdonalberto@ecomchaco.com.ar,,clinic,Resistencia
Centro De Salud Villa San Martín,+54 362 4453519,no,,,clinic,Resistencia
Casa De Medio Camino La Casita,+54 362 4445254,no,,,clinic,Resistencia
Centro De Salud Villa Don Andrés,+54 362 4765014,no,,,clinic,Resistencia
Centro De La Medida De Seguridad Curativa,+54 362 4420222,no,,,clinic,Resistencia
Centro Dermatologico Doctor Manuel M. Gimenez,+54 362 4452602,no,,,clinic,Resistencia
Centro De Aplicaciones Bionucleares,+54 362 4425409,no,,,clinic,Resistencia
Centro De Salud Villa Urquiza,+54 362 4478406,no,,,clinic,Resistencia
Consultorio Odontologico Boer,+543624648800,no,,,dentist,Resistencia
"C.C.E.P.E.C.CH  Cámara de Comerciantes, Empresarios, Profesionales y Ejecutivos Cristianos del Chaco",,no,info@ccepecch.com,https://www.ccepecch.com,association,Resistencia
Secretaría de Programación para la Prevención de la Drogadicción y Lucha contra el Narcotráfico,,no,diateldoradosedronar@gmail.com,,government,Resistencia
iTech Servicio Técnico,+5493624558856,si,,https://itechservicio.negocio.site/,electronics_repair,Resistencia
Lavandería Italia,+54 362 4126522,no,,,laundry,Resistencia
D'Fabi Maxi-lomos,+543624572645,no,,,restaurant,Resistencia
Radio Universidad,+54 362 4443317,no,,https://www.radiouniversidad911.com.ar,studio,Resistencia
Consultorio Radiológico Resistencia,+54 362 4449500,no,,,clinic,Resistencia
Coto,+54 362 4330040,no,,,butcher,Resistencia
Instituto de Ojos y Oídos,+54 362 4435964,no,,,optometrist,Resistencia
Buq,+54 362 4533425,no,,http://buqbar.ar,bar,Resistencia
Club Yapú Guazú,+54 362 4441830,no,,,association,Resistencia
Streams,+54 362 4446602,no,,,restaurant,Resistencia
El Bosque,+54 362 4566969,no,,,food_court,Resistencia
Mosto,+54 362 4744224,no,,,pub,Resistencia
Olivari,+54 362 4112895,no,,,estate_agent,Resistencia
El Patrón del Lomo,+54 362 4958300,no,,,fast_food,Resistencia
Antuan,,no,contacto@antuanjoyerias.com,https://www.antuanjoyerias.com,jewelry,Resistencia
Luis Ghiggeri,+54 362 4424002,no,,,car_parts,Resistencia
Don Blas,+54 3786 510261,no,,,bicycle,Resistencia
Laboratorio Pueyrredón,+54 362 4430726,no,,,laboratory,Resistencia
La Puerta del Té que invita a Conectarte,+54 362 4375184,no,lapuertadelte.ch@gmail.com,,tea,Resistencia
Bohn,+54 362 4429662,no,contacto@bohn.com.ar,https://www.bohn.com.ar/,jewelry,Resistencia
LunAzul,+54 362 4565456,no,,,clothes,Resistencia
Blanco & Negro,+54 362 4380768,no,,,clothes,Resistencia
Marfil,+54 362 4441028,no,joyeriamarfil@yahoo.com.ar,,jewelry,Resistencia
La California,+54 362 5474774,no,lacaliforniaok@gmail.com,https://lacaliforniabarrioprivado.com/,estate_agent,Resistencia
Sa'burger,+54 362 4879891,no,,,fast_food,Resistencia
De Casa,+54 362 4435038,no,,,pastry,Resistencia
Teabook,+54 362 4545788,no,,https://teabook.com.ar,tea,Resistencia
Mis Mascotas,+54 362 4624378,no,,,pet,Resistencia
Julieta,+54 362 4630956,no,,https://www.lenceriajulieta.com/,wholesale,Resistencia
Piacentini Salud Integral,+54 362 4387645,no,,,laboratory,Resistencia
Lucciano's,+54 362 4912783,no,,https://luccianos.net/,ice_cream,Resistencia
The coffee store,+54 362 4651668,no,,,cafe,Resistencia
Lo de Vicky,+54 362 4650570,no,,,frozen_food,Resistencia
Cat-Bike,+54 362 401 3269,no,,,bicycle,Resistencia
Las Marías,+54 362 409-9287,no,,,bed,Resistencia
San Antonio II,+54 362 4448990,no,,,religion,Resistencia
Nerea Aylén,+54 362 4848842,no,,,hairdresser,Resistencia
Escuela de Educación Primaria 315 Ernesto Duvivier,+54 362 4453155,no,,,school,Resistencia
Protea,+5493624431892,si,consultas.protealab@gmail.com,https://protea.ar/,clinic,Resistencia
Unidad Educativa de Gestión Privada 19 Don Bosco,+54 362 442-7311,no,,https://donboscoresistencia.edu.ar,school,Resistencia
Escuela de Educación Primaria 1058,+54 362 457-2695,no,,,school,Resistencia
Instituto Superior De Neuropsicología,+54 362 4571457,no,cernnea@gmail.com,https://institutoneuropsicologia.com/,college,Resistencia
Mood,+543625292384,no,,,cafe,Resistencia
Dulce Maria Dress,+54 362 430 0150,no,,,clothes,Resistencia
Ecos,+54 362 485-5645,no,,,driving_school,Resistencia
Canal 9 Resistencia,+54 3624531444,no,info@noticiero9.com.ar,https://www.noticiero9.com.ar/,studio,Resistencia
Hidronat,+54 362 474-9711,no,,,swimming_pool,Resistencia
Tu Gusto Gourmet,+54 362 4766295,no,,,deli,Resistencia
Actitud positiva,+54 362 486 1615,no,,,travel_agent,Resistencia
Consejo Profesional de Ciencias Económicas del Chaco,+54 362 4420345,no,,https://cpcech.org.ar/,association,Resistencia
Escapes Galassi,+54 362 4438587,no,galassialejandro@hotmail.com,,car_repair,Resistencia
Don Francisco,+54 (362) 497-8603,no,,https://turismodonfrancisco.tur.ar/,travel_agent,Resistencia
El Tambo,+54 362 464 6014,no,,,bakery,Resistencia
Bacán,+543624698968,no,,,veterinary,Resistencia
Rio Uruguay Bus Resistencia,+54 362 458-1883,no,,https://riouruguaybus.com.ar,ticket,Resistencia
Sanatorio Modelo,+54 362 443-7500,no,,,hospital,Resistencia
Marquez Letreros,+54 362 4901596,no,marquezletreros2@gmail.com,,signmaker,Resistencia
Bonafide,+54 362 490 0000,no,,,cafe,Resistencia
Brown,+54(362)4413402,no,,,laboratory,Resistencia
La Esperanza,+54 9 362 486-9755,si,,,butcher,Resistencia
PAPELAR Libreria e Impresiones,+54 362 493 0720,no,,,stationery,Resistencia
Endomedicina,+54 362 473 1557,no,,,clinic,Resistencia
Hospital Julio César Perrando,+54 362 4425050,no,,,hospital,Resistencia
Santander,+54 362 434-0500,no,,https://www.santander.com.ar,bank,Resistencia
Sanatorio Chaco,+54 362 4445111,no,,,hospital,Resistencia
Merceditas de San Martín,+54 362 4444835,no,,,kindergarten,Resistencia
Amérian Hotel Casino Gala,+54 362 4452400,no,,https://www.hotelcasinogala.com.ar/,casino,Resistencia
Casa Gabardini,+54 362 445-0400,no,,,variety_store,Resistencia
Comisaría Tercera,+54 362 4452907,no,pol.cria.3ra.rcia@chaco.gob.ar,,police,Resistencia
La Iglesia de Jesucristo de los Santos de los Últimos Días,+54 362 5331377,no,,,place_of_worship,Resistencia
Centro de Educación Física Nº 1,+54 362 4444336,no,,,university,Resistencia
Sanatorio Frangioli,+54 362 4444333,no,,,hospital,Resistencia
Peña Nativa Martín Fierro,+54 362 4032477,no,,,theatre,Resistencia
Comisaría Primera,+54 362 4434113,no,pol.cria.1ra.rcia@chaco.gob.ar,https://policia.chaco.gob.ar/,police,Resistencia
Dirección de Epidemiología,+54 362 4424920,no,,,government,Resistencia
Centro De Salud Villa Río Negro,+54 3722 453495,no,,,clinic,Resistencia
Comisaría Cuarta,+54 362 4434117,no,pol.cria.4ta.rcia@chaco.gob.ar,,police,Resistencia
Centro de Salud General Belgrano,+54 3722 453490,no,,,clinic,Resistencia
Kyoto,+54 362 457-0706,no,web@kyotoautomotores.com.ar,https://www.kyotoautomotores.com.ar/,car,Resistencia
Cetrogar Motos,+54 362 443-4800,no,,https://www.cetrogarmotos.com.ar/,motorcycle,Resistencia
Cabral Motors,+54 362 444-2247,no,admin@cabral-motors.com,https://www.cabral-motors.com/,motorcycle,Resistencia
Santander,+54 362 458-0622,no,,https://www.santander.com.ar,bank,Resistencia
Costumbres Argentinas,+54 362 4775310,no,,,restaurant,Resistencia
Alvear Materiales,+54 362 4430547,no,,,trade,Resistencia
Comisaría Segunda,+54 362 4434115,no,pol.cria.2da.rcia@chaco.gob.ar,,police,Resistencia
Las Rosas,+54 362 4449444,no,vinoteca.lasrosas@hotmail.com,,restaurant,Resistencia
Centro Rectificaciones Turbo del Norte,+54 362 4447958,no,,,car_repair,Resistencia
Geniol e Hijos,+54 362 4279646,no,,,car_repair,Resistencia
Palito Chicken,+54 362 4701035,no,,,butcher,Resistencia
Piacentini Salud Integral,+54 362 4638913,no,,,doctors,Resistencia
JAZ Automotores,+54 362 5351880,no,,,car,Resistencia
resipack,+54 362 4831944,no,resipackchaco@gmail.com,https://resi-pack.com/,trade,Resistencia
La Chimenea,+54 362 4014926,no,,,restaurant,Resistencia
La Chimenea,+54 362 443-7316,no,,,fast_food,Resistencia
Nuevo Banco Del Chaco,+54 362 4463220,no,,,bank,Resistencia
Ecogar,+54 362 4802031,no,,,bicycle,Resistencia
Super Distribución Baterías,+54 362 4432750,no,,,car_parts,Resistencia
OCA,+54 362 4438046,no,,,post_office,Resistencia
La Usina Urbana,,no,usinaurbanarcia@gmail.com,https://ipduv.chaco.gob.ar/usina-urbana/,government,Resistencia
Hospital Pediátrico Avelino Castelán,+54 3722 441477,no,,,clinic,Resistencia
Iglesia Adventista,+54 376 4429777,no,,http://www.adventistasposadas.org/plataforma/,place_of_worship,Posadas
Auto misión,+54 376 445-9200,no,,,car,Posadas
Bonafide,+54 376 442 9229,no,,https://www.bonafide.com.ar/,cafe,Posadas
Comisaría de la Mujer - UR I,+54 376 4447690,no,,,police,Posadas
Jefatura de Policía,+54 376 444 7645,no,info@policiamisiones.gob.ar,https://policiamisiones.gob.ar,police,Posadas
Instituto Gutenberg,+54 376 4433518,no,rectoriagutenberg@gmail.com,,school,Posadas
Comisaría Seccional Segunda - UR I,+54 376 4447654,no,,,police,Posadas
Ministerio de Turismo,+54 376 4447539,no,turismo@misiones.gov.ar,http://www.turismo.misiones.gov.ar/,government,Posadas
Parroquia San Antonio de Padua,+54 376 4426215,no,,,place_of_worship,Posadas
Instituto Gastronómico Internacional,+54 376 4866135,no,,https://www.igi-la.com/,school,Posadas
Superior Tribunal de Justicia,+54 376 4446433,no,informatica@jusmisiones.gov.ar,https://www.jusmisiones.gov.ar/,courthouse,Posadas
Ministerio de Coordinación General de Gabinete,+54 376 4447020,no,xxxx@misiones.gov.ar,http://www.mcgg.misiones.gov.ar/,government,Posadas
Ministerio de Gobierno,+54 376 4444167,no,mg_secprivada@misiones.gov.ar,http://www.gobierno.misiones.gov.ar,government,Posadas
Instituto Superior Santa Catalina,+54 376-437801,no,info@santacatalina.edu.ar,https://santacatalina.edu.ar/,school,Posadas
Instituto Misionero de Estudios Superiores,+54 376 4446619,no,imesmisiones@gmail.com,https://www.imes.edu.ar/,college,Posadas
YPF,+54 376 4431231,no,,,fuel,Posadas
Santa Fe,+54 376 4425343,no,,,pharmacy,Posadas
Instituto Stella Maris,+54 376 4426835,no,institutostellamaris@hotmail.com,,school,Posadas
La Cacerola,+54 376 443 7288,no,,,restaurant,Posadas
King Dom,+54 376 442 1188,no,,,restaurant,Posadas
Mendieta,+54 3764 433844,no,,,restaurant,Posadas
Sanatorio Integral IOT,+54 376 4440540,no,,https://www.sanatorioiot.com.ar/,clinic,Posadas
Miguel Lanús - Sucursal 1,+54 376 436 5545,no,,http://www.redmiguellanus.com.ar/?,pharmacy,Posadas
Sanatorio Posadas,+54 376 4425092,no,,http://www.sanatorio-posadas.com.ar/,clinic,Posadas
Sanatorio Nosiglia,+54 376 4440100,no,,http://www.sanatorionosiglia.com.ar/,clinic,Posadas
Miguel Lanús - Sucursal 4,+54 376 436 5692,no,,,pharmacy,Posadas
Instituto José Manuel Estrada,+54 376 442 6022,no,instituto-jmestrada@hotmail.com,http://www.jmestradaposadas.edu.ar,school,Posadas
Frutas Express,+54 376 4432148,no,,,greengrocer,Posadas
MultiExpress,+54 376 444 4301,no,,,supermarket,Posadas
Comisaría Seccional Tercera - UR I,+54 376 4447655,no,,,police,Posadas
El Palomar,+54 3764 434300,no,,,pharmacy,Posadas
Librería San José,+54 376 442 2445,no,,https://libreriasanjose.com.ar/,books,Posadas
De La Ciudad,+54 376 448 - 6088,no,,,pharmacy,Posadas
El Rancho,+54 376 4421666,no,,,restaurant,Posadas
Bocatto Costanera,+54 376 443-4432,no,,,restaurant,Posadas
Sánchez & Asociados - Estudio Jurídico,+54 376 442 8215,no,,http://www.sanchezasociados.com,lawyer,Posadas
Buen Clima,+5493764533980,si,,,fast_food,Posadas
Artenburguer,+54 9 376 470-8373,si,,,fast_food,Posadas
La China,+54 376 443 5060,no,,,restaurant,Posadas
Farmacom I,+54 376 4432711,no,farmacia_elremedio@hotmail.com,,pharmacy,Posadas
Lavemaster,+54 3760 4434700,no,,,laundry,Posadas
La Querencia,+54 376 443 7117,no,,,restaurant,Posadas
Belmont,+54 376 4424224,no,olivera_hugo@yahoo.com.ar,,pharmacy,Posadas
Miguel Lanús - Sucursal 6,+54 376 436 5587,no,,,pharmacy,Posadas
Miguel Lanús - Sucursal 5,+54 376 436 5583,no,,,pharmacy,Posadas
Miguel Lanús - Sucursal 2,+54 376 436 5552,no,,,pharmacy,Posadas
Miguel Lanús - Sucursal 7,+54 376 436 5615,no,,,pharmacy,Posadas
Comando Radioelectrico - UR I,+54 376 4447777,no,,,police,Posadas
Divino Niño,+54 376 445 0980,no,,,pharmacy,Posadas
María del Rosario,+54 376 4571388,no,,,pharmacy,Posadas
División de Bomberos Zona Centro,+54 376 4447666,no,,,fire_station,Posadas
Pitter Pizza Uno,+54 376 442-3600,no,,,fast_food,Posadas
Fleming,+54 376 4429927,no,,,pharmacy,Posadas
Bello,+54 376 4426675,no,farmaciabello@arnet.com.ar,https://www.farmaciabello.com.ar/,pharmacy,Posadas
Alfa,4469000,no,,,pharmacy,Posadas
Alta Gracia,+54 376 458623,no,,,pharmacy,Posadas
FarmaSer,+54 376 4460066,no,gerencia@farmaserweb.com.ar,,pharmacy,Posadas
San José,+54 376 4456814,no,,,pharmacy,Posadas
La Pérgola,+54 376 4420730,no,,,restaurant,Posadas
Party Pizza,+54 376 4430843,no,,,restaurant,Posadas
Tahona,+54 376 443 6299,no,,,bakery,Posadas
Comisaría Seccional Cuarta - UR I,+54 376 4447657,no,,,police,Posadas
Sagrada Familia,+54 376 4426328,no,,,place_of_worship,Posadas
Don Oscar,+54 376 4408969,no,,,fast_food,Posadas
Tono's,+54 376 4440496,no,,https://www.facebook.com/pages/Pizzeria-Y-Hamburgueseria-Tonos/227486053929283,fast_food,Posadas
De las Misiones,+54 376 4431786,no,,,pharmacy,Posadas
Del Centro,+54 376 443 9185,no,,https://www.pintureriasdelcentro.com/,paint,Posadas
El Gallego,+54 376 4616230,no,juanalineacion@hotmail.com,,car_repair,Posadas
Nuevos Sabores,+54 376 4463090,no,nuevossabores@arnet.com.ar,http://www.nuevos-sabores.com.ar,bakery,Posadas
Centro de Cirugía Plástica - Adrián Tirante,+54 376 443 6279,no,dratirante@hotmail.com,,company,Posadas
Grenon,+54 376 4430335,no,,,pharmacy,Posadas
El Sol,+54 376 445 2319,no,,,pharmacy,Posadas
Panea,+54 376 4425745,no,,,bakery,Posadas
La Cocina de Marina,+54 376 444 0990,no,,,restaurant,Posadas
Mas Pizza,+54 376 4424241,no,,http://www.maspizza.com.ar/,restaurant,Posadas
Unidad Regional I,+54 376 4447714,no,unidadregional1@policiamisiones.gob.ar,,police,Posadas
Wine Concept,+54 376 443-8700,no,,https://www.wine-concept.com.ar/,alcohol,Posadas
Derna,+54 376 4426551,no,,,stationery,Posadas
MIlagros,+54 376 4428223,no,farmaciamilagros@yahoo.com.ar,,pharmacy,Posadas
Electro Lineas SRL,+54 376 4451389,no,posadas@electrolineas.com.ar,,hardware,Posadas
Kairos,+54 376 4592518,no,,,pharmacy,Posadas
FarmaSalud,+54 376 460626,no,,,pharmacy,Posadas
Proyecto Pizza Bar,+54 376 4431143,no,,https://www.facebook.com/pancho.fabian.54,restaurant,Posadas
Instituto Gema,+54 376 4434821,no,,,clinic,Posadas
CAPS Las Rosas,+54 376 4597855,no,,,doctors,Posadas
CAPS 29 Cristo Rey,+54 3764 458205,no,caps29@hotmail.com,,doctors,Posadas
Hiper del Pollo,+54 376 343-7901,no,contacto@hiperdelpollo.com.ar,https://hiperdelpollo.com.ar/,supermarket,Posadas
General Paz,+54 376 4427222,no,,https://www.farmaciageneralpaz.com/,pharmacy,Posadas
Buqué,+54 376 4420244,no,,https://buqueclub.com.ar/,alcohol,Posadas
El Especialista,+54 376 445 5888,no,,,tyres,Posadas
Borel Neumáticos,+54 376 445 4020,no,,,tyres,Posadas
Juan Navarro,+54 376 4540768,no,,https://juannavarro.com.ar/,hardware,Posadas
Familia Bercomat Metalúrgico,+54 376 445 5505,no,,,hardware,Posadas
La Esmeralda,+54 376 445 4823,no,laesmeralda02@nlaesmeralda.com,http://www.neumaticos-laesmeralda.com,tyres,Posadas
Centro Monoclínico Manantial,+54 376 445 6759,no,,,clinic,Posadas
J&M Automotores,+54 376 445 7379,no,,,car,Posadas
El Gallego,+54 376 442-1515,no,,http://www.vinotecaeg.com.ar/,alcohol,Posadas
Café Colon,+54 376 443 0545,no,,,cafe,Posadas
Patagonia,+54 376 4433951,no,,,restaurant,Posadas
Selva S.A.,+54 376 445 1100,no,info@selvasa.com,https://www.selvasa.com/,car,Posadas
Sistema Provincial de Teleducación y Desarrollo,+54 376 445 8222,no,,https://www.sipted.misiones.gov.ar/,educational_institution,Posadas
Lowe S.A.,+54 376 445-5111,no,ventas-posadas@loweycia.com.ar,http://www.lowevw.com.ar/,car,Posadas
Balcarce,+54 376 442 2382,no,,https://www.facebook.com/CafeBalcarcePosadas,cafe,Posadas
Farmar,+54 376 442-7779,no,,,pharmacy,Posadas
Penato,+54 376 442-2708,no,,,restaurant,Posadas
Carmak Automotores,+54 376 4330096,no,info@carmak.com.ar,https://www.carmak.com.ar/,car,Posadas
Biblioteca Popular Posadas,+54 376 442 9365,no,,https://www.bibliotecaposadas.com.ar/,library,Posadas
Riveiro,+54 376 443 5411,no,,http://www.ribeiro.com.ar,electronics,Posadas
Productores Mineros,,no,info@productoresmineros.com.ar,https://productoresmineros.com.ar/,jewelry,Posadas
Centro,+54 376 443 7312,no,,,hardware,Posadas
Frávega,+54 376 442 9097,no,,http://www.fravega.com.ar,electronics,Posadas
Mistral,+54 376 442 2100,no,viachero@arnet.com.ar,,clothes,Posadas
Bar Español,+54 376 442 1953,no,,,restaurant,Posadas
Garcia,+54 376 4432568,no,,,jewelry,Posadas
Pizza Upss!!,+54 376 4429383,no,,,fast_food,Posadas
Il Pepperoni,+54 376 4438965,no,,,fast_food,Posadas
D|Espacio,+54 376 442 2645,no,,,clothes,Posadas
ANMaC - Agencia Nacional de Materiales Controlados,+54 376 444 7659,no,,,government,Posadas
Don Pedro,+54 376 4459409,no,donpedrofyc@gmail.com,,hardware,Posadas
Tropical,+54 376 444 5262,no,,,veterinary,Posadas
Planeta G'ames,+543764434405,no,,,electronics,Posadas
Joaquinito,+54 376 444 1532,no,,,restaurant,Posadas
EconoFarma,+54 376 468800,no,,,pharmacy,Posadas
Corti,+54 376 4431415,no,,,pharmacy,Posadas
La Paz,+54 376 422220,no,,,pharmacy,Posadas
Comisaría Seccional Sexta - UR I,+54 376 4468005,no,,,police,Posadas
Aire Confort,+54 376 443 5666,no,aireconfort@arnet.com.ar,http://www.aire-confortsa.com,electronics,Posadas
La Familia,+54 376 444 0033,no,,,restaurant,Posadas
Buen Gusto,+54 376 443-5945,no,,https://www.facebook.com/buengusto.vinoteca,alcohol,Posadas
Clínica de la Mujer,+54 376 442 3533,no,,,clinic,Posadas
Instituto del Piso Pelviano,+54 376 443 8032,no,,http://www.institutodepisopelviano.com,clinic,Posadas
El Viaje de Tu Vida,+54 376 442 2595,no,info@elviajedetuvida.tur.ar,https://www.elviajedetuvida.tur.ar/,travel_agency,Posadas
MeTrebol,+54 376 444 0404,no,,,fast_food,Posadas
Centro de atención psico social IPS,+54 376 444 8740,no,centrodeatencionpsicosocialips@gmail.com,,doctors,Posadas
Cerrajería Molinari,+54 376 442 2734,no,,,locksmith,Posadas
NH Estética,+54 376 442 2700,no,info@nhestetica.com,https://www.nhestetica.com/,clinic,Posadas
Argento,+54 9 376 4205392,si,,,fast_food,Posadas
Consulado Honorario de Alemania,+54 37 52 43 55 08,no,posadas@hk-diplo.de,,diplomatic,Posadas
Consulado del Paraguay,+54 376 442 3858,no,,,diplomatic,Posadas
Consulado Honorario de Austria,+54 376 442 7588,no,,,diplomatic,Posadas
Pinturerías del Centro,+54 376 4465724,no,,https://pintureriasdelcentro.com/sucursal-info-Av.%20L%C3%B3pez%20y%20Planes-4075_143.html,paint,Posadas
Pinturas Misioneras,+54 376 4436364,no,,,paint,Posadas
Posadas Delegacion Sección 6,,no,posadassexta@hotmail.com,https://www.registrocivil.misiones.gov.ar/,government,Posadas
Delegación Sección 4º Hospital Ramón Madariaga,,no,cdrhospitalmadariaga@hotmail.com,https://www.registrocivil.misiones.gov.ar/,government,Posadas
Villa Urquiza,4447127,no,cdrurquiza@gmail.com,https://www.registrocivil.misiones.gov.ar/,government,Posadas
CDR Sanatorio Camino,3764/15279396,si,mitzioliz@hotmail.com,https://www.registrocivil.misiones.gov.ar/,government,Posadas
CDR Sanatorio Nosiglia,,no,cdrnoziglia@hotmail.com,https://www.registrocivil.misiones.gov.ar/,government,Posadas
CDR Villa Cabello,,no,oficinadigitalvillacabello@hotmail.com.ar,https://www.registrocivil.misiones.gov.ar/,government,Posadas
CDR Sanatorio IOT,+54 376 446 2617,no,,https://www.registrocivil.misiones.gov.ar/,government,Posadas
LT 17 Radio Provincia de Misiones,+54 376 4447028,no,info@radiolt17.com.ar,https://www.radiolt17.com.ar/,studio,Posadas
Biblioteca Popular El Palomar,+54 376 442 3391,no,elpalomarposadas@yahoo.com.ar,http://2939.bepe.ar/,library,Posadas
Latinoamérica,+54 376 465 7785,no,latinoamerica_posadas@hotmail.com,,pub,Posadas
Vinomio,+54 376 442 2797,no,,,wine,Posadas
Pizza 1985,+54 9 376 419-2779,si,1985pzz@gmail.com,https://pizzas1985.ola.click/products,restaurant,Posadas
Instituto Privado Genesis,+54 376 4460745,no,institutoeducativogenesis@gmail.com,,school,Posadas
Comisaría Seccional Decimosegunda - UR I,+54 376 4468017,no,,,police,Posadas
Mi Favorita,+54376455724,no,,,bakery,Posadas
Comisaría Seccional Decimoséptima - UR I,+54 376 4858753,no,,,police,Posadas
Comisaría Seccional Decimooctava - UR X,+54 376 445 8245,no,,,police,Posadas
Kairos II,+54 376 4468800,no,,,pharmacy,Posadas
Uniformes Pissani,+54 376 443-6832,no,,,clothes,Posadas
Nito,+54 9 376 438 0616,si,,,locksmith,Posadas
Thiago,+54 376 431 4353,no,,,bakery,Posadas
San Vicente,+54 376 445 8072,no,,,car,Posadas
Librería MV,+54 376 445 5413,no,libreria-mv@hotmail.com,http://www.libreriamv.com/,stationery,Posadas
Marta Decoraciones,+54 376 443 0972,no,,,interior_decoration,Posadas
Rodial,+54 376 442 8304,no,,,bed,Posadas
Accesorios 6 de Junio,+54 376 442 0618,no,,http://www.accesorios6dejunio.com/,haberdashery,Posadas
Kabaláh,+54 376 511 3171,no,oscarmandagaran@hotmail.com,,restaurant,Posadas
Arredo,+54 376 443 1252,no,,,bed,Posadas
Policonsultorio IPS,+54 376 444 8750,no,,,clinic,Posadas
Mazza Turismo,+54 376 444 0505,no,turismo@mazzaturismo.com.ar,http://www.mazzaturismo.com.ar,travel_agency,Posadas
Agencia 207,+54 376 443 3229,no,,,lottery,Posadas
Casa Krause,+54 376 4437306,no,,,hardware,Posadas
Aguará,+54 376 4421954,no,,,veterinary,Posadas
Goofy,+54 376 4437285,no,,,veterinary,Posadas
Farmazul,+54 376 4465162,no,emjrivaskeiner@gmail.com,,pharmacy,Posadas
Café Martínez,+54 376 442-8975,no,posadas@cafemartinez.com.ar,https://www.cafemartinez.com/,cafe,Posadas
Freddo,+54 376 442 4291,no,,,ice_cream,Posadas
El Coliseo,,no,marmoleriaelcoliseo@gmail.com,,trade,Posadas
Universidad Católica de Las Misiones,+54 376 446 3718,no,info@ucami.edu.ar,https://www.ucami.edu.ar/,university,Posadas
Guembé,+54 376 370506,no,,,fast_food,Posadas
Instituto Adventista Alta Gracia,+54 376 4458433,no,instituto.iaag@educacionadventista.org.ar,http://www.educacionadventista.org.ar/iaag/es-es/home.aspx,school,Posadas
Cerveza Oveja,+54 9 376 422 5663,si,,https://www.facebook.com/cervezaoveja/,brewery,Posadas
Pizzería de Pipo,+54 376 4457035,no,,,fast_food,Posadas
La Bajada Bodegón & Delicatesen,+54 3755 548 0087,no,labajadabodegon@gmail.com,,beverages,Posadas
Instituto Virgen de Itatí,+54 376 4450095,no,institutovirgendeitati@gmail.com,,school,Posadas
TrigoPan,+54 376 440-6050,no,,https://www.facebook.com/trigopanposadas,bakery,Posadas
Comisaría Seccional Decimotercera - UR I,+54 376 4597732,no,comisaria13_ur1polnis@hotmail.com,,police,Posadas
Super Lomos,+54 376 4822747,no,,,fast_food,Posadas
Locos x la Pizza,+54 376 442 1828,no,,,fast_food,Posadas
A la canasta,+54 376 462 1444,no,alacanastadelivery@hotmail.com,,fast_food,Posadas
Colegio Santa María,+54 376 442 5960,no,,,school,Posadas
Maria Auxiliadora,+54 376 4453968,no,,,pharmacy,Posadas
Patan,+54 376 4454423,no,,,veterinary,Posadas
San Roque,+54 376 4420142,no,,,veterinary,Posadas
Posadas Electri-K,+54 376 4439350,no,,https://www.posadaselectrik.com.ar/,electrical,Posadas
Nea Insumos Gráficos,+54 376 4817830,no,,,wholesale,Posadas
Mimen SRL,+54 376 4453232,no,,,frozen_food,Posadas
Nardon,+54 376 4455999,no,,,pharmacy,Posadas
Efren Lopez,+54 376 4453980,no,atencionalcliente@efrenlopez.com.ar,https://efrenlopez.com.ar,stationery,Posadas
Casa Chicha,+5493765387792,si,upmisiones@gmail.com,http://www.upmisiones.org,houseware,Posadas
Melegatti,+54 376 443 2406,no,,,pasta,Posadas
Animal Ser,+56 376 467676,no,,,veterinary,Posadas
Rotisería Eulógio,4433821,no,,,fast_food,Posadas
Guacurarí II,+54 376 465004,no,farmacia.guacurari@hotmail.com,,pharmacy,Posadas
Neo Motos,,no,neo.motos@hotmail.com,https://www.neomotos.com.ar,motorcycle,Posadas
Aguas Misioneras,+54 376 4422884,no,contacto@aguasmisioneras.com,https://www.aguasmisioneras.com/,company,Posadas
El Creador,+54 376 410-4260,no,,,copyshop,Posadas
Impreco,+54 376 443 1271,no,,,copyshop,Posadas
Don Emilio,+54 376 442-3568,no,,https://www.facebook.com/donemiliomateriales,trade,Posadas
Estética Visage,,no,matzkeariana@gmail.com,https://m.facebook.com/esteticavisage3140/,beauty,Posadas
Autoservicio Don Alejo,+54 376 4157360,no,,,supermarket,Posadas
La Nueva Itatí,+54 376 4441515,no,nuevaitati@yahoo.com.ar,,stationery,Posadas
Oswaldo Cortese,+54 376 44456666,no,,,hardware,Posadas
Juan Tanamo,+54 376 4479027,no,,,fast_food,Posadas
Body Making,+54 376 476 2822,no,,,bar,Posadas
Salón Tropical,+54 376 442 7930,no,,,restaurant,Posadas
Amaranto,+54 376 436 0346,no,,,bar,Posadas
Flynn,+54 376 458 8406,no,flynnmisiones@hotmail.com,,bar,Posadas
Autos Misiones,+543764258127,no,dmattos@autosmiones.com,http://Www.autosmisiones.com,car,Posadas
Kraus,+54 3764 452157,no,,https://kraus.com.ar/,wholesale,Posadas
Centro Quiropráctico Posadas,+54 376 4700110,no,,,clinic,Posadas
AK-47,+54 376 5235704,no,,,hardware,Posadas
Las Malvinas,+54 376 4450277,no,,,car_repair,Posadas
Bello II,4438592,no,farmaciabello@arnet.com.ar,https://www.farmaciabello.com.ar/,pharmacy,Posadas
Parabrisas San José Obrero,+54 376 3919,no,acostajavier@hotmail.com,,car_parts,Posadas
Pollería Nissi,+5437644225132,no,,,butcher,Posadas
Rodas,+54 376 4598454,no,inmobiliariarodas@hotmail.com,,estate_agent,Posadas
Columbia,+54 376 4425854,no,,http://www.bancocolumbia.com.ar,bank,Posadas
Ozono,+54 376 4420971,no,ozono_piscinas@hotmail.com,,yes,Posadas
Sarmiento,+54 9 376 424 8765,si,,,parking,Posadas
Comisaría Seccional Primera - UR I,+54 376 4446540,no,,,police,Posadas
Comisaría Seccional Séptima - UR I,+54 376 4468004,no,comisariaseptimaur1_polmis@hotmail.com,,police,Posadas
Comisaría de la Mujer Zona Oeste - UR I,+54 9 376 433 5474,si,,,police,Posadas
Daneva,+54 376 4426028,no,danevasport@daneva.com.ar,https://www.daneva.com.ar/,doctors,Posadas
Corsica,+543764535398,no,,,security,Posadas
FarmHara,+54 376 4433111,no,farmhara@hotmail.com.ar,,pharmacy,Posadas
CAPS Dos de Abril,+54 376 4459300,no,,,doctors,Posadas
Madre Teresa,+54 376 443-6848,no,,https://www.facebook.com/farmaciamadreteresa.madreteresa,pharmacy,Posadas
Thania Dol,+5493764665763,si,,,hardware,Posadas
Los Amigos,+54 376 445390,no,,,tyres,Posadas
Electro Misiones S.A.,+54 376 4422392,no,,https://www.electromisiones.com.ar/,electronics,Posadas
Zorba Helados,+54 376 459 2805,no,contacto@zorbahelados.com.ar,http://www.zorbahelados.com.ar,ice_cream,Posadas
"Ministerio Educación, Ciencia y Tecnología",+54 376 4447385,no,,http://www.mcecyt.misiones.gov.ar/,government,Posadas
"Ministerio de Desarrollo Social, la Mujer y la Juventud",+54 376 444 7132,no,,http://www.desarrollosocial.misiones.gov.ar/,government,Posadas
Consejo General de Educación,+54 376 4447340,no,presidencia@cgepm.gov.ar,https://www.cgepm.gov.ar/,government,Posadas
Ministerio del Agro y la Produccion,+54 376 444 7153,no,,http://www.agro.misiones.gov.ar/,government,Posadas
"Ministerio de Hacienda, Finanzas, Obras y Servicios Públicos",+54 376 447569/27/31,no,hacienda@misiones.gov.ar,https://www.hacienda.gob.ar/,government,Posadas
Ministerio de Ecología y Recursos Naturales Renovables,+54 376 4447590,no,ecologia@misiones.gov.ar,http://www.ecologia.misiones.gov.ar/,government,Posadas
Clínica de ojos Cáceres Zorrila,+54 376 442 5649,no,admincocz@gmail.com,http://www.clinicadeojoscz.com,doctors,Posadas
El Dibujante,+54 376 442 5627,no,,,stationery,Posadas
El Copión,+54 376 4504087,no,,,stationery,Posadas
Millenium,+54 376 467 3442,no,,,books,Posadas
Paper Town,,no,libreriapapertown@hotmail.com,,stationery,Posadas
Lápiz y papel,+54 376 443 9532,no,,,stationery,Posadas
Punto Rojo,+54 376 4806241,no,puntorojoo@hotmail.com,,gift,Posadas
Náutica Menor Hermanos,+54 376 445 0000,no,menornautica@gmail.com,,boat,Posadas
Minolcop,+54 376 443-2850,no,minolcopfotocopias@hotmail.com,,copyshop,Posadas
Vidrieria El Espejo,+54 376 4434392,no,,,glaziery,Posadas
Top Gym,+54 376 839143,no,,,cheese,Posadas
Radio Club Misiones LU1IG,,no,info.lu1ig@gmail.com,,community_centre,Posadas
Kopegraf,+54 376 442 0421,no,kopegraf@yahoo.com.ar,http://www.kopegraf.com,copyshop,Posadas
Salón Lambaré,+54 376 442 9086,no,,,hairdresser,Posadas
Itatí,+54 376 443527,no,,,greengrocer,Posadas
Animal World,+54 376 447 1383,no,,,pet,Posadas
Deko Grace,+54 376 459 9748,no,,,interior_decoration,Posadas
Y.E.S.,+54 376 442 9400,no,posadas@yesbooks.com.ar,https://www.yesbooks.com.ar/,books,Posadas
Dirección General de Defensa Civil,+54 376 4447635,no,,http://www.defensacivilmisiones.gov.ar/,government,Posadas
Central Gas,+54 376 443-3331,no,,,gas,Posadas
Hiper Maderas,4456577,no,,,wood,Posadas
Madariaga,+54 376 4434692,no,,,pharmacy,Posadas
Ricardo R. Oria Automotores,+54 376 442 7438,no,,,car,Posadas
Neored,+54 376 4421700,no,,https://www.electromisiones.com.ar/,lighting,Posadas
Omens Ropa & Accesorios,+54 376 443 6381,no,,,clothes,Posadas
Locos x la carne,+54 376 442 6595,no,,,butcher,Posadas
David,+5493764532690,si,,,locksmith,Posadas
Amazonas,+54 376 491 3644,no,,,pet,Posadas
"Asociación de Jubilados, Pensionados y Retirados de la Administración Pública de la Provincia de Misiones",+54 376 443 2820,no,,http://www.ajupapprom.com/,ngo,Posadas
Luz y Milagros,+54 376 4476204,no,,,pharmacy,Posadas
CompuSoft,+54 376 442-5335,no,,,computer,Posadas
Anyway Insumos S.A.,+54 376 443-7909,no,,https://anywayinsumos.com.ar/,computer,Posadas
Azpro,+54 376 443560,no,,,estate_agent,Posadas
Tonel,+54 376 4681063,no,,,wine,Posadas
Familia Bercomat - Contrucción en seco,+54 376 444 4350,no,,http://www.familiabercomat.com,trade,Posadas
Familia Bercomat,+54 376 444 0003,no,,http://www.familiabercomat.com,trade,Posadas
Instituto Cristiano Emanuel,+54 376 4451401,no,institutoemanuelposadas@hotmail.com,,school,Posadas
Más Pizza,+54 376 442241,no,,,fast_food,Posadas
PM Pinturería,+54376600320,no,,,paint,Posadas
Vitrage Vidriería,4451022,no,,,glaziery,Posadas
Aluminio Distribuidor SAPA,4438347,no,,,yes,Posadas
Baterías,4913112,no,,,energy,Posadas
Transmisiones El 86,4437341,no,,,car_parts,Posadas
La Casa del Cerdo,4456380,no,,,butcher,Posadas
Energía de Misiones,+54 376 4423000,no,gcomercial@emsadigital.com.ar,https://www.energiademisiones.com.ar/,energy_supplier,Posadas
Ministerio de Derechos Humanos,+54 376 444 7969,no,info.ddhhmisiones@gmail.com,https://derechoshumanos.misiones.gob.ar/,government,Posadas
Ministerio de Trabajo y Empleo,+54 376 4447637,no,s_trabajo@misiones.gov.ar,http://www.trabajo.misiones.gov.ar/,government,Posadas
Contaduría General de la Provincia,+54 376 4447516,no,contaduria@misiones.gov.ar,,government,Posadas
Boletín Oficial de la Provincia de Misiones,+54 376 4447385,no,boletin_oficial@misiones.gov.ar,https://www.boletin.misiones.gov.ar/,government,Posadas
La Vid,+543764430707,no,,,greengrocer,Posadas
IMO Automóviles,+54 376 442 4482,no,walteroudin@gmail.com,,car,Posadas
Verdagua,+54 376-3776080,no,,,travel_agency,Posadas
Verdulería Marcelo,+54 376 452 1151,no,,,greengrocer,Posadas
Gateway Solutions,+54 376 4429410,no,,,computer,Posadas
Hayashi,+54 376 4433403,no,,,supermarket,Posadas
Animalia,+54 376 443 3366,no,,,pet,Posadas
Escuela de Robótica,+54 376 443 6067,no,escuelaroboticamisiones@gmail.com,http://www.escuelaroboticamisiones.com,college,Posadas
Centro de Odontología Especializada,+5493764874383,si,,,dentist,Posadas
Megatelefonía,+54 376 4434294,no,,,electronics,Posadas
Bresiski,+54 3764467579,no,cristianbresiski@hotmail.com,https://www.bresiskisuspension.com/,car_repair,Posadas
Silvia,+54 376 445 5212,no,pedidosilvia@yahoo.com,http://www.lacteossilviasrl.com/,deli,Posadas
Polaris,+54 376 5006873,no,,http://www.heladospolaris.com,ice_cream,Posadas
Electro Lopez Service,+543764426315,no,,,electronics_repair,Posadas
Dirección de Personas Jurídicas,+54 376 447633,no,mg_dirperjuridicas@misiones.gov.ar,http://www.personasjuridicas.misiones.gov.ar,government,Posadas
Unidad Administrativa de Control de Infracciones,+54 800 220 8224,no,,https://monitoreovialmisiones.info/,government,Posadas
Shawarmas Malik,+543764200506,no,,,fast_food,Posadas
Quinta Pata,+54 376 442 8497,no,,,pet,Posadas
Servi Lux,+54 376 4684955,no,,,locksmith,Posadas
Servicios de Ingeniería Electrónica,154287470,si,,,electronics_repair,Posadas
Cerrajería,+54 9 376 4681211,si,,,locksmith,Posadas
Odontologo,+54 376 443 2341,no,,,dentist,Posadas
Serimanía,+54 376 442-9027,no,grafica.serimania@gmail.com,https://www.serimania.com.ar/,advertising_agency,Posadas
M&P,+54 376 4427840,no,,,pharmacy,Posadas
Norte,+543764427013,no,,,hardware,Posadas
Miyagi's,+54 376 462 9649,no,,,car_wash,Posadas
Dicar,+543764 855227,no,,,car_repair,Posadas
Cómodas Rápidas Viandas,+543764197752,no,,,fast_food,Posadas
Uno + Uno,+54 376 4596794,no,,,love_hotel,Posadas
La Reina del Pollo,+54 9 376 4507636,si,,,butcher,Posadas
Gofitec,4429313,no,,,hardware,Posadas
Mármoles Santi,+54 3752 43-645,no,,,trade,Posadas
Mármoles Roma,4434606,no,,,trade,Posadas
Prowan,+54 376 4429049,no,posadas@prowan.com.ar,,cosmetics,Posadas
Paraíso de Paz,+54 376 4475785,no,,,funeral_directors,Posadas
Rotisería Gustoso,+54 376 4462848,no,,,fast_food,Posadas
La Esquina de Milo,+54376495626,no,,,fast_food,Posadas
Floreria Titina,+54 376 439 1186,no,machucahernan988@gmail.com,,florist,Posadas
Al Costo con Yapa Productos y Artículos en Gral,+543764682255,no,,,yes,Posadas
Electroclima SRL,+54 376 443-7571,no,,,electrician,Posadas
Workpeople,+54 9 376 437 6768,si,,https://workpeople.com.ar/,yes,Posadas
SPA Urbano,4435485,no,,,beauty,Posadas
Escapes Oeste,+54 376 526-0136,no,,,car_repair,Posadas
Repuestos Avenida,+54 376 444 1396,no,,,car_parts,Posadas
Optilens,+5493764436735,si,,,optician,Posadas
Posadas Todo Río,+54 376 4406059,no,,,water_sports,Posadas
Remises Telecar,+54 376 446 6666,no,,,taxi,Posadas
Loben,+54 376 15563623,si,bensioncohen@yahoo.com.ar,,pharmacy,Posadas
Pronto Pollo,+54 376 436-6974,no,,,butcher,Posadas
Sandri,+54 376 455-3542,no,,,veterinary,Posadas
Tapicería Luis,+543764618623,no,,,upholsterer,Posadas
3R Electricidad del Automotor,+54 376 4456413,no,,,car_repair,Posadas
Asociación Mutual del Personal de la Universidad Nacional de Misiones,+54 3764 422787,no,,https://mupum.unam.edu.ar/,social_facility,Posadas
Cromo Silen,+54 376 445 5237,no,,,car_repair,Posadas
Dirección General Registro de la Propiedad de Inmuebles,,no,registropropiedadmnes@gmail.com,https://rpi.misiones.gob.ar/,government,Posadas
Burger Toy,+54 376 5097275,no,,,fast_food,Posadas
La casa del tapicero - Tapicería Mingo,+54 3764454872,no,,,upholstery,Posadas
Cóndor II,+54 376 442 3888,no,,,pharmacy,Posadas
El Cóndor III,+54 376 442 9700,no,,,pharmacy,Posadas
Cóndor V,+54 376 4425200,no,,,pharmacy,Posadas
Mecánica Integral Daniel Heck,+543764452137,no,,,car_repair,Posadas
Vivero Fenix,+54 376 4337498,no,,,garden_centre,Posadas
Integral,+54 376 469 1833,no,,,locksmith,Posadas
Asociacion Japonesa de Misiones,+54 376 446-0165,no,,,community_centre,Posadas
Marandú Comunicaciones S.E.,+54 376 4421600,no,info@marandu.com.ar,https://marandu.com.ar,telecommunication,Posadas
Guau Vet,+54 9 376 423-3567,si,,https://www.facebook.com/guau.vet,veterinary,Posadas
Servicio Penitenciario Provincial,+54 376 445 8240,no,spp_misiones@misiones.gov.ar,https://www.spp.misiones.gov.ar/,police,Posadas
Mundo Animal,+54 376 4424651,no,,,veterinary,Posadas
Avenida,+54 376 4233461,no,,,car_repair,Posadas
115 Frenos y Embragues,+54 3764 478387,no,,,car_parts,Posadas
Hygea,+54 3755 307857,no,,,pharmacy,Posadas
Zoo,+54 376 443-2821,no,zooveterinariaposadas@gmail.com,,pet,Posadas
Medina Taller Mecanico,+543764455643,no,,,car_repair,Posadas
Juan,+54 376 464 8242,no,,,bicycle,Posadas
Animal Vet,376 443255,no,,,veterinary,Posadas
Los Duendes,+54 376 442-3463,no,,,convenience,Posadas
La Casa del Encendido,+543764471014,no,ventas@elencendido.com.ar,,electrical,Posadas
Nordeste Repuestos,+54 376 442 7605,no,,,car_parts,Posadas
De la Parrilla al Pan,+5493764386373,si,,,fast_food,Posadas
Fontana Neumáticos,+54 376 442-4705,no,Neumaticos@Fontanaposadas.Com.Ar,,tyres,Posadas
Me Voy!,+54 376 5260341,no,info@mevoy.tur.ar,https://www.mevoy.tur.ar/,travel_agency,Posadas
El Buen Sazón,+54 376 4822150,no,,,restaurant,Posadas
La Feliz,+64 376 064858,no,puntacaribe@hotmail.com,,bar,Posadas
Dame La Pata,+54 3764598805,no,,,veterinary,Posadas
Punto Espresso,+54 376 513 0006,no,puntoespressook@gmail.com,,coffee,Posadas
Instituto Protesico Ortopedia,+54 376 4439691,no,,,medical_supply,Posadas
Instituto Superior de Estudios Técnicos,+543764440096,no,iset@leoniset.edu.ar,https://www.leoniset.edu.ar/,college,Posadas
División Seguridad y Vigilancia UR-I,+54 376 4447435,no,,,police,Posadas
Grillmatic,+54 376 4460872,no,,https://www.grillmatic.com.ar/,yes,Posadas
Fundacion Padre Pio,+54 3764 423878,no,,,ngo,Posadas
Elizalde,+54 376 4423220,no,,,car_repair,Posadas
La Nona,+54 376 4427030,no,,,food,Posadas
Pioneros,+54 376 4435626,no,,,pet,Posadas
Dr. Express,+54 376 4710208,no,farmaciadrexpress@gmail.com,,pharmacy,Posadas
Misiomat,+54 376 4439783,no,,,trade,Posadas
Inmobiliaria Torres,+543764431887,no,,,estate_agent,Posadas
Lavandería Posadas,+54 376 4421434,no,,,laundry,Posadas
Barrios Computación,+54 376 4436214,no,,https://www.barrioscomputacion.com.ar/,computer,Posadas
XL Negocios Inmobiliarios,+543764438552,no,xlnegociosinmobiliarios@hotmail.com,,estate_agent,Posadas
PAMI,+54 376 4427809,no,,,government,Posadas
Centro de Especialidades Médicas,+54 376 4438706,no,,,doctors,Posadas
Colegio de Abogados de la Provincia de Misiones,(0376) 4424474 / 4421931 / 4427623,no,,https://www.cademis.org.ar/,lawyer,Posadas
La Carpintería,+54 376 4451558,no,,,carpenter,Posadas
La Estancia,+54 376 427-3413,no,,,convenience,Posadas
Estudio Jurídico Dr. Pedro Martínez,+54 376 4431250,no,legalesmartinez@gmail.com,,lawyer,Posadas
Armando Lio Salon,+54 376 4671024,no,,,events_venue,Posadas
Amoblamientos Mackow,+543764647081,no,,,carpenter,Posadas
IMprenta,+54 376 4424919,no,talleresgraficos_01@hotmail.com,,stationery,Posadas
Mecatec,+54 376 4170518,no,,,car_repair,Posadas
ADN Pizzero,+54 9 376 498 6429,si,robertomander@gmail.com,,restaurant,Posadas
Industrial Aguilar,+54 376 4456333,no,online@ferreteriaaguilar.com.ar,https://www.ferreteriaaguilar.com.ar/,hardware,Posadas
Aserradero El Pino,+54 376 4457284,no,,,trade,Posadas
Femme,+54 376 439 9192,no,contacto@hogardeabuelas.com,http://www.hogardeabuelas.com/#!/-bienvenido/,social_facility,Posadas
Lavalle Centro Comercial,+54 376 451 7825,no,contactolavalle@gmail.com,,mall,Posadas
Provolone,+54 376 4421554,no,,,cheese,Posadas
Mueblin Muebles para el hogar,+543764440930,no,,,furniture,Posadas
Campos y Mascotas,+54 376 4424635,no,,,veterinary,Posadas
Farmalife Costanera,+543764421350,no,,https://www.facebook.com/Farmalife-Costanera-324812681542618,pharmacy,Posadas
Dr. Santiago,+54 9 376 486 7683,si,,,veterinary,Posadas
Cuaranta Olano,+54 376 4431225,no,,,lawyer,Posadas
Apolo Deportes,,no,apolodeportes@arnetbiz.com.ar,,sports,Posadas
Sommer Deportes,,no,sommer_deportes@yahoo.com.ar,,sports,Posadas
Cruz verde,(37644420871)(3764428420),no,,,office,Posadas
Alma,+54 9 376 471 4047,si,,,veterinary,Posadas
Kesos y Cosas,+54 376 433 3520,no,,,cheese,Posadas
Bendita Tentación,+54 376 4538270,no,,,fast_food,Posadas
Il Gatto,+54 376 4425345,no,,,dry_cleaning,Posadas
Agencia 209,+54 376 4437183,no,,,lottery,Posadas
Accesorios Center,+54 376 503 2032,no,,,mobile_phone,Posadas
Espacio TISaM,+54903764423805,si,espaciotisam@gmail.com,,clinic,Posadas
Generación Y,+54 376 4639575,no,@gmail.com,,beverages,Posadas
Anatomía Patológica,+54 376 4423157,no,,,doctors,Posadas
FM Street 101.5 LRH 373,+54 376 4420204,no,rrhh@fmstreet.com.ar,https://www.fmstreet.com.ar/,studio,Posadas
Radio República,+54 376 4449999,no,,https://republica99.com.ar/,studio,Posadas
Instituto para Discapacidad - Servicio Centro de Día,+54 376 4441310,no,cenemi@live.com.ar,https://cenemi.com/,rehabilitation,Posadas
Hospital de Juguetes,+54 3764 675750,no,,,social_facility,Posadas
Riel S.R.L. Ingeniería Electrica y Mecánica,+54 376 4457800,no,contacto@rielsa.com.ar,http://www.rielsa.com.ar/,yes,Posadas
Librería Madre Teresa,+543764436848,no,,,stationery,Posadas
2 de Abril,+54 376 4106988,no,,,library,Posadas
Renault Sur,+54 376 4433004,no,,,car_parts,Posadas
Cyberlink,+543764425930,no,ventas@cyberlink.com.ar,https://www.cyberlink.com.ar/,computer,Posadas
Energía de Misiones,+54 376 4457838,no,,https://www.energiademisiones.com.ar/,energy_supplier,Posadas
Energía de Misiones,+54 376 4460392,no,,https://www.energiademisiones.com.ar/,energy_supplier,Posadas
Pizza 40,+54 376 4460507,no,,,fast_food,Posadas
Villa Cabello Salud,+54 376 4475981,no,,,clinic,Posadas
Peluquería,+54 376 15848802,si,,,hairdresser,Posadas
Policonsultirio Villa Cabello,+54 376 4465894,no,,,clinic,Posadas
El Boticario,+54 376 4462162,no,fjmuzza71@live.com.ar,,pharmacy,Posadas
Full Esthetic Center,+54 376 4438585,no,,http://www.fullesthetic.com,clinic,Posadas
Galería del Mate,+54 376 442 9199,no,,,gift,Posadas
La Casa del Repuesto Refrigeración,+54 376 443 5838,no,burek_e_hijos@yahoo.com.ar,http://www.lacasadel-repuesto.com,hardware,Posadas
Instituto Médico Simes,+54 376 4437596,no,,,doctors,Posadas
Ámbar Casa de Salud,+54 376 4433225,no,contacto@ambarsalud.com,https://www.ambarsalud.com/,clinic,Posadas
Megatón,+54 376 444 1647,no,,,clothes,Posadas
Liliana Orestini,+543764913190,no,,,optician,Posadas
Clínica Neurológica Vigo,0543764436260,no,,http://www.clinicavigo.com.ar,clinic,Posadas
Las Lucías,+54 3764540555,no,,,bakery,Posadas
Tito,+54 376 454 4508,no,,,shoemaker,Posadas
José M. Llamas,,no,jllamas@arnet.com.ar,,company,Posadas
Pszegotski Sol Ariana,+543764428541,no,,,veterinary,Posadas
Kiosko,+54 3764-4429887,no,,,kiosk,Posadas
Amarú,+54 376 473-1115,no,,,restaurant,Posadas
La Casona,,no,lacasonabeerbar@gmail.com,,beverages,Posadas
Instituto Médico de Especialistas,+54 376 4424128,no,imerehabilitacion@gmail.com,http://www.imerehabilitacion.com/,clinic,Posadas
Pizza 40 Premium,+543764460507,no,,,fast_food,Posadas
Laudin,+54 376 4425752,no,jmlaudin@yahoo.com.ar,http://www.inmobiliarialaudin.net,estate_agent,Posadas
Martinez Inmobiliaria,+54 376 4423537,no,,,estate_agent,Posadas
Luis V,+54 376 4423718,no,,,computer,Posadas
Aires del Sur,+54 376 4438001,no,,,electronics_repair,Posadas
Velatorio Itatí - Guirin S.A.,+54 376 4438918,no,,,funeral_directors,Posadas
Pizzería Los Pinos,+54 376 4439800,no,,,fast_food,Posadas
Ganser,+54 376 443-7436,no,,,bicycle,Posadas
Centro Familiar Amigos de Jesús,+54 376 4431614,no,amistadconjesus@gmail.com,,place_of_worship,Posadas
Azmí,+54 3765 112443,no,inmobiliariamagan@hotmail.com.ar,,perfumery,Posadas
Alma Construcciones,+54 376 4439996,no,,,yes,Posadas
DecorEd,+54 376 4913313,no,,,yes,Posadas
San Francisco de Asís,+54 376 5261793,no,,,veterinary,Posadas
Vida Animal,+54 376 4459595,no,,,veterinary,Posadas
Embragues Da-Gar,+54 376 4432303,no,,,car_repair,Posadas
Despensa,+54 376 4437872,no,,,convenience,Posadas
Flash,+54 376 4466590,no,,,electronics_repair,Posadas
Acusciel,+54 376 4471121,no,,,trade,Posadas
Embalajes Quaranta,+54 376 4399779,no,,,yes,Posadas
Ferro Posadas,,no,ferroposadas@gmail.com,,hardware,Posadas
Itatí,+54 376 4438918,no,,,funeral_directors,Posadas
Construir Salud,+54 376 4424944,no,,https://construirsalud.com.ar/,clinic,Posadas
Cg Propiedades,+54 376 5261304,no,cgpropiedades@outlook.com,https://www.cgpropiedades.com/,estate_agent,Posadas
Escuela 1,+54 376 4440535,no,,,school,Posadas
Kuky,+54 376 4471619,no,,,car_repair,Posadas
Dental Page,+54 376 443 3111,no,,,dentist,Posadas
Block SRL,+54 3765 267777,no,posadas@blocks.com.ar,https://blocks.com.ar/,yes,Posadas
Asociación de Productores Industriales y Comerciantes Forestales de Misiones y Norte de Corrientes,+543764471188,no,apicofom@gmail.com,,company,Posadas
Distribuidora del Nordeste SRL,+543764596851,no,distribuidoradelnordestesrl@gmail.com,,hardware,Posadas
GO! English,+543764438359,no,,,school,Posadas
FarmaCom II,+54 376 5261938,no,,,pharmacy,Posadas
Diseño tu Living,+54 376 4437657,no,,,furniture,Posadas
Distribuidora Bilbao SRL,+54 376 445 7960,no,distribuidorabilbao@yahoo.com.ar,,bicycle_parking,Posadas
Escuela Marcial KengWu,+54 9 11 3077 2770,si,axentchen@kengwu.com,,dojo,Posadas
Organización Girard,+54 376 443-0100,no,comercial@girardasociados.com.ar,https://www.sancristobal.com.ar/pas/organizacion-girard-asociados,insurance,Posadas
Cristal,+54 376 442-5533,no,,https://www.cristaldigital.com.ar/,cosmetics,Posadas
Escuela Provincial de Educación Técnica N° 1,,no,info@epet1.edu.ar,https://www.epet1.edu.ar,school,Posadas
Escuela 266,+54 376 446 5056,no,,,school,Posadas
Agencia Posadas Turismo,+54 376 4429729,no,turismo@posadas.gov.ar,http://www.turismo.posadas.gov.ar,government,Posadas
Colegio del Carmen,+54 376 4432916,no,,,school,Posadas
Superintendencia de Seguro de Salud,+54 376 443 7548,no,misiones@ssalud.gob.ar,https://www.sssalud.gob.ar,government,Posadas
Animals Club,+54 376 4428860,no,,,pet,Posadas
Help me Teacher,+54 9 376 4422764,si,helpmeteacher@gmail.com,,language_school,Posadas
Nuevo Horizonte Propiedades,+54 376 443 7697,no,tufuturohorizonte@gmail.com,http://www.nuevohorizonteprop.com.ar/,estate_agent,Posadas
Big Burger,+54 376 4420650,no,,,fast_food,Posadas
Dirección Geneal de Arquitectura,+54 376 444 7530,no,,,government,Posadas
Sushisin,+54 376 4817718,no,,,restaurant,Posadas
Canal 4 Posadas,+54 376 4406055,no,,https://www.canalcuatroposadas.tv/,studio,Posadas
Instituto Jesús Niño,+54 376 446 5100,no,,https://www.ijn.edu.ar/,school,Posadas
Instituto Politécnico San Arnoldo Janssen,+54 376 4458529,no,direccion.estudios.janssen@gmail.com,https://www.ipsaj.edu.ar/,school,Posadas
Instituto Lisandro de La Torre,+54 376 443 6977,no,,https://www.institutodelatorre.com.ar/,school,Posadas
Instituto Salesiano San Miguel,+54 376 476097,no,inssanmiguel@yahoo.com.ar,,school,Posadas
Sinergia Industrial SRL,+543764434429,no,,,hardware,Posadas
Frenar,+54 376 4432949,no,,,car_parts,Posadas
Laboratorio Juana Beatriz Lorenzo,+54 376 4502246,no,Laboratoriolorenzo@hotmail.com,,laboratory,Posadas
Esthetic Fresh,+54 376 4436295,no,,,beauty,Posadas
Corralón José,+54 376 483 3711,no,,,hardware,Posadas
Profundo,+54 376 433-2160,no,,,fast_food,Posadas
SegurElec,+54 376 4464800,no,,http://www.segurelec.com.ar,security,Posadas
Cirfren,+5493764270598,si,,,car_parts,Posadas
Deco Bazar,+54 376 443396,no,,,variety_store,Posadas
Franciona Refrigeraciones,+54 376 4461974,no,rfranciona@gmail.com,,car_repair,Posadas
Hilario Sewaald S.R.L.,+543764441491,no,seewaldsrl@gmail.com,,car_repair,Posadas
Estilista Marta Unisex,+543764135903,no,,,hairdresser,Posadas
Consultorio Dental Drama Claudia Marcelo Calvo,+543764423436,no,,,dentist,Posadas
Raúl,+54 376 4433470,no,,,car_repair,Posadas
Escribanía Romero & Cía,+54 376 445-9322,no,,,notary,Posadas
RO.MI.SA,+54 376 4457900,no,,https://www.romisa.com.ar/,car_parts,Posadas
Tohomitsu,+54 376 4455310,no,,http://tohomitsu.com.ar/,car_parts,Posadas
Instituto General San Martín,+54 376 4883144,no,,,educational_institution,Posadas
Líder Mandados,+54 376 4437777,no,,,convenience,Posadas
Mundo Kids,+54 376 424-3894,no,,,school,Posadas
Herrero,+543764131121,no,,,blacksmith,Posadas
El Mono,+54 376 4633390,no,,,locksmith,Posadas
Nexos,+54 376 4428025,no,,https://www.redim.com.ar/nexos,estate_agent,Posadas
Mundo Útil,+54 376 4436373,no,,,stationery,Posadas
Yoly Calzados en General,+543764433015,no,,,shoes,Posadas
Rehabilitar,+54 376 4423827,no,,,alternative,Posadas
"Centro de Rehabilitación del Ciego ""Santa Rosa de Lima""",+54 376 443-1488,no,centrodelciego@hotmail.com,,foundation,Posadas
Subsecretaría de Ordenamiento Territorial,+54-376-447025,no,ordenamientoterritorial@misiones.gov.ar,https://www.ot.misiones.gov.ar/,government,Posadas
Talabartería El Luchador,+54 376 4453397,no,,,leather,Posadas
Boldú S.R.L.,+54 376 4456500,no,boldusrl@gmail.com,http://www.boldu.com.ar,carpenter,Posadas
Farmac,+54 376 514-9041,no,,,pharmacy,Posadas
Cerrajería,+54 376 4429652,no,,,locksmith,Posadas
Posadas Refrigeración,+54 9 376 457 7133,si,,,electronics_repair,Posadas
Nordeste Baterias,+54 376 4454476,no,,https://www.nordestebaterias.com.ar,energy,Posadas
Quick Stop,+54 676 5134455,no,,,beverages,Posadas
Lihue,+543764755015,no,,,clinic,Posadas
Tío Sancho,+54 376 4437658,no,,,fast_food,Posadas
Tierra Servicios Inmobiliarios,+54 9 3764694200,si,tierrapropiedadesmisiones@gmail.com,http://www.tierrapropiedades.com.ar/,estate_agent,Posadas
Refrigeración Delgado,+54 376 4438033,no,,,yes,Posadas
Escribanía Soto,+54 376 4424615,no,,,notary,Posadas
Tierra Roja,+54 376 4429601,no,,,restaurant,Posadas
Casa de la Mujer,+54 376 4435511,no,,,ngo,Posadas
Opción 1,+54 376 430027,no,opcionuno@arnetbiz.com.ar,,stationery,Posadas
"Obra Social de Empresarios, Profesionales y Monotributistas",+54 376 4430233,no,,http://www.osdepym.com.ar,company,Posadas
Finten,+54 376 4432615,no,,,hardware,Posadas
Neumáticos Posadas,+543764458200,no,,,car_repair,Posadas
Obra Social Personal de Imprenta Diarios y Afines,+4 376 4421857,no,,http://www.ospida.org.ar/,company,Posadas
Grow Turismo - GO15,+54 376 4429710,no,,http://growturismo.com/,travel_agency,Posadas
El Músico,+54 376 4424274,no,,https://www.elmusico.com.ar/,music_school,Posadas
Bazar Palermo,+54 376 4424495,no,,,department_store,Posadas
Cami,+54 3764 837894,no,,,laundry,Posadas
Enfants Consultorio Pediátrico,+54 376 4713059,no,,,doctors,Posadas
Escribanía Ana Valeria Cautela,,no,escribaniacautela@yahoo.com.ar,,notary,Posadas
Strass,,no,strassmerceria@gmail.com,,yes,Posadas
Instituto Bilingüe Posadas Educa,+54 376 4432126,no,institutoposadaseduca0487@gmail.com,https://www.institutoposadaseduca.com/,school,Posadas
Consultorio de Medicina Integrativa,+54 376 4586549,no,,https://www.acupunturamedicagaspardusset.com/,clinic,Posadas
Elena,+54 376 4687068,no,,http://www.salonelena.com.ar/,beauty,Posadas
La Casa de las Velas,+54 376 3677765,no,,https://aromilandia.com.ar,candles,Posadas
Puerto Infancia,+54 376 4607048,no,,,kindergarten,Posadas
Tech Dex,+54 9 376 5038803,si,,,electronics_repair,Posadas
Rush English Institute,+54 9 376 5142001,si,,,school,Posadas
Pequeños Gigantes,+54 9 376 4634639,si,,,kindergarten,Posadas
Biomimética,+54 376 4421351,no,,,doctors,Posadas
Clínica Dental,+54 376 4423224,no,,,dentist,Posadas
Electroservice Rubén,+54 376 4432004,no,,,car_repair,Posadas
Librería Tucumán,+54 9 376 5008681,si,info@libreriatucuman.com,http://www.libreriatucuman.com,stationery,Posadas
POEA Inmobiliaria SRL,+54 376 4436800,no,info@poeainmobiliaria.com.ar,https://poeainmobiliaria.com.ar/,estate_agent,Posadas
Insumos Gasparetto,+54 376 459739,no,,,wholesale,Posadas
Centro Psicología y Familia,+543764231462,no,,,psychotherapist,Posadas
Latisana,+54 376 4840067,no,,,variety_store,Posadas
Mistica,+54 376 4652639,no,,,beauty,Posadas
Matto Style,+54 9 376 412 2823,si,,,hairdresser,Posadas
Papelería Puente Alto,+54 376 4540419,no,,,stationery,Posadas
iD Plast Sanitarios,+54 376 4425847,no,idplastsanitarios@gmail.cpm,,trade,Posadas
Tecnometal,+54 376 445-0591,no,,,trade,Posadas
SolMet SRL,+54 376 4241800,no,,,trade,Posadas
Gusfox,+54 376 452-9441,no,,,hairdresser,Posadas
Maysan Sabores Caseros,+54 9 376 418-9168,si,,,fast_food,Posadas
Roberto Correa y Cia,+54 376 4423236,no,,https://correayciasa.jimdo.com,doctor,Posadas
Magic World,+54 376 442-5633,no,info@jardinmacigworld.com.ar,http://www.jardinmagicworld.com.ar,kindergarten,Posadas
Del Oeste,+54 376 4427270,no,,,veterinary,Posadas
Podoterapeuta Rosana Galarza,+54 376 4730618,no,,,doctors,Posadas
Solari Bienes Raices,+54 376 443 9998,no,,https://www.solaribienesraices.com/,estate_agent,Posadas
Instituto de Formación para la Gestión Pública,+54 376 444-4473,no,capacitacioninfogeo@gmail.com,http://www.infogep.misiones.gov.ar/,government,Posadas
Seven,+54 376 4437085,no,,,pharmacy,Posadas
La Juaquita,+54 376 4913448,no,,,veterinary,Posadas
La Granja,+54 376 4431849,no,,,butcher,Posadas
Higía Gastroenterología Avanzada,+54 376 4434631,no,higiagastroenterologia@gmail.com,,clinic,Posadas
Yacaré Tours,+54 376 44221829,no,,,travel_agency,Posadas
Mundo de Colores,+54 9 376 422 5782,si,,,events_venue,Posadas
Ver Shop,+54 376 4588039,no,,,veterinary,Posadas
Ingeniero Ingiero Carraffa Flores,+543764420289,no,,https://www.ingcarraffaflores.com/,estate_agent,Posadas
Fundación Vanguardia,+543764438586,no,,https://www.fundacionvanguardia.com/,ngo,Posadas
Odontología Integral OIN,+543764423615,no,,,dentist,Posadas
Brutal Creativos,,no,contenidos@brutalcreativos.com,https://www.instagram.com/brutalcreativos,photo,Posadas
Fundación Alfa,+54 376 4423267,no,info@fundacioninstitutoalfa.edu.ar,http://w1.funalfa.com.ar/,foundation,Posadas
DenPos,+54 376 4423448,no,,,dentist,Posadas
Colegio de Psicopedagogos de la Provincia de Misiones,+54 376 4425101,no,colegiopspmisiones@gmail.com,https://www.colegiopspmisiones.com.ar/,yes,Posadas
Instituto de Previsión Social,+54 376 444-8680,no,,,government,Posadas
Instituto de Previsión Social,+54 376 446 8020,no,,,government,Posadas
Instituto de Previsión Social,+54 376 4597419,no,,,government,Posadas
Del Oeste Inmuebles,+54 376 4439785,no,deloeste.inmuebles.@gmail.com,https://www deloesteinmuebles.com.ar,estate_agent,Posadas
Agostinelli,+54 376 4368612,no,,,optician,Posadas
Moto Mandado,+54 376 4422022,no,,,company,Posadas
Ña Picada,+543764805261,no,,,fast_food,Posadas
Centro Kinders,+54 376 4436768,no,centrokinders@hotmail.com,https://www.centrokinders.com/,kindergarten,Posadas
Gutt,+54 376 443 6866,no,,,deli,Posadas
Óptica Misiones,+54 376 442-6856,no,,,optician,Posadas
Taller Elias,+543764457785,no,,,car_repair,Posadas
Transban S.A.,+54 376 4437515,no,contacto@transban.com.ar,https://transban.com.ar/,post_office,Posadas
Unidad Administrativa de Control de Infracciones,+54 376 4421431,no,,,government,Posadas
Joyeria Domínguez,+54 376 4433419,no,,,jewelry,Posadas
Escribanía Claudio Boichuk,+54 376 4423689,no,,,notary,Posadas
Que limpio,+543764129186,no,,,car_wash,Posadas
Clínica Dental,+54 376 420365,no,,,dentist,Posadas
Viaturex,,no,viaturex@fibertel.com.ar,,travel_agent,Posadas
Subsecretaría de Prevención,+54 376 102,no,,,government,Posadas
Abrazo de Oso,+54 9 376 463 3286,si,,,school,Posadas
MS Spa,+54 376 354992,no,,,beauty,Posadas
AB Medic,+54 376 4430862,no,,,yes,Posadas
Clínica del Centro,+54 376 4141891,no,,,doctors,Posadas
Shawarma Express,+54 9 376 450-6768,si,,,fast_food,Posadas
Academia Internacional de Taekwondo,+54 376 4436942,no,,,dojo,Posadas
Litoral Serigrafía,+54 376 4431701,no,,,copyshop,Posadas
Cerrajería David,+54 376 4486184,no,,,locksmith,Posadas
Instituto Provincial de Estadística y Censos,+54 376 444-7014,no,ipec@misiones.gov.ar,https://ipecmisiones.org/,government,Posadas
Monte,+54 376 471-5955,no,,,restaurant,Posadas
Banco de Corrientes,+54 376 443 2440,no,,https://www.bancodecorrientes.com.ar/,bank,Posadas
La Mansión de Golosinas,+54 376 425 6023,no,,,department_store,Posadas
Laboratorio de Análisis Clínicos Mariani,+54 376 4436710,no,,,laboratory,Posadas
Tío Man Rotisería,+54 376 168203,no,,,health_food,Posadas
Neuro Kinesio,+3764359274,no,,,doctors,Posadas
Kinefix Centro de Kinesiología,+54376828544,no,,,doctors,Posadas
Centro Materno Infantil Había Una Vez,+54 376 4438619,no,,,childcare,Posadas
Selliz SRL,+54 376 4427371,no,,,yes,Posadas
Solarpools Piscinas,+54 376 5223632,no,solarpools@solarpools.arnetbiz.com.ar,,chemist,Posadas
Bravo,+543764437166,no,,,bicycle,Posadas
Bike Mandados,+54 376 4394688,no,,https://www.instagram.com/bike_mandados,company,Posadas
Vidrieria Itatí,+54 376 485 3492,no,,,glaziery,Posadas
CEBAC,+54 376 442-2353,no,,http://www.laboratoriocebac.com.ar/,laboratory,Posadas
Centro Educativo de Nivel Secundario 176,+54 9 376 466 6186,si,info@cens176-misiones.edu.ar,https://www.cens176-misiones.edu.ar/,school,Posadas
Farmaplus,+54 9 376 439 0404,si,hernanchesani@gmail.com,,pharmacy,Posadas
Bobinados Zipan,+54 376 4274113,no,,,electronics_repair,Posadas
Juan Gómez,+54 376 4432606,no,,,estate_agent,Posadas
Cristal,+54 376 4423629,no,,,optician,Posadas
Mengana Craft Beer Station,+54 9 376 425 6543,si,,,beverages,Posadas
Ki Neuro,+54 9 376 464 2957,si,,,alternative,Posadas
Menjadi,+54 376 4760043,no,,,beauty,Posadas
La Farmacita,+54 376 4424180,no,,,pharmacy,Posadas
Kalma,+543764060607,no,,,physiotherapist,Posadas
Subsecretaría de Protección Civil,+54 376 4427544,no,,http://www.proteccioncivil.misiones.gob.ar/,government,Posadas
Aidée,+54 376 4698240,no,,,clothes,Posadas
Argentina,+54 376 4431321,no,,,hardware,Posadas
Centroluz,+54 376 4913222,no,,https://www.grupofavereau.com.ar,lighting;hardware,Posadas
Myslicki,+54 376 4710184,no,,,hardware,Posadas
Hogar Abuela Inda,+54 376 44428827,no,hogarabuelainda@outlook.com,,social_facility,Posadas
Residencia Geriátrica Elorza Ochoa SRL,+54 376 44450795,no,,,social_facility,Posadas
Hogar San José,+54 376 4609683,no,,,social_facility,Posadas
Residencia de Abuelos Padre Pío,+54 376 44420693,no,,,social_facility,Posadas
Hogar de Ancianos Agustin Liarte,+54 376 4424581,no,,,social_facility,Posadas
Radiadores Sergio,+543764457944,no,,,car_repair,Posadas
Llantas Rocabert,+54 9 376 4277193,si,,,car_repair,Posadas
Centenario,+54 376 5232479,no,,,pharmacy,Posadas
Arandú,+54 376 450008,no,,,clinic,Posadas
Laboratorio de Medicina Nuclear Doctor Prosen SRL,+54 376 4438119,no,,https://laboratorio-de-medicina-nuclear-dr-prosen-srl.negocio.site/,clinic,Posadas
Estudio Contable,+54376438389,no,contadormariovicente@gmail.com,,accountant,Posadas
Hospital Materno Neonatal,+54 376 4447842,no,,,hospital,Posadas
Hospital Doctor Fernando Barreyro,+54 376 4447100,no,hospitaldepediatriafbarreyro@gmail.com,,hospital,Posadas
"Agencia Tributaria de Misiones - Posadas, Control Fiscal en Ruta",+54 376 4440944,no,,,government,Posadas
Consultorio Odontológico Mazal Federico Samuel,+543764430423,no,,,dentist,Posadas
La Mía Pizza,+54 376 4312030,no,,,fast_food,Posadas
UCIVET Posadas,+54 376 513 1010,no,,,veterinary,Posadas
Tacuarí,+54 376 5053457,no,,,car_wash,Posadas
Cachanote Food,+54 376 5126900,no,,,fast_food,Posadas
División de Bomberos Zona Sur,+54 376 447667,no,,,fire_station,Posadas
Municipalidad de Posadas,+54 376 4449056,no,oficina.privada@posadas.gov.ar,https://posadas.gob.ar/,townhall,Posadas
Instituto Misionero de Agua y Sanamiento,+54 376 445 8227,no,,,government,Posadas
Bomberos Voluntarios de Campo las Dolores,+54 3764 597279,no,,,fire_station,Posadas
Policía Federal Argentina,+54 376 4428200,no,,,police,Posadas
Brys,+54 376 658289,no,,,hvac,Posadas
Parrilla y Planchetta Julián,+54 9 3764 21-6864,si,,,fast_food,Posadas
Imprenta Creativa,+54 376 4436425,no,,,printing,Posadas
Archivo General del Poder Judicial,+54 376 444 6485,no,archivogeneral.posadas@jusmisiones.gov.ar,https://www.jusmisiones.gov.ar/,government,Posadas
Deco Hogar,+54 376 4200655,no,,,furniture,Posadas
Barbería Franco Benítez,+54 376 4127484,no,,,hairdresser,Posadas
El Moro,+54 376 443 7642,no,,,trade,Posadas
Don Fulgencio,+54 376 489-8473,no,,,restaurant,Posadas
Kuczek,+54 376 4424627,no,,,optician,Posadas
Clínica dental,+54 376 4377214,no,,,dentist,Posadas
Lo de Memo,+54 376 4181595,no,,,fast_food,Posadas
Cómo en Kasa,+54 376 4735954,no,,,fast_food,Posadas
Mariana Galmarini,+54 376 4408594,no,,,optician,Posadas
Clínica Dental Posadas,+54 376 4909360,no,,,dentist,Posadas
Tata Motors,+54 376 440334,no,,,car_repair,Posadas
Clini Cucha,+54 376 4437850,no,,,veterinary,Posadas
MB Uniformes,+54 376 4338569,no,marisabelbergmann@yahoo.com,,clothes,Posadas
Jeremías,+54 376 4158914,no,,,greengrocer,Posadas
La Santa,+54 376 5035774,no,,,shoes,Posadas
Posnet,+5493764422418,si,,,company,Posadas
Delivery Victoria,+54 376 4404240,no,,,fast_food,Posadas
Juan Pablo Horianski,+54 9 376 4421034,si,administracion@jphorianski.com,,insurance,Posadas
Electrónica Figuemar,+5437642004,no,,,electronics_repair,Posadas
Said,+54 376 4519101,no,,,fast_food,Posadas
Olivera,+54376741097,no,,,electronics_repair,Posadas
Melli,0543764197913,no,,,yes,Posadas
Ecoprint Posadas,+54 376 4422735,no,ecoprintposadas@gmail.com,,copyshop,Posadas
A&E Gastronomía,+543765032200,no,,,fast_food,Posadas
MC Estudio Contable,37594263751,no,,,accountant,Posadas
Farmac,+54 3764493010,no,,,pharmacy,Posadas
Reyplast,+54 376 4459562,no,reyplastsanitarios@hotmail.com,,hardware,Posadas
Colella,+54 9 376 467 2412,si,,,alternative,Posadas
La Casa de la Goma,+543764425517,no,,,car_parts,Posadas
Beto Cerrajería,+54 376 4585971,no,cerrabeto@hotmail.com,,car_repair,Posadas
Instituto Privado de Estudios Superiores de Misiones,+54 376 4432828,no,secretaria_terciario@ipesmi.edu.ar,,school,Posadas
Instituto Superior Lenguas Vivas,+54 376 443 7004,no,info@e-islv.com.ar,https://www.lenguasvivas.net/,college,Posadas
Cielos Abiertos,+54 376 453 2485,no,institutocielosabiertos@hotmail.com,https://institutocielosabiertos.com/,college,Posadas
Instituto Académico Doctor Branemark,+54 376 4459044,no,,,college,Posadas
Raúl,+54 9 376 4518009,si,,,shoemaker,Posadas
Emma,+54 376 4312550,no,,,fast_food,Posadas
Universidad Católica de Santa Fe,+54 376 442 3388,no,,,university,Posadas
Liceo Naval Militar Almirante Storni,+54 376 446 1500,no,,http://www.liceostorni.edu.ar/,school,Posadas
Instituto Santa María de Las Misiones,+54 376 446 5708,no,,http://fundacionvillacabello.org/index.php/institutos/instituto-santa-maria-de-las-misiones,school,Posadas
Patry,+543757507412,no,,,beauty,Posadas
Fulque & Losavio,+54376422772,no,,https://fulquetylosavio.com.ar/,estate_agent,Posadas
La Catalana deco y bazar,+5493764810050,si,,https://www.lacatalanadecoybazar.com.ar,variety_store,Posadas
Imlauer,+54 376 49135804,no,,,car_repair,Posadas
PC Fix Informática,+543764390724,no,,,computer,Posadas
Impulso Maderas,+5493764722748,si,,,yes,Posadas
Infotec,+543764434822,no,,,copyshop,Posadas
Mariela Bortoluzzi,+54 376 4294152,no,,,estate_agent,Posadas
Salvi,+543764428161,no,,,car_repair,Posadas
Técnica Mente,+543764359197,no,,,computer,Posadas
Rivadavia Correa,+543764435352,no,,,lawyer,Posadas
A & L,+543764534116,no,,,boutique,Posadas
Graficom,+5493764432933,si,,,computer,Posadas
Mar Graf,+5437644371167,no,,,yes,Posadas
Cohen Distribuciones,+543764438686,no,,,stationery,Posadas
Esteban Lugo,+54 3764 106104,no,institutosuperiorestebanlugo@gmail.com,https://institutoestebanlugo.edu.ar,college,Posadas
Fundación Alta,+54 376 4423267,no,info@fundacioninstitutoalfa.edu.ar,https://fundacioninstitutoalfa.edu.ar/,college,Posadas
Instituto Taller Espíritu Santo,+54 376 44434070,no,ites@itesposadas.edu.ar,https://itesposadas.edu.ar/,college,Posadas
Multiversidad Popular,+54 3764 498185,no,infomultiversidad@gmail.com.ar,https://institutomultiversidad.edu.ar,college,Posadas
Juan Manuel de Rosas,+54 376 44229319,no,juanmrosas@ciudad.com.ar,https://www.isiv.edu.ar/,college,Posadas
Florería Mitre,+543764690860,no,,,florist,Posadas
Serviceman,+54 376 4290483,no,,,electronics_repair,Posadas
Tienda de ropa,+543764428809,no,,,clothes,Posadas
Ortopédia Vita Implantes,+543764428103,no,vitaimolantes@hotmail.com,,medical_supply,Posadas
Radiadores Pablo,+5437644211227,no,,,car_repair,Posadas
Nivel 10,+54 9 376 425-5832,si,nivel10restaurante@gmail.com,,fast_food,Posadas
Tesorería General del Gobierno de Misiones,+54 376 444 7525,no,tesoreria@misiones.gov.ar,,government,Posadas
Ferretería Pontam,+54376795309,no,,,hardware,Posadas
Electromecánica Kokicar,+543764432000,no,,,car_repair,Posadas
Radiadores Brecki Hnos.,+543764394562,no,,,car_parts,Posadas
El Fierro,+543764755903,no,,,electronics_repair,Posadas
Vigor,+54 376 4638176,no,,,hairdresser,Posadas
Obvio,+54 376 444-0058,no,obviohomestore@gmail.com,https://www.obviohomestore.com.ar/,variety_store,Posadas
Registro Provincial de las Personas,+54 376 4448235,no,registrocivil@misiones.gov.ar,https://www.registrocivil.misiones.gov.ar/,government,Posadas
Instituto de Medicina Física y Rehabilitación,+54 376 4449066,no,,,doctors,Posadas
Laboratorio de Análisis Clínico de la Ciudad de Posadas,+54 376 444 9650 x9108,no,,,laboratory,Posadas
Subsecretaria de Comercio e Integración,+54 376 444 7585,no,subcei@misiones.gov.ar,http://www.acm.misiones.gov.ar/,government,Posadas
"Ministerio de Acción Cooperativa, Mutual Comercio e Integración",+54 376 4447912,no,comunicacionministerioacmci@gmail.com,https://acmci.misiones.gob.ar/,government,Posadas
Ministerio de Salud Pública,+54 376 444 7798,no,,http://www.salud.misiones.gov.ar,government,Posadas
Especias Posadas,+54 3764949449,no,,,spices,Posadas
Ke Quimica,+543764122137,no,,,swimming_pool,Posadas
San Lucas,+54 376 4420908,no,,https://sanlucasdiagnostico.com.ar,doctors,Posadas
Mecánica Ruschel,+543764454606,no,,,car_repair,Posadas
Vialidad Provincial - Delegación Capital,+54 376 4447447,no,,http://www.dpv.misiones.gov.ar/,government,Posadas
Pillines,+54 376,no,,,clothes,Posadas
Charlotte,+54 376 5012921,no,,,boutique,Posadas
Diagnóstico por Imágenes Veterinaria,+54 376 4421577,no,,,veterinary,Posadas
La receta - Posadas,+543764736516,no,,,yes,Posadas
Souvenirs Sol,+54 37 6503-0868,no,,,yes,Posadas
ProSer,+54 376 4482238,no,,,trade,Posadas
Lácteos Barraza,+54 376 442597,no,,,cheese,Posadas
Estudio Jurídico Integral,+54376627728,no,,,lawyer,Posadas
Dirección General de Catastro,,no,catastro@misiones.gov.ar,https://www.catastro.misiones.gov.ar/,government,Posadas
PuntoMed,+54 3760  4420203,no,,,doctors,Posadas
Ortiz Muebles,+54 376 4597240,no,,,furniture,Posadas
Veyve,+54 376 4111315,no,,,fast_food,Posadas
Crisol Lentejuelas,+549764260555,si,,,sewing,Posadas
Susurro Nativo,+54 3764 468281,no,info@susurronativo.com,https://susurronativo.com,herbalist,Posadas
Store Misiones,+543764156757,no,,,sports,Posadas
CENTRO Taity Centro de Desarrollo Infantil,+543764716505,no,,,doctors,Posadas
Gauto Fetchner,+54 376 4426502,no,,,estate_agent,Posadas
Trevisan,+54 376 4431739,no,info@trevisan.com.ar,http://trevisan.com.ar/,estate_agent,Posadas
Goya Estudio Jurídico,+54 376 4439003,no,,,lawyer,Posadas
Escribanía Norembert,+54 376 443 3760,no,,,notary,Posadas
Susana Yanina Sureda,+54 376 4433760,no,,,lawyer,Posadas
Laura Beatriz Bado,+54 376 4659147,no,,,accountant,Posadas
Hiper del Pollo,+54 376 4437901,no,,https://hiperdelpollo.com.ar/,butcher,Posadas
Mora,+543794031394,no,,,pastry,Posadas
Delidrinks,+54 37649662193,no,delidrinks.stacatalina@gmail.com,,wine,Posadas
Tu Estilo,+54 376 48860608,no,,,hairdresser,Posadas
Procer,+543764686471,no,,,chemist,Posadas
Real,+54 376 427419,no,,,stationery,Posadas
Delidrinks,+54 376 4871773,no,,,beverages,Posadas
Delidrinks,+54 376 5226788,no,,,beverages,Posadas
Laudín,+54 9 376 4579555,si,,https://www.laudininversiones.com/,estate_agent,Posadas
Érika Brandt,+54 376 4560067,no,,,beauty,Posadas
Wualá,+543764694240,no,,,printer_ink,Posadas
Las Tipas,+54 3492 505656,no,info@lastipas.com.ar,https://posadas.lastipas.com.ar/;http://www.lastipas.com.ar/,cinema,Posadas
MT,+54 376 4913151,no,,,estate_agent,Posadas
Consultorio Ortopedia,+54 376 4421178,no,,,doctors,Posadas
San Lucas,+54 376 44341456,no,,,doctors,Posadas
FIV Odontología,+54 9 376 4820283,si,,,dentist,Posadas
Centro Manantial,+54 3764 456759,no,marisa2206@hotmail.com,https://prevenciondeadicciones.misiones.gob.ar/,social_facility,Posadas
Dirección de Prevención de Adicciones,+54 3764 134723,no,dpamuniposadas@gmail.com,https://prevenciondeadicciones.misiones.gob.ar/,social_facility,Posadas
Programa de Juego Responsable del IPLYCSE,+54 3764 683173,no,juegoresponsableiplyc@gmail.com,https://prevenciondeadicciones.misiones.gob.ar/,social_facility,Posadas
Centro de Contención de Caritas,+54 3764 755017,no,posadascaritas@gmail.com,https://prevenciondeadicciones.misiones.gob.ar/,social_facility,Posadas
Programa de Cesación Tabáquica,+54 3764 447836,no,drguillermorolon@yahoo.com.ar,https://prevenciondeadicciones.misiones.gob.ar/,social_facility,Posadas
Schwartz,+54 376 4754456,no,,,beauty,Posadas
Dra Carmen Isabel Keutly,+54 376 4675567,no,,,lawyer,Posadas
Hogar de Día Posadas,+54 3764 597813,no,direccionhogardediaposadas@gmail.com,https://prevenciondeadicciones.misiones.gob.ar/,social_facility,Posadas
Alcohólicos Anónimos Grupo Sendero de Vida,+54 3764 140328,no,oscarvigo1422@gmail.com,https://prevenciondeadicciones.misiones.gob.ar/,social_facility,Posadas
Punto Preventivo y Asistencial San Gerardo,+54 3764 5712455,no,puntospreventivos.misiones@gmail.com,https://prevenciondeadicciones.misiones.gob.ar/,social_facility,Posadas
Espacio Universitario,+54 3755 502585,no,onufrijczukmartin@gmail.com,https://prevenciondeadicciones.misiones.gob.ar/,social_facility,Posadas
Alcohólicos Anónimos Grupo Aquí se puede,+54 3764 797656,no,lacasitadeaa@gmail.com,https://prevenciondeadicciones.misiones.gob.ar/,social_facility,Posadas
Alcohólicos Anónimos Grupo Volver a Vivir - Catedral,+54 3764 881419,no,lacasitadeaa@gmail.com,https://prevenciondeadicciones.misiones.gob.ar/,social_facility,Posadas
Alcohólicos Anónimos Grupo Ya no estamos solos,+54 376 461 7804,no,lacasitadeaa@gmail.com,https://prevenciondeadicciones.misiones.gob.ar/,social_facility,Posadas
Alcohólicos Anónimos Grupo Tolerancia,+54 3764 037616,no,,https://prevenciondeadicciones.misiones.gob.ar/,social_facility,Posadas
Alcohólicos Anónimos Grupo La Última Promesa,+54 3764 335470,no,,https://prevenciondeadicciones.misiones.gob.ar/,social_facility,Posadas
FerVer Negocios Inmobiliarios,+5493764441433,si,,https://www.ferverinmobiliaria.com.ar/,estate_agent,Posadas
DAS Brewery,+5493764743184,si,,,restaurant,Posadas
El Hornero,+54 3765 071739,no,,,fast_food,Posadas
Pájaro Azul,+54 376 4424601,no,pajaroazul.posadas@gmail.com,,events_venue,Posadas
Pasta Madre,+5493764815656,si,,,restaurant,Posadas
Plasrimi SRL,+54 376 4659178,no,,,stationery,Posadas
IF Lava Fácil,+543764642302,no,,,laundry,Posadas
Colegio de Farmaceuticos y Quimicos de Misiones,+54 376 443-6045,no,colfarmi@colfarmi.com,https://colfarmi.com/nueva/,company,Posadas
Santa Catalina,+54 376 4423407,no,,,place_of_worship,Posadas
Catedral San José,+54 376 442 3114,no,,,place_of_worship,Posadas
Santos Mártires,+54 376 442 8073,no,,,place_of_worship,Posadas
San Roque,+54 376 4423509,no,,,place_of_worship,Posadas
Podología Posadas,+54 376 515-0583,no,,,podiatrist,Posadas
Ministerio de Cultura,+54 3764 447356,no,,https://cultura.misiones.gob.ar,government,Posadas
Avati,+54 376 58643,no,,,convenience,Posadas
Araby,+54 376 4396826,no,,,fast_food,Posadas
José F. Schwegler,+54 376 4452151,no,josefschwegler@hotmail.com.ar,,hardware,Posadas
Tornería Kozusne,+5437644458988,no,,,blacksmith,Posadas
Oveja,+54 9 376 422 5663,si,,https://www.facebook.com/cervezaoveja/,bar,Posadas
Decolivi g,+54 375 5689273,no,,,furniture,Posadas
Misiones Mayorista,+54 376 5018955,no,,https://www.misionesmayorista.com/,wholesale,Posadas
Escribanía Gladys Mabel López,+54 376 5260944,no,,,notary,Posadas
Jairo,+54 376 4582503,no,,,shoes,Posadas
Sindicato de Amas de Casa Misiones,+54 376 4191934,no,,https://sacramisiones.com.ar/,union,Posadas
Chaco,+54 376 4439119,no,,,stationery,Posadas
Attend,+54 376 4348444,no,,,clinic,Posadas
Instituto de Fomento Agropecuario e Industrial,+54 376 444 7902,no,info@ifai.gov.ar,https://ifai.misiones.gob.ar/,government,Posadas
Tavares,+54 376 4596192,no,,,notary,Posadas
Instituto Superior Madhel,+54 376 4653247,no,institutomadhel@hotmail.com,https://institutomadhel.edu.ar/,college,Posadas
Amsré,+54 376 5246561,no,,,beauty,Posadas
Cardan,+54 3755 432770,no,,,car_repair,Posadas
Rosa,+54 376 4425612,no,adolforosa@hotmail.com,,repair,Posadas
Kindy Centro Pediátrico,+543764917408,no,,,doctors,Posadas
Barbería San Francisco,+54 376 4576971,no,,,hairdresser,Posadas
árkho,+54376427047,no,,,floorer,Posadas
A1 spa,+54 376 423 7385,no,administracion@corsica.com.ar,https://www.a1spa.com.ar/,car_wash,Posadas
Hogar La Familia,+54 376 4341203,no,,,social_facility,Posadas
DeliNut,+5493765366641,si,,,health_food,Posadas
Ferromisiones SRL,+54 376 493 2595,no,,,hardware,Posadas
Registro Provincial de las Personas,,no,registrocivil@misiones.gov.ar,https://www.registrocivil.misiones.gov.ar/,government,Posadas
Centro de Documentación Rápida Centro Cultural la Estación,+54 376 4728459,no,cdrmisiones@hotmail.com,https://www.registrocivil.misiones.gov.ar/,government,Posadas
RM Rapimandados,+54 376 4898906,no,,,company,Posadas
Doctora Carol Rendón,+54 3764 360062,no,,,dentist,Posadas
Sinergia Industrial,+54 376 469 0900,no,sinergia@sinergiaindustrial.com.ar,https://www.sinergiaindustrial.com.ar,hardware,Posadas
Fundación Artesanias Misioneras,+54 376 4441229,no,,,craft,Posadas
QìOs Centro de Medicina China y Osteopatía,+54 376 4395633,no,,,yes,Posadas
Malenka Muebles,+54 376 4661500,no,,,furniture,Posadas
Correo Argentino,+54 376 442 5830,no,,http://www.correoargentino.com.ar/,post_office,Posadas
Punto Visual,+54 376 443 5007,no,,,optician,Posadas
Nueva Continental,+54 376 44220969,no,,,optician,Posadas
Molar Odontología,+54 376 4420427,no,,,dentist,Posadas
RM Odontología,+54 376 4437738,no,,https://www.rmodontologia.com.ar/,dentist,Posadas
SIDEPP,+54 376 4683393,no,,,yes,Posadas
Gri,+54 376 306096,no,,,beauty,Posadas
Pizzas Don Vitto,+54 376 4156656,no,,,restaurant,Posadas
Distribuidora RyD,+54 3764 682584,no,,,wholesale,Posadas
Sancor,+54 376 4425775,no,,,insurance,Posadas
Clínica Santa María,+54 264 420 3033,no,info@clinicasantamariasanjuan.com.ar,https://clinicasantamariasanjuan.com.ar,clinic,San Juan
BBVA,+542644294222,no,,https://www.bbva.com.ar,bank,San Juan
Farmacia San Martín,+54 264 421 5555,no,,,pharmacy,San Juan
Comisaría 27,+54 264 4239648,no,,,police,San Juan
Cipriano,+54 9 0624 4251444,si,,https://www.facebook.com/ciprianosanjuan/,restaurant,San Juan
Farmacia Betancur,+54 264 4229309,no,,,pharmacy,San Juan
Escuela José Ignacio de La Roza,+54 264 430 7523,no,,,school,San Juan
Cimac,+54 264 4293100,no,cimacsa@cimacsanjuan.com.ar,,clinic,San Juan
Play Cinema,+54 264 4309093,no,administracion@playcinema.net,http://playcinema.net,cinema,San Juan
Farmacia Falucho,+54 264 4265834,no,,,pharmacy,San Juan
Ansilta,+542644276711,no,ansiltaurquiza@hotmail.com,https://www.ansilta.com,outdoor,San Juan
Ansilta,+54 2644222055,no,negocio@ansilta.com,https://www.ansilta.com,outdoor,San Juan
Tapicería Bernales,+54 264 4236355,no,,,upholsterer,San Juan
La Paisanita,+54 264 4265757,no,,,fast_food,San Juan
Registro Automotor 5,+54 264 422 8359,no,,,government,San Juan
Registro Automotor 3,+54 9 264 406 7112,si,,,government,San Juan
Registro Automotor 1,+54 264 422 5278,no,,,government,San Juan
Registro Automotor 6,+54 264 421 1273,no,,,government,San Juan
Clínica del Prado,+54 264 420 0962,no,info@clinicadelpradoestetica.com,https://www.clinicadelpradoestetica.com/,clinic,San Juan
Quiropraxia Adrian Fernández,+542644264441,no,aofquiro@yahoo.com.ar,http://quiropraxia-adrianfernandez.com,doctors,San Juan
Shawarma,+542644386889,no,,,fast_food,San Juan
Ferretería Cordoba,+542644237795,no,,,hardware,San Juan
Mi Sandwich,+54 264 4696042,no,misandwich.consulta@gmail.com,https://misandwich.com.ar,cafe,San Juan
Escuela Industrial Domingo Faustino Sarmiento,+54 264 4214645,no,eidfs@eidfs.unsj.edu.ar,https://www.eidfs.unsj.edu.ar,school,San Juan
Farmacia Buenaventura,+54 264 5266624,no,,https://www.fciabuenaventura.com.ar,pharmacy,San Juan
Papelería Integral,+542644226461,no,integraldistribuciones@hotmail.com,https://www.libreriaintegral.com/,stationery,San Juan
CompuTienda,+54 264 4628698,no,,,computer,San Juan
Florería Argentina,+542644224694,no,,https://floreriaargentina.negocio.site,florist,San Juan
Montagne,+542645640022,no,,https://www.montagne.com.ar,outdoor,San Juan
Clínica de la Visión,+54 264 4228400,no,consultas@delavision.com.ar,https://delavision.com.ar,clinic,San Juan
Puerto del Sol Turismo,+54 264 4275060,no,,,travel_agency,San Juan
La Madeleine,+54264 427-7825,no,,,cafe,San Juan
Somos Viajes,+54 264 432 2185,no,,https://somosviajes.com.ar,travel_agency,San Juan
Cereza Light,+54 9 264 408-5003,si,,,cafe,San Juan
Turismo Vittorio,+54 264 4204000,no,,https://www.yovoy.com.ar,travel_agency,San Juan
Havanna,+54 264 420 3702,no,,https://www.havanna.com.ar,cafe,San Juan
La Paisanita,+54 264 4278806,no,,,fast_food,San Juan
Tequila Lomos,+54 264 4228188,no,,,restaurant,San Juan
Farmacias Colón II,+54 264 4203290,no,,,pharmacy,San Juan
Blanca Paloma,+54 264 4272689,no,info@blancapalomaviajes.tur.ar,https://blancapalomasrl.com.ar,travel_agency,San Juan
Farmacia San Andrés,+54 264 4224626,no,,,pharmacy,San Juan
Nefro - Clínica de Riñón y Diálisis,+54 264 4204614,no,dialisisnefro@Hotmail.com,,clinic,San Juan
Alianza Francesa,+54264 422-4899,no,direccion@afsanjuan.org.ar,https://www.afsanjuan.org.ar/,language_school,San Juan
Comisaría 29,+54 264 4229566,no,,,police,San Juan
El Disco,+54 264 4217692,no,eldiscoinsumos@gmail.com,https://www.eldisco.com.ar,computer,San Juan
División Comando Radioeléctrico,+54 264 4222319,no,,,police,San Juan
Escuela Primaria Francisco Ibáñez,+54 264 430 7602,no,,,school,San Juan
Campos Labb,+54 264 4222627,no,,http://camposlabb.com,photo,San Juan
Maxser,+54 264 605-2554,no,empresas@maxser.com.ar,https://www.maxser.com.ar,computer,San Juan
Hogar Escuela Apadim Centro de Dia y de Jornada Completa,+54 264 426 1755,no,hogarescuelaapadim@yahoo.com.ar,,school,San Juan
Panificadora Ke Pan,+54 264 425 0744,no,,,bakery,San Juan
Europepaint chapa y pintura,+542645764790,no,fs.europepaint@hotmail.com,,car_repair,San Juan
Lopez Orozco srl,+542644250299,no,sanjuan@lopezorozco.com.ar,https://www.lopezorozco.com.ar/,hardware,San Juan
Cerrajería Tom,+54 264 420 2077,no,,,locksmith,San Juan
Burger King,+54 264 4991988,no,,https://www.burgerking.com.ar,fast_food,San Juan
Macnum,+5492644804468,si,,https://www.macnumpro.com.ar,computer,San Juan
Carnes Aguilera,+54 264 4286388,no,cerrozul.adm@gmail.com,https://abastocarnesaguilera.com,butcher,San Juan
Moksha,+54 264 553 0364,no,,https://mokshasj.com/,cosmetics,San Juan
Farmacia San Benito,+54 264 4215650,no,,,pharmacy,San Juan
Vereda Sur Café Resto-Bar,+54 264 4709142,no,,,cafe,San Juan
Farmacia Buenaventura IV,+54 264 5266624,no,,https://www.fciabuenaventura.com.ar,pharmacy,San Juan
Travel Rock,+54 264 4229005,no,,https://travelrock.com.ar,travel_agency,San Juan
Enacom,+54 264 420 4081,no,,,telecommunication,San Juan
Clapton Vinos & Cafe,+54 264 4228786,no,,,cafe,San Juan
Alessi,+54 264 4217789,no,,,hairdresser,San Juan
Tecnocompro.com,,no,localrivadavia190@groupmobile.com.ar,https://tecnocompro.com,mobile_phone,San Juan
Registro General Inmobiliario,+54 264 420 1061,no,,https://www.jussanjuan.gov.ar/registro-inmobiliario/,government,San Juan
Hoffman Instrumentos Musicales,+54 264 4210446,no,ventasweb@hoffmannmusica.com.ar,https://www.hoffmannmusica.com.ar,musical_instrument,San Juan
Rihanna,+54 264 6314337,no,rihannaclub25@gmail.com,https://rihannaclub.mitiendanube.com,clothes,San Juan
Nono Chicho,+54 264 423 8948,no,nonochichosj@gmail.com,https://nonochicho.com.ar,restaurant,San Juan
Veterinaria Seres,+54 264 422 1184,no,,,veterinary,San Juan
Aromas y Sabores,+542644264925,no,,,bakery,San Juan
Palo Santo,+542645026895,no,,https://www.facebook.com/palosanto.herboristeria,herbalist,San Juan
La Ternerita,+542645545474,no,,https://www.facebook.com/AgostinaAdaroMartinGaleote,butcher,San Juan
Verificación Técnica San Juan,+54 264 422 8822,no,,,car_repair,San Juan
Cerrajería En Rivadavia,+54 9 264 499 3900,si,,https://www.facebook.com/CerrajeroRivadavia,locksmith,San Juan
Escuela Abenhamar Rodrigo,+54 264 430 2198,no,,,school,San Juan
Centro Educativo de Nivel Secundario 174,+54 264 430 7647,no,,,school,San Juan
Centro de Educación Física 20,+54 264 430 7700,no,,,school,San Juan
Colegio Parroquial de Santa Lucía - Secundario,+54 264 425 3757,no,,,school,San Juan
Escuela de Capacitación Laboral Domingo Matheu,+54 264 430 7696,no,,,school,San Juan
Escuela EPET Nº 8,+54 264 430 2245,no,,,school,San Juan
Escuela José Artistóbulo García,+54 264 430 7692,no,,,school,San Juan
Colegio Secundario Juan Pablo Echagüe,+54 264 430 2214,no,,,school,San Juan
Escuela Nocturna María Elisa Rufino León,+54 264 430 7575,no,,,school,San Juan
Escuela de Capacitación Laboral Agustín Delgado,+54 264 430 7620,no,,,school,San Juan
Franco Lubricentro,4276399,no,,,car_repair,San Juan
Unidad Educativa para Adultos 10,+54 264 430 7625,no,,,school,San Juan
Escuela Nivel Inicial 8,+54 264 430 7588,no,,,kindergarten,San Juan
Escuela General Mariano Bartolomé Carreras - Turno Tarde,+54 264 430 7593,no,,,school,San Juan
Escuela Nocturna Pedro Pascual Ramirez,+54 264 430 7589,no,,,school,San Juan
Colegio Presbítero Francisco Perez Hernandez - Secundario,+54 264 426 4046,no,,https://cph.edu.ar/,school,San Juan
Escuela Anexo Nocturna Ángel Salvador Martín,+54 264 430 7686,no,,,school,San Juan
Centro Educativo de Nivel Secundario 134,+54 264 430 7659,no,,,school,San Juan
Escuela Carlos Maria de Alvear - Turno Tarde,+54 264 430 7825,no,,,school,San Juan
Colegio Secundario Monseñor José Américo Orzali,+54 264 424 0448,no,orzaliescsj@speedy.com.ar,https://hnasrosarinas.org/rosarinas/index.php/que-hacemos/mision/comunidades/instituto-monsenor-jose-orzali-rawson-san-juan,school,San Juan
Colegio Secundario San Vicente de Paul,+54 264 428 5206,no,,,school,San Juan
Colegio Santa Teresita del Niño Jesús - Secundario,+54 264 434 3623,no,,,school,San Juan
Escuela de Educación Especial Bilingüe para Sordos,+54 264 430 2079,no,,,school,San Juan
Excellence College - Nivel Inicial,+54 264 428 0380,no,,http://www.excellencecollege.com.ar/,kindergarten,San Juan
Escuela Leopoldo Corretjer,+54 264 430 7662,no,,,school,San Juan
Escuela Nivel Inicial 11 Marta Giménez Pastor,+54 264 430 7660,no,,,kindergarten,San Juan
Misión Monotécnica y Extensión Cultural 14,+54 264 430 7855,no,,,school,San Juan
Escuela Nocturna Ángel Salvador Martín,+54 264 430 7667,no,,,school,San Juan
Escuela Nocturna Dr. Carlos María Biedma,+54 264 430 7826,no,,,school,San Juan
Escuela Secundaria Patricias Mendocinas,+54 264 430 7854,no,,,school,San Juan
Colegio Santa Teresita del Niño Jesús - Nivel Inicial,+54 264 434 3623,no,,,school,San Juan
Unidad Educativa para Adultos 9,+54 264 430 2179,no,,,school,San Juan
Escuela 9 de Julio,+54 264 430 7531,no,,,school,San Juan
Anexo Taller Protegido Escuela de Educación Especial Alfredo Fortabat,+54 264 430 7544,no,,,school,San Juan
División Agencias Privadas de Vigilancia,+54 264 422 2950,no,,,police,San Juan
Escuela Antonio Torres - Turno Tarde,+54 264 430 7723,no,,,school,San Juan
Farmacia Trinidad,+54 264 4277369,no,,,pharmacy,San Juan
Comisaría del Menor,+54 264 4222347,no,,,police,San Juan
Centro Educativo de Nivel Secundario 348 Madre Teresa de Calcuta,+54 264 430 7656,no,,,school,San Juan
Centro Educativo de Nivel Secundario 188,+54 264 430 7616,no,,,school,San Juan
Centro Educativo de Nivel Secundario 210,+54 264 430 2184,no,,,school,San Juan
Centro Educativo de Nivel Secundario 69,+54 264 430 7661,no,,,school,San Juan
Centro Educativo de Nivel Terciario 18,+54 264 430 7532,no,,,college,San Juan
Las Invernadas Restó,+54 264 4266571,no,,,restaurant,San Juan
Registro Único de Adopción,+54 264 427 3940,no,registroadopcion-sjn@jussanjuan.gov.ar,,courthouse,San Juan
Registro Civil y Capacidad de las Personas,0800 333 3659,no,info.registrocivil@sanjuan.gov.ar,https://registrocivil.sanjuan.gob.ar,government,San Juan
Secretaría Social,+54 264 427 3940,no,secsocial-sjn@jussanjuan.gov.ar,,courthouse,San Juan
Pizza La Regional,+54264 421-0385,no,,,restaurant,San Juan
Cerrajería GM,+54 9 264 504 0017,si,,,locksmith,San Juan
Farmacia Valentina,+54 264 426 5606,no,,,pharmacy,San Juan
Laboratorio de Análisis Clínicos Benavidez,+54 264 423 5239,no,laboratoriobenavidez@gmail.com,,laboratory,San Juan
Instituto Superior Escuela de Bibliotecología,+54 9 0264 430-7559,si,,https://sites.google.com/view/inst-bibliotecologia,college,San Juan
Consultorio Dental “Dr. Jorge Sekulin”,+542644234677,no,,,dentist,San Juan
Farmacia San Benito,+54 264 4276848,no,,,pharmacy,San Juan
Saúl Saidel,+54 264 4222700,no,consultasweb@saulsaidel.com,https://saideltumundo.com,travel_agency,San Juan
Grimoldi,+54 264 4800387,no,,https://www.grimoldi.com,shoes,San Juan
Bolsa de Comercio de San Juan,+54 264 429 1999,no,info@bolsasanjuan.com.ar,https://www.bolsasanjuan.com.ar/,accountant,San Juan
Panissimo,+54 9 0264 425-1340,si,,,bakery,San Juan
Heladería di Roma,+54 9 264 631 2323,si,,,ice_cream,San Juan
Farmacia Don Bosco 2,+54 264 427 6089,no,,,pharmacy,San Juan
Miodowsky Automotores,+54 264 410 2839,no,,,car,San Juan
Richetta Pastas,+54 264 662 6863,no,,https://www.instagram.com/richettapastas,pasta,San Juan
Farmacia Del Solar,4220410,no,,,pharmacy,San Juan
El Fortín Barzar,+54 264 410 1528,no,elfortinbazar@gmail.com,https://www.facebook.com/Elfortinbazar,variety_store,San Juan
Grido,+54 9 0264 466-4677,si,,,ice_cream,San Juan
Mitre Bus Viajes y Turismo,+54 264 4192852,no,,,travel_agent,San Juan
El Rural,+54 264 4228960,no,,,furniture,San Juan
Del Parque,+54 9 0264 425 4964,si,,,ice_cream,San Juan
Transporte Silvio,+54 264 425 2370,no,,,logistics,San Juan
Farmacity,+54264 420-1880,no,,https://www.farmacity.com,pharmacy,San Juan
Heladería del Parque,+542645733410,no,,,ice_cream,San Juan
Farmacia Colón,+54 264 425 2850,no,,,pharmacy,San Juan
Punto Salud,+54 264 486 1349,no,,https://www.facebook.com/PUNTO-SALUD-Consultorios-Medicos-1612315889033835/,clinic,San Juan
El Shopping de las Mascotas,+54 264 425 2075,no,,,pet,San Juan
Nueva Farmacia Las Moreras,+54 264 425 4400,no,,,pharmacy,San Juan
Fettiche Piadinas,+54 264 672 5755,no,,http://fettichepiadinas.com/,fast_food,San Juan
Centro Láser,+54 264 422 2691,no,,,clinic,San Juan
Deifonte,+54 264 422 1152,no,,,events_venue,San Juan
Corralón Ridao,+54 264 422 1152,no,,,hardware,San Juan
Servi Viandas,+54 264 420 4669,no,,,fast_food,San Juan
Fedemi,+54 264 4215118,no,fedemi@fedemi.com.ar,https://fedemi.com.ar,agrarian,San Juan
Farmacia Familifarma,+54 264 4204122,no,,https://familifarma.com/,pharmacy,San Juan
Doña Nena - Empanadas artesanales,+54 264 427 8464,no,,,fast_food,San Juan
La Pollería de Santa Lucía,+54 264 545 6494,no,,,frozen_food,San Juan
Farmacia María Auxiliadora,+54 264 425 0967,no,,,pharmacy,San Juan
Farmacia Del Bono,+54 264 5266624,no,,https://www.fciabuenaventura.com.ar,pharmacy,San Juan
Impresora Rocamora,+54 264 425 0969,no,,,copyshop,San Juan
Clínica veterinaria San Juan,+54264 4210338,no,,,veterinary,San Juan
Veterinaria Mis Amigos,+54 264 425 4488,no,,,veterinary,San Juan
Andreani,+54 810 122 1111,no,,https://www.andreani.com,post_office,San Juan
Buenos Aires - Servicio de Lunch,+54 264 421 0297,no,,,caterer,San Juan
Sanatorio Mayo,+54264 4228300,no,,https://gmitresalud.com.ar/sanatorio-mayo/,clinic,San Juan
Cochería San Juan,+54 264 422 0802,no,info@cocheriasanjuan.com,https://cocheriasanjuan.com,funeral_directors,San Juan
Hospital Privado Nariz Garganta y Oído,+54264 422 2475,no,,https://www.hpnarizgargantaoido.com/,clinic,San Juan
Farmacia Santa Gema,+544200092,no,,,pharmacy,San Juan
Ethical Centro Médico,+54264 4225571,no,,,clinic,San Juan
Farmacia Sarmiento,+54264 4228083,no,,,pharmacy,San Juan
Farmacia Virgen del Mar,+54 264 420 3668,no,,,pharmacy,San Juan
i-TiC,+542644018969,no,info@i-tic.com,https://www.i-tic.com/,yes,San Juan
Cerveza Artesanal Cumbre,+54 264 502 9090,no,,,brewery,San Juan
Snaks La Estrella,+54 264 403 1499,no,,,convenience,San Juan
Miniferia Correa,+54 264 9 410 1711,no,,,greengrocer,San Juan
Farmacia San Francisco,+54 264 422 6836,no,,,pharmacy,San Juan
Fiore Automotores,+54 264 501 1662,no,,,car,San Juan
Clínica Doctor Raúl Miñana,+54264 4382197,no,,,dentist,San Juan
Electromax,+54 264 660 6217,no,,,computer,San Juan
La Carmen Comidas,+54 9 264 412 0446,si,,,fast_food,San Juan
Movil Centro,+54 264 4223816,no,,,car_parts,San Juan
Farmacia Los Andes,+542644231301,no,,,pharmacy,San Juan
Centro de Copiado Alvear,,no,copiadoalvear@gmail.com,,copyshop,San Juan
Clínica Veterinaria San Martín de Porres,+54 264 4263827,no,veterinaria-sanmartindeporres@hotmail.com,https://www.veterinariasanmartindeporres.milink.guru,veterinary,San Juan
Farmacia Matías,+54 264 426 4753,no,,,pharmacy,San Juan
Escuela Nacional de Experimentación y Realización Cinematográfica,+54 264 426 6956,no,info.cuyo@enerc.gob.ar,,college,San Juan
Instituto Quirúrgico Veterinario,+54 264 548 3678,no,,,veterinary,San Juan
Panísimo,+542644202879,no,,,bakery,San Juan
"Lubricentro ""Los Andes""",+542644125729,no,,,car_parts,San Juan
F1 Neumaticos,+54 9 4237064,si,ventasrivadaviagrupof1@hotmail.com,https://www.grupof1neumaticos.com,tyres,San Juan
Detailing Garage,+542645854446,no,,,car_wash,San Juan
Indice,+542644266709,no,,,clothes,San Juan
Josmar Autorepuestos,+542644231330,no,,,car_parts,San Juan
Quartz Auto Services,+542644036274,no,,,car_repair,San Juan
Centro Educativo Terapeutico y Centro de día Pertenecer,+54 264 426 0731,no,nslapaz@hotmail.com,,clinic,San Juan
Consultorio Odontologico Sánchez,+54 264 5788288,no,drjavier36@hotmail.com,,dentist,San Juan
Celsa,+54264 4227065,no,,,clinic,San Juan
Cipriano,+54 264 4201551,no,,https://www.facebook.com/ciprianosanjuan/,restaurant,San Juan
Servicentro San Juan,+54 264 421-8293,no,,,car_repair,San Juan
Verdulería La Esquina,+54 264 545 4011,no,,https://la-esquina-frutas-y-verduras.negocio.site/,greengrocer,San Juan
Barbería y peluquería Alto Estilo,+54 264 502 6675,no,,,hairdresser,San Juan
Tecnobytes,+54 264 4212721,no,,,computer,San Juan
Farmacia Corona,+54 264 4212196,no,info@farmaciacorona.com,http://www.farmaciacorona.com,pharmacy,San Juan
Feeka Market,+54 9 264 585 9334,si,,https://fikamarket.com.ar/,health_food,San Juan
EPRE San Juan,08003336666,no,reclamos@epresanjuan.gob.ar,https://epresanjuan.gob.ar,government,San Juan
Farmacia Santa Lucía,+54 264 425 3000,no,,,pharmacy,San Juan
ASAAR,+54 264 427 5409,no,info@asaarsj.com,http://asaarsj.com,yes,San Juan
Grupo Somos - Centro gráfico integral,+54 9 264 559 6122,si,somoscarteleria@gmail.com,https://www.instagram.com/gruposomos.centrografico/,copyshop,San Juan
Medical,+54 264 4220440,no,,https://medicalconsultoriosmedicos.negocio.site/,doctors,San Juan
Red Radiológica San Juan,+54 264 421 6726,no,,,doctors,San Juan
Instituto Laprida,+54 264 5808222,no,,,educational_institution,San Juan
Farmacia Rawson,+54 264 4227080,no,,,pharmacy,San Juan
Consultorio de Kinesiologia Y Fisioterapia Garcia,+542645801111,no,lic.garciasebastian@gmail.com,,doctors,San Juan
DOI Digital,+54 264 544-1718,no,sanjuan@doidigital.com.ar,https://www.doidigital.com.ar/,dentist,San Juan
Óptica Emylent,+54 264 4215048,no,,,optician,San Juan
Eoftalmo,+54 264 421 7724,no,eoftalmo76@gmail.com,https://www.eoftalmo.com,clinic,San Juan
Instituto Privado De Resonancia Magnetica,+54 264 427 4688,no,institutoprivadormi@speedy.com.ar,,clinic,San Juan
Vacunatorio Provincial,+54 264 4225072,no,,,vaccination_centre,San Juan
Ideas,+54 264 421 2113,no,,,variety_store,San Juan
Juana Accesories,+54 264 462 0417,no,,https://instagram.com/accesoriosjuanasj,gift,San Juan
Cerrajería Berta,+54 264 504 6066,no,,,locksmith,San Juan
GNC Ortiz,+54 264 673 6213,no,,,car_repair,San Juan
Lavandería San Cayetano,+54 264 457 0486,no,,,laundry,San Juan
Buena Onda Comidas,+54 264 506 4447,no,,,bakery,San Juan
Cerrajería Piko`s,+54 264 422 5295,no,,,locksmith,San Juan
MR Lomos,+54 264 4230608,no,,,restaurant,San Juan
Distribuidora Coll,+54 264 4777760,no,,,beverages,San Juan
Cereales del Sol,+54 264 4237372,no,,,pet,San Juan
Científica Cuyo,+54 264 4222823,no,,,optician,San Juan
Dharma,+54 264 5299299,no,,https://dharmasanjuan.com.ar,clothes,San Juan
RC Sneakers,,no,rcsneakersarg@gmail.com,,shoes,San Juan
Óptica Campos,+54 264 421 6767,no,,,optician,San Juan
Confitería El Águila,+54264 4222570,no,,,cafe,San Juan
Juzgado Federal de San Juan 2,+54 264 427 2883,no,jfsanjuan2@pjn.gov.ar,,courthouse,San Juan
Fundación Instituto Alemán,+54 264 421 3409,no,,http://www.gzsanjuan.com.ar/,school,San Juan
UPCN Coseguro,+54 264 422 5265,no,,,company,San Juan
Registro Automotor 4,+54 264 421 7799,no,,,government,San Juan
Liga Sanjuanina de Fútbol,+54 264 421 4504,no,,,association,San Juan
SMI Emergencias,+54 264 4204343,no,,https://www.smisanjuan.com.ar,clinic,San Juan
Kronos - Centro Médico de Alto Rendimiento,+54 264 4221470,no,,,clinic,San Juan
Farmacia Urbana,+54 264 4210909,no,,,pharmacy,San Juan
Obras Sanitarias Sociedad del Estado,+54 264 429 4000,no,,https://www.ossesanjuan.com.ar/,water_utility,San Juan
"Facultad de Filosofía, Humanidades y Artes-UNSJ",+54 264 4222643,no,,,university,San Juan
Superintendencia de Servicios de Salud,+542644278043,no,sanjuan@sssalud.gob.ar,https://www.argentina.gob.ar/sssalud,government,San Juan
Clínica Mattar Spengler,+54 264 4223331,no,administracion@mattarspengler.com,https://clinicamattarspengler.com,clinic,San Juan
Colegio Bilingüe Saint Louis,+54 264 443 4519,no,,http://www.gatewaysanjuan.edu.ar/web/,school,San Juan
Asociación Mutual Círculo de Suboficiales del Ejército,+54 264 422 0008,no,cirsesanjuan@yahoo.com.ar,https://sitioweb.cirse.org.ar/,association,San Juan
Colegio Médico de San Juan,+54 264 4217700,no,calidad@colegiomedico.org.ar,https://colegiomedico.org.ar,company,San Juan
Café Martínez,+54 264 4210950,no,sanjuancentro@cafemartinez.com.ar,https://www.cafemartinez.com/,cafe,San Juan
Óptica Birle,+54 264 4218240,no,opticabirle@yahoo.com.ar,https://www.optica-birle.com,optician,San Juan
Amugenal,+54 264 4273596,no,,https://www.ampgn.com.ar,association,San Juan
CAVIG,+54 264 4222321,no,,,government,San Juan
Mountain Camperas de Egresados,,no,ventas@egresadosmountain.com,https://www.egresadosmountain.com,clothes,San Juan
Marce Fast Food,+54 264 4137093,no,,,fast_food,San Juan
Cochería San José,+54 264 4223605,no,,,funeral_directors,San Juan
Sabore Comidas,+54 264 4981289,no,,,fast_food,San Juan
CIICAP,+54 264 432 2369,no,,,school,San Juan
Neozoo,+54 264 4239863,no,,https://www.neozoo.com.ar,pet,San Juan
Escuela Clara Rosa Cortinez,+54 264 430 7518,no,,,school,San Juan
Banco Macro,+54 810 555 2355,no,,https://www.macro.com.ar/,bank,San Juan
Veterinaria Aramburu,+54 264 4234406,no,,,veterinary,San Juan
Al mate Sulpay,+54 9 264 6713212,si,,,supermarket,San Juan
Laboratorio Central,+54 264 4226360,no,,,laboratory,San Juan
Clínica del Sol,+54 264 4272227,no,info@clinicadelsolsanjuan.com,https://clinicadelsolsanjuan.com,clinic,San Juan
BioSalud Clínica Integral,+542644217168,no,clinicabiosaludadm@gmail.com,https://clinicabiosalud.com,clinic,San Juan
Hospital Privado del Colegio Médico de San Juan,+54 264 4308500,no,rrhh@colegiomedico.org.ar,,hospital,San Juan
Inyectables San Juan,+54 264 4320422,no,info@inyectablesanjuan.com,https://www.inyectablesanjuan.com,vaccination_centre,San Juan
Peluqueen Barbería,+54 264 501 8566,no,,,hairdresser,San Juan
Ferretería La Unidad,+54 264 425 2317,no,,,hardware,San Juan
Martín Suspensión,+542645128665,no,martinsuspension@hotmail.com.ar,,car_parts,San Juan
Cochería de Capital,+54 264 4309656,no,,,funeral_directors,San Juan
Clínica de la Ciudad,+54 264 4272927,no,contacto@clinicadelaciudad.com.ar,https://clinicadelaciudad.com.ar,clinic,San Juan
Turismo Bacur,+54 264 4204123,no,,http://turismobacur.tur.ar,travel_agency,San Juan
Clínica Tahué,+54 264 4204571,no,,,clinic,San Juan
SIEM,+54 264 4202014,no,,,clinic,San Juan
Andesmar Cargas,+54 264 5149728,no,,,post_office,San Juan
Dirección de Género,+54 264 4222713,no,,,government,San Juan
Integral Distribuciones,+542644226461,no,integraldistribuciones@hotmail.com,https://www.libreriaintegral.com/,stationery,San Juan
Pingüina,+54 264 467 2785,no,,,clothes,San Juan
Sanatorio Argentino,+54 264 4303030,no,,http://www.sanatorioargentino.com.ar,clinic,San Juan
Gallerano,+54 264 4221090,no,,,seafood,San Juan
Cerrajería,+54 264 672 4186,no,,,locksmith,San Juan
Rock n Beard,+54 264 443 5689,no,,,hairdresser,San Juan
Q' Bien Copia,+54 264 455 6380,no,,,copyshop,San Juan
Opción El Crédito Rápido,+54 264 4213188,no,,https://www.creditoopcion.com.ar,financial,San Juan
Las Malvinas Palomar,,no,info@heladerialasmalvinas.com,https://www.heladerialasmalvinas.com,ice_cream,San Juan
Stop Lomos,+54 264 4896961,no,,,restaurant,San Juan
Ma Ana Food,+54 264 559 4751,no,,,fast_food,San Juan
Ferretería Gimenez,+54 264 532 5204,no,,,hardware,San Juan
Crivar Sellos,+54 264 4201006,no,crivarsellos@hotmail.com,,stationery,San Juan
Universidad de Congreso,+54 264 421 5620,no,,https://www.ucongreso.edu.ar/sede/localizacion-san-juan/,university,San Juan
Mr. Jeff,+54 264 4366816,no,,https://jeff.com,laundry,San Juan
Federación de Viñateros y Productores Agropecuarios de San Juan,+54 264 421 0924,no,contacto@federacionvinateros.com,http://www.federacionvinateros.com/,association,San Juan
ByB Insumos,+542644120526,no,bybinsumos.coll@gmail.com,,swimming_pool,San Juan
Restó Visnú,+54 264 427 4235,no,,,restaurant,San Juan
Vía Cargo,+54 264 427 8733,no,,https://www.viacargo.com.ar/,courier,San Juan
Adicus,+54 264 4214759,no,prensa@adicus.org.ar,https://www.adicus.org.ar,association,San Juan
Pinturería Central,+54 264 4275149,no,suc.sanjuan@pintureriacentral.com.ar,https://www.pintureriacentral.com.ar,paint,San Juan
Registro Automotor 2,+54 264 420 3121,no,,,government,San Juan
Clínica Andina,+54 264 4213475,no,clinicaandinasj@gmail.com,,clinic,San Juan
Registro Civil Sanatorio Argentino,0800 333 3659,no,,https://registrocivil.sanjuan.gob.ar,government,San Juan
Registro Civil Villa Krause Oeste,0800 333 3659,no,,https://registrocivil.sanjuan.gob.ar,government,San Juan
Registro Civil Capital Zona 3,0800 333 3659,no,,https://registrocivil.sanjuan.gob.ar,government,San Juan
Registro Civil Barrio Aramburu,0800 333 3659,no,,https://registrocivil.sanjuan.gob.ar,government,San Juan
Registro Civil Chimbas Este,0800 333 3659,no,,https://registrocivil.sanjuan.gob.ar,government,San Juan
Registro Civil Rawson,0800 333 3659,no,,https://registrocivil.sanjuan.gob.ar,government,San Juan
Macadamia Pastelería Vegana,,no,macadamiapasteleriavegana@gmail.com,,pastry,San Juan
Colegio de Ingenieros Civiles de San Juan,+54 9 264 504 8207,si,,https://www.cicsj.ar/,association,San Juan
San Francisco Hogar,+54 264 5655426,no,marketing.sanfranciscohogar@gmail.com,https://sanfranciscohogar.com.ar,electronics,San Juan
Clínica de Patología Digestiva,+54 264 422 9491,no,,,clinic,San Juan
Óptica Azul,+54 264 4203349,no,info@azuloptica.com.ar,https://azuloptica.com.ar,optician,San Juan
Óptica Suiza,+54 264 4203964,no,pelayesmau@hotmail.com,,optician,San Juan
Óptica Barbieri,+54 264 4226547,no,online@opticabarbieri.com,https://www.opticabarbieri.com,optician,San Juan
Farmacia Mercantil,+54 264 420 0933,no,,,pharmacy,San Juan
José Raúl Fasoli,+54 264 4286468,no,,,carpenter,San Juan
GR Aberturas,+54 264 6201302,no,grsrl.ventas@gmail.com,,window_construction,San Juan
Maderas Bedini,+54 264 4218536,no,,,carpenter,San Juan
Mackro Vidrios,+54 264 4344433,no,,,window_construction,San Juan
Neo Visión,+54 264 4201701,no,,,optician,San Juan
Ortopedia Central,+54 264 4322096,no,ortopediacentral.2015@hotmail.com,,medical_supply,San Juan
Jacarandá - Tienda natural,+54 264 4569146,no,,,health_food,San Juan
The Sportsman,+54 264 4272758,no,,https://sportsman.com.ar,clothes,San Juan
Óptica Birle,+54 264 4214234,no,opticabirle@yahoo.com.ar,https://www.optica-birle.com,optician,San Juan
Integral Salud,+54 264 6619554,no,Sanjuan@integralsalud.com.ar,https://www.integralsalud.com.ar,social_facility,San Juan
Imo Quality AMIOX SAS,+54 264 4223392,no,imoquality@gmail.com,,clinic,San Juan
Campos Labb,+54 264 4224000,no,,http://camposlabb.com,photo,San Juan
Pinkanta Viajes y Turismo,+54 264 421 6573,no,,,travel_agency,San Juan
La Esquina,+54 264 425 3200,no,,,restaurant,San Juan
Óptica Bustos Licata,+54 264 545 6756,no,,,optician,San Juan
Carrascal Viajes y Turismo,+54 264 4220995,no,sanjuan@carrascalviajes.com,https://www.carrascalviajes.tur.ar/,travel_agency,San Juan
Nerja Tours,+54 264 421 5214,no,,,travel_agency,San Juan
Rojo Turismo,+54 264 4227780,no,cwego@rojoturismo.com,,travel_agency,San Juan
PAP S.R.L.,+54 264 4222952,no,papsrl@transpap.com.ar,https://transpap.com.ar,company,San Juan
Plaza Mayor Viajes y Turismo,+54 264 4222952,no,papsrl@transpap.com.ar,https://transpap.com.ar,travel_agency,San Juan
Algarrobo,+54 264 4227660,no,,,travel_agency,San Juan
Fine Travel,+54 264 4712143,no,info@finetravel.com.ar,http://finetravel.tur.ar,travel_agency,San Juan
IOPPS,+54 264 422 9198,no,,,company,San Juan
Centro Mutual Rh-,+54 264 4228988,no,contacto@mutualrh.com.ar,https://mutualrh.com.ar,clinic,San Juan
Ismael,+54 264 422 1079,no,,,travel_agency,San Juan
Volkswagen - Goldstein,+542644227141,no,,https://vwgoldstein.com.ar,car,San Juan
Farmacia Curie,+54 264 4272210,no,,,pharmacy,San Juan
Farmacia Las Flores,+54 264 4227405,no,,,pharmacy,San Juan
Farmacia Barcelona,+54 264 4277549,no,,,pharmacy,San Juan
Farmacia Bardiani,+54 264 4227809,no,,,pharmacy,San Juan
Farmacia Uno II,+54 264 4233985,no,,,pharmacy,San Juan
Farmacia Santa Gema,+54 264 4216444,no,,,pharmacy,San Juan
Farmacia San Luis,+54 264 4223654,no,,,pharmacy,San Juan
Farmacia San Lorenzo,+54 264 4227798,no,farmaciasanlorenzosjuan@gmail.com,,pharmacy,San Juan
Farmacia San Cristobal,+54 264 4229262,no,,,pharmacy,San Juan
Farmacia San Judas Tadeo,+54 264 4229262,no,,,pharmacy,San Juan
Colmed Salud,+54 264 4220654,no,,https://colmedsanjuan.com.ar,insurance,San Juan
Farmacia Cabral,+54 264 4273484,no,,,pharmacy,San Juan
Colegio Farmacéutico de San Juan,+54 264 4214134,no,,https://colegiofarmaceuticosanjuan.online,company,San Juan
Farmacia Zarate,+54 264 4211966,no,,,pharmacy,San Juan
Clínica Sur,+54 264 420 4724,no,,,clinic,San Juan
Centro de Copiado Rivadavia,+54 264 403 2880,no,,,copyshop,San Juan
A tiempo,+54 264 576 4417,no,,,fast_food,San Juan
Farmacia del Rocío,+54 264 439 6580,no,,,pharmacy,San Juan
Farmacia Genérica,+54 264 5266624,no,,https://www.fciabuenaventura.com.ar,pharmacy,San Juan
ECI San Juan,+542644215959,no,info@ecisanjuan.com,https://www.ecisanjuan.com,company,San Juan
Havanna,+54 264 423 4684,no,,https://www.havanna.com.ar,cafe,San Juan
Policía Municipal,+54 264 427 6163,no,,,police,San Juan
Predio CarWash,+54 264 4197178,no,,,car_wash,San Juan
Colegio de Odontólogos de San Juan,+54 264 427 5051,no,,https://www.colegiodeodontologosdesanjuan.org,association,San Juan
Alpinhi Camperas Egresados,+54 264 4262853,no,,,clothes,San Juan
Veterinaria Medipet I,+54 264 6223492,no,,,veterinary,San Juan
Clinica Veterinaria San Antonio,+54 264 4214262,no,,,veterinary,San Juan
Veterinaria El Eden,+54 264 4996516,no,veterinariaeleden2017@gmail.com,,veterinary,San Juan
Veterinaria Salud Animal,+54 264 4203606,no,vetesaludanimal@hotmail.com,,veterinary,San Juan
Pañalera Coll,+54 264 5041000,no,,,baby_goods,San Juan
Terra,+54 264 4474478,no,terragrafica@yahoo.com.ar,,copyshop,San Juan
Farmacia De Lourdes,+54 264 427 7153,no,,,pharmacy,San Juan
Acceso Digital,+54 264 4644646,no,,,electronics,San Juan
Cuba Lalá,+54 9 264 5606488,si,cuba.lalavintageshop@gmail.com,https://cubalala.com.ar,clothes,San Juan
ECO Base Ignacio de la Roza,+54 264 4275465,no,,https://municipiosanjuan.gob.ar/eco,government,San Juan
iLink Internet,+54 264 4394626,no,,,company,San Juan
Andreoli Frenos,+54 264 4229995,no,,https://www.andreollifrenos.com/,car_parts,San Juan
Veterinaria Urbana,+54 264 426 1006,no,,,gift,San Juan
Universe Clothes,+54 264 4716003,no,,,clothes,San Juan
Sanip Salud,+54 264 4201432,no,info@sanipsalud.com.ar,https://sanipsalud.com.ar,insurance,San Juan
Reino,,no,info@reino.com.ar,https://reino.com.ar,cosmetics,San Juan
Milano,+54 264 6717339,no,,,cafe,San Juan
Clínica Alemana,+54 9 264 493389,si,recepcion@clinicaalemana.com.ar,,clinic,San Juan
CIEM LAB Centro Médico,+54 264 4223939,no,,,clinic,San Juan
CIRO Instituto Radiológico Dental,+54 264 410 3333,no,cirodigital3d@gmail.com,,clinic,San Juan
Vivero Las Lilas,+54 264 427 4636,no,laslilasvivero@gmail.com,,garden_centre,San Juan
Sonder San Juan,+54 264 5844442,no,,https://www.sonder.com.ar,clothes,San Juan
La Escondida,+54 9 2644 14-2719,si,,,fast_food,San Juan
Alpaca para tu mascota,+54 264 4851624,no,agaosj@gmail.com,https://alpaca-distribuidora.negocio.site,pet,San Juan
Don Isidro,+54 264 425 4069,no,,,fast_food,San Juan
Mundo Pizza,+54 264 622 2293,no,,,fast_food,San Juan
Salud Natural,+54 264 421 6402,no,,,fast_food,San Juan
Soychú,+54 264 422-1939,no,,,restaurant,San Juan
Hipólito & Café,+54 264 458 0899,no,,,fast_food,San Juan
Córdoba Clínica Médica,+54 264 4322332,no,cordobaclinicamedica@gmail.com,,clinic,San Juan
Instituto Médico Urológico,+54 264 6728252,no,info@imusanjuan.com.ar,https://imusanjuan.com.ar,clinic,San Juan
Odontología,+54 9 2644582547,si,,,doctors,San Juan
La casa de las Empanadas,+54 264 425 0062,no,,,fast_food,San Juan
Registro de Motovehículos A,+54 264 420 0349,no,,,government,San Juan
Colegio Los Olivos,+54 264 421 8963,no,,www.colegiolosolivos.edu.ar,school,San Juan
Centro de Atención al Vecino,147,no,,,government,San Juan
RockyBay,+54 264 4228225,no,,,restaurant,San Juan
Divina Gula,+54 264 5422653,no,,,restaurant,San Juan
Los Troncos empanadas,+54 9 2645 70-9139,si,,,fast_food,San Juan
Paisanita empanadas,+549 2646203011,si,,,fast_food,San Juan
Escuela Docentes Sanjuaninos,+54 264 430 7586,no,,,school,San Juan
Juzgado de Flagrancia,+54 264 4203754,no,,,courthouse,San Juan
Escuela Julia León,+54 264 430 7814,no,,,school,San Juan
Veterinaria 365,+54 264 4421666,no,vet365srl@gmail.com,,veterinary,San Juan
Clínica Trauner,+54 264 4936000,no,,,clinic,San Juan
García Car Audio,+54 264 5480300,no,,,car_parts,San Juan
Print & Co,,no,printcoimprenta@gmail.com,,copyshop,San Juan
Mi Sandwich,+54 264 6608771,no,misandwich.consulta@gmail.com,https://misandwich.com.ar,cafe,San Juan
Centro Médico Sagrado Corazón,+54 264 423 7600,no,centromedicosagradocorazonsj@hotmail.com,,clinic,San Juan
Consultorio de Kinesiologia Sanchez,+54 264 423 7258,no,vico_sanchez19@hotmail.com,,clinic,San Juan
Alto Del Bono Shopping,+54 264 426 3431,no,,,mall,San Juan
Vivero Regalería Verde,+54 264 426 2727,no,,https://vivero-regaleria-verde.negocio.site/,garden_centre,San Juan
Farmacia Sabin II,+54 264 423 8790,no,info@farmaciasabin.com,https://farmaciassabin.com/,pharmacy,San Juan
Don Americo,+54 264 4267284,no,,,supermarket,San Juan
Consultorios Los Olivos,+54 264 426 3070,no,luis.minin@hotmail.com,,clinic,San Juan
Clinica Parque Universitario,+54 264 423 1959,no,clinicaparqueuniversitario@hotmail.com,,clinic,San Juan
Centro Médico San Carlos,+54 264 423 0611,no,docanasanchez@hotmail.com,,clinic,San Juan
Clínica Veterinaria Rivadavia,+54 264 4265316,no,veterivadavia@hotmail.com,,veterinary,San Juan
Escuela Policía de la Provincia de San Juan,+54 264 430 7584,no,,,school,San Juan
Colegio Secundario Diego de Salinas,+54 264 430 7628,no,,,school,San Juan
Escuela Provincia de Catamarca,+54 264 430 7585,no,,,school,San Juan
Escuela San Juan de la Frontera,+54 264 430 7590,no,,,school,San Juan
Escuela Provincia de Buenos Aires,+54 264 430 7543,no,,,school,San Juan
Palito Restó,+54 264 4230105,no,info@hostaldepalito.com.ar,,restaurant,San Juan
La Cantina del Español,+54 264 4274040,no,,,restaurant,San Juan
Tupeli Gourmet,,no,pedidosmuseo@gmail.com,,convenience,San Juan
Albertina,+54 264 4214222,no,,,restaurant,San Juan
Profecía - Familia Monserrat,,no,pedidosprofecia@gmail.com,https://www.familiamonserrat.com.ar,convenience,San Juan
Consultorio Odontologico Moreno,+54 264 423 6334,no,morenoodont@hotmail.com,,dentist,San Juan
Colegio Mercedario,+54 264 426 6794,no,,,school,San Juan
Centro Médico Éticos,+54 264 423 2802,no,,,clinic,San Juan
Escuela Nivel Inicial 5,+54 264 430 7595,no,,,kindergarten,San Juan
Escuela General Mariano Bartolomé Carreras,+54 264 430 7593,no,,,school,San Juan
Escuela Provincial de Educación Técnica 7,+54 264 430 7596,no,,,school,San Juan
Parroquia María Madre de Dios,+54 264 426 4754,no,mmadredediosj@gmail.com,,place_of_worship,San Juan
Centro Medico Integral,+54 264 426 5995,no,zoecelli@hotmail.com,,clinic,San Juan
Aramburu,+54 264 423 9692,no,,,pharmacy,San Juan
Café America Mayorista,+54 264 423 0453,no,sugerencias@americamayorista.com.ar,www.americamayorista.com.ar,supermarket,San Juan
Farmacia Della Rosa,+5492644054128,si,,,pharmacy,San Juan
Clínica Veterinaria Olaen,+54 9 264 5 461 284,si,veterinariaolaen@gmail.com,,veterinary,San Juan
Flex,+54 264 6713423,no,,,electronics_repair,San Juan
Colegio Presbítero Francisco Pérez Hernandez,+54 264 426 4046,no,,https://cph.edu.ar/,school,San Juan
Centro Medico Coll,+54 264 423 5674,no,educanada@hotmail.com,,clinic,San Juan
Panadería de la Abuela,+54 264 4041748,no,,,bakery,San Juan
Ilumiled,,no,Ilumiledlocal@gmail.com,,hardware,San Juan
Rulemanes Bolaños,+54 264 4221628,no,,,car_parts,San Juan
Amasalud,+54 264 4216051,no,delegacion.sanjuan@ossacra.org.ar,,clinic,San Juan
Madherrajes,+54 264 6274942,no,,https://madherrajes.com.ar,hardware,San Juan
Escuela de Comercio General Manuel Belgrano,+54 264 430 7603,no,,,school,San Juan
Katsuda,+54 264 4214599,no,sanjuan@katsuda.com.ar,,hardware,San Juan
Grimalt Autos,+54 264 5099256,no,,,car,San Juan
Merial San Juan Sepelios,+542644220802,no,atclientes@grupomerial.com,https://merialsanjuan.com,funeral_directors,San Juan
Colegio de Arquitectos de San Juan,+5492644203547,si,,https://www.casj.org.ar,association,San Juan
Farmacia Sagrada Familia,+542644251140,no,,,pharmacy,San Juan
Agroinsumos,,no,agroinsumos.sa@hotmail.com,,agrarian,San Juan
Radio-Com,+542644250185,no,info@radio-com.net,http://radio-com.net,company,San Juan
Ficamen Iveco San Juan,+542644833046,no,ventassj@ficamen.com.ar,https://ficamensa.com.ar,truck,San Juan
Diego Palacios,,no,neumaticosdiegopalacios@gmail.com,,tyres,San Juan
Fernando & staff,+542644264310,no,,,hairdresser,San Juan
Los Santori,+542644716545,no,,,pasta,San Juan
Clínica Centrade,+542644210897,no,centradeclinica@gmail.com,https://centrade.com.ar,clinic,San Juan
Farmacia Magistral,+54 264 421 9944,no,,,pharmacy,San Juan
Redondita Cocina vegana,+54 264 575 2986,no,,,fast_food,San Juan
Colegio Modelo,+54 264 4203963,no,,,school,San Juan
Cabral Mayorista,,no,ventas.cabralmayorista@gmail.com,https://cabralmayorista.com.ar,supermarket,San Juan
Escuela Provincia de Tucumán,+54 264 430 7816,no,,,school,San Juan
Colcol,+542644202137,no,,,weapons,San Juan
Las Malvinas,+542644202423,no,,,weapons,San Juan
Crazy Puppy,+542644779629,no,petshop.crazypuppy@gmail.com,,pet,San Juan
Consultorio Odontologico Scadding,+54 264 423 2991,no,danielscadding@gmail.com,,dentist,San Juan
CB Muebles,+542644205463,no,,,furniture,San Juan
Armada Argentina Delegación Naval San Juan,+542644228318,no,ingresosanjuan@ara.mil.ar,https://www.argentina.gob.ar/defensa/armada,government,San Juan
Díaz Automotores,+542645674114,no,,,car,San Juan
Escuela Amable Jones,+54 264 430 7646,no,,,school,San Juan
Páita Fast Food,+54 264 563 5913,no,,https://instagram.com/pachatas_paita,fast_food,San Juan
Escuela 25 de Mayo,+54 264 430 7501,no,,,school,San Juan
Milenios Eventos,+54 264 5044038,no,,,events_venue,San Juan
Herrajes Avenida,+54 264 427 8167,no,,,hardware,San Juan
Registro Automotor 7,+54 264 420 4765,no,,,government,San Juan
Electricidad del Este,,no,electricidaddeleste19@gmail.com,,electronics,San Juan
Terminal de San Juan,+54 264 422 1604,no,,,bus_station,San Juan
Hospital Doctor Guillermo Rawson,+54 264 4222272,no,hospitalrawson@sanjuan.gov.ar,https://hospitalrawson.sanjuan.gob.ar,hospital,San Juan
Playa de Remoción MCSJ,4309642 / 4274441,no,,https://municipiosanjuan.gob.ar/eco,government,San Juan
Escribana Patricia Aranda,+542644278011,no,,,notary,San Juan
Xfly,+542644201413,no,,https://xfly.com.ar,company,San Juan
Fusion Repair,+542645455797,no,,,electronics_repair,San Juan
Alpaca,+54 9 264 661 0171,si,,https://www.instagram.com/alpaca.distribuidora/,pet,San Juan
Soria Electrónica,+542644277460,no,,,electronics,San Juan
SOEESIT,+542644214559,no,,https://soeesitsanjuan.com.ar,association,San Juan
OSPIDA,+542644273885,no,,http://www.ospida.org.ar,insurance,San Juan
Pizzas & Lomos Ya!,+542644272220,no,,,fast_food,San Juan
Sub Comisaría Santa Lucía,+54 264 5864018,no,,,police,San Juan
Sub Comisaría Cipoletti,+54 264 4383116,no,,,police,San Juan
Escuela de Nivel Inicial 9,+54 264 430 7504,no,,,kindergarten,San Juan
Mundo Animal,+54 9 264 552 6090,si,,,veterinary,San Juan
Veterinaria Alem,+54 264 432 2795,no,,,veterinary,San Juan
Comisaría 3,+54 264 4224505,no,,,police,San Juan
Escuela Ángel Domingo Rojas,+54 264 430 7504,no,,,school,San Juan
Vea,+54 264 422 3848,no,,,supermarket,San Juan
Clínica San Ignacio,+54 264 420 1636,no,,,dentist,San Juan
Naturgy,08006663637,no,,https://www.naturgysj.com.ar,company,San Juan
Registro Provincial de Armas,+54 264 422 9810,no,,,police,San Juan
Escuela Bernardino Rivadavia,+54 264 430 7512,no,,,school,San Juan
Castellanas,,no,ecommercecastellanas@gmail.com,https://castellanas.com.ar,clothes,San Juan
Alegio,,no,as_electronic@hotmail.com,,electronics,San Juan
Ford,+542644227141,no,,https://fordgoldstein.com.ar,car,San Juan
Cemec,+54 264 4228087,no,,,hospital,San Juan
Clínica de Ojos Santa Lucia,+54 264 421 1827,no,clinicasantalucia@speedy.com.ar,https://www.clinica-santalucia.com.ar/,clinic,San Juan
PC Hardware,+54 264 4224600,no,pchard.gerencia@gmail.com,https://www.pchardwareonline.com,computer,San Juan
Lava Auto 3M,+54 264 5321825,no,,,car_wash,San Juan
Registro de Máquinas Agrícolas,+54 264 427 5731,no,,,government,San Juan
Registro Automotor 8,+54 9 264 499 7282,si,,,government,San Juan
Registro de Motovehículos B,+54 264 427 5731,no,,,government,San Juan
Imax Imágenes Diagnósticas,+54 264 4210047,no,consultas@imaxresonancia.com.ar,http://imaxresonancia.com.ar,clinic,San Juan
Play Point,+54 264 6135515,no,,https://funzonesanjuan.com,events_venue,San Juan
Centro Polivalente de Arte,+54 264 430 7571,no,,,school,San Juan
Vallecito S.R.L.,+54 264 4214509,no,,,company,San Juan
Valle del Sol S.R.L.,+54 264 4254871,no,,,company,San Juan
Nuevo Sur S.R.L,+54 264 4254871,no,,,company,San Juan
UTE La Marina S.A. - La Positiva S.A.,+54 264 4331336,no,,,company,San Juan
Comisaría 2,+54 264 4212526,no,,,police,San Juan
Tricar,+54 264 4222722,no,,https://tricar-lomos.negocio.site,fast_food,San Juan
Parroquia Nuestra Señora de Luján,+54 264 4220990,no,,,place_of_worship,San Juan
Escuela Capital Federal,+54 264 430 7517,no,,,school,San Juan
Parroquia Nuestra Señora del Valle,+54 264 428 5745,no,,,place_of_worship,San Juan
Comisaría 24,+54 264 4240241,no,,,police,San Juan
Escuela 11 de Septiembre,+54 264 430 2161,no,,,school,San Juan
Mundo Automotor,+54 9 264 4263041,si,,https://mundoautomotorsanjuan.com,car_rental,San Juan
Escuela Mary O'Grahan,+54 264 430 7666,no,,,school,San Juan
Escuela Comandante Cabot,+54 264 430 2229,no,,,school,San Juan
Brigada Motorizada 6,+54 264 427-3282,no,,,police,San Juan
Balbuena Refrigeración,+54 2644265080,no,,,hardware,San Juan
Escuela Esteban Echeverría,+54 264 430 7881,no,,,school,San Juan
Escuela de Educación Técnica 5,+54 264 430 7568,no,,,school,San Juan
Escuela de Nivel Inicial 31,+54 264 430 2236,no,,,kindergarten,San Juan
Colegio Central Universitario,+54 264 423 1056,no,ccuce@unsj.edu.ar,https://www.ccu.unsj.edu.ar,school,San Juan
Diario Huarpe,+542644750750,no,,https://www.diariohuarpe.com,newspaper,San Juan
Moto Lucero,+54 264 426-3434,no,,https://www.motolucero.com.ar/,motorcycle,San Juan
Escuela Técnico Obrero Argentino,+54 264 430 7605,no,,,school,San Juan
Escuela Teniente Pedro Nolasco Fonseca,+54 264 430 7552,no,,,school,San Juan
Sushi 2x1,+54 264 5854319,no,,,restaurant,San Juan
Hostal de Palito,+54 264 4230105,no,info@hostaldepalito.com.ar,,restaurant,San Juan
Consultorios Odontologicos De Fernigrini,+54 264 423 8574,no,,,dentist,San Juan
Centro Medico Infantil,+54 264 426 5055,no,,,clinic,San Juan
Clínica Del Bono,+54 264 426 4638,no,drfranciscoplana@hotmail.com,,clinic,San Juan
Mundo Mascotas,+54 264 4745841,no,,,pet,San Juan
TCV Desarrollo de Soluciones S.R.L.,+54 9 2645403210,si,info@tcvsoluciones.co,https://tcvsoluciones.com.ar/,it,San Juan
Consultorios Medicos Externos Rosales,+54 264 4230341,no,danielrosales.sj@hotmail.com,,clinic,San Juan
Escuela Alas Argentinas,+54 264 430 7658,no,,,school,San Juan
Escuela de Educación Especial Doctora Carolina Tobar García,+54 264 430 7626,no,,,school,San Juan
Escuela Albergue José Manuel Estrada,+54 264 430 7859,no,,,school,San Juan
Anexo Escuela de Educación Técnica 3,+54 264 430 7655,no,,,school,San Juan
Escuela Antonio de La Torre,+54 264 430 7656,no,,,school,San Juan
Escuela de Educación Técnica 3,+54 264 430 7655,no,,,school,San Juan
Colegio Monseñor José Américo Orzali,+54 264 424 0448,no,orzaliescsj@speedy.com.ar,https://hnasrosarinas.org/rosarinas/index.php/que-hacemos/mision/comunidades/instituto-monsenor-jose-orzali-rawson-san-juan,school,San Juan
Escuela Candelaria Albarracín de Godoy,+54 264 430 7662,no,,,school,San Juan
Colegio San Vicente de Paul,+54 264 428 5206,no,,,school,San Juan
Kando Bikes,+549 264 4147750,si,,,bicycle,San Juan
Auditorio Juan Victoria,+542644222305,no,auditoriojuanvictoria@sanjuan.gov.ar,http://auditorio.sanjuan.gob.ar/,theatre,San Juan
Escuela de Música,+54 264 422 5926,no,,https://musica.unsj.edu.ar/index2.html,university,San Juan
Escuela Werfield Salinas,+54 264 430 7850,no,,,school,San Juan
Colegio Doctor Manuel Alvar López,+54 264 430 7849,no,,,school,San Juan
Anexo Escuela Nocturna John Kennedy,+54 264 430 2174,no,,,school,San Juan
Escuela Policía Federal Argentina,+54 264 430 7724,no,,,school,San Juan
Escuela Ingenieros de San Juan,+54 264 430 2073,no,,,school,San Juan
Shell,+54 264 431 2677,no,,,fuel,San Juan
Peugeot,+54 264 4265333,no,,,car,San Juan
Comisaría 4,+54 264 423 1880,no,,,police,San Juan
Colegio Dante Alighieri,+54 264 422 0082,no,administracion@socdantealighieri.edu.ar,https://www.dantealighierisanjuan.edu.ar/web/,school,San Juan
CAPS Doctor Alfonso Barassi,+54 264 423 1922,no,,,clinic,San Juan
Escuela Fray Luis Beltrán,+54 264 430 7683,no,,,school,San Juan
Mayorista Makro,+54 264 428 6422,no,,,supermarket,San Juan
Escuela Campaña del Desierto,+54 264 430 7515,no,,,school,San Juan
Residencia Geriátrica Miraflores,+54 264 423 1951,no,,,social_facility,San Juan
Escuela Carlos Maria de Alvear,+54 264 430 7825,no,,,school,San Juan
Centro de Adiestramiento René Favaloro,+54 264 4240531,no,,,hospital,San Juan
Escuela Gabriela Mistral,+54 264 430 7805,no,,,school,San Juan
Escuela Antonia Villascusa,+54 264 430 2198,no,,,school,San Juan
Escuela Carlos Pellegrini,+54 264 430 7693,no,,,school,San Juan
Instituto Superior de Educación Física de San Juan,+54 264 430-7691,no,,,college,San Juan
Colegio El Seibo,+54 264 425 1219,no,,http://colegioelseibo.blogspot.com/,school,San Juan
Municipalidad de la Ciudad de Santa Lucía,+54 264 425 0482,no,,http://www.municipiosantalucia.gov.ar/,townhall,San Juan
Parroquia Santa Lucía,+54 264 425 3311,no,santaluciasjuan@gmail.com,,place_of_worship,San Juan
Colegio Parroquial de Santa Lucía,+54 264 425 3757,no,,,school,San Juan
Colegio Profesora Olga Aubone,+54 264 430 7395,no,,,school,San Juan
Colegio San Valentín,+54 264 425 3161,no,,,school,San Juan
Escuela Juan Dolores Godoy,+54 264 430 7804,no,,,school,San Juan
Escuela Provincia de Corrientes,+54 264 430 2238,no,,,school,San Juan
Escuela de Educación Especial Graciela Cibeira de Cantoni,+54 264 430 7525,no,,,school,San Juan
Escuela Secundaria Carlos Pellegrini,+54 264 430 7697,no,,,school,San Juan
Escuela Mariano Necochea,+54 264 430 7688,no,,,school,San Juan
Escuela Juan Antolín Zapata,+54 264 430 7856,no,,,school,San Juan
Escuela General Estanislao Soler,+54 264 430 2022,no,,,school,San Juan
Comisaría 26,+54 264 423 5422,no,,,police,San Juan
Escuela Doctor Honorio Pueyrredón,+54 264 430 7650,no,,,school,San Juan
Escuela Juan Enrique Pestalozzi,+54 264 430 7648,no,,,school,San Juan
Escuela Doctor Nicanor Larrain,+54 264 430 2227,no,,,school,San Juan
Escuela Cecilio Ávila,+54 264 430 2074,no,,,school,San Juan
Colegio Santa Teresita del Niño Jesús,+54 264 434 3623,no,,,school,San Juan
Parroquia Santa Teresita del Niño Jesús,+54 264 434 1965,no,stateresitasj@gmail.com,,place_of_worship,San Juan
Colegio Secundario Antonio de La Torre,+54 264 430 7827,no,,,school,San Juan
Colegio Superior 1 de Rawson Profesora Iole Lebe Palmolelli de Mascotti,+54 264 430 7767,no,,,school,San Juan
Escuela Doctor Pablo Ramella,+54 264 430 7822,no,,,school,San Juan
Escuela Patricias Mendocinas,+54 264 430 7853,no,,,school,San Juan
Escuela de Educación Especial Doctor Ramón Peñafort,+54 264 430 7687,no,,,school,San Juan
Escuela Saturnino Sarassa,+54 264 430 7664,no,,,school,San Juan
Escuela de Capacitación Laboral Teresa Ascencio de Mallea,+54 264 430 7864,no,,,school,San Juan
Escuela Eugenia Belín Sarmiento,+54 264 430 7862,no,,,school,San Juan
Excellence College,+54 264 428 0380,no,,http://www.excellencecollege.com.ar/,school,San Juan
Escuela San Juan Eudes,+54 264 430 7802,no,,,school,San Juan
Hormiga Roja,+54 9 264 488-9773,si,,https://www.facebook.com/hormigarojabar-112663057122397/,pub,San Juan
Transportes Automotores 20 de Junio,+54 9 0264 425 0283,si,informes@la20.com.ar,http://www.la20.com.ar/,company,San Juan
CAPS René Favaloro,+54 264 434 3987,no,,,clinic,San Juan
Rocknrolla,+54 264 4268255,no,,,restaurant,San Juan
Vono Caffe Bar,+54 264 426 4487,no,,,cafe,San Juan
Consultorio de estética y dermatologia Valdéz,+54 264 423 3012,no,drasandravaldez@hotmail.com,,clinic,San Juan
Blanca Paloma,+54 264 4311225,no,,,company,San Juan
MercoSuper,+54 264 426 5766,no,,,supermarket,San Juan
Consultorio unipersonal de Fonoaudiologia Manzur,+54 264 426 4765,no,danielabeatrizmanzur@yahoo.com.ar,,doctors,San Juan
Rapa-Nui,+54 264 4260888,no,,https://rapanui-lomos.web.app,fast_food,San Juan
Residencia Modelo Clínica Privada Salud Mental,+54 264 426 5450,no,residenciamodelo@hotmail.com,,clinic,San Juan
Centro Radiológico Guadalupe,+54 264 423 7234,no,traumaexpress@hotmail.com,,clinic,San Juan
Clínica Alvear,+54 264 426 7436,no,clinicaalvear_75@hotmail.com,,clinic,San Juan
Centro Médico Guadalupe,+54 264 426 2090,no,,,clinic,San Juan
Centro de día Nuestra Seńora de La Paz,+54 264 426 0731,no,nslapaz@hotmail.com,,clinic,San Juan
Biblioteca Popular Sur,+54 264 428 0577,no,,,library,San Juan
Municipalidad de la Ciudad de San Juan,+54 800 999 7786,no,,https://municipiosanjuan.gob.ar,townhall,San Juan
Parroquia Nuestra Señora de La Merced,+54 264 422 2486,no,,,place_of_worship,San Juan
Nizza,+54 264 425 3352,no,,https://instagram.com/nizza.restobar,restaurant,San Juan
Comisaría 25,+54 264 4341720,no,,,police,San Juan
Comisaría 5,+54 264 4250040,no,,,police,San Juan
Comisaría 28,+54 264 4230440,no,,,police,San Juan
Alpaca para tu mascota,+54 9 264 661 0171,si,,https://www.instagram.com/alpaca.distribuidora/,pet,San Juan
OCA,+54 264 428 7056,no,,https://www.oca.com.ar/,post_office,San Juan
Autoservicio 3 De Abril,+54 379 446 4025,no,,,supermarket,Corrientes
"S.A.P.S. ""Dr. Manuel González""",484689 Int. 4689,no,,,centre,Corrientes
Rotiseria Cuisine,+54 379 446 8842,no,,,fast_food,Corrientes
Centro Pastoral San José Obrero,+54 379 445 6535,no,,,place_of_worship,Corrientes
Grido,+54 379 442 5466,no,,,ice_cream,Corrientes
Comisaría 3ra,+54 379 442 1272,no,,,police,Corrientes
ACA,+54 3794 422844,no,,,fuel,Corrientes
Parroquia Nuestra Señora de Pompeya,+54 379 442 7315,no,,http://www.pompeyactes.org.ar/,place_of_worship,Corrientes
Las Gardenias,+543794411732,no,,,florist,Corrientes
Comisaría 8va,+54 379 445 1033,no,,,police,Corrientes
Anastacia,+54 379 446 6508,no,,,pharmacy,Corrientes
Jardín Maternal Despertar,+54 379 444 7801,no,,,kindergarten,Corrientes
Las Piedras,+54 379 449 0689,no,,,pharmacy,Corrientes
Comisaría 5ta,+54 379 442 3947,no,,,police,Corrientes
Tribunal de Cuentas,+54 379 442 5177,no,,,government,Corrientes
Uno Informática,+543794456397,no,,,computer,Corrientes
El Parrillon,+54 379 446 2408,no,,,restaurant,Corrientes
Sucursal Casa Matriz,+54 379 447 9300,no,,https://www.bancodecorrientes.com.ar/,bank,Corrientes
Banco Nación,+54 379 442 7134,no,,http://www.bna.com.ar/,bank,Corrientes
Café Martínez,+54 379 442-1767,no,corrientes@cafemartinez.com.ar,https://www.cafemartinez.com/,cafe,Corrientes
AIX,+54 379 452 7669,no,,,restaurant,Corrientes
Cristóbal,+54 379 4855565,no,,,restaurant,Corrientes
SuSTI,+54 379 447 6529,no,,https://www.corrientes.gob.ar/susti,government,Corrientes
Ferremundo SRL,+54 3794 42 6075,no,,http://www.ferremundo.com.ar,hardware,Corrientes
Sherwood Grill,+54 379 442-9060,no,info@sherwoodrestobar.com,https://sherwoodrestobar.com/,restaurant,Corrientes
Teatro de la Biblioteca Mariño,+54 3794 433614,no,,,theatre,Corrientes
Banco de Corrientes,+54 379 447 9300,no,atencionalcliente@bcoctes.com.ar,https://www.bancodecorrientes.com.ar/,bank,Corrientes
Centro de Rehabilitacion para Discapacitados Visuales Valentin Haüy,+54 379 442 1334,no,,,school,Corrientes
Sei Tu Helados,+54 379 443 7200,no,,,fast_food,Corrientes
Planeta Pizza,+54 379 442 7200,no,,,restaurant,Corrientes
Escuadrón de Gendarmeria Nacional,+54 9 379 503 3473,si,,,police,Corrientes
Comisaría 1ra  de la Mujer y el Menor,+54 379 443 2913,no,,,police,Corrientes
Instituto de Ciencias Criminalísticas y Criminología,+54 379 442 2096,no,,criminalisticas.unne.edu.ar,university,Corrientes
Centro Radiologico Dr. Collante,+54 379 446 3973,no,,,clinic,Corrientes
Nautisima,,no,info@nautisima-web.com.ar,http://nautisima-web.com.ar/,boat,Corrientes
ProNautica,+54 379 443 8155,no,,http://www.pro-nautica.com.ar,boat,Corrientes
KS salonunisex,+54 379 460 9414,no,kokitossnchez@gmail.com,https://www.instagram.com/ks.salonunisex/,hairdresser,Corrientes
Prefectura Naval Argentina,+54 379 442-1477,no,,,police,Corrientes
Ministerio de Turismo,+54 379 447 6036,no,,,government,Corrientes
Comisaría 2da,+54 379 442 1149,no,,,police,Corrientes
Fiucher & Octanos,+54 379 438 8437,no,octanos.corrientes@gmail.com,,clothes,Corrientes
"S.A.P.S. ""Dr. Pedro Blugermann""",474822 Int. 4822,no,,,centre,Corrientes
Escuela de Buceo,+54 9 379 459 8819,si,buceocruzdelsur@hotmail.com,http://www.buceocruzdelsur.com.ar,school,Corrientes
Informes Turisticos,+54 379 442 7200,no,info@turismocorrientes.gov.ar,https://www.corrientesintensa.com/,guide,Corrientes
Clínica del Niño,+54 379 442 8381,no,,,clinic,Corrientes
Carciocentro S.A.,461791/467954/436192,no,,,clinic,Corrientes
Chacabuco,37944444700,no,ferreteria_chacabuco@hotmail.com,,hardware,Corrientes
Computación Médica Nordeste,+54 379 446 5456,no,,,clinic,Corrientes
Aliare S.R.L.,+54 379 4464298,no,ventas@aliare.com.ar,https://www.aliare.com.ar/,it,Corrientes
Sucursal  Banco de Corrientes Teniente Ibáñez,+54 379 447 9300,no,,https://www.bancodecorrientes.com.ar/,bank,Corrientes
Parroquia Sagrado Corazón de Jesús,+54 379 446 6416,no,,,place_of_worship,Corrientes
Destacamento GRIM 5,+54 379 447 7609,no,,https://www.policiactes.gov.ar/,police,Corrientes
Helados José,+54 379 446 3118,no,,,ice_cream,Corrientes
Shoko Sushi Wok,+54 379 443 5391,no,,,hairdresser,Corrientes
Remiseria 237,+54 379 444 1481,no,,,taxi,Corrientes
Dr. Arnaldo Graciani,+54 379 462 7601,no,consultas@doctorgraciani.com.ar,http://doctorgraciani.com.ar,doctors,Corrientes
"S.A.P.S. ""Dr. Miguel Sussini""",474799 Int. 4799,no,,,centre,Corrientes
Parroquia Jesús Nazareno,+54 379 442 3946,no,,,place_of_worship,Corrientes
Comedor Ladrilleros - Mendoza al Sur,+54 379 472 2131,no,,,community_centre,Corrientes
"S.A.P.S. ""Santa Marta""",477614 Int. 7614,no,,,centre,Corrientes
"C.A.P.S. Nº3 ""Dr. Taglialene""",+54 379 447 7608,no,,,centre,Corrientes
Parroquia Santa María Reina,+54 379 444 9786,no,,,place_of_worship,Corrientes
Grupo ERSA - Terminal de Operaciones y Mantenimiento,+543794414100,no,,ersaurbano.com,company,Corrientes
Cremolatti,+54 379 442 5749,no,,http://www.cremalatti.com.ar,ice_cream,Corrientes
Comisaría 6ta,+54 379 442 2825,no,,,police,Corrientes
"C.A.P.S. Nº 2 ""Dr. Emilio R. Coni""",+54 379 447 5113,no,,,centre,Corrientes
Comisaría 4ta,+54 379 442 4518,no,,,police,Corrientes
Servei Informática,+54 379 5084661,no,info@servei.com.ar,https://www.servei.com.ar/,it,Corrientes
Farmacia La Familia SCS,+54 379 444 4404,no,,,pharmacy,Corrientes
Cambá Muebles,+54 379 503 1066,no,,,furniture,Corrientes
Galería Colón Shopping,+54 379 442 3201,no,seoanerieraycia@hotmail.com,https://galeriacolon.com,supermarket,Corrientes
Poder Judicial Provincia de Corrientes,+54 379 474 0881,no,,http://www.juscorrientes.gov.ar,government,Corrientes
Farmacia del Hospital S.C.S.,+54 379 443 3825,no,,,pharmacy,Corrientes
Locos por el Pollo,+54 379 432 9066,no,,,fast_food,Corrientes
Centro de Ojos de Corrientes,+54 379 442 2650,no,,,doctors,Corrientes
Juan Pan,+54 379 442 3613,no,,,bakery,Corrientes
Baterías Bernal,+54 379 446 1861,no,,,car_repair,Corrientes
Arandú Pinturas,+54 379 446 0661,no,,https://arandu-pinturas.negocio.site/,convenience,Corrientes
Centro Ocular Láser,+54 379 442 3777,no,,,doctors,Corrientes
Castillo by Salsitas,+54 379 506 8386,no,,,restaurant,Corrientes
Punto Deportivo,+54 379 442 0517,no,,https://www.puntodeportivo.com.ar,sports,Corrientes
Veterinaria Santamarina,+54 379 439 0243,no,,,veterinary,Corrientes
Defensoría del Pueblo de Corrientes,,no,defensordelpueblocorrientes@hotmail.com,http://www.eldefensordelpueblo.gov.ar/,government,Corrientes
Sanatorio San Juan,+54 379 4427366,no,,,clinic,Corrientes
Oh My God! Repostería,,no,panzallena.ctes@gmail.com,https://www.facebook.com/omg.ctes,pastry,Corrientes
Centro Integral De Terapia Auditiva Y Cognitiva Sonidos Que Hablan,3794-4230910,no,citac.srl@gmail.com,,clinic,Corrientes
Centro Educativo Terapéutico C.A.R.I.Di.,+54 379 442 5666,no,,,rehabilitation,Corrientes
Saps Saul Calmanash,03794-4776611,no,,,doctor,Corrientes
Instituto Medico Privado - Servicio De Radiologia Y Ecografia,+54 379 442 4275,no,,,doctors,Corrientes
Policonsultorio Asociacion Bancaria Corrientes,+54 379 442 4892,no,,,clinic,Corrientes
Laboratorio Central,+54 379 447 4632,no,,,laboratory,Corrientes
"Clinica Maternal Del Ibera,",+54 379 442 3941,no,,,clinic,Corrientes
Clinica Mayo Sa,+54 379 443 0400,no,,,clinic,Corrientes
Servicio Médico Prefectura Naval De La Zona Parana Superior Y Paraguay,+54 379 442 3318,no,fegau@hotmail.com,,clinic,Corrientes
Vacunatorio De La Municipalidad De La Ciudad De Corrientes,+54 379 447 4827,no,,,clinic,Corrientes
Centro Obra Social Para La Actividad Docente,+54 379 446 7694,no,,,clinic,Corrientes
Instituto De Rehabilitacion Ayuda Al Lisiado Ical,+54 379 442 4842,no,,,clinic,Corrientes
Centro Educativo Terapeutico Aprendiendo Juntos,+54 379 446 6664,no,,,clinic,Corrientes
Saps Barrio Cichero,+54 379 483 2654,no,,,doctor,Corrientes
Ministerio de Produccion,+54 379 447 6034,no,,,government,Corrientes
Centro De Atencion Al Desarrollo De La Infancia Y La Adolescencia,+54 379 447 4760,no,,,clinic,Corrientes
Policonsultorio O.S.E.C.A.C,+54 379 442 3999,no,,,clinic,Corrientes
Policonsultorio Ayuda Mutua Del Personal De Gendarmeria Nacional A.mu.ge.nal,+54 379 443 2922,no,,,clinic,Corrientes
Instituto De Atencion A La Diversidad - San Expedito,+54 379 443 8242,no,,,clinic,Corrientes
Dirección de Emergencias Sanitarias - Des,+54 379 442 1107,no,,,clinic,Corrientes
"S.A.P.S. ""Dr. Saúl Calmanash""",477611 Int. 7611,no,,,centre,Corrientes
Comisaría 12,+54 379 444-4649,no,,,police,Corrientes
"S.A.P.S. ""Primera Junta""",+54 379 447 7694,no,,,centre,Corrientes
"S.A.P.S. ""San Marcos""",474828 Int. 4828,no,,,centre,Corrientes
"S.A.P.S. ""Villa Chiquita""",484688 Int. 4688,no,,,centre,Corrientes
"S.A.P.S. ""Villa García""",474799 Int. 4799,no,,,centre,Corrientes
"S.A.P.S. ""Dr. Tomás Korimblum""",+54 379 446 1883,no,,,centre,Corrientes
Fregosini Odontología,+54 379 440 9552,no,,https://hessyweb.com/carlosarielfre,dentist,Corrientes
Saps 29 Santa Marta,+54 379 447 7614,no,,,yes,Corrientes
Saps Nº 3 Dr. Miguel Rossi Candia,+54 379 447 7633,no,,,yes,Corrientes
"C.A.P.S. Nº4 ""Dr. Graciano Lugo""",+54 379 445 1757,no,,,centre,Corrientes
Clinica Del Sol SRL,+54 379 445 5061,no,,,clinic,Corrientes
Comisaría 7ma,+54 379 444 3304,no,,,police,Corrientes
Biblioteca Escuela 323 Islas Malvinas,+54 379 438 5315,no,,,library,Corrientes
I.S.F.D. José Manuel Estrada,+54 379 412 8056,no,,,college,Corrientes
Comisaría 17ma,+54 379 410 1568,no,,,police,Corrientes
Ministerio de Desarrollo Social,+54 379 448 4792,no,,,government,Corrientes
Comisaría 11ra,+54 379 442 1924,no,,,police,Corrientes
Comisaría 9na,+54 379 445 7681,no,,,police,Corrientes
Comisaría 19na,+54 379 410 1568,no,,,police,Corrientes
Ministerio de Seguridad,+54 379 442 1651,no,,https://seguridad.corrientes.gob.ar/,government,Corrientes
Ministerio de Obras y Servicios Publicos,+54 379 447 6332,no,,https://obraspublicas.corrientes.gob.ar/,government,Corrientes
Ministerio de Justicia y Derechos Humanos,+54 379 447 6522,no,,https://minjus.corrientes.gob.ar/,government,Corrientes
Ministerio de Planificacion y Coordinacion,+54 379 442 0711,no,,https://mcyp.corrientes.gob.ar/,government,Corrientes
Ministerio de Secretaria General,+54 379 442 7500,no,,,government,Corrientes
Ministerio de Educacion,+54 379 442 4264,no,,https://www.mec.gob.ar/,government,Corrientes
Instituto Correntino del Agua y del Ambiente (ICAA),+54 379 446 0960,no,,https://icaa.corrientes.gob.ar/,government,Corrientes
Cocheria Las Heras,+54 379 443 6944,no,,,funeral_directors,Corrientes
Empresa Salom,+54 379 446 9236,no,,,funeral_directors,Corrientes
De Bonis,+54 379 442 7072,no,,,funeral_directors,Corrientes
Previsora del Parana,+54 379 445 1254,no,,,funeral_directors,Corrientes
Cocheria Fernandez Montroull,+54 379 443 5862,no,,,funeral_directors,Corrientes
Centro de Monitoreo y Contencion de Victimas de Violencia,+54 379 482 6495,no,,,government,Corrientes
Enacom,+54 379 446 7323,no,,,government,Corrientes
Técnico Corrientes,+54 379 488-2399,no,danielbritezcuentas@gmail.com,,computer,Corrientes
Hospital José Ramón Vidal,+54 379 442 1372,no,,http://www.hospitalvidal.com.ar/,hospital,Corrientes
Comisaría 13ª,+54 379 447 1860,no,,,police,Corrientes
Instituto Privado Nueva Escuela,+54 379 4225616,no,institutonuevaescuela@hotmail.com,,school,Corrientes
Merendero Estudiando Juntos,+54 379 428 9228,no,,,community_centre,Corrientes
Merendero Sueños,+54 379 405 8303,no,,,community_centre,Corrientes
Merendero Mitai Pora,+54 379 404 0115,no,,,community_centre,Corrientes
Merendero Beneser Asamblea de Dios,+54 379 423 8750,no,,,community_centre,Corrientes
Merendero La Providencia,+54 379 474 0354,no,,,community_centre,Corrientes
Merendero Iglesia Alfa y Omega (Puerta al Cielo),+54 379 426 9203,no,,,community_centre,Corrientes
Parroquia Nuestra Sra De Itati,+54 379 426 6829,no,,,community_centre,Corrientes
Comedor San Pablo,+54 379 406 6445,no,,,community_centre,Corrientes
Comedor Luz Verdadera Serantes,+54 379 427 0120,no,,https://www.facebook.com/ccluzverdadera/,community_centre,Corrientes
Comedor Santa Maria de los Pobres,+54 379 428 9364,no,,,community_centre,Corrientes
Comedor Universitario,+54 379 427 1748,no,,,community_centre,Corrientes
Comedor Santa Lucía,+54 379 402 9898,no,,,community_centre,Corrientes
Comedor Maravilla de Jesús,+54 379 451 1271,no,,,community_centre,Corrientes
Comedor El Pasito,+54 379 487 5196,no,,,community_centre,Corrientes
Comedor San Pantaleón,+54 379 492 8854,no,,,community_centre,Corrientes
Comedor Emanuel,+54 379 445 8858,no,,,community_centre,Corrientes
Merendero Los Simpson,+54 379 534 5348,no,,,community_centre,Corrientes
Merendero Club Lipton,+54 379 507 7218,no,,,community_centre,Corrientes
Comedor Nuestra Señora de Fátima,+54 379 476 6756,no,,,community_centre,Corrientes
Comedor Loma Linda,+54 379 429 0450,no,,,community_centre,Corrientes
Merendero Rey David,+54 379 440 1499,no,,,community_centre,Corrientes
Merendero Cap. Santos Francisco y Jacinta - Pastorcitos de Fátima,+54 379 518 7672,no,,,community_centre,Corrientes
Comedor Mis Niñitos,+54 379 427 5662,no,,,community_centre,Corrientes
Merendero Sagrada Familia II,+54 379 486 8496,no,,,community_centre,Corrientes
Merendero San Patricio,+54 379 481 6008,no,,,community_centre,Corrientes
Comedor Caritas Sucias,+54 379 459 9191,no,,,community_centre,Corrientes
Merendero Cichero,+54 379 513 2694,no,,,community_centre,Corrientes
Merendero Santa Filomena,+54 379 489 6139,no,,,community_centre,Corrientes
Comedor Pueblito Buenos Aires,+54 379 445 8863,no,,,community_centre,Corrientes
Merendero Carita Feliz,+54 379 488 4477,no,,,community_centre,Corrientes
Merendero La Edad Feliz,+54 379 490 1644,no,,,community_centre,Corrientes
Comedor Centro Integral Cruz Roja,+54 379 423 4421,no,,,community_centre,Corrientes
Comedor Sagrada Familia,+54 379 477 7763,no,,,community_centre,Corrientes
Merendero COIMAC,+54 379 435 2854,no,,,community_centre,Corrientes
Comedor San Benito,4446523-3794328120-320496,no,,,community_centre,Corrientes
Comedor CIDECO,+54 379 489 0967,no,,,community_centre,Corrientes
Comedor San Marcos,+54 379 402 1962,no,,,community_centre,Corrientes
Merendero Carita de Ángel,+54 379 535 2675,no,,,community_centre,Corrientes
Comedor Complejo Filadelfia,3794238750-3794236541,no,,,community_centre,Corrientes
Comedor Niño Travieso,+54 379 400 7028,no,,,community_centre,Corrientes
Comedor Madre De La Esperanza,+54 379 433 6428,no,,,community_centre,Corrientes
Comedor Santa Cecilia,+54 379 474 1721,no,,,community_centre,Corrientes
Santa Marta,+54 379 534 0052,no,,,community_centre,Corrientes
Comedor Iglesia Bautista,+54 379 453 2972,no,,,community_centre,Corrientes
Comedor Santa Rita,+54 379 487 5035,no,,,community_centre,Corrientes
Comedor Pokemon,+54 379 434 9916,no,,,community_centre,Corrientes
Comedor Stella Maris,+54 379 518 5310,no,,,community_centre,Corrientes
Comedor 3 de Abril,+54 379 420 3389,no,,,community_centre,Corrientes
Comedor Casa Caridad,+54 379 491 3687,no,,,community_centre,Corrientes
Comedor San Cayetano,+54 379 481 4444,no,,,community_centre,Corrientes
Merendero Pora,+54 379 473 7244,no,,,community_centre,Corrientes
Comedor Corazon Contento,+54 379 468 7773,no,,,community_centre,Corrientes
Comedor Ntra. Señora de Itati,+54 3777 58 6969,no,,,community_centre,Corrientes
Comedor Escuela ERAGIA,+54 379 400 6979,no,,,community_centre,Corrientes
Comedor Iglesia Soldados de Jesus II,+54 379 428 8248,no,,,community_centre,Corrientes
Comedor La Casa de mi Hermano,3791312525,no,,,community_centre,Corrientes
"Comedor Iglesia Vision, Amor y Accion",+54 362 475 8270,no,,,community_centre,Corrientes
Comedor Centro Misionero Pompeya (CADIM),+54 379 440 3028,no,,,community_centre,Corrientes
Comedor Fundacion Amanecer,+54 379 480 2045,no,,,community_centre,Corrientes
Comedor Capes Sonua,+54 379 486 6255,no,,,community_centre,Corrientes
Comedor Por una Sonrrisa II,+54 379 408 2157,no,,,community_centre,Corrientes
Comedor 17 de agosto,+54 379 459 0623,no,,,community_centre,Corrientes
Comedor Santa Lucia II,+54 379 433 9929,no,,,community_centre,Corrientes
Comedor La Sagrada Familia II,+54 379 475 5729,no,,,community_centre,Corrientes
Comedor Caridi,3794762421 - 3795182309,no,,,community_centre,Corrientes
Comedor Fundación Evita,4426369-3795034673,no,,,community_centre,Corrientes
Comedor Rosa Mistica,+54 379 432 4914,no,,,community_centre,Corrientes
Comedor Maria Auxiliadora,+54 379 479 7581,no,,,community_centre,Corrientes
Comedor Divino Niño,+54 379 407 6161,no,,,community_centre,Corrientes
Comedor Mitai Ladrillero (Lomas del Mirador),+54 379 459 1278,no,,,community_centre,Corrientes
Comedor San Jose,+54 379 423 9686,no,,,community_centre,Corrientes
Comedor Gauchito Antonio Gil,+54 379 491 3905,no,,,community_centre,Corrientes
Comedor El Obrerito,+54 379 530 7404,no,,,community_centre,Corrientes
Comedor Lucrecia Rios,+54 379 488 4755,no,,,community_centre,Corrientes
Comedor Si Dios Quiere,+54 379 404 3673,no,,,community_centre,Corrientes
Comedor Puño Y Sudor,+54 379 474 5088,no,,,community_centre,Corrientes
Comedor Cabo de Hornos,+54 379 477 3299,no,,,community_centre,Corrientes
Comisaria 1°,+54 379 442 4502,no,,,police,Corrientes
Comisaría 21ra,+54 379 412 4202,no,,,police,Corrientes
Comisaria 12da,+54 379 444 4649,no,,,police,Corrientes
Comisaría 16ta,+54 379 410 1568,no,,,police,Corrientes
Comisaría 18va,+54 379 410 1568,no,,,police,Corrientes
Parroquia María Auxiliadora,+54 379 442 2828,no,,,place_of_worship,Corrientes
Parroquia Santísima Cruz de los Milagros,+54 379 446 4571,no,,,place_of_worship,Corrientes
Parroquia Nuestra Señora de la Merced,+54 379 442 3695,no,,,place_of_worship,Corrientes
"S.A.P.S. ""Dr. Juan Carlos Semper""",484686 Int. 4686,no,,,centre,Corrientes
Parroquia San Jerónimo,+54 379 445 4429,no,,,place_of_worship,Corrientes
Centro Pastoral San Ramón Nonato,+54 379 443 8139,no,,,place_of_worship,Corrientes
Parroquia Cristo Obrero,+54 379 445 7089,no,,,place_of_worship,Corrientes
Parroquia Niño Jesús,+54 379 445 6535,no,,,place_of_worship,Corrientes
Parroquia San Benito,+54 379 446 0271,no,,,place_of_worship,Corrientes
Parroquia San Pío X,+54 379 444 4256,no,,,place_of_worship,Corrientes
"""Leaders"" Centro de Lengua Inglesa",+54 379 442 3018,no,,,language_school,Corrientes
Teatro de la Ciudad,+54 379 469 9617,no,ctesteatrodelaciudad@gmail.com,https://www.instagram.com/teatrodelaciudadctes/,theatre,Corrientes
Honorable Cámara de Diputados de la Provincia de Corrientes,,no,contacto@hcdcorrientes.gov.ar,https://hcdcorrientes.gov.ar/,government,Corrientes
"Ministerio de Tabajo, Empleo y Seguridad Social de la Nación",+54 379 442 2032,no,,,government,Corrientes
Trópico,+54 362 427-8796,no,,https://tropicotienda.com/,clothes,Corrientes
Dirección General de Enseñanza Privada,+54 379 447 5137,no,,,government,Corrientes
Dirección de Políticas Socioeducativas,+54 379 450 1106,no,,,government,Corrientes
Cáritas Argentina Corrientes,+54 379 443 6065,no,,https://caritas.org.ar/,ngo,Corrientes
Dirección de Títulos del Ministerio de Educación,+54 379 423 1596,no,,http://turnostitulos.mec.gob.ar/#,government,Corrientes
Junta de Clasificación para la Educación Secundaria,+54 379 438-2873,no,,,government,Corrientes
The House,+54 379 487 4807,no,,,language_school,Corrientes
"Sociedad Cultural Israelita ""Scholem Aleijem""",+54 379 446 3818,no,scholemcorrientes@gmail.com,https://vaadhakehilot.amia.org.ar/kehilot/sociedad-cultural-israelita-scholem-aleijem/,social_centre,Corrientes
Parroquia San Juan Bautista,+54 379 446 5809,no,,,place_of_worship,Corrientes
Parroquia Santa Rosa de Lima,+54 379 446 1627,no,,,place_of_worship,Corrientes
Diario Época,4434333,no,contacto@diarioepoca.com,https://www.diarioepoca.com/,newspaper,Corrientes
Diario El Libertador,+54 379 443 8298,no,ellibertadorpublicidad@hotmail.com,https://www.diarioellibertador.com.ar/,newspaper,Corrientes
Diario República de Corrientes,,no,administracion@republicadecorrientes.com,https://www.republicadecorrientes.com/,newspaper,Corrientes
Biblioteca Sanmartiniana,+54 379 447 4702,no,,,library,Corrientes
Biblioteca Fray José de la Quintana,+54 379 443 1370,no,,,library,Corrientes
"S.A.P.S. ""Güemes""",474894 Int. 4894,no,,,centre,Corrientes
"S.A.P.S. ""Dr. Guillermo Rawson""",484882 Int. 4882,no,,,centre,Corrientes
Juanes,+54 379 482 4675,no,,,cafe,Corrientes
Biblioteca de la FaCENA-UNNE,4473931 int. 409,no,bibexa@exa.unne.edu.ar,,library,Corrientes
Biblioteca de la Facultad de Derecho,4458746 y 4471286 int. 214,no,biblioteca@dch.unne.edu.ar,,library,Corrientes
Biblioteca de la Facultad de Odontología - UNNE,"4484184 ""int. 220""",no,biblioteca@odn.unne.edu.ar,,library,Corrientes
Biblioteca ComTuLab,4436828,no,biblio.lab@unne.edu.ar,,library,Corrientes
Biblioteca de la Facultad de Medicina-UNNE,4429309,no,biblio@med.unne.edu.ar,,library,Corrientes
Hemeroteca de la FaCENA-UNNE,4423126,no,bibexa@exa.unne.edu.ar,,library,Corrientes
Biblioteca de la UCP,"443-6360 ""int. 501""",no,,https://www.ucp.com.ar,library,Corrientes
Biblioteca de la Facultad de Ciencias Veterinarias-UNNE,4425753 int. 116 y 178,no,baunne@bib.unne.edu.ar,,library,Corrientes
Biblioteca de Posgrado de la Facultad de Derecho-UNNE,4422646,no,bibliopode@dch.unne.edu.ar,,library,Corrientes
Biblioteca del IBONE-UNNE,4427589 - 4422006,no,ibonebiblio@agr.unne.edu.ar,,library,Corrientes
Biblioteca del INICNE-UNNE,4425753,no,inicne@vet.unne.edu.ar,,library,Corrientes
"Biblioteca de la Escuela de Policía ""J. F. de San Martín""",4452123,no,murcicorrientes@hotmail.com,,library,Corrientes
"Biblioteca ""Olga Piñeiro de Piñeiro""",4466768,no,,,library,Corrientes
Biblioteca del ICCyC-UNNE,4422096,no,criminalistica@bib.unne.edu.ar,,library,Corrientes
"Biblioteca del Instituto Superior ""San José"" I-27",4436485,no,,,library,Corrientes
"Biblioteca ""Prof. Eduardo J. Robles""",4414644,no,www.isefcorrientes@hotmail.com,,library,Corrientes
"Biblioteca ""Josefina Contte""",4462917,no,bpjcontte1078@yahoo.com.ar,,library,Corrientes
"Biblioteca del ISFD ""Dr. Juan Pujol""",4437499,no,,,library,Corrientes
Biblioteca del CPCE,4422884 - 4429826,no,,www.cpcecorrientes.gov.ar,library,Corrientes
"Biblioteca ""Juan José Folguera""",4424118,no,cafeelmariscal@yahoo.com.ar,,library,Corrientes
"Biblioteca ""Francisco Blasco de la Moreda""",4469565,no,,,library,Corrientes
Comisaria 2da de la Mujer y el Menor,+54 379 448 5651,no,,,police,Corrientes
Comisaria Contravencional,+54 379 447 4058,no,,,police,Corrientes
Secretaría de Deportes,+54 379 423 1296,no,,,government,Corrientes
Subsecretaría de Desarrollo Humano e Igualdad,+54 379 442 2220,no,,,government,Corrientes
Dirección de Recursos Naturales,+54 379 423 1245,no,,,government,Corrientes
Dirección General de Nivel Superior,+54 379 423 0727,no,,,government,Corrientes
Coordinación de Educación Intercultural Bilingüe,+54 379 435 8879,no,,,government,Corrientes
Dirección de Servicios Educativos de Prevención y Apoyo (DiSePA),+54 379 459 2634,no,,,government,Corrientes
Registro Provincial de las Personas,+54 379 443 0422,no,,https://www.corrientes.gob.ar/ministerio-de-justicia-y-derechos-humanos/registro-provincial-de-las-personas,government,Corrientes
Inspección General de Personas Jurídicas,+54 379 423 1462,no,,,government,Corrientes
Dirección de Recursos Forestales,+54 379 447 6035,no,,,government,Corrientes
Dirección de Cooperativas,+54 379 443 1360,no,,,government,Corrientes
Instituto de Fomento Empresarial - Corrientes Exporta,+54 379 447 6044,no,,,government,Corrientes
Consulado del Paraguay en Corrientes,+ 54 9 3794 423-1008,si,corrientesconsulpar@mre.gov.py,https://www.mre.gov.py/index.php/representaciones/consulados-del-paraguay-en-el-mundo/en-argentina/consulpar-corrientes,diplomatic,Corrientes
"COOP DE PROVISION DE SERVICIOS DE SALUD ""ESPERANZA"" LTDA",03783447903 / 03783454184,no,,,company,Corrientes
"COOP DE PROVISION DE SERVICIOS PARA LA CONSTRUCCION ""ARANDÚ"" LTDA",,no,cramelinazini@gmail.com,,company,Corrientes
COOP AGROPECUARIA PUERTO VALLE LTDA,0379/4463045/44231148,no,administracion@cooperativapuertovalle.com,,company,Corrientes
"COOP DE PROVISION, COMERCIALIZACION, CONSUMO Y VIVIENDA ""ÑANDE GENTE"" LTDA",,no,coopnandegente@gmail.com,,company,Corrientes
"COOP DE PROVISION Y COMERCIALIZACION DE BIENES Y SERVICIOS AUDIOVISUALES ""DOS PINOS"" LTDA",,no,jorgegandolfo@hotmail.com,,company,Corrientes
COOPERATIVA DE TRABAJO Y PROVISIÓN DE SERVICIOS PARA PRODUCTORES  RURALES “FERIAS POPULARES” LIMITADA,,no,EMILIAGRACIELAORTEGA@GMAIL.COM,,company,Corrientes
Coop de Trabajo Navalment 20 de Abril Ltda,037831563304 / 03783411343,no,moarnaiz@arnet.com.ar,,company,Corrientes
COOP DE TRABAJO ACOMPASAR LTDA,,no,davidn753@gmail.com,,company,Corrientes
COOP DE TRABAJO COEMBOTA LTDA,,no,corrcoembota2018@yahoo.com,,company,Corrientes
"COOP DE TRABAJO ""EL BUEN CAMINO"" LTDA",,no,cbcctes@yahoo.com.ar,,company,Corrientes
COOP DE TRABAJO YUY MARANEY LTDA,,no,cooperativayvymaraney@gmail.com,,company,Corrientes
COOP DE TRABAJO MBARETE LTDA,,no,cooperativambarete@gmail.com,,company,Corrientes
"COOP DE TRABAJO, CONSUMO Y COMERCIALIZACION ""BIENESTAR"" LTDA",,no,cpbtar2005@hotmail.com,,company,Corrientes
"COOP DE TRABAJO ""TELARES ANGIRÚ"" LTDA",,no,santosgerardomontenegro@gmail.com,,company,Corrientes
COOP DE TRABAJO LP PELUQUERIA LTDA,,no,luzmarinagrisson@gmail.com,,company,Corrientes
COOP DE TRABAJO MOMBE´ UHÁ LTDA,,no,hejoaromero@gmail.com,,company,Corrientes
COOP DE TRABAJO COOTEP LTDA,,no,vendedoresambulantescts@gmail.com,,company,Corrientes
COOP DE TRABAJO JAGÜAR AZUL LTDA,,no,esgrafiado1850@yahoo.com.ar,,company,Corrientes
COOP DE TRABAJO ISONDU LTDA,,no,romerosirio@gmail.com,,company,Corrientes
"COOP DE TRABAJO ""EXITOS SERVICIOS INTEGRALES"" LTDA",,no,giselamiriamlugo@gmail.com,,company,Corrientes
"COOP DE TRABAJO ""NUEVO HORIZONTE"" LTDA",,no,coop.nuevo.horizonte.ctes@gmail.com,,company,Corrientes
"COOP DE TRABAJO ""ÑANDE REKO"" LTDA",,no,cooperativanandereko@gmail.com,,company,Corrientes
COOP DE TRABAJO NUEVA MIRADA CORRIENTES LTDA,,no,diegosilva.corrientes@gmail.com,,company,Corrientes
"COOP DE TRABAJO ""FAMILIAS DE CANILLITAS UNIDAS DEL TARAGÜI"" LTDA",,no,luisnobertoortiz121@gmail.com,,company,Corrientes
COOP DE TRABAJO “SAN BENITO” LTDA,,no,cooperativa.sb.limitada@gmail.com,,company,Corrientes
COOP DE TRABAJO SOMOS TAVAPY YVYRUPI LTDA,,no,guillesgaleano@hotmail.com,,company,Corrientes
COOPERATIVA DE TRABAJO “TAJY POTY” LIMITADA,,no,cooperativatajypotyctes@gmail.com,,company,Corrientes
COOPERATIVA DE TRABAJO RECICLADO Y RECUPERO NERY LIMITADA,,no,coopneryltda@gmail.com,,company,Corrientes
COOP DETRABAJO CEFERINO LTDA,,no,cooperativaceferino@hotmail.com,,company,Corrientes
COOP DE TRABAJO EL TRIUNFO LTDA,,no,coopeltriunfoctes21@gmail.com,,company,Corrientes
COOPERATIVA DE TRABAJO YAGUARETE PORA CORRIENTES LIMITADA,,no,administracion@jpmasociados.com,,company,Corrientes
COOP DE TRABAJO CREANDO REALIDADES LTDA,,no,mariajose15776@gmail.com,,company,Corrientes
COOP DE TRABAJO CORRIENTES RECICLA LTDA,,no,coopcorrientesrecicla@gmail.com,,company,Corrientes
COOP DE TRABAJO OCT CONSTRUCTORA LTDA,,no,jtobyesp@gmail.com,,company,Corrientes
COOP DE TRABAJO EMPRENDEDORES UNIDOS LTDA,,no,juancarlosfalcon22@gmail.com,,company,Corrientes
COOP DE TRABAJO EMPRENDEDORES LTDA,,no,oviedojoseroberto592@gmail.com,,company,Corrientes
COOP DE TRABAJO TURISMO IBERÁ LTDA,,no,marcelodenmon@yahoo.com.ar,,company,Corrientes
COOP DE TRABAJO RINCON DEL ARTE LTDA,,no,christianfaridgorchoffdomingue@gmail.com,,company,Corrientes
COOP DE TRABAJO IBIRA PITA CORRIENTES LTDA,,no,estela.tec12@gmail.com,,company,Corrientes
COOP DE TRABAJO LAS POPULARES LTDA,,no,ariananerinabarrios@gmail.com,,company,Corrientes
COOP DE TRABAJO ABUELITOS FELICES LTDA,,no,cooperativasantarita365@gmail.com,,company,Corrientes
COOP DE TRABAJO PESCADORES ORGANIZADOS DEL RIO PARANA LTDA,,no,pescadoresctesdelrioparana@gmail.com,,company,Corrientes
COOP DE TRABAJO CUIDAR LTDA,,no,sebastianbruzzo@gmail.com,,company,Corrientes
COOP DE TRABAJO CONSTRUYENDO CUIDADO LTDA,,no,legales@mteargentina.org.ar,,company,Corrientes
Quatro Estudio Jurídico,+54 379 462 9166,no,jgr3400@gmail.com,https://estudioquatro.com/,lawyer,Corrientes
"Jardín de Infantes ""Los valijitas"" I.P.P. 75",+54 379 481 4790,no,,,kindergarten,Corrientes
Colegio Publico de Martilleros y Corredores de la Provincia de Corrientes,+5493794182595,si,,https://www.colegiomyc.com,yes,Corrientes
"S.A.P.S. ""Dr. Óscar E. Pirchi""",484687 Int. 4687,no,,,centre,Corrientes
"S.A.P.S. ""Dr. Romilio Monzón""",474799 Int. 4799,no,,,centre,Corrientes
"S.A.P.S. ""Dr. Santiago Lorenzo""",484886 Int. 4886,no,,,centre,Corrientes
"S.A.P.S. ""Dr. Aníbal Malvido""",474799 Int. 4799,no,,,centre,Corrientes
"S.A.P.S. ""Dr. Miguel Rossi Candia""",474799 Int. 4799,no,,,centre,Corrientes
"S.A.P.S. ""Dr. Alberto Lifschitz""",474799 Int. 4799,no,,,centre,Corrientes
"S.A.P.S. ""Dr. Manuel Casusso""",474799 Int. 4799,no,,,centre,Corrientes
"S.A.P.S. ""Dr. Elías Galván""",474823 Int. 4823,no,,,centre,Corrientes
"S.A.P.S. ""Gdor. Dr. Juan Pujol""",474830 Int. 4830,no,,,centre,Corrientes
"S.A.P.S. ""Itatí""",474825 Int. 4825,no,,,centre,Corrientes
"S.A.P.S. ""Quinta Ferré""",474799 Int. 4799,no,,,centre,Corrientes
Vicaría San Pablo,+54 379 442 2867,no,,,place_of_worship,Corrientes
Hospital Escuela José Francisco de San Martín,+54 379 442 7058,no,,,hospital,Corrientes
Facultad de Medicina,+54 (379) 4423155 / 4422290,no,,https://med.unne.edu.ar/,university,Corrientes
Teatro Vera,+54 379 442 7743,no,,http://www.teatrovera.gob.ar/,theatre,Corrientes
Comisaría 1ra.,+54 379 483 2994,no,,,police,Corrientes
Subsecretaria de Sistemas y Tecnologías de la Información,+54 379 447 6529,no,,https://www.corrientes.gob.ar/susti,government,Corrientes
Kyoto,+54 379 445-8565,no,web@kyotoautomotores.com.ar,https://www.kyotoautomotores.com.ar/,car,Corrientes
Ghiggeri,+54 379 44-6022,no,ventas@ghiggeri.com,https://ghiggeri.com/,motorcycle,Corrientes
Cetrogar Motos,+54 379 442-8000,no,,https://www.cetrogarmotos.com.ar/,motorcycle,Corrientes
Dirección Provincial de Vialidad,+54 379 4231208,no,,https://vialidad.corrientes.gov.ar/,government,Corrientes
Dirección Provincial de Energía (DPEC),0800 555 3732,no,,https://www.dpec.com.ar/,energy_supplier,Corrientes
"Hospital Pediátrico ""Juan Pablo II""",03794-475300/ 475306,no,,,hospital,Corrientes
Hospital Geriátrico de Agudos Juana Francisca Cabral,+54 379 442 0696,no,,,hospital,Corrientes
Hospital de Salud Mental San Francisco de Asis,+54 379 442 6996,no,,,hospital,Corrientes
"Centro Cultural Flotante ""Siete Corrientes""",+54 379 4057604,no,,,arts_centre,Corrientes
Ministerio de Obras y Servicios Públicos,+54 379 426 2049,no,,,government,Corrientes
Ministerio de Producción,+54 379 447 6034,no,,,government,Corrientes
"Centro de Formación Profesional ""Don Elías Abad"" (C.O.P.Y.C.O.)",+54 379 447 3783,no,,,school,Corrientes
Instituto de Cardiología de Corrientes,+54 379 441 0000,no,,https://www.icc.org.ar/,hospital,Corrientes
Banco Nación,+54 385 4224169,no,,https://www.bna.com.ar,bank,Santiago del Estero
Biblioteca 9 de Julio,+54 385 4221074,no,biblioteca9dejuliosde@gmail.com,https://www.santiagocultura.gob.ar/biblioteca-9-de-julio.php,library,Santiago del Estero
Caskal Web - Diseño web / gráfico,+54 9 385 4112838,si,info@caskal.com,http://caskal.com/portfolio/,graphic_design,Santiago del Estero
Bar Terranova,+54 385 422 1027,no,,,restaurant,Santiago del Estero
León Comunicación Visual,+54 385 437 71 86,no,,https://www.facebook.com/LeonComunicacionVisual,photo,Santiago del Estero
Bonafide,+54 385 409 0699,no,,https://bonafide.com.ar/,cafe,Santiago del Estero
U.P.A 4 Ejercito Argentino,+54 385 431 9012,no,,,doctors,Santiago del Estero
Municipalidad de Santiago del Estero,+54 385 4229800,no,info@santiagociudad.gov.ar,https://www.santiagociudad.gov.ar/,government,Santiago del Estero
Sanatorio Santiago,+54 385 4221157,no,,,clinic,Santiago del Estero
Clínica Yunes,+54 385 4211741,no,,,clinic,Santiago del Estero
ASICANA,+543854213653,no,info@asicana.org.ar,http://www.asicana.org.ar,language_school,Santiago del Estero
Upa  Mariano Moreno II,+54 385 699 5227,no,,,doctors,Santiago del Estero
San Roque,+54 385 422 9102,no,anamonge22@hotmail.com,,pharmacy,Santiago del Estero
Centro Renal Alsina,+54 385 428 3395,no,centrorenalalsina@hotmail.com.ar,,clinic,Santiago del Estero
Centro Oncologico Dra Giraudo,0543854210700,no,,,clinic,Santiago del Estero
Banco Santiago del Estero,+54 385 4504500,no,,https://www.bse.com.ar/,bank,Santiago del Estero
Colegio Hermano Hermas de Bruijn,+54 385 4224775,no,secretariahermas@ucse.edu.ar,http://newsite.ucse.edu.ar/index.php/graduados/170-instituciones-vinculadas/140-colegio-hermano-hermas,educational_institution,Santiago del Estero
UPA N2 Caceres,+54 385 450 4420,no,,,doctors,Santiago del Estero
ANEXO MITRE - Centro Médico,+543854296765,no,anexomitre@gmail.com,http://www.anexomitre.com.ar,hospital,Santiago del Estero
Motogar,+54 385 424-0588,no,contacto@motogar.com.ar,http://www.motogar.com.ar/,motorcycle,Santiago del Estero
Café Martínez,+54 385 428-8710,no,santiagodelestero@cafemartinez.com.ar,https://www.cafemartinez.com/,cafe,Santiago del Estero
PIZZAS DEL SUR,+54 385 583 1982,no,,,fast_food,Santiago del Estero
Sanatorio Norte,+54 385 4224999,no,,,clinic,Santiago del Estero
Laboratorio De Analisis Clinicos,+54 385 4224722,no,,,laboratory,Santiago del Estero
Laboratorio Cebic,+54 385 4241274,no,,,laboratory,Santiago del Estero
IOSEP,+54 385 4242900,no,info@iosep.gov.ar,http://www.iosep.gov.ar/,government,Santiago del Estero
Super Nataly,+54 385 600 1763,no,,,supermarket,Santiago del Estero
Almacén San José,+54 385 499 5546,no,,https://almacensanjose.com.ar/,supermarket,Santiago del Estero
Almacén San José,+54 385 482 7300,no,,https://almacensanjose.com.ar/,supermarket,Santiago del Estero
Ferretería Industrial Lo Bruno SA,+54 385 697 2046,no,,,hardware,Santiago del Estero
Lindow Hogar,+54 385 5013211,no,casalindow@hotmail.com,,appliance,Santiago del Estero
Consejo General de Educación,+54 385 4222926,no,,https://www.cgesantiago.gob.ar,government,Santiago del Estero
Jardín de Infantes Kindergaten,+54 385 4891971,no,,,kindergarten,Santiago del Estero
Centro Provincial de Sangre Santiago del Estero,+54 385 4504423,no,cps.sgo@gmail.com,https://msalsgo.gob.ar/cps/,blood_donation,Santiago del Estero
Centro Especial Hermana Edith Broggi,+54 385 4349923,no,,,school,Santiago del Estero
Colegio Evangelico Alfredo Furniss Jardín Mi Pesebre,+54 385 429 3563,no,administracion@ceaf.edu.ar,https://ceaf.edu.ar/,school,Santiago del Estero
Instituto Nacional de Tecnología Agropecuaria,+54 385 422 4596,no,,https://inta.gob.ar/santiago,government,Santiago del Estero
Donatta Solís,+54 385 431-5367,no,,,restaurant,Santiago del Estero
UPA 15 Tradición,+54 385 431 9013,no,,,doctors,Santiago del Estero
CAPS Los Lagos,+54 385 4342016,no,loslagoscaps@hotmail.com,,doctors,Santiago del Estero
CAPS Santisimo Sacramento Borges,+54 385 4343403,no,capssmosacramento@hotmail.com,,doctors,Santiago del Estero
Centro de Atención Primaria de la Salud Dr. Armando Archetti,+54 385 4227454,no,loslagoscaps@hotmail.com,,doctors,Santiago del Estero
CAPS Francisco Aguirre,+54 385 4227858,no,caps_fcodeaguirre@hotmail.com,,doctors,Santiago del Estero
Centro de Atención Primaria de la Salud Doctor Estanislao Ponce 8 de Abril,+54 385 4311656,no,loslagoscaps@hotmail.com,,doctors,Santiago del Estero
CAPS Ntra. Sra. del Rosario de San Nicolás Juan Díaz de Solis,+54 385 4314029,no,capssolis@hotmail.com,,doctors,Santiago del Estero
Centro Médico de la Comunidad,+54 385 4215098,no,,https://www.cmcomunidad.ar/,clinic,Santiago del Estero
Clínica del Sol,+54 385 4224024,no,,,clinic,Santiago del Estero
Clínica del Pilar,+54 385 4226397,no,contacto@clinicadelpilar.com.ar,https://clinicadelpilar.com.ar/,clinic,Santiago del Estero
Clínica Arcadia,+54 385 4226397,no,,,clinic,Santiago del Estero
Gemsa,+54 385 428 4900,no,,https://www.gemsasantiagodelestero.com.ar,car,Santiago del Estero
Santatorio Libertad,+54 385 4219009,no,,,clinic,Santiago del Estero
Sanatorio San Francisco,+54 385 4223000,no,sanasanfrancisco@live.com,https://www.sanfranciscosanatorio.com/,clinic,Santiago del Estero
Sanatorio Alberdi,+54 385 4219777,no,,https://www.sanatorioalberdi.com/,clinic,Santiago del Estero
Sanatorio Alvear,+54 385 4214727,no,sanat.alvear@hotmail.com,,clinic,Santiago del Estero
Ministerio de Desarrollo Social,+54 385 4283139,no,ministeriodesarrollosocial@mdssde.gob.ar,http://www.mdssde.gob.ar/,government,Santiago del Estero
Centro Diagnóstico Urquiza,+54 385 4215400,no,,,laboratory,Santiago del Estero
Instituto de Cardiología,+54 385 4225200,no,,,clinic,Santiago del Estero
Instituto del Diagnóstico 9 de Julio,+54 385 4211304,no,,,clinic,Santiago del Estero
TACSE,+54 385 4224500,no,,,clinic,Santiago del Estero
Clinica del Ojo,+54 385 4222225,no,,,optometrist,Santiago del Estero
Banco de Sangre Bouzón,+54 385 4218542,no,bancodesangrebouzon@gmail.com,,blood_donation,Santiago del Estero
Centro Privado de Urología,+54 385 4222539,no,,,clinic,Santiago del Estero
Inmobiliaria del Estero,+54 385 4212027,no,info@inmobiliariadelestero.com.ar,https://inmobiliariadelestero.com.ar,estate_agent,Santiago del Estero
Tagliavini Inmobiliaria,+54 385 4212258,no,,http://www.estudiotagliavini.com.ar/,estate_agent,Santiago del Estero
Tagliavini Estudio Contable,+54 385 4212258,no,,http://www.estudiotagliavini.com.ar/,accountant,Santiago del Estero
chiericotti y Asociados,+54 385 4227070,no,,https://www.chiericotti.com.ar/,estate_agent,Santiago del Estero
Gel y Asociados,,no,info@gelinmobiliaria.com.ar,https://gelinmobiliaria.com.ar/,estate_agent,Santiago del Estero
SENNA Automotores,+54 385 6023333,no,,http://www.sennaautomotores.com.ar/,car,Santiago del Estero
Novara Automotores,+54 385 4214442,no,,Av. Belgrano Sur 1758 - Santiago del Estero,car,Santiago del Estero
Lo Bruno,+54 385 439 3940,no,,https://lobrunoautomotores.com/,car,Santiago del Estero
Furth Automotores,+54 385 422 5593,no,contacto@furth.com.ar,https://furth.com.ar/,car,Santiago del Estero
Cúspide,,no,santiagodelestero46@cuspide.com,https://cuspide.com,books,Santiago del Estero
Don Luis,+543854221726,no,,,restaurant,Santiago del Estero
Bugs Bunny,+54 385 496 9619,no,,,fast_food,Santiago del Estero
Farmacity,+54 800 666 4321,no,,https://farmacity.com/,pharmacy,Santiago del Estero
Sportsman,+54 385 422 8080,no,,,sports,Santiago del Estero
Cerecett Heladerías,+54 385 422 6463,no,,https://www.cerecett.com.ar,ice_cream,Santiago del Estero
Grandiet,+54 385 421-6200,no,,,health_food,Santiago del Estero
Forrajería Mikuy,+54 385 594-5681,no,,,pet,Santiago del Estero
KEOPS,+54 385 422-2382,no,,,fast_food,Santiago del Estero
Colegio de Abogados Santiago del Estero,+54 385 4240348,no,contacto@colegioabogadossde.org.ar,https://colegioabogadossde.org.ar/,lawyer,Santiago del Estero
Electrofer - Ferreteria E Iluminacion,+54 385 4863334,no,,,hardware,Santiago del Estero
UPA N10 John Kennedy,+54 385 439 7023,no,,,doctors,Santiago del Estero
UPA N 24 Santa Lucia,+54 385 439 7025,no,,,doctors,Santiago del Estero
CIC Campo Contreras,+54 385 428 6791,no,,,doctors,Santiago del Estero
UPA N9 Jorge Newbery,+54 385 425 0779,no,,,doctors,Santiago del Estero
UPA N 22 Peruchillo,+54 385 486 7448,no,,,doctors,Santiago del Estero
Doctores Palavecino Grupo Oftalmológico,+54 385 60 05 050,no,drespalavecinoftalmologos@gmail.com,,doctors,Santiago del Estero
Le Mans Automotores S.A - Peugeot,+54 3854222413,no,,https://lemansautomotores.com.ar/,car,Santiago del Estero
Biblioteca Popular Club de Maestros,+54 385 5069181,no,,,library,Santiago del Estero
Distribuidora Mily,+54 385 4222544,no,,,wholesale,Santiago del Estero
Musimundo,+54 385 4224049,no,,,electronics,Santiago del Estero
Las Malvinas,+54 385 4219223,no,,https://www.lasmalvinasweb.com.ar/,electronics,Santiago del Estero
Riki Verdulería,+54 9 385 419-0078,si,,,greengrocer,Santiago del Estero
Aleppo,+385 44 979 194,no,,,restaurant,Santiago del Estero
Taekwon Do Orokwan Cabildo,+54 385 584-3757,no,,https://linktr.ee/orokwancabildo?fbclid=paaaa80asrs4oo2knfljmsgl1qpdff76i-m08gambxnnmsgtivt_d-wom6hxi,dojo,Santiago del Estero
Wagner Automotores,+54 385 420-8024,no,,,car,Santiago del Estero
Misión Maderas,+54 3858689613,no,misionesmaderasgo@hotmail.com,https://www.gurugo.com.ar/fichas/misiones-maderas-srl_16561355,trade,Santiago del Estero
Locos x la Pizza,+5493853260000,si,,https://www.instagram.com/locos.xlapizza/?hl=es-la,fast_food,Santiago del Estero
Pizzería Popular,+5493853102342,si,,https://www.instagram.com/pizzeriapopular.santiago/?hl=es,restaurant,Santiago del Estero
Parroquia Santa Lucía,+54 385 6012337,no,,,place_of_worship,Santiago del Estero
Unidad de Pronta Atención 23 Vinalar,+54 385 4317758,no,,https://sisse.redes-sgo.gob.ar/sisse/web/index.php?r=site%2Fver-centro-salud&id=783,doctors,Santiago del Estero
Niuma,+54 385 421-4449,no,,,car,Santiago del Estero
Maxihogar,+54 385 421-1104,no,ventas@maxihogarmotos.com,http://www.maxihogarmotos.com/,motorcycle,Santiago del Estero
Cyclos,+54 385 421-1104,no,cycloscentral@gmail.com,https://hondacyclos.com.ar/,motorcycle,Santiago del Estero
Facultad de Ciencias Médicas UNSE,+54 385 4509500,no,,https://fcm.unse.edu.ar/,university,Santiago del Estero
Banco de Córdoba,+54 358 467 8511,no,,,bank,Rio Cuarto
Galicia Más,+54 358 464 1941,no,,https://www.galiciamas.com.ar/,bank,Rio Cuarto
Macro,+54 358 464 5150,no,,,bank,Rio Cuarto
Banco Patagonia,+54 358 463 1788,no,,,bank,Rio Cuarto
Delegación Río Cuarto,+54 358 462 1125,no,,,police,Rio Cuarto
Colegio La Merced,+54 358 4635587,no,,https://www.colegiolamerced.edu.ar/,school,Rio Cuarto
Escuela Mariano Moreno,+54 358 466 2015,no,,,school,Rio Cuarto
Florentino Ameghino,+54 358 467 2908,no,,,school,Rio Cuarto
Palacio Municipal,0800 444 5454,no,,,townhall,Rio Cuarto
Policía de la Provincia,+54 358 4672901,no,,,police,Rio Cuarto
Dispensario 4,+54 358 467 1111,no,,,clinic,Rio Cuarto
Cooperativa de Trabajo Al Toque Ltda.,+54 358 4637933,no,,,yes,Rio Cuarto
Centro Educativo Leopoldo Lugones,+54 358 468 9621,no,,,school,Rio Cuarto
Centro Educativo Nicolás Avellaneda,+54 358 4672900,no,,,school,Rio Cuarto
Biblioteca Popular Domingo Faustino Sarmiento,+54 358 4663993,no,,,library,Rio Cuarto
ECO Autoparts,,no,info@ecoautoparts.com.ar,https://ecoautoparts.com.ar,car_parts,Rio Cuarto
Centro Educativo 21 de Julio,+54 358 467 2914,no,,,school,Rio Cuarto
Jardín de Infantes Leopoldo Lugones,+54 358 468 0324,no,,,kindergarten,Rio Cuarto
I. P. E.M Nº 203 Dr Juan Bautista Dichiara,+54 358 467 2931,no,,,school,Rio Cuarto
El lomo y Cía,+5493584622622/+5493284223397,si,,,restaurant,Rio Cuarto
Socrates Anaya,4676821,no,,,school,Rio Cuarto
Tte. Gral. Eduardo Racedo,+54 358 464 9077,no,,,school,Rio Cuarto
Electrónica Doble G,+54 358 462 4998,no,gasserg@ciudad.com.ar,,electronics,Rio Cuarto
AER INTA RIO IV,+54 358 464 0329,no,aerriocuarto@inta.gob.ar,https://inta.gob.ar/unidades/621200,community_centre,Rio Cuarto
Banco Ciudad,+54 358 470 2371,no,,,bank,Rio Cuarto
Pcnet rio cuarto,35844292360,no,pcnetonline@gmail.com,,computer,Rio Cuarto
Secretos caseros,+54 358 470 2212,no,,,restaurant,Rio Cuarto
Escuela Maestro Indio Felipe Rosas,+54 358 467 2947,no,maestroifrosaspizarro@hotmail.com,,school,Rio Cuarto
Mar Rojo Restaurante - Marisquería,+54 358 463 0665,no,mar.rojo.restaurante@gmail.com,https://m.facebook.com/profile.php?id=327492067402091&ref=content_filter,restaurant,Rio Cuarto
Café Martínez,+54 358 412-7194,no,riocuarto@cafemartinez.com.ar,https://www.cafemartinez.com/,cafe,Rio Cuarto
Playa Miami,+54 358 561 3920,no,,,car_repair,Rio Cuarto
Centro de Rehabilitación Hospital Central,+54 358 467 2934,no,,,clinic,Rio Cuarto
Centro de Salud 6,+54 358 4671111,no,,,clinic,Rio Cuarto
Centro Periférico 9,+54 358 467 1292,no,,,clinic,Rio Cuarto
Estudio Juridico Gaston Roman Sabena,+54 358 155618188,si,,,lawyer,Rio Cuarto
Ingenera,+54 358 479 7525,no,info@ingenera.com.ar,https://ingenera.com.ar/,company,Rio Cuarto
Banco Nación,+54 358 465 3229,no,,,bank,Rio Cuarto
Juzgado Federal de Río Cuarto,+54 358 462 1923,no,jfriocuarto@pjn.gov.ar,https://www.pjn.gov.ar,courthouse,Rio Cuarto
Gustavo Lopez,+54 358 506 7970,no,gustavolopezseguros@gmail.com,www.segurosenriocuarto.com,insurance,Rio Cuarto
ASPURC,0358 476-8200,no,,https://www.aspurc.org.ar,pharmacy,Rio Cuarto
Punta del agua,+54 358 513 5238,no,,,marketplace,Rio Cuarto
Casa Hualu,+54 358 517 1616,no,,,kindergarten,Rio Cuarto
Bulnor,+54 358 429 3799,no,,,hardware,Rio Cuarto
Segutex Indumentaria y Seguridad Industrial,+54 358 401 2111,no,,https://segutex.com.ar,clothes,Rio Cuarto
Pampero,+54 358 429 6888,no,,,clothes,Rio Cuarto
Fishy,+54 358 548 6588,no,,,restaurant,Rio Cuarto
BAWELT | Ingeniería inmobiliaria,+54 358 514 3286,no,,https://bawelt.com/,estate_agent,Rio Cuarto
Guillermo Ozta,156003137,si,,,car_repair,Rio Cuarto
Amipets,+54 358 420 8710,no,,,veterinary,Rio Cuarto
Electromecánica Angelino,+54 358 463 6036,no,,,electronics_repair,Rio Cuarto
Universidad Nacional de Río Cuarto,+543584676200,no,,https://www.unrc.edu.ar,university,Rio Cuarto
Nix,+54 358 414-6110,no,,http://www.nixsa.com.ar/,car,Rio Cuarto
Escuela República del Uruguay,+54 358 465 4947,no,,https://www.orientapadres.com.ar/escuela-republica-del-uruguay-rio-cuarto-cordoba-16701,school,Rio Cuarto
Escuela Manuel Belgrano - Nivel primario,+54 358 467 6852,no,,,school,Rio Cuarto
Banco Nación,+54 358 467 1775,no,,,bank,Rio Cuarto
Magnago Motos,+54 358 467-8808,no,,http://www.magnagomotos.com.ar/,motorcycle,Rio Cuarto
Magnago Motos,+54 358 462-2629,no,,http://www.magnagomotos.com.ar/,motorcycle,Rio Cuarto
Corrientes Motos,+54 358 463-5100,no,corrientesmotos@corrientesmotos.com.ar,https://www.corrientesmotos.com.ar/,motorcycle,Rio Cuarto
Centro Periferico 10,+54 358 467 1293,no,,,clinic,Rio Cuarto
Centro Periferico 2 De Rio Cuarto,+54 358 467 1285,no,,,clinic,Rio Cuarto
Policlinico Privado San Lucas,+54 358 464 0232,no,,,hospital,Rio Cuarto
Clinica Privada De Medicina Especializada Philippe Pinel S A,03586-4622107,no,,,hospital,Rio Cuarto
Clinica Regional Del Sud,+54 358 467 9500,no,,,hospital,Rio Cuarto
Centro Periferico 16,+54 358 467 2515,no,,,clinic,Rio Cuarto
Centro Periferico 1 De Rio Cuarto,+54 358 467 1284,no,,,clinic,Rio Cuarto
Centro Periferico 3 De Rio Cuarto,+54 358 467 1286,no,,,clinic,Rio Cuarto
Centro Periferico 7,+54 358 475 3450,no,,,clinic,Rio Cuarto
Centro Periferico 12,+54 358 467 1295,no,,,clinic,Rio Cuarto
Centro Periferico 14,+54 358 467 1394,no,,,clinic,Rio Cuarto
Centro Periferico 15,+54 358 467 1442,no,,,clinic,Rio Cuarto
Centro De Salud 13,+54 358 467 1111,no,,,clinic,Rio Cuarto
Centro De Salud 5,+54 358 467 1111,no,,,clinic,Rio Cuarto
Centro de Salud Municipal Nº 8,+54 358 467 1291,no,,,clinic,Rio Cuarto
Sociedad de Bomberos Voluntarios de Río Cuarto,+54 (358) 464-5823 / Emergencias: +54(358)462-1700,no,,,fire_station,Rio Cuarto
Banco de Córdoba,+54 358 464 2079,no,,http://www.bancor.com.ar,bank,Rio Cuarto
"Nuevo Hospital Río Cuarto ""San Antonio de Padua""",+54 358 467 8700,no,,,hospital,Rio Cuarto
Sanatorio Privado Rio Cuarto,+54 358 646 3688,no,,,hospital,Rio Cuarto
Maternidad Hortensia G. de Kowalk,+54 358 467 1100,no,,,hospital,Rio Cuarto
Instituto Médico Río Cuarto,+54 810 888 4672,no,,https://www.imrc.com.ar/,hospital,Rio Cuarto
Tximitxurri Arroceria & Resto,+54 358 431 4814,no,tximitxurrirestaurante@gmail.com,,restaurant,Rio Cuarto
Espacio Muñiz,+54 358 600 4547,no,,,events_venue,Rio Cuarto
Papelera Gaso,,no,ventas@papeleragaso.com,https://www.papeleragaso.com,stationery,Rio Cuarto
Bazar Centro,+54 358 464 8659,no,,,houseware,Rio Cuarto
ATURC,+54 358 430 7616,no,,https://aturcriocuarto.org,union,Rio Cuarto
Centro de Salud Municipal de Rio Cuarto,+54 358 467 1274,no,,,hospital,Rio Cuarto
Supervielle,+54 266 444 0004,no,,,bank,San Luis
Galicia,+54 266 444 1279,no,,https://www.bancogalicia.com/,bank,San Luis
Banco Central de Sangre,"54 0266 4425025,250",no,bancocentralsl@yahoo.com.ar,,hospital,San Luis
EDESAL S.A.,+54 0800 222 333725,no,,https://www.edesalenergia.com.ar/,company,San Luis
Escuela 427 Provincia de Córdoba,4431642,no,,,school,San Luis
Papelería libertad,+54 266 420 2591,no,martin_scarel@hotmail.com,,books,San Luis
Sanatorio Rivadavia,+54 266 442 2175,no,,,clinic,San Luis
Sangreal Dobermann's kennel,,no,jjaversa@hotmail.com,http://facebook.com/sangreal.kennel,pet,San Luis
Exótica Restó,+54 266 4658952,no,,,restaurant,San Luis
FLEETcare multiservicios,+54 266 448 9773,no,,,car_repair,San Luis
Lave-rap Central,+54 9 266 477 0576,si,,,laundry,San Luis
Café Martínez,+54 2657 60-6469,no,cmsanluisshop@cafemartinez.com.ar,https://www.cafemartinez.com/,cafe,San Luis
Rash Escapes,+54 266 443 1107,no,rashescapes@gmail.com,,car_repair,San Luis
Tambaleo Restó y Parrilla,+54 266 4435689,no,,,restaurant,San Luis
Innova Centro Médico,+54 266 449 6187,no,,http://www.innovacentromedico.com/,clinic,San Luis
AL PICOTEO Club Social,+54 266 502-3527,no,,,bar,San Luis
Los Robles,+54 266 4436767,no,roblespresupuestos@gmail.com,https://www.losroblesresto.com/,restaurant,San Luis
Roxck,+5492664923612,si,,https://www.instagram.com/roxck20/,clothes,San Luis
Gomez Construshop S.A.,+54 9 266 440-5728,si,,,trade,San Luis
Peluquería Fabian Páez,+54 266 468 4076,no,,,hairdresser,San Luis
Siempre Farmacias San Luis,+54 266 470 4836,no,info@siemprefarmacias.com.ar,,pharmacy,San Luis
Citroen y Peugeot,+54 266 526 5700,no,linfo.taller@parisautos.com.ar,,car_repair,San Luis
Hospital de San Luis,54 02652 425025,no,,http://www.hospital.sanluis.gov.ar/,hospital,San Luis
Vea Cencosud,+54 266 442 7593,no,,,supermarket,San Luis
Antonio Esteban Agüero,+54 266 452 0300,no,,,library,San Luis
Banco Nación,+54 266 4424526,no,,http://www.bna.com.ar/,bank,San Luis
Banco Patagonia,+54 2652 437771 / +54 2652 431916,no,,https://www.bancopatagonia.com.ar/,bank,San Luis
Iglesia Sagrado Corazón,+5492664433833,si,,https://www.sagradocorazonsl.org/,place_of_worship,San Luis
Iglesia Nuestra Señora de la Consolación,+542664421268,no,,http://iglesiasdesanluis.blogspot.com.ar/2010/06/ntra-sra-de-la-consolacion_18.html,place_of_worship,San Luis
