empresa,cuit,telefono,localidad,provincia,tel_util
(J & M) SEGURIDAD Y SISTEMAS S.A.,33-66446972-9,(011  )5020-4493,CABA,CIUDAD DE BUENOS AIRES,si
3COM INTERNATIONAL INC.,30-68081469-0,(011  )4331-8191,CABA,CIUDAD DE BUENOS AIRES,si
3M ARGENTINA S.A.C.I.F.I.A.,30-52999439-3,(011  )4342-2662,CABA,CIUDAD DE BUENOS AIRES,si
3TECH S.R.L.,30-70830902-4,(0221 )445 -0245,LA PLATA,BUENOS AIRES,si
3V TECH S.A.,30-71254748-7,,SAN JUSTO,BUENOS AIRES,no
A.G. SOLUTIONS S.R.L.,30-70849746-7,(03487)42  -7249,ZARATE,BUENOS AIRES,si
A.V.G. ELECTRONICA S.R.L.,30-59203634-3,(011  )4641-8113,CIUDAD DE BUENOS AIRES,CAPITAL FEDERAL,si
A.V.H. SAN LUIS S.A.,30-61203284-6,(0266 )442 -2681,SAN LUIS,SAN LUIS,si
A1-TEC S.A.,30-70951849-2,(011  )4115-4675,CIUDAD AUTONOMA BUENOS AIRES,CIUDAD DE BUENOS AIRES,si
ABASTO S.A.,30-63385955-4,,NO ESPECIFICADA,NO ESPECIFICADA,no
ABB S.A.U.,30-50394816-4,(011  )6026-5337,VALENTIN ALSINA,BUENOS AIRES,si
ABBOTT LABORATORIES ARGENTINA S.A.,30-50084630-1,,INGENIERO JUAN ALLAN,BUENOS AIRES,no
ABC 1 TECHNOLOGY S.A.,30-71045087-7,(011  )4629-9340,MORON,BUENOS AIRES,si
ABC ACCESORIOS S.R.L.,30-69291999-4,(011  )4993-6068,CABA,CIUDAD DE BUENOS AIRES,si
ABEPRO S.R.L.,30-70964044-1,(011  )4503-2516,CIUDAD AUTONOMA BUENOS AIRES,CIUDAD DE BUENOS AIRES,si
ABSOLUT MOBILE S.A.,30-71222996-5,(011  )4773-7094,CABA,CIUDAD DE BUENOS AIRES,si
ACEGAME S.A.,33-68851288-9,(011  )4833-6000,CABA,CIUDAD DE BUENOS AIRES,si
ACER ARGENTINA S.A.,33-67659760-9,(011  )4766-1223,CARAPACHAY,BUENOS AIRES,si
ACERTA S.R.L.,30-71505926-2,(011  )6593-1603,CABA,CIUDAD DE BUENOS AIRES,si
ACRON S.A.,30-66178444-6,(011  )5941-2500,CIUDAD AUTONOMA BUENOS AIRES,CIUDAD DE BUENOS AIRES,si
ACRONEX S.R.L.,33-71505130-9,,CABA,CIUDAD DE BUENOS AIRES,no
ADANK 9298 S.R.L.,30-71099579-2,(011  )4855-4016,CABA,CIUDAD DE BUENOS AIRES,si
ADB BROADBAND ARGENTINA S.A.,33-64328360-9,(011  )5272-1159,CABA,CIUDAD DE BUENOS AIRES,si
ADEMA S.A.,30-63949672-0,(011  )4727-0287,DON TORCUATO,BUENOS AIRES,si
ADEMCO S.R.L.,30-71602651-1,,CABA,CIUDAD DE BUENOS AIRES,no
ADIDAS ARGENTINA S.A.,30-68514022-1,(011  )4853-7159,CIUDAD AUTONOMA BUENOS AIRES,CIUDAD DE BUENOS AIRES,si
ADRONSTEC S.A.,30-71479234-9,(011  )4792-7219,MARTINEZ,BUENOS AIRES,si
ADT SECURITY SERVICES S.A.,30-65663161-5,(011  )4708-7900,CABA,CIUDAD DE BUENOS AIRES,si
AFINA S.R.L.,30-70945240-8,(011  )4315-6800,CIUDAD AUTONOMA BUENOS AIRES,CIUDAD DE BUENOS AIRES,si
AGCO ARGENTINA S.A.,30-50385832-7,(0237 )485 -8100,GENERAL RODRIGUEZ,BUENOS AIRES,si
AGEN S.A.,30-71085732-2,(011  )6091-7675,CABA,CIUDAD DE BUENOS AIRES,si
AGIMED S.R.L.,30-70229752-0,(011  )4573-6600,CABA,CIUDAD DE BUENOS AIRES,si
AGM MOTOS S.R.L.,30-70842230-0,(011  )4961-8947,CABA,CIUDAD DE BUENOS AIRES,si
AGUAS S.R.L.,30-58195817-6,(011  )4743-3200,SAN ISIDRO,BUENOS AIRES,si
"AGUIRRE, JULIO CESAR",20-08403200-0,(011  )4427-8539,CABA,CIUDAD DE BUENOS AIRES,si
AHF ANTENAS S.A.,30-68825461-9,(011  )4766-3916,CARAPACHAY,BUENOS AIRES,si
AIR LIQUIDE ARGENTINA S.A.,30-50085213-1,(011  )4708-2200,CABA,CIUDAD DE BUENOS AIRES,si
AIR S.R.L.,30-57013558-5,(0341 )436 -7757,ROSARIO,SANTA FE,si
"AITA, GERONIMO JOSE",20-07713515-5,(011  )4623-5156,ITUZAINGO,BUENOS AIRES,si
AITUE COMUNICA S.A.,30-71027593-5,(011  )6230-0000,CABA,CIUDAD DE BUENOS AIRES,si
AKI ASISTENCIA INTEGRAL S.A.,30-68643869-0,,CIUDAD DE BUENOS AIRES,CAPITAL FEDERAL,no
AKRIBIS S.R.L.,30-70851097-8,(011  )4633-9550,CABA,CIUDAD DE BUENOS AIRES,si
ALACHA S.R.L.,30-71487594-5,(011  )4425-0044,CABA,CIUDAD DE BUENOS AIRES,si
ALADRIAN S.A.,33-61871843-9,(011  )4981-6392,CIUDAD AUTONOMA BUENOS AIRES,CIUDAD DE BUENOS AIRES,si
ALBERTO CARLOS EDUARDO GARCIA COMUNICACIONES S.A.,30-58648915-8,(011  )4701-0985,CIUDAD AUTONOMA BUENOS AIRES,CIUDAD DE BUENOS AIRES,si
ALBERTO DURAN VIDEO SISTEMAS,00-00000876-0,,GODOY CRUZ,MENDOZA,no
ALBERTO LEONCIO TAPIA ENIO EDUARDO ESCALANTE,30-63781951-4,,CIUDAD AUTONOMA BUENOS AIRES,CIUDAD DE BUENOS AIRES,no
ALCATEL-LUCENT DE ARGENTINA S.A.,30-52204115-3,,CIUDAD AUTONOMA BUENOS AIRES,CIUDAD DE BUENOS AIRES,no
ALCO ROSARIO S.A.,30-61250235-4,(0341 )421 -8999,ROSARIO,SANTA FE,si
ALE ARGENTINA S.R.L.,33-71462389-9,(011  )5056-9723,VICENTE LOPEZ,BUENOS AIRES,si
ALEFERDI TECNOLOGIAS S.A.,33-71160620-9,(011  )4774-1014,CABA,CIUDAD DE BUENOS AIRES,si
ALFACOM S.R.L.,30-66385808-0,(011  )4709-0433,VILLA MARTELLI,BUENOS AIRES,si
"ALHARAL, JOSE LUIS",20-11255595-2,,CIUDAD AUTONOMA BUENOS AIRES,CIUDAD DE BUENOS AIRES,no
ALIC S.A.,30-70893076-4,(011  )4786-1424,CABA,CIUDAD DE BUENOS AIRES,si
ALLFLEX ARGENTINA S.A.,30-70049927-4,(011  )4116-4861,CABA,CIUDAD DE BUENOS AIRES,si
ALLGON TELECOM LIMITADA SUCURSAL ARGENTINA,30-70744065-8,(011  )4334-9035,CIUDAD DE BUENOS AIRES,CAPITAL FEDERAL,si
ALLOIS S.R.L.,30-70953321-1,(011  )4637-3360,CIUDAD AUTONOMA BUENOS AIRES,CIUDAD DE BUENOS AIRES,si
ALMA AGROPECUARIA S.A.,30-71197301-6,(011  )4771-5055,CABA,CIUDAD DE BUENOS AIRES,si
"ALMEYRA, DIEGO CARLOS",23-17763535-9,(011  )4584-8430,CIUDAD AUTONOMA BUENOS AIRES,CIUDAD DE BUENOS AIRES,si
ALONSO HERMANOS SIRENAS S.A.,30-66363299-6,(011  )4246-6869,CIUDAD AUTONOMA BUENOS AIRES,CIUDAD DE BUENOS AIRES,si
"ALPINE ELECTRONICS OF AMERICA, INC. SUCURSAL BUENOS AIRES",30-66206875-2,,CABA,CIUDAD DE BUENOS AIRES,no
ALTA RAIL TECHNOLOGY ARGENTINA S.A.U.,30-71546410-8,(011  )4346-1000,CABA,CIUDAD DE BUENOS AIRES,si
ALTECO S.A.,30-60389677-3,(011  )4774-1492,CIUDAD AUTONOMA BUENOS AIRES,CIUDAD DE BUENOS AIRES,si
ALTEKNIA S.A.,30-66348360-5,(011  )4865-8989,CIUDAD DE BUENOS AIRES,CAPITAL FEDERAL,si
ALTRONIC COMPANY S.R.L.,33-69097825-9,(011  )4711-5700,CIUDAD DE BUENOS AIRES,CAPITAL FEDERAL,si
ALVIS S.A.,30-70989115-0,(011  )5578-3033,CABA,CIUDAD DE BUENOS AIRES,si
AMAZON KUIPER ARGENTINA SOCIEDAD DE RESPONSABILIDAD LIMITADA,30-71741515-5,,CAPITAL,MENDOZA,no
AMBASSADOR FUEGUINA S.A.,30-61684986-3,(011  )5775-0748,USHUAIA,"TIERRA DEL FUEGO, ANTARTIDA E ISLAS DEL ATLANTICO SUR",si
AMERICAN TELECOMMUNICATION  INCORPORATED ARGENTINA S.A.,30-70704848-0,(011  )4706-0317,CIUDAD DE BUENOS AIRES,CAPITAL FEDERAL,si
AMERICAN TRACER S.A.,30-70781354-3,(011  )4014-0540,CABA,CIUDAD DE BUENOS AIRES,si
AMERICAN TRAFFIC S.A.,30-70095531-8,(011  )6570-9879,CABA,CIUDAD DE BUENOS AIRES,si
AMERICOM S.A.,30-69205596-5,(0221 )425 -6565,LA PLATA,BUENOS AIRES,si
AMERITEL S.A.,30-67859092-0,(011  )4331-0443,CIUDAD DE BUENOS AIRES,CAPITAL FEDERAL,si
AMIAR SMART GRID S.A.S.,30-71588009-8,(0223 )495 -2500,MAR DEL PLATA,BUENOS AIRES,si
AMPO S.A.C.I.F.A.,30-50357798-0,(011  )4290-1033,MONTE GRANDE,BUENOS AIRES,si
AMTED S.R.L.,30-71490190-3,(011  )4092-7354,CABA,CIUDAD DE BUENOS AIRES,si
AMX ARGENTINA S.A.,30-66328849-7,(011  )4809-1000,CABA,CIUDAD DE BUENOS AIRES,si
ANALISTAS EMPRESARIOS S.R.L.,30-58782819-3,(011  )4812-4339,CIUDAD DE BUENOS AIRES,CAPITAL FEDERAL,si
ANCA AGRONEGOCIOS CONSULTORES ASOCIADOS SOCIEDAD DE RESPONSABILIDAD LIMITADA,30-67454396-0,,SANTA FE,SANTA FE,no
ANECTIS S.A.,33-70788937-9,(011  )5173-2600,CIUDAD AUTONOMA BUENOS AIRES,CIUDAD DE BUENOS AIRES,si
ANIXTER ARGENTINA S.A.,30-68247214-2,(011  )4909-5200,CABA,CIUDAD DE BUENOS AIRES,si
ANKER INNOVATIONS S.R.L.,30-71908941-7,(011  )2686-8586,CABA,CIUDAD DE BUENOS AIRES,si
ANTEMONT S.A.C.I.F.I.A.,30-56860285-0,,CIUDAD AUTONOMA BUENOS AIRES,CIUDAD DE BUENOS AIRES,no
ANTENA COLOR S.R.L.,30-58012707-6,(011  )4961-1846,CIUDAD AUTONOMA BUENOS AIRES,CIUDAD DE BUENOS AIRES,si
ANTENAS PROFESIONALES S.A.,30-62502328-5,,CARAPACHAY,BUENOS AIRES,no
ANTERRA TECHNOLOGIES S.A.,30-71052713-6,(011  )4342-2662,CIUDAD AUTONOMA BUENOS AIRES,CIUDAD DE BUENOS AIRES,si
APEIRON IT S.R.L.,33-70841197-9,(011  )4954-2539,CIUDAD AUTONOMA BUENOS AIRES,CIUDAD DE BUENOS AIRES,si
APPLE ARGENTINA S.A.,30-70722404-1,(011  )4766-5300,CIUDAD AUTONOMA BUENOS AIRES,CIUDAD DE BUENOS AIRES,si
APPROVE - IT S.A.,30-71193155-0,(011  )4545-1155,CABA,CIUDAD DE BUENOS AIRES,si
APTOSOLUTIONS S.R.L.,30-70890907-2,(011  )5272-7101,CIUDAD AUTONOMA BUENOS AIRES,CIUDAD DE BUENOS AIRES,si
ARBELAIZ S.A.,30-56855470-8,(011  )4931-7051,CIUDAD AUTONOMA BUENOS AIRES,CIUDAD DE BUENOS AIRES,si
ARCOM GROUP S.R.L.,30-70839990-2,(011  )4313-8330,CIUDAD AUTONOMA BUENOS AIRES,CIUDAD DE BUENOS AIRES,si
ARGENPROM S.R.L.,30-68579313-6,(011  )4545-0400,CIUDAD AUTONOMA BUENOS AIRES,CIUDAD DE BUENOS AIRES,si
ARGENTRADE SOCIEDAD DE RESPONSABILIDAD LIMITADA,30-66010157-4,(0221 )471 -2323,MANUEL B GONNET,BUENOS AIRES,si
ARGUS COMMODITY S.R.L.,33-64367286-9,,CIUDAD DE BUENOS AIRES,CAPITAL FEDERAL,no
ARIEMA S.A.I.C.F.,30-51581796-0,(011  )4752-2067,SIN DENOMINACION,BUENOS AIRES,si
ARIMEX IMPORTADORA S.A.,30-54039667-8,,CABA,CIUDAD DE BUENOS AIRES,no
ARIMPEX S.R.L.,30-63898868-9,(011  )4313-6884,CIUDAD DE BUENOS AIRES,CAPITAL FEDERAL,si
ARKITEC S.A.,30-59651204-2,,CIUDAD DE BUENOS AIRES,CAPITAL FEDERAL,no
ARMAGALLI S.A.,30-60090755-3,(011  )4951-7953,CIUDAD DE BUENOS AIRES,CAPITAL FEDERAL,si
ARO SOCIEDAD ANONIMA,30-53562276-7,(011  )4331-4503,CABA,CIUDAD DE BUENOS AIRES,si
ARQ DESIGN S.A.,30-71184727-4,(011  )4264-8838,CABA,CIUDAD DE BUENOS AIRES,si
ARRIS DE ARGENTINA S.A.,30-71402446-5,(011  )5680-4925,VICENTE LOPEZ,BUENOS AIRES,si
ARS TECHNOLOGIES S.R.L.,33-70714904-9,(011  )4574-3666,CABA,CIUDAD DE BUENOS AIRES,si
ART IMPORT S.A.,30-63312041-9,(011  )4961-7690,CIUDAD DE BUENOS AIRES,CAPITAL FEDERAL,si
ARTS & FACTS S.A.,30-69232125-8,(011  )4315-3204,CIUDAD DE BUENOS AIRES,CAPITAL FEDERAL,si
ARTSANA ARGENTINA S.A.,30-56996481-0,(011  )4394-2882,CABA,CIUDAD DE BUENOS AIRES,si
ASAHI ARGENTINA S.A.,30-69799813-2,(011  )4582-6638,CIUDAD DE BUENOS AIRES,CAPITAL FEDERAL,si
ASCOM ARGENTINA S.A.,30-69934588-8,(011  )4700-0094,SAN ISIDRO,BUENOS AIRES,si
ASEAGRO S.R.L.,30-70850861-2,(0358 )470 -0505,RIO CUARTO,CORDOBA,si
ASENDU S.A.,30-70890047-4,(011  )4000-6322,CIUDAD DE BUENOS AIRES,CAPITAL FEDERAL,si
ASGA S.A.,30-70762834-7,(011  )4774-4144,CIUDAD AUTONOMA BUENOS AIRES,CIUDAD DE BUENOS AIRES,si
ASOCIACION CIVIL ALTERMUNDI,30-71498982-7,(011  )2388-8219,CABA,CIUDAD DE BUENOS AIRES,si
ASOCIACION MUTUAL REDES SOLIDARIAS,30-71125797-3,(011  )6022-4216,CABA,CIUDAD DE BUENOS AIRES,si
ATHUEL ELECTRONICA S.A.,30-59505891-7,(011  )6700-9481,RIO GRANDE,"TIERRA DEL FUEGO, ANTARTIDA E ISLAS DEL ATLANTICO SUR",si
ATS ADVANCED TECHNOLOGY SOLUTIONS S.A.,30-64627917-4,(011  )6393-4345,CIUDAD DE BUENOS AIRES,CAPITAL FEDERAL,si
AUDI TOTAL S.R.L.,30-63591934-1,(011  )4371-8956,CIUDAD AUTONOMA BUENOS AIRES,CIUDAD DE BUENOS AIRES,si
AUDIOCODES ARGENTINA S.A.,30-70935338-8,(011  )5619-2242,CABA,CIUDAD DE BUENOS AIRES,si
AUDITRON S.A.,30-60265355-9,(011  )4380-2800,1089,CIUDAD DE BUENOS AIRES,si
AUDIVIC S.A.,30-59320856-3,(011  )4977-7801,CABA,CIUDAD DE BUENOS AIRES,si
"AUKALLOKA, LIDIA ELENA",27-13501655-7,(011  )4662-5180,CABA,CIUDAD DE BUENOS AIRES,si
AUMECON S.A.,30-70986084-0,(011  )4762-6331,MUNRO,BUENOS AIRES,si
AUMET S.A.,30-61714856-7,(011  )4983-4740,CIUDAD DE BUENOS AIRES,CAPITAL FEDERAL,si
AUREAM ARBOR S.A.S.,30-71626883-3,(011  )6703-8614,CABA,CIUDAD DE BUENOS AIRES,si
AUTOMOVILES EXCLUSIVOS S.A.,30-58747650-5,(011  )4778-7111,CIUDAD DE BUENOS AIRES,CAPITAL FEDERAL,si
AUTOSERVICIO MAYORISTA DIARCO S.A.,30-60737179-9,(011  )508 -2800,CIUDAD EVITA,BUENOS AIRES,si
AUTOTROL S.A.C.I.A.F.I.,30-50491371-2,(011  )4879-9800,CABA,CIUDAD DE BUENOS AIRES,si
AVAYA ARGENTINA S.R.L.,30-70723105-6,(011  )4118-4400,CABA,CIUDAD DE BUENOS AIRES,si
AVERA IMPORT S.A.,30-71931133-0,(02262)49  -4008,CABA,CIUDAD DE BUENOS AIRES,si
AVERY DENNISON DE ARGENTINA S.R.L.,30-62148209-9,(011  )4325-1774,CIUDAD DE BUENOS AIRES,CIUDAD DE BUENOS AIRES,si
AXIS COMMUNICATIONS DE ARGENTINA S.A.,30-71213057-8,(011  )4381-0220,CABA,CIUDAD DE BUENOS AIRES,si
AXSYS COMUNICACIONES DE ARGENTINA S.A.,30-66171344-1,(011  )5752-7264,CIUDAD AUTONOMA BUENOS AIRES,CIUDAD DE BUENOS AIRES,si
AYDIN S.A.,30-71199185-5,(011  )4312-7788,CIUDAD AUTONOMA BUENOS AIRES,CIUDAD DE BUENOS AIRES,si
B&G ELECTRONICA S.R.L.,00-00000868-0,,CIUDAD AUTONOMA BUENOS AIRES,CIUDAD DE BUENOS AIRES,no
B.H.S.D. S.A.,30-70220564-2,(011  )4952-7371,CABA,CIUDAD DE BUENOS AIRES,si
B.T.W. S.A.,30-68834322-0,(011  )5097-8689,CIUDAD AUTONOMA BUENOS AIRES,CIUDAD DE BUENOS AIRES,si
BACIGALUPPI HERMANOS S.A.,30-55799098-0,(011  )4523-6000,CABA,CIUDAD DE BUENOS AIRES,si
BAIRESCO COMUNICACIONES Y COMPUTACION S.A.,30-64760832-5,(011  )4802-6017,CIUDAD DE BUENOS AIRES,CAPITAL FEDERAL,si
BALLUFF ARGENTINA S.R.L.,30-71241355-3,(011  )2465-1720,CABA,CIUDAD DE BUENOS AIRES,si
"BANFI, ALEJANDRO DANIEL",20-16892826-3,(011  )4671-9269,CABA,CIUDAD DE BUENOS AIRES,si
"BARLOCO, SEBASTIAN DANIEL",20-22653449-1,(011  )6471-5024,FLORIDA OESTE,BUENOS AIRES,si
BASESIDE S.R.L.,30-70787057-1,(011  )4704-5570,CABA,CIUDAD DE BUENOS AIRES,si
BAX INGENIERIA ELECTRONICA S.R.L.,30-63760864-5,(0341 )437 -0955,ROSARIO,SANTA FE,si
BAXO S.A.,30-71236462-5,(011  )5017-0332,CABA,CIUDAD DE BUENOS AIRES,si
BAYER S.A.,30-50381106-1,(011  )4762-7000,CABA,CIUDAD DE BUENOS AIRES,si
BAZAR AVENIDA S.A.,30-53284754-7,(011  )4315-6014,CIUDAD AUTONOMA BUENOS AIRES,CIUDAD DE BUENOS AIRES,si
BCD S.R.L.,30-61520790-6,(0341 )4342-3990,ROSARIO,SANTA FE,si
BDEV S.A.,30-71061587-6,(011  )2051-0253,CABA,CIUDAD DE BUENOS AIRES,si
BEEPOINT S.R.L.,30-71029470-0,(011  )5256-0953,CIUDAD AUTONOMA BUENOS AIRES,CIUDAD DE BUENOS AIRES,si
BENQ ARGENTINA S.R.L.,33-70934401-9,(011  )4346-8996,CIUDAD DE BUENOS AIRES,CAPITAL FEDERAL,si
BENSAN S.R.L.,30-71155464-1,(011  )4682-5050,CIUDAD AUTONOMA BUENOS AIRES,CIUDAD DE BUENOS AIRES,si
BEREL S.A.I.C.,30-51567297-0,(011  )4942-0546,CIUDAD DE BUENOS AIRES,CAPITAL FEDERAL,si
BGH SOCIEDAD ANONIMA,30-50361289-1,(011  )4309-2000,CABA,CIUDAD DE BUENOS AIRES,si
BGH TECH PARTNER S.A.,30-71129196-9,(011  )5080-7400,CABA,CIUDAD DE BUENOS AIRES,si
BIERING IMPORT & EXPORT S.A.,30-63557112-4,(011  )4322-6826,CIUDAD DE BUENOS AIRES,CAPITAL FEDERAL,si
BIFOC BUENOS AIRES S.A.,30-70950093-3,(011  )4780-5182,CABA,CIUDAD DE BUENOS AIRES,si
BIO-OPTIC S.R.L.,30-71170641-7,(011  )5432-0175,FLORIDA,BUENOS AIRES,si
BIOMEDICA ARGENTINA S.A.,33-57613680-9,(011  )4343-9197,CABA,CIUDAD DE BUENOS AIRES,si
BIOMERIEUX ARGENTINA S.A.,30-69437643-2,(011  )5555-6843,CABA,CIUDAD DE BUENOS AIRES,si
BIOTRONIK ARGENTINA S.R.L.,30-71501383-1,(011  )4343-9197,CABA,CIUDAD DE BUENOS AIRES,si
BISAGRA O.H. SOCIEDAD ANONIMA,30-52039676-0,(011  )4203-5172,SARANDI,BUENOS AIRES,si
BLACK & DECKER ARGENTINA S.A.,33-65861596-9,(011  )4846-6100,CABA,CIUDAD DE BUENOS AIRES,si
BLACKROCK MOTORS S.A.,30-71222286-3,(011  )4404-9940,CABA,CIUDAD DE BUENOS AIRES,si
BLINK S.R.L.,30-71087545-2,,CABA,CIUDAD DE BUENOS AIRES,no
BLU CORP S.A.,30-71532916-2,(011  )3512-0937,CABA,CIUDAD DE BUENOS AIRES,si
BMW DE ARGENTINA S.A.,30-68296346-4,(011  )6970-9585,CABA,CIUDAD DE BUENOS AIRES,si
BOARDS S.A.,30-62433327-2,,CIUDAD AUTONOMA BUENOS AIRES,CIUDAD DE BUENOS AIRES,no
BODY GROUP FELIX S.R.L.,30-70827046-2,(011  )4932-3024,CIUDAD DE BUENOS AIRES,CAPITAL FEDERAL,si
BOEHRINGER INGELHEIM ANIMAL HEALTH ARGENTINA S.A.,33-50335714-9,(011  )4704-8600,MUNRO,BUENOS AIRES,si
BOIS MARIO JUAN Y BOIS OMAR PEDRO S.H.,30-68610621-3,(011  )4862-7358,CIUDAD DE BUENOS AIRES,CAPITAL FEDERAL,si
"BOLZAN, SERGIO MARCELO",20-20830725-9,(011  )3755-4369,CABA,CIUDAD DE BUENOS AIRES,si
BOMBAS GOULDS S.A.,33-70179668-9,(011  )4756-8008,CABA,CIUDAD DE BUENOS AIRES,si
BOMBAS GRUNDFOS DE ARGENTINA S.A.U.,30-68249876-1,(03327)41  -4444,GARIN,BUENOS AIRES,si
"BOMBINO, ALDO RAUL",20-26118647-1,(011  )5353-9208,SAN FERNANDO,BUENOS AIRES,si
BONTEY S.A.,30-70927255-8,(011  )5647-2035,CABA,CIUDAD DE BUENOS AIRES,si
"BONTTI, HORACIO GUILLERMO JUAN",20-10099793-3,(0221 )479 -3858,LA PLATA,BUENOS AIRES,si
BOREAL SOLUTIONS S.A.,30-70724883-8,(011  )5353-0303,CABA,CIUDAD DE BUENOS AIRES,si
BOREAL TECHNOLOGIES S.A.,30-70819410-3,(011  )5353-0303,CABA,CIUDAD DE BUENOS AIRES,si
"BORRONI, JULIO VICTOR",20-07080538-4,,BAHIA BLANCA,BUENOS AIRES,no
BOSCH REXROTH S.A.I.C.,30-50349465-1,(011  )4756-0240,CABA,CIUDAD DE BUENOS AIRES,si
BOSCH SISTEMAS DE SEGURIDAD ARGENTINA S.R.L.,30-70553550-3,,GENERAL SAN MARTIN,BUENOS AIRES,no
"BOSSERO, RICARDO SIXTO JOSE",20-02301047-0,(011  )4294-3836,ALMIRANTE BROWN,BUENOS AIRES,si
BOSTON SCIENTIFIC ARGENTINA S.A.,30-68732985-2,(011  )7090-0200,CABA,CIUDAD DE BUENOS AIRES,si
BPAR S.A.,30-70823997-2,(011  )4308-4731,CABA,CIUDAD DE BUENOS AIRES,si
"BRACCO, EDUARDO TORCUATO",20-05950511-5,(011  )5410-2461,CABA,CIUDAD DE BUENOS AIRES,si
BRAIN4 S.A.,30-71601432-7,(011  )3100-1060,CABA,CIUDAD DE BUENOS AIRES,si
"BRAUN, MARTA ESTELA",27-05258271-2,(0351 )456 -8263,CORDOBA,CORDOBA,si
"BREA, ALBERTO",20-04546993-0,(0345 )421 -9291,CONCORDIA,ENTRE RIOS,si
BREYER HNOS S.A.,30-50100033-3,(011  )4373-3484,CABA,CIUDAD DE BUENOS AIRES,si
BRIGHTSTAR ARGENTINA S.A.,30-70703512-5,(011  )4016-8100,CABA,CIUDAD DE BUENOS AIRES,si
BRIGHTSTAR FUEGUINA S.A.,30-70857479-8,(011  )5238-8031,RIO GRANDE,"TIERRA DEL FUEGO, ANTARTIDA E ISLAS DEL ATLANTICO SUR",si
BROTHER INTERNACIONAL DE CHILE LIMITADA SUCURSAL ARGENTINA,30-69224304-4,(011  )4585-9471,CIUDAD DE BUENOS AIRES,CAPITAL FEDERAL,si
BROTHER INTERNATIONAL CORPORATION DE ARGENTINA S.R.L.,30-70804923-5,(011  )4828-5435,CABA,CIUDAD DE BUENOS AIRES,si
BRUNO HERMANOS S.A.,30-58220225-3,,CABA,CIUDAD DE BUENOS AIRES,no
BRUNO SCHILLIG S.A.,30-70816156-6,(011  )4730-1100,PILAR,BUENOS AIRES,si
BRUNO SCHILLIG S.R.L.,30-51975955-8,(011  )4730-1106,FLORIDA OESTE,BUENOS AIRES,si
BSA S.A.,30-59703042-4,(011  )4964-7700,CIUDAD DE BUENOS AIRES,CAPITAL FEDERAL,si
BUCCELLO Y ASOCIADOS S.R.L.,30-59722829-1,(011  )4711-6194,CABA,CIUDAD DE BUENOS AIRES,si
BUENOS AIRES HIGH SECURITY S.R.L.,30-71079363-4,(011  )4325-1606,CIUDAD AUTONOMA BUENOS AIRES,CIUDAD DE BUENOS AIRES,si
BUENOS AIRES TECHNOLOGIES S.A.,33-70802884-9,(011  )4458-5836,CABA,CIUDAD DE BUENOS AIRES,si
BVS TELEVISION S.R.L.,30-70933935-0,(011  )5282-6400,CABA,CIUDAD DE BUENOS AIRES,si
BVS TV S.A.,33-71101535-9,(011  )4958-5132,CABA,CIUDAD DE BUENOS AIRES,si
BYD AUTO ARGENTINA S.A.U.,30-71909809-2,(011  )3285-8283,CABA,CIUDAD DE BUENOS AIRES,si
BYD AUTO INDUSTRY S.A.,30-71534195-2,(011  )5509-1831,CABA,CIUDAD DE BUENOS AIRES,si
BYSOFT S.A.,30-70978904-6,(011  )4712-7982,VILLA LINCH,BUENOS AIRES,si
C C AGRO & TEC S.A.,30-71087919-9,(011  )5806-8995,CABA,CIUDAD DE BUENOS AIRES,si
C Y T COMUNICACIONES Y TELEMATICA S.R.L.,30-63824791-3,(011  )4326-9347,CIUDAD AUTONOMA BUENOS AIRES,CIUDAD DE BUENOS AIRES,si
C.E.A. S.A.,30-71100971-6,,MAR DEL PLATA,BUENOS AIRES,no
CABLE CONECTORES Y SERVICIOS DE TELECOMUNICACIONES S.R.L.,30-70804788-7,(011  )2581-1010,CABA,CIUDAD DE BUENOS AIRES,si
CABLEVISION S.A.,30-57365208-4,,CABA,CIUDAD DE BUENOS AIRES,no
CACE S.R.L.,30-69118438-9,(011  )4382-3909,CIUDAD DE BUENOS AIRES,CAPITAL FEDERAL,si
CAE SISTEMAS S.R.L.,30-71198744-0,(011  )5042-7836,LOMAS DEL MIRADOR,BUENOS AIRES,si
CALA MED ARGENTINA S.R.L.,30-71700461-9,(011  )5703-1897,CABA,CIUDAD DE BUENOS AIRES,si
CALIDAD DIGITAL S.R.L.,30-71129995-1,(011  )6795-1025,CABA,CIUDAD DE BUENOS AIRES,si
CALL CARE S.A.,30-70708465-7,(011  )6582-6198,CABA,CIUDAD DE BUENOS AIRES,si
CAMALO GROUP S.R.L.,30-70975054-9,(011  )5696-0724,CABA,CIUDAD DE BUENOS AIRES,si
CAMBIUM NETWORKS S.R.L.,30-71211284-7,,CABA,CIUDAD DE BUENOS AIRES,no
CAMIMPORT S.R.L.,30-64086932-8,(0341 )431 -8717,ROSARIO,SANTA FE,si
CANON ARGENTINA S.A.,30-52030624-9,(011  )5554-9884,CABA,CIUDAD DE BUENOS AIRES,si
CANON MEDICAL SYSTEMS ARGENTINA S.A.,30-71600236-1,(011  )4403-2015,CABA,CIUDAD DE BUENOS AIRES,si
CAR MULTIMEDIA S.R.L.,30-71405892-0,(011  )5041-8901,CIUDAD AUTONOMA BUENOS AIRES,CIUDAD DE BUENOS AIRES,si
CAR SECURITY S.A.,30-69874417-7,,OLIVOS,BUENOS AIRES,no
CARDIOLAB S.A.,30-56164677-1,(011  )4815-1426,CIUDAD AUTONOMA BUENOS AIRES,CIUDAD DE BUENOS AIRES,si
"CARINCI, FEDERICO",20-27399711-4,(011  )4530-2510,CABA,CIUDAD DE BUENOS AIRES,si
CARL ZEISS VISION ARGENTINA S.A.,30-60839264-1,(011  )4372-2452,CABA,CIUDAD DE BUENOS AIRES,si
CARLOS KARABITIAN S.A.,30-71337290-7,(011  )4801-4177,CABA,CIUDAD DE BUENOS AIRES,si
CARME S.R.L,30-69669479-2,(011  )4683-0905,CABA,CIUDAD DE BUENOS AIRES,si
CARREFOUR ARGENTINA S.A.,30-58462038-9,(011  )4733-7700,MARTINEZ,BUENOS AIRES,si
"CARREIRA, ANGEL HERNAN",20-25295913-1,(011  )6612-5543,LOMAS DEL MIRADOR,BUENOS AIRES,si
CARRIER FUEGUINA SOCIEDAD ANONIMA,30-70943921-5,(011  )5037-1977,RIO GRANDE,"TIERRA DEL FUEGO, ANTARTIDA E ISLAS DEL ATLANTICO SUR",si
CARRIER S.R.L.,33-50392124-9,(011  )4208-8041,VALENTIN ALSINA,BUENOS AIRES,si
CARSA S.A.,33-57226644-9,(0362 )445 -6000,RESISTENCIA,CHACO,si
CARTRONIC S.A.,30-71085256-8,,CIUDAD AUTONOMA BUENOS AIRES,CIUDAD DE BUENOS AIRES,no
CARUBBI BRITOS COMUNICACIONES S.R.L.,30-54989986-9,(011  )4207-8600,QUILMES OESTE,BUENOS AIRES,si
CARVAJAL S.A.I.C.,33-51706711-9,(011  )4652-8128,VILLA INSUPERABLE,BUENOS AIRES,si
CASA ALEJANDRO KLEIN DE CANEPA DE KLEIN MARTHA ELENA Y KLEIN ANDRES,30-53634603-8,,MAR DEL PLATA,BUENOS AIRES,no
CASA TRASORRAS S.C.,30-57746610-2,(011  )4374-3910,CIUDAD AUTONOMA BUENOS AIRES,CIUDAD DE BUENOS AIRES,si
CASHPOWER SUDAMERICANA S.A.,30-68062651-7,(011  )5404-2290,CABA,BUENOS AIRES,si
CASINO MELINCUE S.A.,30-70975372-6,(03465)49  -9700,MELINCUE,SANTA FE,si
"CASSI, PABLO RICARDO",20-25284389-3,(011  )4653-9476,CIUDADELA,BUENOS AIRES,si
CASTILLO CARLOS CHAVEZ HUMBERTO SALGADO ABEL CESAR ARGAÑARAZ HUGO S.H.,30-65792625-2,,CIUDAD AUTONOMA BUENOS AIRES,CIUDAD DE BUENOS AIRES,no
CCG CONSULTING S.R.L.,30-71845289-5,(011  )6897-3125,CABA,CIUDAD DE BUENOS AIRES,si
CCH E HIJOS S.R.L.,30-69598014-7,(011  )4932-1000,CIUDAD AUTONOMA BUENOS AIRES,CIUDAD DE BUENOS AIRES,si
CDO GROUP SOCIEDAD ANONIMA,30-71624944-8,(011  )6612-5543,CABA,CIUDAD DE BUENOS AIRES,si
"CEBALLOS, SERGIO DANIEL",00-17158051-0,(0351 )552 -9488,CORDOBA,CORDOBA,si
CELER COMEX S.R.L.,30-71567985-6,(011  )5258-4536,CABA,CIUDAD DE BUENOS AIRES,si
CELISTICS S.A.,30-71086852-9,(011  )4132-5602,CIUDAD AUTONOMA BUENOS AIRES,CIUDAD DE BUENOS AIRES,si
CELLULAR PLUS B.S. A.S. S.A.,30-71052175-8,(011  )3575-0978,CIUDAD AUTONOMA BUENOS AIRES,CIUDAD DE BUENOS AIRES,si
CEM CONSULTING S.A.,30-71129801-7,(011  )4342-1310,CIUDAD AUTONOMA BUENOS AIRES,CIUDAD DE BUENOS AIRES,si
CENTRAL STATION ARGENTINA S.R.L.,30-65046081-9,(0351 )471 -7171,CORDOBA,CORDOBA,si
CENTRO DE LA INFORMATICA S.A.,30-70934428-1,(011  )5282-7400,CABA,CIUDAD DE BUENOS AIRES,si
CENTRO MILANO S.A.,30-71083989-8,(011  )5544-0900,CIUDAD AUTONOMA BUENOS AIRES,CIUDAD DE BUENOS AIRES,si
CENTRO VECINAL DEPARTAMENTAL BAÑADO DE OVANTA,30-70735772-6,,CIUDAD DE BUENOS AIRES,CIUDAD DE BUENOS AIRES,no
CENTRY S.A.,30-70979480-5,(011  )4942-7111,CIUDAD AUTONOMA BUENOS AIRES,CIUDAD DE BUENOS AIRES,si
CERAGON ARGENTINA S.A.,30-70749399-9,,CABA,CIUDAD DE BUENOS AIRES,no
CETIB S.R.L.,30-68335221-3,,CIUDAD AUTONOMA BUENOS AIRES,CIUDAD DE BUENOS AIRES,no
CFQ COMUNICACIONES S.R.L.,30-70996051-9,(011  )4962-0706,CIUDAD AUTONOMA BUENOS AIRES,CIUDAD DE BUENOS AIRES,si
CGF IMPORTS S.R.L.,30-70829206-7,(011  )5236-9063,CABA,CIUDAD DE BUENOS AIRES,si
CH INTERNATIONAL ARGENTINA S.R.L.,30-70878756-2,,CABA,CIUDAD DE BUENOS AIRES,no
"CHAIJ, GUSTAVO MARCELO",20-22033605-1,(0351 )552 -7795,CORDOBA,CORDOBA,si
CHAN ONE S.A.,30-71504042-1,(03327)453 -0500,TORTUGUITAS,BUENOS AIRES,si
"CHASCO, ROBERTO DANIEL",20-17502422-1,(02942)43  -0701,ZAPALA,NEUQUEN,si
CHEP ARGENTINA S.A.,30-69620713-1,(011  )5365-8455,CABA,CIUDAD DE BUENOS AIRES,si
"CHIAVETTA, ALEJANDRO FABIAN",20-32823650-9,(0261 )248 -4343,SAN JOSE,MENDOZA,si
"CHICA, CESAR FRANCISCO",20-14302501-3,(0387 )422 -0314,SALTA,SALTA,si
CHRYSLER ARGENTINA S.R.L.,30-71031554-6,(0351 )410 -2626,CABA,CIUDAD DE BUENOS AIRES,si
CI 5 S.A.,30-67948859-3,(011  )5949-3616,OLIVOS,BUENOS AIRES,si
"CIAFARDINI, ELIZABETH CRISTINA",23-94473570-4,(011  )4519-8480,CABA,CIUDAD DE BUENOS AIRES,si
CIENTO OCHO SOCIEDAD DE RESPONSABILIDAD LIMITADA,30-71706126-4,(0341 )373 -8393,ROSARIO,SANTA FE,si
CIKA ELECTRONICA S.R.L.,30-63098466-8,(011  )4523-6068,CIUDAD AUTONOMA BUENOS AIRES,CIUDAD DE BUENOS AIRES,si
CIRION TECHNOLOGIES ARGENTINA S.A.,30-62674717-1,,CIUDAD AUTONOMA BUENOS AIRES,CIUDAD DE BUENOS AIRES,no
CISCO SYSTEMS ARGENTINA S.A.,30-68990729-2,(011  )4341-0100,CABA,CIUDAD DE BUENOS AIRES,si
CIUDADES DIGITALES S.R.L.,30-71446870-3,(011  )5325-2581,CABA,CIUDAD DE BUENOS AIRES,si
CLADIRECT S.A.,30-71026952-8,(011  )6716-3155,CABA,CIUDAD DE BUENOS AIRES,si
CLAR ARG S.A.,33-70896622-9,(011  )4787-3178,CIUDAD AUTONOMA BUENOS AIRES,CIUDAD DE BUENOS AIRES,si
CLAR SERVICE S.R.L.,30-71244755-5,(011  )6702-8559,CABA,CIUDAD DE BUENOS AIRES,si
CLAVE ELECTRONICA S.A.,30-68004736-3,,CIUDAD DE BUENOS AIRES,CAPITAL FEDERAL,no
"CLIMATE, CONTROLS & SECURITY ARGENTINA S.A.",30-69727100-3,(011  )4309-9500,CABA,CIUDAD DE BUENOS AIRES,si
CLIP & CO S.R.L.,30-70726395-0,(011  )4657-3032,RAMOS MEJIA,BUENOS AIRES,si
CLOUD GROUP S.A.,30-71555176-0,(011  )6731-8852,DON TORCUATO,BUENOS AIRES,si
CNH ARGENTINA S.A.,30-71680187-6,(0351 )235 -0558,CABA,CIUDAD DE BUENOS AIRES,si
CNH INDUSTRIAL ARGENTINA S.A.,30-58589526-8,(011  )5236-5596,CABA,CIUDAD DE BUENOS AIRES,si
CNH INDUSTRIAL ARGENTINA S.A.,30-65872071-2,(0351 )410 -2690,CABA,CIUDAD DE BUENOS AIRES,si
COARPRO S.A.,30-51725123-9,(0261 )430 -4798,MENDOZA,MENDOZA,si
COASIN COMUNICACIONES S.A.,30-65848786-4,(011  )4343-1366,CIUDAD AUTONOMA BUENOS AIRES,CIUDAD DE BUENOS AIRES,si
COASIN SOCIEDAD ANONIMA COMERCIAL INDUSTRIAL Y FINANCIERA,30-53914848-2,(011  )4555-3321,CABA,CIUDAD DE BUENOS AIRES,si
"COLOMBO, GRACIELA TELMA",23-02313929-4,(011  )4304-5251,CABA,CIUDAD DE BUENOS AIRES,si
COLOR CELLS S.A.,30-68493921-8,(011  )4585-5000,CIUDAD AUTONOMA BUENOS AIRES,CIUDAD DE BUENOS AIRES,si
COMDAT S.A.,30-68779768-6,(011  )4785-7588,CIUDAD AUTONOMA BUENOS AIRES,CIUDAD DE BUENOS AIRES,si
COMDELSUR S.R.L.,30-70981225-0,(011  )4991-9826,CABA,CIUDAD DE BUENOS AIRES,si
COMDIAL ARGENTINA S.A.,30-68633100-4,(011  )4314-0424,CIUDAD DE BUENOS AIRES,CAPITAL FEDERAL,si
COMERCIAL ALPACA S.A.,30-70721269-8,(011  )4867-1001,CIUDAD AUTONOMA BUENOS AIRES,CIUDAD DE BUENOS AIRES,si
COMERCIAL MONTRES S.A.,30-54173516-6,(011  )4375-2845,CIUDAD DE BUENOS AIRES,CAPITAL FEDERAL,si
COMERCIALIZADORA DE BIENES DE CAPITAL S.A.,30-59319937-8,,RAFAELA,SANTA FE,no
COMEX CONSULTORES ASOCIADOS S.R.L.,30-71058356-7,,C.A.B.A.,CIUDAD DE BUENOS AIRES,no
COMINTER S.A.,30-61552218-6,(0291 )454 -8424,BAHIA BLANCA,BUENOS AIRES,si
COMMLOGIK ARGENTINA S.A.,30-70705981-4,(011  )4393-9700,CIUDAD AUTONOMA BUENOS AIRES,CIUDAD DE BUENOS AIRES,si
COMMSCOPE CONNECTIVITY ARGENTINA S.A.,30-52176579-4,(011  )7090-3229,CABA,CIUDAD DE BUENOS AIRES,si
COMMSCOPE SOLUTIONS ARGENTINA S.R.L.,30-70863775-7,(011  )4310-2200,CIUDAD AUTONOMA BUENOS AIRES,CIUDAD DE BUENOS AIRES,si
COMMUNICATION SYSTEMS S.R.L.,30-70949581-6,(011  )4785-7588,CIUDAD AUTONOMA BUENOS AIRES,CIUDAD DE BUENOS AIRES,si
COMPAÑIA ARGENTINA DE MERCHANDISING S.A.,30-70913513-5,(011  )4104-4631,LA TABLADA,BUENOS AIRES,si
COMPANIA DE COMERCIO S.A.,30-71557559-7,(011  )4342-0674,CABA,CIUDAD DE BUENOS AIRES,si
COMPAÑIA DE INSTALACIONES TELEFONICAS Y ELECTRICAS CITE S.A.,30-67989115-0,(011  )4345-1086,CIUDAD DE BUENOS AIRES,CAPITAL FEDERAL,si
COMPAÑIA DE RADIOCOMUNICACIONES MOVILES S.A.,30-62441865-0,(011  )5321-2214,CIUDAD AUTONOMA BUENOS AIRES,CIUDAD DE BUENOS AIRES,si
COMPAÑIA ELECTRONICA EN COMUNICACIONES S.R.L.,33-62691406-9,,CIUDAD DE BUENOS AIRES,CAPITAL FEDERAL,no
"COMPAÑIA ERICSSON SOCIEDAD ANONIMA, COMERCIAL E INDUSTRIAL",30-52605819-0,(011  )4319-5500,CABA,CIUDAD DE BUENOS AIRES,si
"COMPAÑIA HASAR SOCIEDAD ANONIMA, INDUSTRIAL Y COMERCIAL",30-61040056-2,,CABA,CIUDAD DE BUENOS AIRES,no
COMPAÑIA MSA DE ARGENTINA S.A.,30-68307545-7,(011  )4727-4600,CABA,CIUDAD DE BUENOS AIRES,si
"COMPAÑIA PAPELERA SARANDI SOCIEDAD ANONIMA, INDUSTRIAL, COMERCIAL, INVERSORA, INMOBILIARIA Y AGROPECUARIA",30-53560171-9,,CIUDAD DE BUENOS AIRES,CIUDAD DE BUENOS AIRES,no
COMPAQ LATIN AMERICA CORPORATION SUCURSAL ARGENTINA,30-64000318-5,(011  )4310-2200,CIUDAD DE BUENOS AIRES,CAPITAL FEDERAL,si
COMPRANDOENGRUPO.NET S.A.,30-71211681-8,(0351 )657 -8754,CORDOBA,CORDOBA,si
COMPTOR S.A.,30-67659289-6,(011  )4954-0078,CIUDAD AUTONOMA BUENOS AIRES,CIUDAD DE BUENOS AIRES,si
COMPUFAX S.A.,30-63266577-2,,CIUDAD DE BUENOS AIRES,CAPITAL FEDERAL,no
COMPUMANIA S S.A.,30-70775416-4,,SAN JUSTO,BUENOS AIRES,no
COMPUMUNDO S.A.,30-68211572-2,(011  )4556-8000,CIUDAD AUTONOMA BUENOS AIRES,CIUDAD DE BUENOS AIRES,si
COMPUTACION BKO S.A.,30-57790846-6,(011  )4362-5840,CIUDAD AUTONOMA BUENOS AIRES,CIUDAD DE BUENOS AIRES,si
COMSALE S.R.L.,30-71060602-8,(011  )4932-6000,CABA,CIUDAD DE BUENOS AIRES,si
COMSYS S.R.L.,30-66833659-7,(0351 )425 -3969,CORDOBA,CORDOBA,si
COMUNICACIONES MOVILES Y CELULARES CM&C S.R.L.,33-66349318-9,(011  )4682-0180,CIUDAD DE BUENOS AIRES,CAPITAL FEDERAL,si
"COMUNICACIONES, COMANDO, CONTROL, COMPUTACION E INFORMACION S.A.",30-65539930-1,(011  )6839-7919,CABA,CIUDAD DE BUENOS AIRES,si
CONARCO ALAMBRES Y SOLDADURAS S.A.,30-55825751-9,(011  )5586-1423,VILLA LINCH,BUENOS AIRES,si
CONECTAR S.R.L.,30-70755977-9,(0351 )557 -5679,CORDOBA,CORDOBA,si
CONECTIA WIRELESS S.A.,30-71052775-6,(011  )5281-8845,CABA,CIUDAD DE BUENOS AIRES,si
"CONESA, EDGARDO",20-04698296-8,(03731)42  -1492,CHARATA,CHACO,si
CONGRESS NET ARGENTINA S.A.,30-70477854-2,(011  )4006-6500,CIUDAD AUTONOMA BUENOS AIRES,CIUDAD DE BUENOS AIRES,si
CONNECT S.A.,30-63405190-9,(011  )4331-7474,CIUDAD AUTONOMA BUENOS AIRES,CIUDAD DE BUENOS AIRES,si
CONSTRURED S.R.L.,30-70716774-9,(03327)48  -1427,SAN PEDRO,BUENOS AIRES,si
CONSULFEM S.A.,30-63748972-7,(0351 )476 -0099,CORDOBA,CORDOBA,si
"CONTI, HUGO JORGE",20-11569183-0,(011  )4772-0551,CIUDAD DE BUENOS AIRES,CAPITAL FEDERAL,si
CONTINENTAL DO BRASIL PRODUTOS AUTOMOTIVOS LIMITADA,30-71063444-7,(011  )5554-3603,CABA,CIUDAD DE BUENOS AIRES,si
CONTROL PARA LA INDUSTRIA S.A.,30-60447926-2,(011  )6010-6318,CABA,CIUDAD DE BUENOS AIRES,si
CONTROLES COMUNICACIONES S.A.,30-67735640-1,(011  )4833-0020,CIUDAD DE BUENOS AIRES,CAPITAL FEDERAL,si
CONVERTECH S.A.,30-70820344-7,(011  )4433-0297,CIUDAD AUTONOMA BUENOS AIRES,CIUDAD DE BUENOS AIRES,si
COOPERATIVA DE TRABAJO PRODUCCION TECNOLOGICA GRAFICA AUDIOVISUAL LIMITADA,30-71407164-1,,CIUDAD AUTONOMA BUENOS AIRES,CIUDAD DE BUENOS AIRES,no
"COOPERATIVA REGIONAL DE ELECTRICIDAD, DE OBRAS Y OTROS SERVICIOS DE GENERAL PICO LIMITADA CORPICO",30-54571938-6,(02302)33  -5555,GENERAL PICO,LA PAMPA,si
COOPERATIVA TELEFONICA DE CALAFATE LIMITADA,30-57143756-9,,EL CALAFATE,SANTA CRUZ,no
COOPERATIVA TELEFONICA Y OTROS SERVICIOS DE VILLA GESELL COTEL LIMITADA,30-54579512-0,(011  )4053-9220,VILLA GESELL,BUENOS AIRES,si
COPECA S.R.L.,30-53136512-3,,CIUDAD AUTONOMA BUENOS AIRES,CIUDAD DE BUENOS AIRES,no
COPPEL S.A.,30-71041150-2,(011  )5555-2550,TIGRE,BUENOS AIRES,si
CORA-DIR S.A.,30-67338016-2,,CABA,CIUDAD DE BUENOS AIRES,no
CORCISA S.A.,30-69609053-6,(011  )4943-8000,CABA,CIUDAD DE BUENOS AIRES,si
CORESA GROUP S.R.L.,30-71178446-9,(0810 )222 -2882,CABA,CIUDAD DE BUENOS AIRES,si
CORPORACION IMPORTADORA Y EXPORTADORA S.A.,30-59059299-0,,CIUDAD AUTONOMA BUENOS AIRES,CIUDAD DE BUENOS AIRES,no
CORPORACION TELEFONICA INTERNACIONAL,30-67813632-4,,CIUDAD DE BUENOS AIRES,CAPITAL FEDERAL,no
CORPORATE CORP S.A.,33-70941686-9,,CABA,CIUDAD DE BUENOS AIRES,no
CORTESFILMS ARGENTINA S.A.,30-53753449-0,,CIUDAD DE BUENOS AIRES,CAPITAL FEDERAL,no
CORVEN MOTORS ARGENTINA S.A.,30-71027733-4,(011  )3157-7566,VENADO TUERTO,SANTA FE,si
COS MANTENIMIENTO S.A.,30-70863235-6,(011  )4000-6850,CIUDAD AUTONOMA BUENOS AIRES,CIUDAD DE BUENOS AIRES,si
COSECUR S.A.,30-64525594-8,,CIUDAD AUTONOMA BUENOS AIRES,CIUDAD DE BUENOS AIRES,no
COTO CENTRO INTEGRAL DE COMERCIALIZACION S.A.,30-54808315-6,,CIUDAD AUTONOMA BUENOS AIRES,CIUDAD DE BUENOS AIRES,no
COVIDIEN ARGENTINA S.A.,30-71252366-9,(011  )5297-7200,CABA,CIUDAD DE BUENOS AIRES,si
CRAYON WEB S.R.L.,30-71015683-9,(0341 )501 -6820,ROSARIO,SANTA FE,si
CREATIVE INVESTMENTS S.R.L.,30-71102029-9,(011  )6490-3300,SAN ISIDRO,BUENOS AIRES,si
CREDIL S.R.L.,30-62221630-9,,LA PLATA,BUENOS AIRES,no
CRIMSON S.R.L.,30-62385741-3,(011  )4653-6343,RAMOS MEJIA,BUENOS AIRES,si
CRINSURANCE SOCIEDAD POR ACCIONES SIMPLIFICADA,30-71643218-8,(0221 )537 -6233,LA PLATA,BUENOS AIRES,si
CRONOS S.A.I.C.,30-50155507-6,(011  )4312-3061,CIUDAD AUTONOMA BUENOS AIRES,CIUDAD DE BUENOS AIRES,si
CUBIKO S.R.L.,30-71912012-8,(011  )6461-0805,CABA,CIUDAD DE BUENOS AIRES,si
"CULLA, ADRIANA ALICIA",27-12646883-6,(011  )5217-9472,CABA,CIUDAD DE BUENOS AIRES,si
CV CONTROL S.A.,30-65707539-2,(011  )4932-2322,CABA,CIUDAD DE BUENOS AIRES,si
CYBERCOM CABLE & WIRELESS S.R.L.,30-70998127-3,,CIUDAD AUTONOMA BUENOS AIRES,CIUDAD DE BUENOS AIRES,no
CYBERLOGIC S.R.L.,30-71180316-1,(011  )2060-9911,CIUDAD AUTONOMA BUENOS AIRES,CIUDAD DE BUENOS AIRES,si
"D AGOSTINO, FERNANDO MARIA",20-12210574-2,(0343 )492 -1034,VIALE,ENTRE RIOS,si
"D ALICANDRO, HECTOR EDUARDO",20-08558505-4,,CIUDAD AUTONOMA BUENOS AIRES,CIUDAD DE BUENOS AIRES,no
"D AMBROS, SERGIO ANIBAL",20-14687720-7,(0345 )421 -1362,CONCORDIA,ENTRE RIOS,si
D-LINK SUDAMERICA S.A. SUCURSAL ARGENTINA,30-70984650-3,(011  )5246-6640,CABA,CIUDAD DE BUENOS AIRES,si
D.F. MEGAFRIO S.R.L.,30-69255874-6,(0223 )618 -6323,MAR DEL PLATA,BUENOS AIRES,si
DACAS S.A.,30-66293707-6,(011  )4545-6333,CABA,CIUDAD DE BUENOS AIRES,si
DAEC ELECTRONICA S.C.,30-62054867-3,,CIUDAD AUTONOMA BUENOS AIRES,CIUDAD DE BUENOS AIRES,no
DAIKIN AIR CONDITIONING ARGENTINA S.A.,30-70749662-9,(011  )4326-8881,CABA,CIUDAD DE BUENOS AIRES,si
DAL SANTO INDUSTRIAL Y COMERCIAL S.A.,30-55356660-2,(03327)455 -0400,TORTUGUITAS,BUENOS AIRES,si
DALUX S.A.,30-70931715-2,(0351 )481 -5982,CORDOBA,CORDOBA,si
DAMEZ ELECTRONICA PROFESIONAL S.R.L.,30-62467063-5,(011  )4639-1014,CABA,CIUDAD DE BUENOS AIRES,si
DANAIDE S.A.,30-70168121-1,,BERISSO,BUENOS AIRES,no
DANFOSS SOCIEDAD ANONIMA,33-51644453-9,(011  )5556-7000,MUNRO,BUENOS AIRES,si
DANIEL QUIROGA S.R.L.,30-64366511-1,(0264 )420 -0788,SAN JUAN,SAN JUAN,si
DATANDHOME SUPPLIER S.A.,30-70806550-8,(011  )4545-5100,CABA,CIUDAD DE BUENOS AIRES,si
DATAWAVES S.R.L.,33-62634638-9,,CIUDAD AUTONOMA BUENOS AIRES,CIUDAD DE BUENOS AIRES,no
DATCO S.A.,30-59611620-1,(011  )4103-1300,CIUDAD AUTONOMA BUENOS AIRES,CIUDAD DE BUENOS AIRES,si
DAXA ARGENTINA S.A.,30-70724707-6,,CABA,CIUDAD DE BUENOS AIRES,no
DC LOGISTICS S.A.,30-71573740-6,(011  )5353-8770,CABA,CIUDAD DE BUENOS AIRES,si
"DE CASTRO CECILLON, JEAN PIERRE",20-93795763-8,(011  )4896-1284,CIUDAD AUTONOMA BUENOS AIRES,CIUDAD DE BUENOS AIRES,si
DEER TECNOLOGY S.A.,30-71667850-0,(011  )3411-5309,CABA,CIUDAD DE BUENOS AIRES,si
DEITRES S.A.,30-71109039-4,(0223 )495 -2500,MAR DEL PLATA,BUENOS AIRES,si
DEKALB ARGENTINA S.A.,33-51160816-9,(011  )4311-8634,CIUDAD DE BUENOS AIRES,CAPITAL FEDERAL,si
DELAVAL S.A.,30-57253099-6,(03401)42  -2192,EL TREBOL,SANTA FE,si
DELFAU S.A.,33-61262171-9,,CABA,CIUDAD DE BUENOS AIRES,no
DELL AMERICA LATINA CORP.,30-70719842-3,(011  )4515-7100,CABA,CIUDAD DE BUENOS AIRES,si
DELOS SUDAMERICANA S.A.,30-62866167-3,(011  )4982-4221,CIUDAD AUTONOMA BUENOS AIRES,CIUDAD DE BUENOS AIRES,si
DELSAT GROUP S.A.,30-68136213-0,(0223 )494 -5001,MAR DEL PLATA,BUENOS AIRES,si
DELTA COMUNICACIONES S.R.L.,30-57089676-4,(011  )4760-8426,FLORIDA OESTE,BUENOS AIRES,si
DELTALUX S.A.,30-70891354-1,(0351 )246 -4065,CIUDAD AUTONOMA BUENOS AIRES,CIUDAD DE BUENOS AIRES,si
DEMEDIC S.A.,30-61813102-1,(011  )4958-0536,CABA,CIUDAD DE BUENOS AIRES,si
DEVELCOP S.A.,30-70829069-2,(011  )4953-5285,CIUDAD AUTONOMA BUENOS AIRES,CIUDAD DE BUENOS AIRES,si
DGT ELECTRONICA S.A.,30-58050972-6,(011  )4752-0601,SIN DENOMINACION,BUENOS AIRES,si
DIA ARGENTINA S.A.,30-68584975-1,(011  )5883-4487,CABA,CIUDAD DE BUENOS AIRES,si
DICOMTEC S.R.L.,33-70842432-9,(011  )4326-7280,CIUDAD AUTONOMA BUENOS AIRES,CIUDAD DE BUENOS AIRES,si
DIDEFON S.A.,30-56039122-2,(011  )4300-5533,CIUDAD DE BUENOS AIRES,CAPITAL FEDERAL,si
DIGI-CONTROL S.R.L.,30-62354486-5,(011  )4581-0180,CIUDAD DE BUENOS AIRES,CAPITAL FEDERAL,si
DIGITAL 3 S.A.,30-70977219-4,(011  )5006-0700,CABA,CIUDAD DE BUENOS AIRES,si
DIGITAL COM S.R.L.,30-69935543-3,(011  )6261-2100,CIUDAD AUTONOMA BUENOS AIRES,CIUDAD DE BUENOS AIRES,si
DIGITAL FUEGUINA S.A.,30-70956490-7,(02964)42  -0289,RIO GRANDE,"TIERRA DEL FUEGO, ANTARTIDA E ISLAS DEL ATLANTICO SUR",si
DIGTIA S.R.L.,30-71182692-7,,CABA,CIUDAD DE BUENOS AIRES,no
DIKZA S.R.L.,30-71512879-5,(011  )4311-1120,CABA,CIUDAD DE BUENOS AIRES,si
DIMERAL S.A.,30-63454581-2,(011  )4375-0970,CIUDAD AUTONOMA BUENOS AIRES,CIUDAD DE BUENOS AIRES,si
DINALIGHT S.R.L.,30-71150874-7,(011  )4547-0034,CABA,CIUDAD DE BUENOS AIRES,si
DINATECH S.A.,30-70783096-0,(011  )6091-8880,CABA,CIUDAD DE BUENOS AIRES,si
DINT S.A.,30-71052426-9,,SANTA FE,SANTA FE,no
"DIPAOLA, CAROLINA",27-20837261-6,(011  )5328-0787,NORDELTA,BUENOS AIRES,si
DIPREM COMERCIALIZADORA S.A.,30-71873488-2,,CIUDAD AUTONOMA BUENOS AIRES,CIUDAD DE BUENOS AIRES,no
DIRECTEL DE ARGENTINA S.A.,30-68713382-6,(011  )4328-8400,CIUDAD AUTONOMA BUENOS AIRES,CIUDAD DE BUENOS AIRES,si
DIRECTV ARGENTINA S.A.,30-68588939-7,(011  )4321-2500,MUNRO,BUENOS AIRES,si
DISCAR S.R.L.,33-62236216-9,(0351 )472 -4424,CORDOBA,CORDOBA,si
DISDECO S.A.,30-64152774-9,(011  )4551-6906,CIUDAD AUTONOMA BUENOS AIRES,CIUDAD DE BUENOS AIRES,si
DISGLAS S.R.L.,30-67938513-1,,BERAZATEGUI,BUENOS AIRES,no
DISTECNA S.A.,33-70884437-9,(011  )5166-3400,CABA,CIUDAD DE BUENOS AIRES,si
DISTECNA.COM S.A.,30-71463682-7,(011  )5166-3400,CABA,CIUDAD DE BUENOS AIRES,si
DISTRIBUIDORA AUTOMOTRIZ ARGENTINA S.A.,30-71185060-7,(011  )4069-3052,CABA,CIUDAD DE BUENOS AIRES,si
DISTRIBUIDORA CUMMINS S.A.,30-65596500-5,(011  )6410-1867,CABA,CIUDAD DE BUENOS AIRES,si
DITEL SOCIEDAD DE RESPONSABILIDAD LIMITADA,30-65336319-9,(0351 )652 -7820,CORDOBA,CORDOBA,si
"DIZ VEDIA, EDGAR RICARDO",20-92138678-9,(011  )4953-8889,CIUDAD AUTONOMA BUENOS AIRES,CIUDAD DE BUENOS AIRES,si
DMC STRATEX NETWORKS INC.,33-70083961-9,(011  )4717-2613,MARTINEZ,BUENOS AIRES,si
DMC WIRELESS SYSTEMS S.A.,30-70905332-5,,MARTINEZ,BUENOS AIRES,no
"DOMENECH, RAFAEL IÑIGO",20-38588538-6,(03407)44  -1691,VILLA RAMALLO,BUENOS AIRES,si
"DONATO, JEREMIAS",20-34513274-1,(011  )6242-8965,FLORIDA,BUENOS AIRES,si
"DONATO, RUBEN DANIEL - PETTINARI, GABRIEL HUGO - GILARDONI, BERNARDO ANDRES",30-66163899-7,,CIUDAD AUTONOMA BUENOS AIRES,CIUDAD DE BUENOS AIRES,no
DONTO S.A.,30-68149138-0,(011  )4322-1575,CABA,CIUDAD DE BUENOS AIRES,si
DORINKA S.R.L.,30-67813830-0,,CABA,CIUDAD DE BUENOS AIRES,no
DOSISUR S.R.L.,30-71401834-1,(0299 )410 -8878,NEUQUEN,NEUQUEN,si
DR IMPORTS SECURITY SYSTEMS S.R.L.,30-68503172-4,,CIUDAD DE BUENOS AIRES,CAPITAL FEDERAL,no
DR. DANIEL A. GOMEZ Y ASOCIADOS S.A.,33-62259026-9,(011  )4201-2317,AVELLANEDA,BUENOS AIRES,si
DRAFT S.R.L.,33-61229901-9,(011  )4308-0444,CIUDAD AUTONOMA BUENOS AIRES,CIUDAD DE BUENOS AIRES,si
DRAGER ARGENTINA S.A.,30-70966220-8,,CABA,CIUDAD DE BUENOS AIRES,no
DREAN S.A.,30-50268047-8,(011  )4634-1365,CABA,CIUDAD DE BUENOS AIRES,si
DRECKNET S.R.L.,30-70954932-0,(011  )5639-0707,CABA,CIUDAD DE BUENOS AIRES,si
DRIHM S.R.L.,30-66103961-9,(011  )4584-7200,CABA,CIUDAD DE BUENOS AIRES,si
DROGUERIA COMARSA S.A.,30-70708588-2,(0341 )437 -0353,ROSARIO,SANTA FE,si
DROPGIFT S.R.L.,30-71234156-0,(011  )4771-7239,CABA,CIUDAD DE BUENOS AIRES,si
DRTK S.A.,30-71344900-4,(011  )6158-0531,CABA,CIUDAD DE BUENOS AIRES,si
DU PONT ARGENTINA S.R.L.,30-50112696-5,(011  )4021-4711,CABA,CIUDAD DE BUENOS AIRES,si
DX CONTROL S.A.,30-69474853-4,(011  )4647-2100,CIUDADELA,BUENOS AIRES,si
DYNA GROUP S.A.,30-70304875-3,(011  )4546-3141,CIUDAD AUTONOMA BUENOS AIRES,CIUDAD DE BUENOS AIRES,si
DYNACORP S.A.,30-60515986-5,(011  )4951-6915,CIUDAD DE BUENOS AIRES,CAPITAL FEDERAL,si
DYNAMIC SYSTEMS COMMUNICATION S.A.,30-61341289-8,,CIUDAD AUTONOMA BUENOS AIRES,CIUDAD DE BUENOS AIRES,no
E-BERIKA NETWORKS S.R.L.,30-71105445-2,(011  )5883-6771,SAN ISIDRO,BUENOS AIRES,si
E-PAGOS S.A.,30-71508429-1,(011  )3991-1320,CABA,CIUDAD DE BUENOS AIRES,si
EASTEL S.A.I.C.,30-58989104-6,,CIUDAD AUTONOMA BUENOS AIRES,CIUDAD DE BUENOS AIRES,no
EBOX S.A.,30-71474920-6,(011  )4941-3422,CABA,CIUDAD DE BUENOS AIRES,si
ECADAT S.A.,30-57430429-2,,CABA,CIUDAD DE BUENOS AIRES,no
ECHEA S.A.,33-54130506-3,,CIUDAD DE BUENOS AIRES,CAPITAL FEDERAL,no
ECODATOS S.A.,30-70837420-9,(011  )5235-6633,CIUDAD AUTONOMA BUENOS AIRES,CIUDAD DE BUENOS AIRES,si
EDGE TECHNOLOGY S.R.L.,30-70815501-9,(011  )5032-3343,CIUDAD AUTONOMA BUENOS AIRES,CIUDAD DE BUENOS AIRES,si
EDIFICADORA DEO S.A.,30-59250579-3,,CIUDAD DE BUENOS AIRES,CAPITAL FEDERAL,no
EDINEC S.R.L.,30-61045143-4,(0351 )426 -5492,CORDOBA,CORDOBA,si
EDITORIAL PERFIL S.A.,30-56095690-4,(011  )7091-4950,CABA,CIUDAD DE BUENOS AIRES,si
EDUARDO UDENIO Y COMPAÑIA S.A.C.I.F.I.,30-52014280-7,(011  )4811-1864,CABA,CIUDAD DE BUENOS AIRES,si
EDUC.AR SOCIEDAD DEL ESTADO,30-70721953-6,(011  )5129-6500,CIUDAD AUTONOMA BUENOS AIRES,CIUDAD DE BUENOS AIRES,si
EF DIGITAL GROUP S.A.,30-71177348-3,(011  )4311-9311,CABA,CIUDAD DE BUENOS AIRES,si
EKON EMPRESA DE COMUNICACIONES SOCIEDAD DE RESPONSABILIDAD LIMITADA,30-56963694-5,,CABA,CIUDAD DE BUENOS AIRES,no
EL ALMACENERO S.R.L.,30-60398125-8,,CIUDAD DE BUENOS AIRES,CAPITAL FEDERAL,no
ELCOMEL S.R.L.,30-68554323-7,(011  )4572-0311,CABA,CIUDAD DE BUENOS AIRES,si
ELECTRICIDAD INDUSTRIAL S.R.L.,30-62143990-8,(011  )4812-7526,CABA,CIUDAD DE BUENOS AIRES,si
ELECTRO COMUNICACION S.R.L.,30-65349333-5,(0351 )423 -9637,CORDOBA,CORDOBA,si
ELECTRO WORLD GROUP ARGENTINA S.A.,33-71468855-9,(0800 )444 -0214,CABA,BUENOS AIRES,si
ELECTROCOMPONENTES S.A.,30-58260502-1,(011  )4375-3366,CABA,CIUDAD DE BUENOS AIRES,si
ELECTROFUEGUINA S.A.,30-61284315-1,(011  )4959-6691,RIO GRANDE,"TIERRA DEL FUEGO, ANTARTIDA E ISLAS DEL ATLANTICO SUR",si
ELECTROGLOBAL S.A.S.,30-71877536-8,(011  )3026-7730,CABA,CIUDAD DE BUENOS AIRES,si
ELECTRONA S.A.,30-61079971-6,(011  )4302-8978,CIUDAD DE BUENOS AIRES,CAPITAL FEDERAL,si
ELECTRONIC SYSTEM S.A.,30-64358677-7,,CABA,CIUDAD DE BUENOS AIRES,no
ELECTRONICA ELEMON SOCIEDAD ANONIMA,30-55993223-6,(011  )4553-5555,CABA,CIUDAD DE BUENOS AIRES,si
ELECTRONICA MEGATONE S.A.,30-54365973-4,,CIUDAD AUTONOMA BUENOS AIRES,CIUDAD DE BUENOS AIRES,no
ELECTRONICA ORVA S.A.,30-61474714-1,(011  )4651-4010,RAMOS MEJIA,BUENOS AIRES,si
ELECTRONICA PLUS ULTRA S.R.L.,30-59817745-3,,CIUDAD DE BUENOS AIRES,CAPITAL FEDERAL,no
ELECTRONICA SUDAMERICANA S.R.L.,30-58481600-3,(011  )4249-7117,CIUDAD AUTONOMA BUENOS AIRES,CIUDAD DE BUENOS AIRES,si
ELEFE.COM S.R.L.,30-70958045-7,,CABA,CIUDAD DE BUENOS AIRES,no
ELEVAR S.R.L.,30-64208408-5,(011  )2475-1878,CABA,CIUDAD DE BUENOS AIRES,si
ELIGREY CORPORATION S.A.,30-70822475-4,(011  )4812-4840,CIUDAD DE BUENOS AIRES,CAPITAL FEDERAL,si
ELIPGO S.A.,30-71108571-4,,CABA,CIUDAD DE BUENOS AIRES,no
ELSTER MEDIDORES S.A.,30-52033593-1,,VALENTIN ALSINA,BUENOS AIRES,no
ELVIO C. CAVALLO S.R.L.,30-61558742-3,(0347 )47  -1260,LAS PAREJAS,SANTA FE,si
EMERSON ARGENTINA S.A.,30-69224496-2,(011  )4837-7002,CABA,CIUDAD DE BUENOS AIRES,si
EMPLA-TEL S.R.L.,30-61807349-8,(0221 )564 -5205,LA PLATA,BUENOS AIRES,si
EMPRESA ATLANTICA DE TECNOLOGIA S.A.,30-63830905-6,(011  )4311-9510,CIUDAD AUTONOMA BUENOS AIRES,CIUDAD DE BUENOS AIRES,si
EMPRESA ELECTRONICA PUNTANA S.A.,30-61097557-3,,SAN LUIS,SAN LUIS,no
EMTE SISTEMAS ARGENTINA S.A.,30-70047037-3,,CIUDAD AUTONOMA BUENOS AIRES,CIUDAD DE BUENOS AIRES,no
EN TUS MANOS S.R.L.,30-71008418-8,(011  )3551-8888,CABA,CIUDAD DE BUENOS AIRES,si
ENAEX ARGENTINA S.R.L.,30-71018710-6,(011  )3576-1964,CABA,CIUDAD DE BUENOS AIRES,si
ENDRESS+HAUSER ARGENTINA S.A.,30-69170010-7,(011  )4763-4428,CABA,CIUDAD DE BUENOS AIRES,si
ENERSYS S.R.L.,30-70742240-4,,CIUDAD AUTONOMA BUENOS AIRES,CIUDAD DE BUENOS AIRES,no
ENERTEL S.A.,30-68352590-8,(011  )4756-5290,MUNRO,BUENOS AIRES,si
ENOFIR SYSTEMS S.A.,30-70907682-1,(011  )5769-7313,CABA,CIUDAD DE BUENOS AIRES,si
ENTERASYS NETWORKS DE ARGENTINA S.A.,33-67817269-9,(011  )4314-0757,CIUDAD AUTONOMA BUENOS AIRES,CIUDAD DE BUENOS AIRES,si
EPSON ARGENTINA S.R.L.,30-61410471-2,(011  )5167-0300,CABA,CIUDAD DE BUENOS AIRES,si
EQUAL GROUP S.R.L.,30-70869539-0,(011  )5128-0800,CABA,CIUDAD DE BUENOS AIRES,si
EQUITEL S.A.,30-55762728-2,(011  )4331-1434,CIUDAD DE BUENOS AIRES,CAPITAL FEDERAL,si
ERB S.A.,30-71499651-3,(0351 )701 -0380,TACURAL,SANTA FE,si
ERICNET S.A.,30-70839476-5,(011  )4519-8700,CABA,CIUDAD DE BUENOS AIRES,si
ERICTEL M2M ARGENTINA S.A.,30-71209762-7,(011  )4515-5100,CABA,CIUDAD DE BUENOS AIRES,si
"ERRA, DANIEL HECTOR",20-12424153-8,(011  )5690-7006,CABA,CIUDAD DE BUENOS AIRES,si
ERROR CARGA,0-00014445-0,(011  )4862-0018,CIUDAD AUTONOMA BUENOS AIRES,CIUDAD DE BUENOS AIRES,si
ERROR CARGA,0-00014446-0,(011  )4374-7275,CIUDAD DE BUENOS AIRES,CAPITAL FEDERAL,si
ERROR CARGA,0-00014447-0,,CIUDAD DE BUENOS AIRES,CAPITAL FEDERAL,no
ERTACH S.A.,30-69553800-2,(011  )4000-3000,CIUDAD AUTONOMA BUENOS AIRES,CIUDAD DE BUENOS AIRES,si
ESCANDINAVIA DEL PLATA S.A.,30-70924647-6,(011  )5550-4000,CABA,CIUDAD DE BUENOS AIRES,si
ESI ELECTRONICA S.A.,30-57021492-2,(011  )4781-1181,CIUDAD DE BUENOS AIRES,CAPITAL FEDERAL,si
ESSEN ALUMINIO S.A.,30-50603846-0,(03462)43  -5444,VENADO TUERTO,SANTA FE,si
ESTABLECIMIENTO LOS CALVOS S.R.L.,30-50216916-1,,CIUDAD DE BUENOS AIRES,CAPITAL FEDERAL,no
ETERCOR SOCIEDAD ANONIMA,33-56938900-9,,CABA,CIUDAD DE BUENOS AIRES,no
ETIQUETAS INTELIGENTES S.A.,30-71938508-3,(011  )3247-8705,CABA,CIUDAD DE BUENOS AIRES,si
"EUCLIDES, MIGUEL ANGEL",20-10454926-9,(011  )6795-1025,CABA,CIUDAD DE BUENOS AIRES,si
EXCELCOM S.A.,33-71019188-9,(011  )4384-5356,CIUDAD AUTONOMA BUENOS AIRES,CIUDAD DE BUENOS AIRES,si
EXCLUSIVE PRODUCTS S.A.,30-67910494-9,(011  )4323-9935,CIUDAD AUTONOMA BUENOS AIRES,CIUDAD DE BUENOS AIRES,si
EXEMYS S.R.L.,30-70812020-7,(011  )4585-7585,CABA,CIUDAD DE BUENOS AIRES,si
EXIMAR INTL S.A.U.,30-71079356-1,(011  )5628-1000,CABA,CIUDAD DE BUENOS AIRES,si
EXINTRADER S.A.,30-64698450-1,,CABA,CIUDAD DE BUENOS AIRES,no
EXO S.A.,30-57960755-2,(011  )4000-7041,CABA,CIUDAD DE BUENOS AIRES,si
EXPORIALE S.A.,30-63619425-1,(011  )4470-0444,CIUDAD DE BUENOS AIRES,CAPITAL FEDERAL,si
EXTEL S.A.,30-61552058-2,(011  )4371-7191,CIUDAD DE BUENOS AIRES,CAPITAL FEDERAL,si
EXTERNAL MARKET S.R.L.,30-61604421-0,(011  )4865-5921,CIUDAD DE BUENOS AIRES,CAPITAL FEDERAL,si
EYT S.A.,30-66181703-4,(011  )4958-3565,CIUDAD DE BUENOS AIRES,CAPITAL FEDERAL,si
FABRICA AUSTRAL DE PRODUCTOS ELECTRICOS SOCIEDAD ANONIMA,30-59128733-4,,CABA,CIUDAD DE BUENOS AIRES,no
FALABELLA S.A.,30-65572582-9,(011  )4710-5600,CABA,CIUDAD DE BUENOS AIRES,si
"FALCOMER, PABLO DOMINGO",20-15204239-7,(0237 )463 -1150,MORENO,BUENOS AIRES,si
FAMAR FUEGUINA S.A.,30-59706676-3,(011  )4858-8800,RIO GRANDE,"TIERRA DEL FUEGO, ANTARTIDA E ISLAS DEL ATLANTICO SUR",si
FAMMIE FAMI S.A.,30-50279584-4,(011  )4635-5445,CABA,CIUDAD DE BUENOS AIRES,si
FCA AUTOMOBILES ARGENTINA S.A.,30-68245096-3,,CABA,BUENOS AIRES,no
FEDERACION MEDICA DE LA PROVINCIA DE BUENOS AIRES,30-53367581-2,,LA PLATA,BUENOS AIRES,no
"FERNANDEZ, EDUARDO ANTONIO",20-07778690-3,,CIUDAD AUTONOMA BUENOS AIRES,CIUDAD DE BUENOS AIRES,no
"FERNANDEZ, MARCELO FABIAN",23-20817044-9,(011  )5729-1555,CABA,CIUDAD DE BUENOS AIRES,si
FIBERHOME ARGENTINA S.A.,30-71548576-8,(011  )4312-6576,CABA,CIUDAD DE BUENOS AIRES,si
FIBRA ARGENTINA S.C.,30-57618159-7,,CIUDAD DE BUENOS AIRES,CAPITAL FEDERAL,no
FIESA S.R.L.,30-70397668-5,(011  )4551-5100,CIUDAD AUTONOMA BUENOS AIRES,CIUDAD DE BUENOS AIRES,si
FILOBIOSIS S.A.,30-64039837-6,(011  )4372-3426,CIUDAD AUTONOMA BUENOS AIRES,CIUDAD DE BUENOS AIRES,si
FINNING ARGENTINA S.A.,30-64722711-9,,CABA,CIUDAD DE BUENOS AIRES,no
FITNET SOCIEDAD ANONIMA,30-70779183-3,(011  )4292-3000,CABA,CIUDAD DE BUENOS AIRES,si
FIXON GROUP S.A.,30-71182792-3,(0351 )705 -6717,CORDOBA,CORDOBA,si
FLAGLER STREET S.A.,30-64558664-2,,CIUDAD AUTONOMA BUENOS AIRES,CIUDAD DE BUENOS AIRES,no
FLANKERS COMERCIO EXTERIOR S.A.,30-70809159-2,(011  )5219-4260,CABA,CIUDAD DE BUENOS AIRES,si
FORD ARGENTINA S.C.A.,30-67851968-1,,GENERAL PACHECO,BUENOS AIRES,no
"FORMENTO, ALBERTO LUIS",20-07646715-4,(0351 )422 -3115,CORDOBA,CORDOBA,si
FOXMAN FUEGUINA S.A.,30-62992493-7,(011  )4686-1071,CABA,CIUDAD DE BUENOS AIRES,si
FRAMONT S.A.,30-61024391-2,,CIUDAD DE BUENOS AIRES,CAPITAL FEDERAL,no
FRANCISCO MARTIN LASERNA S.A.,30-52976933-0,,FLORIDA,BUENOS AIRES,no
FRAVEGA S.A.C.I. E I.,30-52687424-9,(011  )4959-6600,CABA,CIUDAD DE BUENOS AIRES,si
FRIMETAL S.A.,30-59697015-6,(0341 )483 -5743,ROSARIO,SANTA FE,si
FS24 S.R.L.,30-71008071-9,,CABA,CIUDAD DE BUENOS AIRES,no
FUJITSU DO BRASIL LIMITADA SUCURSAL ARGENTINA,30-71198384-4,(011  )4850-1217,CABA,CIUDAD DE BUENOS AIRES,si
FURUKAWA ELECTRIC LATAM S.A.,30-70790405-0,(0800 )800 -9701,CABA,CIUDAD DE BUENOS AIRES,si
FUTURE GRAPHICS LLC ARGENTINA S.A.,30-70823800-3,(011  )5582-6171,CABA,CIUDAD DE BUENOS AIRES,si
G Y P NEW TREE S.A.,30-69837610-0,(011  )5171-4000,CABA,CIUDAD DE BUENOS AIRES,si
GALANDER S.A.,30-69891427-7,(011  )4943-3366,CIUDAD AUTONOMA BUENOS AIRES,CIUDAD DE BUENOS AIRES,si
GALANDER S.R.L.,30-60166436-0,(0351 )456 -3333,CORDOBA,CORDOBA,si
"GALANDER, JORGE ALBERTO",20-08620138-1,(011  )4827-4156,CIUDAD AUTONOMA BUENOS AIRES,CIUDAD DE BUENOS AIRES,si
GALILEO LA RIOJA S.A.,30-58746879-0,(011  )4904-1684,CIUDAD AUTONOMA BUENOS AIRES,CIUDAD DE BUENOS AIRES,si
"GARBARINO SOCIEDAD ANONIMA, INDUSTRIAL, COMERCIAL E INMOBILIARIA",30-54008821-3,,CABA,CIUDAD DE BUENOS AIRES,no
GARMIN ARGENTINA S.R.L.,33-71236921-9,(011  )4953-4880,CIUDAD AUTONOMA BUENOS AIRES,CIUDAD DE BUENOS AIRES,si
GASEI SOCIEDAD ANONIMA,30-58752434-8,(011  )4303-0480,CABA,CIUDAD DE BUENOS AIRES,si
GB SISTEMAS S.A.,30-69877089-5,,MENDOZA,MENDOZA,no
GC GLOBAL COMUNICATIONS S.A.,33-71114530-9,(011  )6970-0200,CIUDAD AUTONOMA BUENOS AIRES,CIUDAD DE BUENOS AIRES,si
GCS TELECOMUNICACIONES Y SERVICIOS S.R.L.,30-71167520-1,(011  )4444-2664,CABA,CIUDAD DE BUENOS AIRES,si
GE CONSUMER & INDUSTRIAL ARGENTINA S.A.,30-67992375-3,(011  )5556-3322,CABA,CIUDAD DE BUENOS AIRES,si
GE HEALTHCARE ARGENTINA S.A.,33-65323593-9,(011  )5757-2120,CABA,CIUDAD DE BUENOS AIRES,si
GE SENSING & INSPECTION TECHNOLOGIES GMBH,30-70855947-0,(011  )2171-1445,CABA,CIUDAD DE BUENOS AIRES,si
GEA FARM TECHNOLOGIES ARGENTINA S.R.L.,33-69558652-9,(011  )4147-9080,TORTUGUITAS,BUENOS AIRES,si
GEDETE S.R.L.,30-61207057-8,(011  )4613-2338,CIUDAD DE BUENOS AIRES,CAPITAL FEDERAL,si
GEMED S.R.L.,30-70793256-9,,CABA,CIUDAD DE BUENOS AIRES,no
GEN ROD S.A.,30-67854721-9,(011  )5298-7200,BURZACO,BUENOS AIRES,si
GENBAND S.R.L.,30-71137733-2,(011  )4953-4960,CIUDAD AUTONOMA BUENOS AIRES,CIUDAD DE BUENOS AIRES,si
GENERAL ELECTRIC INTERNATIONAL INC.,30-60906894-5,(011  )5556-2050,CABA,CIUDAD DE BUENOS AIRES,si
GENERAL INDUSTRIES ARGENTINA S.A.,30-50539550-2,,FLORIDA OESTE,BUENOS AIRES,no
GENERAL MOTORS DE ARGENTINA S.R.L.,30-66207168-0,(0341 )330 -8895,VICENTE LOPEZ,CIUDAD DE BUENOS AIRES,si
GENIUS TOUCH S.A.,30-71550853-9,(011  )4651-2762,CABA,CIUDAD DE BUENOS AIRES,si
GEOCOM S.A.,30-70843240-3,,CIUDAD AUTONOMA BUENOS AIRES,CIUDAD DE BUENOS AIRES,no
GEOSISTEMAS S.R.L.,30-61712720-9,(011  )4334-9218,CIUDAD AUTONOMA BUENOS AIRES,CIUDAD DE BUENOS AIRES,si
GEOTEK ARGENTINA S.A.,30-68079912-8,(011  )4315-6230,CIUDAD AUTONOMA BUENOS AIRES,CIUDAD DE BUENOS AIRES,si
GETTERSON ARGENTINA S.A.I. Y C.,30-50522763-4,(011  )6777-6034,CIUDAD AUTONOMA BUENOS AIRES,CIUDAD DE BUENOS AIRES,si
GIGASET COMMUNICATIONS ARGENTINA S.R.L.,30-71064922-3,(011  )4340-8400,CIUDAD AUTONOMA BUENOS AIRES,CIUDAD DE BUENOS AIRES,si
GIRBOY S.R.L.,30-71013381-2,(011  )4544-1448,CIUDAD AUTONOMA BUENOS AIRES,CIUDAD DE BUENOS AIRES,si
GLOBAL COMMUNICATIONS LATINOAMERICA S.R.L.,30-71555949-4,(011  )5263-0283,CABA,CIUDAD DE BUENOS AIRES,si
GLOBAL COMUNICACIONES S.A.,30-63617122-7,(011  )4951-4072,CIUDAD AUTONOMA BUENOS AIRES,CIUDAD DE BUENOS AIRES,si
GLOBAL DATA INTERNATIONAL S.A.,33-70814856-9,(011  )4343-6394,CIUDAD AUTONOMA BUENOS AIRES,CIUDAD DE BUENOS AIRES,si
GLOBAL ELECTRONICA S.R.L.,30-60767554-2,,CIUDAD DE BUENOS AIRES,CAPITAL FEDERAL,no
GLOBAL SOLUTION S.A.,30-70988327-1,(011  )4918-4138,CABA,CIUDAD DE BUENOS AIRES,si
GLOBAL TELECOMMUNICATIONS SERVICES S.A.,30-70785694-3,(011  )5238-2280,CIUDAD AUTONOMA BUENOS AIRES,CIUDAD DE BUENOS AIRES,si
GLOBAL THINK TECHNOLOGY S.A.,30-70901693-4,(0351 )644 -4780,CORDOBA,CORDOBA,si
GLOBAL TRANS S.R.L.,30-71056697-2,(0264 )436 -4581,SAN JUAN,SAN JUAN,si
GLOBALSTAR ARGENTINA S.R.L.,30-71590189-3,(011  )4872-1717,CABA,CIUDAD DE BUENOS AIRES,si
GLOBO GROUP S.A.,33-71059142-9,(011  )4342-8369,CABA,CIUDAD DE BUENOS AIRES,si
GMRA S.A.,30-71562186-6,(011  )4057-9143,CABA,CIUDAD DE BUENOS AIRES,si
GMT SOLUTIONS S.R.L.,30-71623780-6,(011  )6254-2260,CABA,CIUDAD DE BUENOS AIRES,si
GO MARKET S.A.,30-70878051-7,(011  )4586-0012,CIUDAD AUTONOMA BUENOS AIRES,CIUDAD DE BUENOS AIRES,si
"GODOY, CARLOS EZEQUIEL",20-26801266-5,(011  )6181-4998,CASTELAR,BUENOS AIRES,si
GOLDMUND S.A.,30-70860387-9,(011  )6179-0130,CABA,CIUDAD DE BUENOS AIRES,si
"GOMEZ, LEANDRO SEBASTIAN",20-26522695-8,(011  )6274-0800,CABA,CIUDAD DE BUENOS AIRES,si
GONGZHU TECH DEVELOPMENT S.A.,30-71010255-0,(011  )2056-3931,CABA,CIUDAD DE BUENOS AIRES,si
GOWEX ARGENTINA S.A.,30-71159524-0,(011  )4590-2370,CIUDAD AUTONOMA BUENOS AIRES,CIUDAD DE BUENOS AIRES,si
GPV S.A.,30-50416354-3,(011  )4006-7087,CABA,CIUDAD DE BUENOS AIRES,si
GRADICOM S.A.,30-70719506-8,(011  )4943-6999,CABA,CIUDAD DE BUENOS AIRES,si
"GRATZ, JAVIER BERNARDO",20-16892521-3,(011  )4957-4044,CABA,CIUDAD DE BUENOS AIRES,si
GREAT CARS S.A.,30-71516251-9,(03327)453 -0500,TORTUGUITAS,BUENOS AIRES,si
GREENWORKING S.A.,30-71106876-3,(011  )3974-3968,RAMOS MEJIA,BUENOS AIRES,si
GRIENSU S.A.,30-52649846-8,(011  )4342-8819,CABA,CIUDAD DE BUENOS AIRES,si
"GROLL, DIEGO ARIEL",20-25989386-1,(011  )2153-1527,CABA,CIUDAD DE BUENOS AIRES,si
GRUPO LINDE GAS ARGENTINA S.A.,30-50139538-9,,AVELLANEDA,BUENOS AIRES,no
GRUPO NUCLEO S.A.,30-70933244-5,(011  )5091-9999,CABA,CIUDAD DE BUENOS AIRES,si
GRUPO PROPELLER SOCIEDAD ANONIMA,30-70878416-4,(011  )3141-5670,CABA,CIUDAD DE BUENOS AIRES,si
GRUPO SIMPA S.A.,30-62832360-3,(011  )4708-3300,VILLA ADELINA,BUENOS AIRES,si
GRUPOS INTEGRADOS S.A.,30-71037341-4,(011  )4613-0698,CABA,CIUDAD DE BUENOS AIRES,si
GTE S.R.L.,30-70869092-5,(011  )4896-0060,CABA,CIUDAD DE BUENOS AIRES,si
GULARO S.A.,30-51714969-8,(011  )4726-7800,CABA,CIUDAD DE BUENOS AIRES,si
GUNPLEX S.C.A.,30-51693066-3,(011  )4326-8982,CIUDAD DE BUENOS AIRES,CAPITAL FEDERAL,si
"GUTKIN, NESTOR JULIO",20-14769406-8,(011  )5217-9931,CABA,CIUDAD DE BUENOS AIRES,si
GUZMAN NACICH S.A.I.C.,30-63610183-0,(011  )4302-5620,CIUDAD AUTONOMA BUENOS AIRES,CIUDAD DE BUENOS AIRES,si
H.D.C. INTERNATIONAL S.A.,30-70828666-0,,CABA,CIUDAD DE BUENOS AIRES,no
HALE CONSTRUCCIONES S.R.L.,30-70326873-7,(011  )5291-9741,CIUDAD AUTONOMA BUENOS AIRES,CIUDAD DE BUENOS AIRES,si
HAND - CELL S.A.,30-70196593-7,(011  )5217-0876,CABA,CIUDAD DE BUENOS AIRES,si
HAWK TRACKER S.A.,30-70720642-6,(011  )4837-9525,VICENTE LOPEZ,BUENOS AIRES,si
HEADCOMM S.A.,30-70505063-1,(011  )4813-0715,CABA,CIUDAD DE BUENOS AIRES,si
HELLERMANNTYTON S.R.L.,30-59515403-7,,CIUDAD DE BUENOS AIRES,CAPITAL FEDERAL,no
"HERBER, SAMUEL FIDEL",20-04739518-7,,CIUDAD AUTONOMA BUENOS AIRES,CIUDAD DE BUENOS AIRES,no
HERBY MARINA S.A.,30-60563602-7,(011  )4312-7233,CIUDAD DE BUENOS AIRES,CAPITAL FEDERAL,si
HESCO S.A.,30-71696584-4,(011  )6768-6445,CABA,CIUDAD DE BUENOS AIRES,si
HEWLETT PACKARD ARGENTINA S.R.L.,30-54203455-2,,CABA,CIUDAD DE BUENOS AIRES,no
HID S.A.,30-61783980-2,(011  )4855-5984,CABA,CIUDAD DE BUENOS AIRES,si
HIGH TECH S.R.L.,30-68906438-4,,CIUDAD DE BUENOS AIRES,CAPITAL FEDERAL,no
HIKARI S.A.,30-56849877-8,(011  )5032-2800,CABA,CIUDAD DE BUENOS AIRES,si
HIKVISION ARGENTINA S.R.L.,30-71672322-0,(011  )2380-1641,FLORIDA,BUENOS AIRES,si
HILSON S.R.L.,30-70857804-1,(011  )4773-4833,CABA,CIUDAD DE BUENOS AIRES,si
HILTI ARGENTINA S.R.L.,30-65696323-5,(011  )4721-4400,CABA,CIUDAD DE BUENOS AIRES,si
HIPRA ARGENTINA S.A.,30-71188472-2,(011  )2835-6047,LA PLATA,CIUDAD DE BUENOS AIRES,si
HISPASAT S.A. SUCURSAL ARGENTINA,30-70847889-6,(011  )4470-9454,CABA,CIUDAD DE BUENOS AIRES,si
HITACHI ENERGY ARGENTINA S.A.U.,30-71644180-2,(011  )6026-5238,CABA,CIUDAD DE BUENOS AIRES,si
"HOCHNADEL, LUIS NORBERTO",20-12676240-3,(011  )4763-7204,BOULOGNE,BUENOS AIRES,si
"HOCHNADEL, RICARDO JOSE",20-14452719-5,(011  )4718-3014,FLORIDA,BUENOS AIRES,si
HOMOLOGAR S.R.L.,30-71572744-3,,CABA,BUENOS AIRES,no
HONDA MOTOR DE ARGENTINA S.A.,30-57754677-7,(011  )4889-9877,CAMPANA,BUENOS AIRES,si
HONEYWELL S.A.I.C.,30-58052350-8,,CABA,CIUDAD DE BUENOS AIRES,no
HORIZON TRADING S.A.,30-71493161-6,(011  )2319-1429,CABA,CIUDAD DE BUENOS AIRES,si
HOSPITAL PUBLICO DESCENTRALIZADO DR. GUILLERMO RAWSON,30-70949057-1,(0264 )422 -4005,SAN JUAN,SAN JUAN,si
HOTEL VERSALLES,30-54673689-6,,CIUDAD AUTONOMA BUENOS AIRES,CIUDAD DE BUENOS AIRES,no
HOTELES FIRMAT S.A.,30-70833657-9,,CIUDAD DE BUENOS AIRES,CAPITAL FEDERAL,no
HP INC ARGENTINA S.R.L.,30-71480937-3,,CABA,CIUDAD DE BUENOS AIRES,no
"HREN, JORGE RICARDO",23-11112527-9,(011  )4288-1346,BANFIELD,BUENOS AIRES,si
HUACO S.A.,30-70873181-8,(011  )4796-1901,CIUDAD AUTONOMA BUENOS AIRES,CIUDAD DE BUENOS AIRES,si
HUAWEI TECH. INVESTMENT CO. LTD.,30-70768991-5,(011  )4105-0500,CABA,CIUDAD DE BUENOS AIRES,si
HUGHES DE ARGENTINA S.R.L.,33-71621931-9,(011  )4315-2900,CABA,CIUDAD DE BUENOS AIRES,si
HUNTER DOUGLAS ARGENTINA S.A.,30-68077923-2,(011  )4709-8713,VILLA MARTELLI,BUENOS AIRES,si
HYNET S.A.,30-70713941-9,(011  )5128-1000,CIUDAD AUTONOMA BUENOS AIRES,CIUDAD DE BUENOS AIRES,si
HYUNDAI MOTOR ARGENTINA S.A.,30-57409621-5,(011  )4799-0500,OLIVOS,BUENOS AIRES,si
I SYSTEMS SERVICIOS TELEMATICOS S.R.L.,30-70991013-9,(011  )4807-2660,CIUDAD AUTONOMA BUENOS AIRES,CIUDAD DE BUENOS AIRES,si
I.J.C.V. S.R.L.,30-62247845-1,(0351 )489 -3170,CORDOBA,CORDOBA,si
I.S.P GROUP S.R.L.,30-71113065-5,,CORONEL SUAREZ,BUENOS AIRES,no
IATEC S.A. (INDUSTRIA AUSTRAL DE TECNOLOGIA S.A.),30-71077905-4,(011  )6394-2800,CABA,CIUDAD DE BUENOS AIRES,si
IATEL S.A.,30-50498082-7,,JOSE LEON SUAREZ,BUENOS AIRES,no
IBERCOM MULTICOM S.A.,30-68210180-2,(011  )4634-0036,CIUDAD AUTONOMA BUENOS AIRES,CIUDAD DE BUENOS AIRES,si
IBM ARGENTINA S.A.,30-50396126-8,(011  )4319-6581,CIUDAD AUTONOMA BUENOS AIRES,CIUDAD DE BUENOS AIRES,si
ICAP SOCIEDAD ANONIMA,30-50382598-4,(011  )4865-3755,CABA,CIUDAD DE BUENOS AIRES,si
ID GROUP S.A.,30-70805310-0,,CABA,CIUDAD DE BUENOS AIRES,no
IDEC S.A.,33-70831074-9,(011  )4328-3198,CABA,CIUDAD DE BUENOS AIRES,si
IDENTIMAX S.A.,30-70962583-3,(011  )4564-5200,CABA,CIUDAD DE BUENOS AIRES,si
IDT CORPORATION DE ARGENTINA S.A.,30-70739780-9,,CABA,CIUDAD DE BUENOS AIRES,no
IFM ELECTRONIC S.R.L.,30-71045716-2,(011  )3219-0101,CABA,CIUDAD DE BUENOS AIRES,si
IFRANET S.A.,30-71471046-6,(03489)43  -1758,CAMPANA,BUENOS AIRES,si
IGARRETA MAQUINAS S.A.,30-68244000-3,(011  )4846-4400,DON TORCUATO,BUENOS AIRES,si
IGT GLOBAL SOLUTIONS CORPORATION,30-61593482-4,(011  )4382-2128,CABA,CIUDAD DE BUENOS AIRES,si
IMAGEN E INFORMACION S.A.,30-70797372-9,(011  )4342-4742,CIUDAD AUTONOMA BUENOS AIRES,CIUDAD DE BUENOS AIRES,si
IMAGINARIAS S.R.L.,30-70757833-1,(011  )4313-1448,CIUDAD AUTONOMA BUENOS AIRES,CIUDAD DE BUENOS AIRES,si
IMCO S.A.,30-62967426-4,(011  )4326-4473,CIUDAD DE BUENOS AIRES,CAPITAL FEDERAL,si
IMPEX TELECOMMUNICATIONS ARGENTINA S.A.,30-71046901-2,(011  )4904-0457,CIUDAD AUTONOMA BUENOS AIRES,CIUDAD DE BUENOS AIRES,si
IMPORLATINA S.A.,30-63613427-5,,CIUDAD AUTONOMA BUENOS AIRES,CIUDAD DE BUENOS AIRES,no
IMPORTADORA MEDITERRANEA SOCIEDAD ANONIMA,30-64202042-7,(0351 )489 -0576,CORDOBA,CORDOBA,si
IMPORTADORA TECNOLOGICA S.A.,30-64348959-3,,CIUDAD AUTONOMA BUENOS AIRES,CIUDAD DE BUENOS AIRES,no
IMPORTADORA TEMPO S.A.,30-63366062-6,(011  )4375-2845,CIUDAD DE BUENOS AIRES,CAPITAL FEDERAL,si
IMPORTADORA Y EXPORTADORA ORIENTE S.A.,33-71069802-9,(011  )4367-5745,MONTE GRANDE,BUENOS AIRES,si
INC S.A.,30-68731043-4,,CABA,CIUDAD DE BUENOS AIRES,no
INCHCAPE ARGENTINA S.A.,30-69558584-1,,DON TORCUATO,BUENOS AIRES,no
INCOBE S.R.L.,30-59653682-0,(011  )4931-7999,CIUDAD AUTONOMA BUENOS AIRES,CIUDAD DE BUENOS AIRES,si
INCUBE S.A.,30-70815758-5,(0221 )417 -7702,LA PLATA,BUENOS AIRES,si
INDELMEC S.R.L.,30-58519161-9,(011  )4856-2909,CABA,CIUDAD DE BUENOS AIRES,si
INDRA AMERICA S.A.,30-60156992-9,(011  )4316-2000,CIUDAD AUTONOMA BUENOS AIRES,CIUDAD DE BUENOS AIRES,si
INDRA SI S.A.,30-69313376-5,(011  )4400-1676,CABA,CIUDAD DE BUENOS AIRES,si
INDUSTRIA FUEGUINA DE RELOJERIA ELECTRONICA S.A.,30-59553463-8,(011  )5282-7400,RIO GRANDE,"TIERRA DEL FUEGO, ANTARTIDA E ISLAS DEL ATLANTICO SUR",si
INDUSTRIAL & NAVAL GROUP S.A.,30-71014050-9,,CABA,CIUDAD DE BUENOS AIRES,no
INDUSTRIAS ITACEN SOCIEDAD ANONIMA,30-71134881-2,(011  )5272-7000,HERNANDEZ,BUENOS AIRES,si
INDUSTRIAS JOHN DEERE ARGENTINA SOCIEDAD ANONIMA,30-50372023-6,(011  )4515-9201,CABA,CIUDAD DE BUENOS AIRES,si
INDUSTRIAS QUIMICAS ESSEN S.R.L.,30-67622650-4,(011  )4238-0082,BURZACO,BUENOS AIRES,si
INDUSTRIAS SICA S.A.I.C.,30-50289158-4,,LANUS,BUENOS AIRES,no
INDUSTRIAS UNICAS DE COMUNICACIONES S.R.L.,30-70813441-0,(011  )4919-5098,CIUDAD AUTONOMA BUENOS AIRES,CIUDAD DE BUENOS AIRES,si
INDYCO S.R.L.,30-62005780-7,(011  )4612-5524,CIUDAD AUTONOMA BUENOS AIRES,CIUDAD DE BUENOS AIRES,si
INFAS S.R.L.,33-61105269-9,(0351 )465 -0128,CORDOBA,CORDOBA,si
INFORMATICA FUEGUINA S.A.,30-71158891-0,(011  )4309-2014,CABA,CIUDAD DE BUENOS AIRES,si
INFORMATICA Y TELECOMUNICACIONES S.A.,33-61583160-9,,MENDOZA,MENDOZA,no
INFORMATION TECHNOLOGY S.A.,30-70938883-1,(011  )4770-9490,CORDOBA,CORDOBA,si
INFOSELL S.A.,30-66029179-9,(011  )4326-3380,MONTE GRANDE,BUENOS AIRES,si
INFOTEL ARGENTINA S.A.,30-70089334-7,,CABA,CIUDAD DE BUENOS AIRES,no
INGEFOT S.A.,30-64108517-7,,CIUDAD DE BUENOS AIRES,CAPITAL FEDERAL,no
INGENICO DO BRASIL LIMITADA SUCURSAL ARGENTINA,30-70718565-8,(011  )4394-1046,CIUDAD AUTONOMA BUENOS AIRES,CIUDAD DE BUENOS AIRES,si
INGENIERIA COMERCIAL S.R.L.,30-71210288-4,,CABA,CIUDAD DE BUENOS AIRES,no
INGENIERIA OBRAS Y SERVICIOS TISICO S.A.,30-69138027-7,,CABA,CIUDAD DE BUENOS AIRES,no
INGENIERO JORGE CESETTI S.R.L.,30-70926793-7,(0299 )442 -5377,NEUQUEN,NEUQUEN,si
INGENIEROS ELECTRONICOS ASOCIADOS S.R.L.,33-62704588-9,,CABA,CIUDAD DE BUENOS AIRES,no
INGEPAR S.R.L.,30-67135211-0,(0371 )43  -3475,FORMOSA,FORMOSA,si
INGRAM MICRO ARGENTINA S.A.,30-70200470-1,(011  )4909-9100,CIUDAD AUTONOMA BUENOS AIRES,CIUDAD DE BUENOS AIRES,si
INGYTEC S.R.L.,30-60032144-3,(011  )4683-6657,CIUDAD AUTONOMA BUENOS AIRES,CIUDAD DE BUENOS AIRES,si
INHAR INGENIERIA HOSPITALARIA S.A.,30-70829083-8,(011  )5263-0920,BECCAR,BUENOS AIRES,si
INITIUM S.R.L.,30-71486732-2,(011  )6196-5950,HURLINGHAM,BUENOS AIRES,si
INLITES S.A.,30-70846590-5,(011  )4717-5200,CABA,CIUDAD DE BUENOS AIRES,si
INNER S.R.L.,30-67609840-9,(011  )4637-4518,CIUDAD DE BUENOS AIRES,CAPITAL FEDERAL,si
INSIGHT GROUP S.A.,30-71173813-0,(011  )5464-4100,CABA,CIUDAD DE BUENOS AIRES,si
INSTAL ELECTRIC TELECOMUNICACIONES S.A.,30-70925941-1,,CIUDAD AUTONOMA BUENOS AIRES,CIUDAD DE BUENOS AIRES,no
INSUMOS PARA PC S.R.L.,30-71061567-1,(0351 )678 -8390,CORDOBA,CORDOBA,si
INTAFACE INTERNATIONAL S.A.,30-70757570-7,(011  )4901-6660,CIUDAD AUTONOMA BUENOS AIRES,CIUDAD DE BUENOS AIRES,si
INTCOMEX ARGENTINA S.R.L.,30-70715140-0,(011  )4016-6100,CIUDAD AUTONOMA BUENOS AIRES,CIUDAD DE BUENOS AIRES,si
INTEC S.R.L.,30-62923314-4,,CABA,CIUDAD DE BUENOS AIRES,no
INTEGRATED OUTSOURCING SERVICES S.A.,33-70050068-9,(011  )4815-6302,CIUDAD AUTONOMA BUENOS AIRES,CIUDAD DE BUENOS AIRES,si
INTEL SOFTWARE DE ARGENTINA S.A.,30-70944960-1,(011  )5898-8905,VICENTE LOPEZ,BUENOS AIRES,si
INTELAV S.R.L.,30-63584291-8,(011  )4591-8566,CIUDAD AUTONOMA BUENOS AIRES,CIUDAD DE BUENOS AIRES,si
INTELBRAS S.A. INDUSTRIA DE TELECOMUNICACAO ELECTRONICA BRASILEIRA,30-70701809-3,(011  )4382-2041,CIUDAD AUTONOMA BUENOS AIRES,CIUDAD DE BUENOS AIRES,si
INTEMA COMUNICACIONES S.A.,33-70859408-9,,CABA,CIUDAD DE BUENOS AIRES,no
INTEPLA S.R.L.,30-59165868-5,(0221 )425 -6565,LA PLATA,BUENOS AIRES,si
INTER-SYSTEMS S.A.,30-66164328-1,(011  )4314-3800,CIUDAD AUTONOMA BUENOS AIRES,CIUDAD DE BUENOS AIRES,si
INTERCONNECT S.A.,33-68825614-9,(011  )5578-3033,CIUDAD AUTONOMA BUENOS AIRES,CIUDAD DE BUENOS AIRES,si
INTERISA ARGENTINA S.A.,30-67789562-0,(011  )4793-4061,CIUDAD AUTONOMA BUENOS AIRES,CIUDAD DE BUENOS AIRES,si
INTERLAMP S.A.,30-64143264-0,(011  )4581-5577,CIUDAD AUTONOMA BUENOS AIRES,CIUDAD DE BUENOS AIRES,si
INTERNATIONAL OPERATION S.R.L.,30-70791081-6,(011  )4922-4801,CIUDAD AUTONOMA BUENOS AIRES,CIUDAD DE BUENOS AIRES,si
INTERNET POP MEDIA S.A.,30-71231700-7,(011  )5368-0540,CABA,CIUDAD DE BUENOS AIRES,si
INTERTECNO S.R.L.,30-68586315-0,(011  )4383-4714,CIUDAD AUTONOMA BUENOS AIRES,CIUDAD DE BUENOS AIRES,si
INTERTEL S.R.L.,30-61010510-2,,CIUDAD AUTONOMA BUENOS AIRES,CIUDAD DE BUENOS AIRES,no
INTERVET ARGENTINA S.A.,30-69137338-6,(011  )6090-7000,CABA,CIUDAD DE BUENOS AIRES,si
INTERWAVE S.A.,30-71488371-9,(011  )4621-4749,CABA,CIUDAD DE BUENOS AIRES,si
INVITROGEN ARGENTINA S.A.,30-70724875-7,(011  )4556-2808,CABA,CIUDAD DE BUENOS AIRES,si
IR COMUNICACIONES S.A.,30-59607351-0,,CIUDAD AUTONOMA BUENOS AIRES,CIUDAD DE BUENOS AIRES,no
IRAOLA TECNOLOGIA SALUD S.R.L.,33-71600139-9,(011  )4952-9800,CABA,CIUDAD DE BUENOS AIRES,si
IRET ELECTRONICA S.R.L.,30-64274793-9,(0221 )482 -6962,LA PLATA,BUENOS AIRES,si
IRIDIUM ARGENTINA S.A.,30-68150446-6,(011  )4310-2200,CIUDAD DE BUENOS AIRES,CIUDAD DE BUENOS AIRES,si
IRION S.A.,30-69558409-8,(011  )4703-0200,CABA,CIUDAD DE BUENOS AIRES,si
IRRI-AR S.A.,30-70978189-4,(011  )4345-0550,CABA,CIUDAD DE BUENOS AIRES,si
ISIADEN S.A.,30-68845494-4,(011  )4686-1071,CIUDAD AUTONOMA BUENOS AIRES,CIUDAD DE BUENOS AIRES,si
"ISOLA, JUAN CARLOS",20-04629813-7,(011  )4544-7721,CIUDAD AUTONOMA BUENOS AIRES,CIUDAD DE BUENOS AIRES,si
ISREX S.A.,30-67778469-1,(011  )4958-3730,CIUDAD AUTONOMA BUENOS AIRES,CIUDAD DE BUENOS AIRES,si
ISUZU VEHICULOS COMERCIALES DE ARGENTINA S.A.,30-71057436-3,(011  )4854-1189,BANFIELD,BUENOS AIRES,si
IT LATINOAMERICA S.A.,30-70840712-3,(011  )4372-9579,CIUDAD AUTONOMA BUENOS AIRES,CIUDAD DE BUENOS AIRES,si
ITALTEL ARGENTINA S.A.,30-63204322-4,(011  )4316-6800,CABA,CIUDAD DE BUENOS AIRES,si
ITALTEL SIT S.P.A.,30-59496377-2,(011  )4911-0736,CIUDAD AUTONOMA BUENOS AIRES,CIUDAD DE BUENOS AIRES,si
ITAUTEC.COM SERVICOS S.A.,30-68835820-1,(011  )5239-0060,CIUDAD AUTONOMA BUENOS AIRES,CIUDAD DE BUENOS AIRES,si
ITEON TECH S.A.S.,30-71640286-6,,CABA,CIUDAD DE BUENOS AIRES,no
ITM ARGENTINA S.A.,30-69684711-4,(011  )5317-6657,CABA,CIUDAD DE BUENOS AIRES,si
ITRON ARGENTINA S.A.,30-70776631-6,,CABA,CIUDAD DE BUENOS AIRES,no
ITT BORNEMANN-GOULDS PUMPS S.R.L.,30-59801999-8,(011  )5721-2591,MUNRO,BUENOS AIRES,si
ITURAN DE ARGENTINA S.A.,30-70089662-1,(011  )4892-1400,CABA,CIUDAD DE BUENOS AIRES,si
ITURAN ROAD TRACK ARGENTINA S.A.,30-71503736-6,(011  )5280-0300,FLORIDA OESTE,BUENOS AIRES,si
J.M.P. COMUNICACIONES S.R.L.,30-69197716-8,(0297 )448 -4614,COMODORO RIVADAVIA,CHUBUT,si
J.T. ARGENTINA S.A.,30-69213614-0,,CIUDAD AUTONOMA BUENOS AIRES,CIUDAD DE BUENOS AIRES,no
JAEJ S.A.,30-60656652-9,(011  )4717-1011,MARTINEZ,BUENOS AIRES,si
JARSE INDUSTRIAL Y COMERCIAL SOCIEDAD ANONIMA,30-70927346-5,(011  )4308-1838,CABA,CIUDAD DE BUENOS AIRES,si
JENCK S.A.,30-63288438-5,,CABA,CIUDAD DE BUENOS AIRES,no
JOHNSON & JOHNSON MEDICAL S.A.,30-59849850-0,(011  )4708-6765,CABA,CIUDAD DE BUENOS AIRES,si
JOHNSON CONTROLS BE ARGENTINA S.R.L.,30-57454003-4,(011  )4706-7976,CABA,CIUDAD DE BUENOS AIRES,si
JORDACHE ARGENTINA S.A.,33-62804738-9,(011  )4581-1577,CIUDAD DE BUENOS AIRES,CAPITAL FEDERAL,si
JP SERVICIOS S.A.,30-69995303-9,(011  )5219-4861,CABA,CIUDAD DE BUENOS AIRES,si
JUAN DEBERNARDI S.R.L.,30-60422370-5,(011  )4962-8442,CABA,CIUDAD DE BUENOS AIRES,si
JUEGOS DE VIDEO ARGENTINA S.R.L.,30-71545457-9,(011  )5367-4362,CABA,CIUDAD DE BUENOS AIRES,si
JUKEBOX S.A.,30-71010577-0,(011  )4958-9800,CABA,CIUDAD DE BUENOS AIRES,si
JUKI S.A.C.I.F.I.A.,33-52328758-9,(011  )4653-5714,RAMOS MEJIA,BUENOS AIRES,si
JUMBO RETAIL ARGENTINA S.A.,30-70877296-4,(011  )4733-1000,CABA,CIUDAD DE BUENOS AIRES,si
JUNIPER NETWORKS ARGENTINA S.R.L.,30-71433664-5,(011  )5383-3544,CABA,CIUDAD DE BUENOS AIRES,si
JUNIPER NETWORKS MEXICO S.A. DE C.V.,30-70840548-1,(011  )4310-2200,CIUDAD AUTONOMA BUENOS AIRES,CIUDAD DE BUENOS AIRES,si
K.M.G. FUEGUINA S.A.,30-71189252-0,(011  )5282-7400,RIO GRANDE,"TIERRA DEL FUEGO, ANTARTIDA E ISLAS DEL ATLANTICO SUR",si
K.R.M. INGENIERIA S.A.C.I.A.F.S.,30-57807760-6,(011  )5666-5625,CABA,CIUDAD DE BUENOS AIRES,si
KANSAI S.R.L.,33-68579955-9,(011  )4322-5513,CIUDAD AUTONOMA BUENOS AIRES,CIUDAD DE BUENOS AIRES,si
KAPSCH TRAFFICCOM TRANSPORTATION ARGENTINA S.A.,30-70705148-1,(011  )4775-0203,CABA,CIUDAD DE BUENOS AIRES,si
KARCHER S.A.,30-71098851-6,,CIUDAD AUTONOMA BUENOS AIRES,CIUDAD DE BUENOS AIRES,no
KARL STORZ ENDOSCOPIA ARGENTINA S.A.,30-67820498-2,(011  )4718-0919,CABA,CIUDAD DE BUENOS AIRES,si
KELCOM S.R.L.,30-71110764-5,(011  )4542-9664,CIUDAD AUTONOMA BUENOS AIRES,CIUDAD DE BUENOS AIRES,si
KEYTECH S.A.,30-60747569-1,(011  )4796-1211,VICENTE LOPEZ,BUENOS AIRES,si
KEYTEL S.R.L.,33-65007479-9,,CIUDAD DE BUENOS AIRES,CAPITAL FEDERAL,no
KIA ARGENTINA S.A.,30-70753507-1,(011  )4719-7722,CABA,CIUDAD DE BUENOS AIRES,si
KINGVOX INDUSTRIAL Y COMERCIAL S.R.L.,30-50469372-0,,CIUDAD DE BUENOS AIRES,CAPITAL FEDERAL,no
KM OFFICE SOLUTIONS S.A.,30-70757787-4,(011  )4300-8500,CIUDAD AUTONOMA BUENOS AIRES,CIUDAD DE BUENOS AIRES,si
KODAK ALARIS S.A.I.C.,33-71423088-9,(011  )3160-0698,SAN ISIDRO,BUENOS AIRES,si
KODAK ARGENTINA S.A.I.C.,30-52564969-1,(011  )4773-6105,CIUDAD AUTONOMA BUENOS AIRES,CIUDAD DE BUENOS AIRES,si
KOE S.A.,30-70955430-8,,SAN FRANCISCO (DPTO. SAN JUSTO),CORDOBA,no
KOLKE ARGENTINA S.A.,30-70894948-1,(011  )4304-8222,CABA,CIUDAD DE BUENOS AIRES,si
KOMBI ELECTRONICA S.A.,30-56963489-6,(011  )3972-9238,CABA,CIUDAD DE BUENOS AIRES,si
KOMPUSUR S.A.,30-60933119-0,(011  )4114-9900,CABA,CIUDAD DE BUENOS AIRES,si
KOPY RIGHT S.R.L.,30-63611773-7,(011  )4551-6016,CIUDAD DE BUENOS AIRES,CAPITAL FEDERAL,si
KORES S.A.,33-52532069-9,,CIUDAD DE BUENOS AIRES,CAPITAL FEDERAL,no
"KRIKORIAN, AVAK ARMEN",20-14011197-0,(011  )4322-5774,CIUDAD AUTONOMA BUENOS AIRES,CIUDAD DE BUENOS AIRES,si
KRONE COMUNICACIONES S.A.,33-68896621-9,(011  )4302-2121,CIUDAD DE BUENOS AIRES,CAPITAL FEDERAL,si
KRONEN INTERNACIONAL S.A.,30-60451400-9,(011  )4489-4470,CABA,CIUDAD DE BUENOS AIRES,si
KSB COMPAÑIA SUDAMERICANA DE BOMBAS S.A.,33-50142415-9,(011  )4044-4572,CABA,CIUDAD DE BUENOS AIRES,si
KYNDRYL ARGENTINA S.A.,30-71707223-1,(011  )5286-6581,CABA,CIUDAD DE BUENOS AIRES,si
L.I.E. LABORATORIO DE INGENIERIA ELECTRONICA S.R.L.,30-64927024-0,(011  )5218-4233,CABA,CIUDAD DE BUENOS AIRES,si
LA CASA DEL CALCULO ELECTRONICO,30-60037033-9,,CIUDAD DE BUENOS AIRES,CAPITAL FEDERAL,no
LA EMILIA S.A.,30-63916908-8,,CABA,CIUDAD DE BUENOS AIRES,no
LA INDUSTRIAL ELECTRICA S.A.,30-64561473-5,(011  )5009-7041,CABA,CIUDAD DE BUENOS AIRES,si
LABORATORIO DE TELECOMUNICACIONES S.A.,30-70308044-4,(011  )4011-9200,CIUDAD AUTONOMA BUENOS AIRES,CIUDAD DE BUENOS AIRES,si
LABORATORIOS ALVEAR S.A.,30-71181638-7,(011  )4308-4474,CABA,CIUDAD DE BUENOS AIRES,si
LADE PROFESIONAL S.A.,30-61160581-8,(011  )4639-8939,CIUDAD AUTONOMA BUENOS AIRES,CIUDAD DE BUENOS AIRES,si
LAS TRES VICTORIAS S.A.,30-61661640-0,(0223 )42  -0443,MAR DEL PLATA,BUENOS AIRES,si
LATINOTCA.COM S.A.,30-70834665-5,(011  )4373-2226,CIUDAD AUTONOMA BUENOS AIRES,CIUDAD DE BUENOS AIRES,si
LE ALPI S.A.,30-58987023-5,,CIUDAD DE BUENOS AIRES,CAPITAL FEDERAL,no
LEANVAL SOCIEDAD ANONIMA,30-59947912-7,(011  )6700-9481,RIO GRANDE,"TIERRA DEL FUEGO, ANTARTIDA E ISLAS DEL ATLANTICO SUR",si
LEDVANCE S.A.,30-50091427-7,(011  )3754-8037,CABA,CIUDAD DE BUENOS AIRES,si
LEMMUK S.A.,30-70154340-4,,MONTE GRANDE,BUENOS AIRES,no
"LENOVO (SPAIN), S.L. SUCURSAL ARGENTINA",30-70923764-7,(011  )5070-5395,MARTINEZ,BUENOS AIRES,si
LENOVO ARGENTINA S.R.L.,30-71473138-2,(011  )4836-7800,CABA,CIUDAD DE BUENOS AIRES,si
LEXMARK INTERNATIONAL DE ARGENTINA INC.,30-68146634-3,(011  )4319-8900,CIUDAD AUTONOMA BUENOS AIRES,CIUDAD DE BUENOS AIRES,si
LEXZAR MOBILE S.A.,30-70942203-7,(011  )4808-9300,CIUDAD AUTONOMA BUENOS AIRES,CIUDAD DE BUENOS AIRES,si
"LEYRIA, FERNANDO GABRIEL",20-24318185-3,(0351 )576 -0122,CORDOBA,CORDOBA,si
LG ELECTRONICS ARGENTINA S.A.,30-70728048-0,(011  )3411-5170,CABA,CIUDAD DE BUENOS AIRES,si
LGS REPRESENTACIONES S.R.L.,30-71071211-1,(011  )4325-1774,CIUDAD AUTONOMA BUENOS AIRES,CIUDAD DE BUENOS AIRES,si
LIEFRINK Y MARX S.A.,30-54001929-7,(011  )4856-4747,CABA,CIUDAD DE BUENOS AIRES,si
LIGURE S.R.L.,30-70906120-4,(011  )4861-2741,CIUDAD AUTONOMA BUENOS AIRES,CIUDAD DE BUENOS AIRES,si
LILUS S.A.,30-70901764-7,(011  )4373-4578,CABA,CIUDAD DE BUENOS AIRES,si
LIMANSKY S.A.,30-52162910-6,(011  )5219-1519,CABA,CIUDAD DE BUENOS AIRES,si
LION VENTURES S.A.,30-71243200-0,(011  )5311-7555,CABA,CIUDAD DE BUENOS AIRES,si
LITION SOFT S.A.,30-70837679-1,(011  )5246-0000,CIUDAD AUTONOMA BUENOS AIRES,CIUDAD DE BUENOS AIRES,si
LJV S.A.,30-71211392-4,(011  )4584-4699,CABA,CIUDAD DE BUENOS AIRES,si
LOGI-NET S.A.,30-70871370-4,(011  )4568-6342,CIUDAD AUTONOMA BUENOS AIRES,CIUDAD DE BUENOS AIRES,si
LOGITECH ARGENTINA S.R.L.,30-71234378-4,(011  )4559-3103,CABA,CIUDAD DE BUENOS AIRES,si
LOGOTEC S.A.,33-58307108-9,(011  )4774-1492,CIUDAD AUTONOMA BUENOS AIRES,CIUDAD DE BUENOS AIRES,si
LOJACK ARGENTINA IMPORTADORA E INSTALADORA S.A.,30-68253084-3,(011  )4313-0066,CIUDAD AUTONOMA BUENOS AIRES,CIUDAD DE BUENOS AIRES,si
LQNET S.A.,33-71032510-9,(011  )2150-4153,CABA,CIUDAD DE BUENOS AIRES,si
LRC MICROONDAS S.R.L.,30-64450342-5,,CORDOBA,CORDOBA,no
LT ZERO S.R.L.,30-71094044-0,(011  )6373-6807,CABA,CIUDAD DE BUENOS AIRES,si
LUCENT TECHNOLOGIES S.A. ARGENTINA,33-64257998-9,(011  )4340-8600,CIUDAD AUTONOMA BUENOS AIRES,CIUDAD DE BUENOS AIRES,si
LUIS G. LEDESMA COMUNICACIONES S.A.,30-67918948-0,,CIUDAD AUTONOMA BUENOS AIRES,CIUDAD DE BUENOS AIRES,no
LUMENAC S.A.,30-60116615-8,,CABA,CIUDAD DE BUENOS AIRES,no
LUMINATEC S.R.L.,30-71622761-4,(011  )3088-1999,CABA,CIUDAD DE BUENOS AIRES,si
LÜSQTOFF ARGENTINA S.A.,30-71207115-6,(011  )6146-8386,RAMOS MEJIA,BUENOS AIRES,si
LUZEN S.R.L.,30-70991007-4,(011  )4371-6119,CIUDAD AUTONOMA BUENOS AIRES,CIUDAD DE BUENOS AIRES,si
LYFORT MERCANTILE S.R.L.,30-64195142-7,(011  )4543-4788,CIUDAD DE BUENOS AIRES,CAPITAL FEDERAL,si
LYNSA S.A.,30-68007780-7,(011  )4785-5475,CIUDAD AUTONOMA BUENOS AIRES,CIUDAD DE BUENOS AIRES,si
M. ROZENBAUM E HIJOS S.A.I.C.E.I.,30-53746454-9,(011  )4844-1488,CIUDAD AUTONOMA BUENOS AIRES,CIUDAD DE BUENOS AIRES,si
M.S.A. MAGIC SOFTWARE ARGENTINA S.A.,30-68237992-4,(011  )2469-9087,CABA,CIUDAD DE BUENOS AIRES,si
M31 ELECTRONICA S.R.L.,30-64539832-3,,CABA,CIUDAD DE BUENOS AIRES,no
MACH ELECTRONICS S.A.,30-68258089-1,(011  )4532-9229,CABA,CIUDAD DE BUENOS AIRES,si
MACH S.R.L.,30-60455839-1,,CABA,CIUDAD DE BUENOS AIRES,no
MACOR INSUMOS HOSPITALARIOS S.R.L.,33-66036317-9,(011  )4551-3233,CABA,CIUDAD DE BUENOS AIRES,si
MACROTEL S.A.,30-61706493-2,(011  )4327-0101,CABA,CIUDAD DE BUENOS AIRES,si
MADERFOZ S.A.,30-61764370-3,,CIUDAD DE BUENOS AIRES,CAPITAL FEDERAL,no
MADITEL S.A.,30-65485646-6,(011  )4311-2120,CIUDAD DE BUENOS AIRES,CAPITAL FEDERAL,si
"MAGAN, ELSA BEATRIZ",27-06138467-2,,CIUDAD DE BUENOS AIRES,CAPITAL FEDERAL,no
MAGLIO ROBERTO HORACIO E HIJO S.C.C.,30-62357034-3,(011  )4361-0942,CIUDAD DE BUENOS AIRES,CAPITAL FEDERAL,si
MAGNETI MARELLI REPUESTOS S.A.,30-70757013-6,,CABA,CIUDAD DE BUENOS AIRES,no
MAGRI TELEFONIA S.R.L.,30-62888288-2,(011  )5353-7741,CIUDAD AUTONOMA BUENOS AIRES,CIUDAD DE BUENOS AIRES,si
MAKITA HERRAMIENTAS ELECTRICAS DE ARGENTINA S.A.,30-69291647-2,(0230 )444 -1100,PILAR,BUENOS AIRES,si
MAR MAQUINARIAS S.A.,30-67777497-1,(011  )4710-0100,BOULOGNE SUR MER,BUENOS AIRES,si
MARCONI COMMUNICATIONS ARGENTINA S.A.,30-70474466-4,(011  )4322-5300,CIUDAD AUTONOMA BUENOS AIRES,CIUDAD DE BUENOS AIRES,si
MARCONI RADIO S.R.L.,30-61521663-8,,OLIVOS,BUENOS AIRES,no
MARED II S.R.L.,33-68902160-9,,CORDOBA,CORDOBA,no
MARKEM-IMAJE S.A.,30-52815043-4,(011  )5280-3660,GENERAL PACHECO,BUENOS AIRES,si
MARKETING INTELLIGENCE S.A.,30-71112379-9,(011  )4711-8986,CIUDAD AUTONOMA BUENOS AIRES,CIUDAD DE BUENOS AIRES,si
MARKETRONICS DE ARGENTINA S.A.,30-70735628-2,(011  )4303-2221,CIUDAD DE BUENOS AIRES,CAPITAL FEDERAL,si
MARKETRONICS S.A.,30-59900603-2,,CAPITAL FEDERAL,CIUDAD DE BUENOS AIRES,no
MARPATECH S.A.C.,30-71150544-6,,MORON,BUENOS AIRES,no
MARTINIANO ROMERO S.A.,30-59710334-0,(011  )4343-5619,CIUDAD DE BUENOS AIRES,CAPITAL FEDERAL,si
MASNET S.A.,30-71026798-3,(011  )4553-5900,CABA,CIUDAD DE BUENOS AIRES,si
MASSALIN PARTICULARES SOCIEDAD DE RESPONSABILIDAD LIMITADA,33-50060698-9,(011  )5957-3006,MERLO,BUENOS AIRES,si
MASUE S.A.,30-63520132-7,,CIUDAD DE BUENOS AIRES,CAPITAL FEDERAL,no
MATEC MEDICION S.R.L.,30-70991633-1,(011  )4554-5243,CABA,CIUDAD DE BUENOS AIRES,si
MATERTEL S.A.,30-52038833-4,(011  )4573-6700,CIUDAD AUTONOMA BUENOS AIRES,CIUDAD DE BUENOS AIRES,si
MATYCA S.A.,30-70845459-8,,MENDOZA,MENDOZA,no
MAURO COMUNICACIONES S.C.A.,30-55177487-9,,CIUDAD AUTONOMA BUENOS AIRES,CIUDAD DE BUENOS AIRES,no
MAX PRECISION S.A.,30-62964854-9,(011  )4783-0517,CIUDAD AUTONOMA BUENOS AIRES,CIUDAD DE BUENOS AIRES,si
MAXIFON S.A.,30-68209834-8,(011  )4305-0576,CIUDAD DE BUENOS AIRES,CAPITAL FEDERAL,si
MAYCAR SOCIEDAD ANONIMA,30-61286533-3,(011  )4829-1200,CABA,CIUDAD DE BUENOS AIRES,si
MCAFEE ARGENTINA S.A.,30-69232347-1,(011  )4515-4200,CIUDAD AUTONOMA BUENOS AIRES,CIUDAD DE BUENOS AIRES,si
MED-EL LATINO AMERICA S.R.L.,30-69620881-2,(011  )4954-0404,CABA,CIUDAD DE BUENOS AIRES,si
"MEDEROS, JUAN CLAUDIO",20-14182601-9,(011  )4961-1827,CIUDAD DE BUENOS AIRES,CAPITAL FEDERAL,si
MEDIATEL S.A.,30-69153550-5,,OLIVOS,BUENOS AIRES,no
MEDICAL FLOW SOLUTIONS S.A.,30-70998136-2,(011  )5031-1500,CABA,CIUDAD DE BUENOS AIRES,si
"MEDINA RIVERO, ROBERTO WALDO",20-12939030-2,(011  )4470-1461,CABA,CIUDAD DE BUENOS AIRES,si
MEDITECNA S.R.L.,30-66127835-4,,CABA,CIUDAD DE BUENOS AIRES,no
"MEDTRONIC LATIN AMERICA, INC.",30-66004264-0,,CABA,CIUDAD DE BUENOS AIRES,no
MEEL S.R.L.,30-50401259-6,(011  )4553-7071,CIUDAD DE BUENOS AIRES,CAPITAL FEDERAL,si
MEGAHERTZ S.R.L.,30-61215533-6,(011  )4657-5638,CIUDADELA,BUENOS AIRES,si
MEGATRANS S.A.,30-67736148-0,(011  )4343-8510,CIUDAD AUTONOMA BUENOS AIRES,CIUDAD DE BUENOS AIRES,si
MEGGA COMUNICACIONES S.A.,30-70760414-6,(011  )4867-5151,CIUDAD AUTONOMA BUENOS AIRES,CIUDAD DE BUENOS AIRES,si
MEKTRON S.R.L.,30-60611059-2,(011  )4854-4508,CIUDAD DE BUENOS AIRES,CAPITAL FEDERAL,si
MELLER COMUNICACIONES S.A.,30-60881661-1,(0265 )42  -4793,VILLA MERCEDES,SAN LUIS,si
MENDOZA QUICKSERV S.A.,33-71112454-9,,CIUDAD AUTONOMA BUENOS AIRES,CIUDAD DE BUENOS AIRES,no
MENTRAU S.A.,30-71126299-3,(011  )6980-1540,CABA,CIUDAD DE BUENOS AIRES,si
MER SYSTEMS S.A.,30-71199099-9,(011  )6824-1191,CIUDAD AUTONOMA BUENOS AIRES,CIUDAD DE BUENOS AIRES,si
MERCADOLIBRE S.R.L.,30-70308853-4,(011  )5962-2376,CABA,CIUDAD DE BUENOS AIRES,si
MERCEDES-BENZ ARGENTINA S.A.U.,30-50298736-0,(011  )4808-8817,CIUDAD AUTONOMA BUENOS AIRES,CIUDAD DE BUENOS AIRES,si
MERCEDES-BENZ CAMIONES Y BUSES ARGENTINA S.A.U.,30-71634944-2,(011  )4808-8857,MUNRO,CIUDAD DE BUENOS AIRES,si
MERCK S.A.,30-50383256-5,(011  )4546-8100,CABA,CIUDAD DE BUENOS AIRES,si
MERCOTEL S.R.L.,30-65328970-3,(011  )4774-4144,CIUDAD DE BUENOS AIRES,CAPITAL FEDERAL,si
MERCURY COMMUNICATIONS S.A.,33-65777536-9,(011  )4314-4530,CIUDAD AUTONOMA BUENOS AIRES,CIUDAD DE BUENOS AIRES,si
MERTIND ARGENTINA S.A.,30-70897889-9,(011  )4953-8288,CIUDAD AUTONOMA BUENOS AIRES,CIUDAD DE BUENOS AIRES,si
MERWIN INKJET SISTEMS S.A.,30-70921249-0,(011  )5195-8926,BOULOGNE,BUENOS AIRES,si
METROCITY S.A.,30-70709116-5,(011  )4730-4539,VILLA MARTELLI,BUENOS AIRES,si
METROCOM S.A.,30-64528524-3,(011  )4862-7358,CIUDAD AUTONOMA BUENOS AIRES,CIUDAD DE BUENOS AIRES,si
MF GROUP CONSULTORES ESPECIALIZADOS S.R.L.,30-71590654-2,(011  )5235-2131,CABA,CIUDAD DE BUENOS AIRES,si
MICHELIN ARGENTINA S.A.I.C.F.,30-52551488-5,(011  )4630-3022,CABA,CIUDAD DE BUENOS AIRES,si
MICROBELL S.A.,30-70839018-2,(011  )4649-9050,CABA,CIUDAD DE BUENOS AIRES,si
MICROCOM ARGENTINA SOCIEDAD ANONIMA,30-69388767-0,(011  )6091-8585,CABA,CIUDAD DE BUENOS AIRES,si
MICROGLOBAL ARGENTINA S.A.,30-66153522-5,(011  )4370-2100,CABA,CIUDAD DE BUENOS AIRES,si
MICROSOFT DE ARGENTINA S.R.L.,30-64570631-1,(011  )6852-4517,CABA,CIUDAD DE BUENOS AIRES,si
MICROWAVE DATA SYSTEMS ARGENTINA S.R.L.,30-69170737-3,(011  )4568-1990,CIUDAD AUTONOMA BUENOS AIRES,CIUDAD DE BUENOS AIRES,si
MICROWAVE INTERNATIONAL S.A.,30-61083691-3,(011  )4326-3493,CIUDAD DE BUENOS AIRES,CAPITAL FEDERAL,si
MINARELLI S.A.,30-70861051-4,(011  )2651-3892,CABA,CIUDAD DE BUENOS AIRES,si
MINETECH SOCIEDAD DE RESPONSABILIDAD LIMITADA,30-71402853-3,(011  )5199-1055,CABA,CIUDAD DE BUENOS AIRES,si
"MINETTI, MARCO FERNANDO",20-17571437-6,(03492)49  -9184,CLUCELLAS,SANTA FE,si
"MIRANDA, EDGARDO FABIAN",20-20586224-3,(011  )5622-0940,CABA,CIUDAD DE BUENOS AIRES,si
MIRGOR SOCIEDAD ANONIMA COMERCIAL INDUSTRIAL FINANCIERA INMOBILIARIA AGROPECUARIA,30-57803607-1,(011  )4687-1021,CIUDAD DE BUENOS AIRES,CIUDAD DE BUENOS AIRES,si
MIRIAD S.A.,30-62075145-2,(011  )4552-1609,CIUDAD DE BUENOS AIRES,CAPITAL FEDERAL,si
MITESIA S.A.,30-71145758-1,(011  )4342-0148,CABA,CIUDAD DE BUENOS AIRES,si
"MITRE MUÑOZ, MARCELO EDUARDO",20-13014668-7,,CABA,CIUDAD DE BUENOS AIRES,no
MITROL S.R.L.,30-62156402-8,(011  )4574-3131,CIUDAD AUTONOMA BUENOS AIRES,CIUDAD DE BUENOS AIRES,si
MITSU MOTORS S.A.,30-71586693-1,(011  )3782-2583,TORTUGUITAS,BUENOS AIRES,si
MITUTOYO SUL AMERICANA LTDA.,30-70733592-7,(011  )4394-9652,CABA,CIUDAD DE BUENOS AIRES,si
MM COMUNICACIONES S.A.,30-70868590-5,,CABA,CIUDAD DE BUENOS AIRES,no
MOCORETA S.A.,30-54165580-4,,CIUDAD DE BUENOS AIRES,CAPITAL FEDERAL,no
MOLINOS MARIMBO S.A.I. Y C.,30-53758291-6,(03584)43  -4256,LA CARLOTA,CORDOBA,si
MONSANTO ARGENTINA S.R.L.,30-50350872-5,(011  )4316-2429,CABA,CIUDAD DE BUENOS AIRES,si
MONTESIN S.A.,30-62882501-3,,CIUDAD DE BUENOS AIRES,CAPITAL FEDERAL,no
"MONTI, RICARDO JOSE AMBROSIO",20-04285804-9,(011  )4361-6132,CIUDAD DE BUENOS AIRES,CAPITAL FEDERAL,si
MORPHO DE ARGENTINA S.A.,30-71405022-9,(011  )4390-9607,CABA,CIUDAD DE BUENOS AIRES,si
MOTEK S.A.,30-62130075-6,(011  )4541-0337,CIUDAD DE BUENOS AIRES,CAPITAL FEDERAL,si
MOTOROLA MOBILITY OF ARGENTINA S.A.,30-71124798-6,(011  )4317-5202,VICENTE LOPEZ,BUENOS AIRES,si
MOTOROLA SOLUTIONS ARGENTINA S.A.,30-66205353-4,(011  )4837-4008,VICENTE LOPEZ,BUENOS AIRES,si
MOVATEC S.A.,30-61455746-6,(011  )4795-6112,FLORIDA,BUENOS AIRES,si
MOVIL CARGA S.A.,30-70883915-5,(011  )4000-7800,CIUDAD AUTONOMA BUENOS AIRES,CIUDAD DE BUENOS AIRES,si
MPR GROUP S.R.L.,30-71796855-3,(011  )2687-3607,CABA,CIUDAD DE BUENOS AIRES,si
MRD SOLUCIONES S.A.,30-71248431-0,(011  )3180-2687,CABA,CIUDAD DE BUENOS AIRES,si
MSG COMUNICACIONES S.A.,30-67728983-6,(011  )4374-0503,CABA,CIUDAD DE BUENOS AIRES,si
MT GROUP S.A.,30-71536887-7,(011  )3824-3510,CABA,CIUDAD DE BUENOS AIRES,si
"MUDSKI, DURGAN",20-07146051-8,(0387 )431 -0026,SALTA,SALTA,si
MULTIJACTO S.A.,30-63208973-9,(011  )4319-7100,CABA,CIUDAD DE BUENOS AIRES,si
MULTIPOINT S.A.,33-67741441-9,(011  )4779-5555,CABA,CIUDAD DE BUENOS AIRES,si
MULTIRADIO S.A.,30-57378574-2,(011  )4779-5500,CABA,CIUDAD DE BUENOS AIRES,si
MULTISPORTS S.A.,33-71146295-9,,CABA,CIUDAD DE BUENOS AIRES,no
MULTITEC SUDAMERICANA S.R.L.,30-64271480-1,,CABA,CIUDAD DE BUENOS AIRES,no
MULTIVIDEO S.A.,30-58996878-2,(011  )4343-0069,CIUDAD AUTONOMA BUENOS AIRES,CIUDAD DE BUENOS AIRES,si
MUNDITOL S.A.I.C.E.F. E I.,30-51933627-4,(011  )4821-9999,CABA,CIUDAD DE BUENOS AIRES,si
MUNDO ELECTRONICO S.R.L.,30-65751222-9,(011  )4322-1362,CIUDAD DE BUENOS AIRES,CAPITAL FEDERAL,si
MUTUALIDAD ARGENTINA DE HIPOACUSICOS,30-52406740-0,(011  )4909-5200,CIUDAD AUTONOMA BUENOS AIRES,CIUDAD DE BUENOS AIRES,si
MYRIOTA PTY LTD,30-71802567-9,(011  )5841-5851,CABA,CIUDAD DE BUENOS AIRES,si
N&F DISTRIBUTIONS S.A.,30-71428671-0,,OLIVOS,BUENOS AIRES,no
NANO CARE S.A.,30-71514501-0,(011  )3189-1084,CABA,CIUDAD DE BUENOS AIRES,si
NANOCOMM S.A.,30-70961264-2,(011  )5274-7373,CABA,CIUDAD DE BUENOS AIRES,si
NATECH SOLUTIONS S.R.L.,30-71536374-3,(011  )5427-3982,FISHERTON,SANTA FE,si
NATELCO S.A.I.C.,30-54850798-3,(011  )4303-0530,CIUDAD AUTONOMA BUENOS AIRES,CIUDAD DE BUENOS AIRES,si
NATURAL MICROSYSTEMS LATIN AMERICA S.A.,30-68831569-3,,CIUDAD AUTONOMA BUENOS AIRES,CIUDAD DE BUENOS AIRES,no
NAVAL MOTOR SOCIEDAD ANONIMA,30-52142451-2,(011  )4796-1777,VICENTE LOPEZ,BUENOS AIRES,si
"NAVEIRO, RAUL JORGE",20-05184754-8,(011  )4250-2312,QUILMES OESTE,BUENOS AIRES,si
NAVITIME S.A.,30-70093030-7,(011  )4328-6295,CABA,CIUDAD DE BUENOS AIRES,si
NAVITRONIC S.R.L.,30-56171600-1,(011  )4745-0354,SAN FERNANDO,BUENOS AIRES,si
NCR ARGENTINA S.R.L.,30-52530926-2,(011  )4379-0206,CIUDAD DE BUENOS AIRES,CAPITAL FEDERAL,si
NEC ARGENTINA S.A.,30-59020343-9,(011  )4010-6057,CIUDAD AUTONOMA BUENOS AIRES,CIUDAD DE BUENOS AIRES,si
NECCORD S.A.,30-69301737-4,(0351 )489 -4800,CORDOBA,CORDOBA,si
ÑEEMBY S.A.,30-61983908-7,,CIUDAD AUTONOMA BUENOS AIRES,CIUDAD DE BUENOS AIRES,no
NEI S.A.,30-64583525-1,(011  )4301-8308,CIUDAD AUTONOMA BUENOS AIRES,CIUDAD DE BUENOS AIRES,si
NESTLE ARGENTINA S.A.,30-54676404-0,,CABA,CIUDAD DE BUENOS AIRES,no
NET CONNECTION INTERNATIONAL S.R.L.,30-70744153-0,(011  )4394-0461,CIUDAD AUTONOMA BUENOS AIRES,CIUDAD DE BUENOS AIRES,si
NET WORK S.R.L.,30-66106458-3,(011  )4555-3290,CIUDAD AUTONOMA BUENOS AIRES,CIUDAD DE BUENOS AIRES,si
NETCO S.A.,30-65150548-4,(011  )4381-4002,CIUDAD AUTONOMA BUENOS AIRES,CIUDAD DE BUENOS AIRES,si
NETELCOM S.A.,30-70182569-8,(011  )5353-6511,CABA,CIUDAD DE BUENOS AIRES,si
NETIO S.R.L.,30-70786947-6,(011  )4554-9997,CABA,CIUDAD DE BUENOS AIRES,si
NETWORK BROADCAST S.A.,30-70795169-5,,CABA,CIUDAD DE BUENOS AIRES,no
NEW DUNE IMPORTS S.R.L.,30-71895599-4,(02392)51  -4171,TRENQUE LAUQUEN,BUENOS AIRES,si
NEWELL BRANDS DE ARGENTINA S.A.,30-70734470-5,,CABA,CIUDAD DE BUENOS AIRES,no
NEWSAN S.A.,30-64261755-5,,CABA,CIUDAD DE BUENOS AIRES,no
NEWTECH SOLUTIONS S.A.,30-70778894-8,(011  )4320-5400,CIUDAD AUTONOMA BUENOS AIRES,CIUDAD DE BUENOS AIRES,si
NEWTON STATION S.R.L.,30-71198096-9,(011  )6423-6041,CABA,CIUDAD DE BUENOS AIRES,si
NEXSYS ARGENTINA S.A.,30-70174960-6,(011  )5353-0928,CABA,CIUDAD DE BUENOS AIRES,si
NEXTEL COMMUNICATIONS ARGENTINA S.R.L.,30-67877531-9,,CIUDAD AUTONOMA BUENOS AIRES,CIUDAD DE BUENOS AIRES,no
NEXUS ELECTRIC S.A.,30-71439827-6,,CABA,CIUDAD DE BUENOS AIRES,no
NG ELECTRONICA S.A.,30-68849588-8,(011  )4014-0000,CIUDAD AUTONOMA BUENOS AIRES,CIUDAD DE BUENOS AIRES,si
NG SOLUCIONES TECNOLOGICAS S.R.L.,30-70999124-4,(011  )5581-0024,CABA,CIUDAD DE BUENOS AIRES,si
NGA SISTEMAS ELECTRONICOS SATELITALES S.R.L.,30-70797466-0,(011  )4815-2857,CIUDAD AUTONOMA BUENOS AIRES,CIUDAD DE BUENOS AIRES,si
NICE S.A.,30-67731051-7,(011  )4343-1718,CIUDAD AUTONOMA BUENOS AIRES,CIUDAD DE BUENOS AIRES,si
NIKE ARGENTINA S.R.L.,30-67815546-9,(011  )4796-6423,CIUDAD AUTONOMA BUENOS AIRES,CIUDAD DE BUENOS AIRES,si
NION TECNOLOGIA Y COMUNICACIONES S.R.L.,30-71578001-8,(011  )5387-2077,CABA,CIUDAD DE BUENOS AIRES,si
NISSAN ARGENTINA S.A.,30-71158535-0,(011  )5533-6800,VICENTE LOPEZ,BUENOS AIRES,si
NOBLEX ARGENTINA S.A.,30-50071173-2,,CABA,CIUDAD DE BUENOS AIRES,no
NOETEC S.R.L.,30-71614651-7,(011  )5263-3705,CABA,CIUDAD DE BUENOS AIRES,si
NOKIA ARGENTINA S.A.,30-69154843-7,(011  )4814-9777,CIUDAD AUTONOMA BUENOS AIRES,CIUDAD DE BUENOS AIRES,si
NOKIA SOLUTIONS AND NETWORKS ARGENTINA S.A.,30-71023592-5,(011  )4131-9500,CABA,CIUDAD DE BUENOS AIRES,si
NOR-K S.R.L.,30-61816309-8,(011  )4584-6044,CIUDAD DE BUENOS AIRES,CAPITAL FEDERAL,si
NORDENWAGEN S.A.,30-64920153-2,(011  )5238-6060,CIUDAD AUTONOMA BUENOS AIRES,CIUDAD DE BUENOS AIRES,si
NOROGHI S.A.,30-71361250-9,(011  )4409-8888,CABA,CIUDAD DE BUENOS AIRES,si
NORTECOM S.R.L.,30-60090977-7,(011  )4752-1988,VILLA MAIPU,BUENOS AIRES,si
NORTEL NETWORKS DE ARGENTINA S.A.,30-67783045-6,(011  )5550-7200,CIUDAD AUTONOMA BUENOS AIRES,CIUDAD DE BUENOS AIRES,si
NORTH SYSTEM S.R.L.,30-71068314-6,(011  )5870-5475,CABA,CIUDAD DE BUENOS AIRES,si
NOVACOM S.A.,30-68626842-6,(011  )4866-2020,CIUDAD DE BUENOS AIRES,CAPITAL FEDERAL,si
NOVATECH SOLUTIONS S.A.,33-70901429-9,(011  )4941-2163,CABA,CIUDAD DE BUENOS AIRES,si
NRD COMUNICACIONES S.A.,33-61335457-9,(011  )4727-0025,DON TORCUATO,BUENOS AIRES,si
NTZ ELECTRONICS S.R.L.,30-71478979-8,(011  )4871-5929,CABA,CIUDAD DE BUENOS AIRES,si
NYSSA S.R.L.,30-67671072-4,(011  )4756-6718,MUNRO,BUENOS AIRES,si
O.M. SYSTEMS S.R.L.,30-64273813-1,(011  )4308-5102,CIUDAD DE BUENOS AIRES,CAPITAL FEDERAL,si
"OCCHI, LUIS",20-15237106-4,(0223 )4650-0190,MAR DEL PLATA,BUENOS AIRES,si
OFFICENET S.A.,33-69214822-9,(011  )4136-6666,CIUDAD AUTONOMA BUENOS AIRES,CIUDAD DE BUENOS AIRES,si
OFISER S.A.,30-60166818-8,(011  )4312-0311,CIUDAD DE BUENOS AIRES,CAPITAL FEDERAL,si
OHPIC S.A.,30-71625104-3,(011  )6250-0579,CABA,CIUDAD DE BUENOS AIRES,si
OKI BR ARGENTINA S.A.,30-71023561-5,(011  )5239-0060,CABA,CIUDAD DE BUENOS AIRES,si
OLICART S.A.,30-65479739-7,(011  )4342-7988,CIUDAD DE BUENOS AIRES,CAPITAL FEDERAL,si
OLIVETTI ARGENTINA S.A.C.I.,30-52538517-1,(011  )4515-4048,CIUDAD AUTONOMA BUENOS AIRES,CIUDAD DE BUENOS AIRES,si
OLS ARGENTINA S.A.,30-69795880-7,(011  )4374-1002,CIUDAD DE BUENOS AIRES,CAPITAL FEDERAL,si
OMBUMED S.A.,30-71688175-6,,CABA,CIUDAD DE BUENOS AIRES,no
OMEGA ELECTRONICA S.A.,33-54057441-9,,CIUDAD AUTONOMA BUENOS AIRES,CIUDAD DE BUENOS AIRES,no
OMNISAT S.A.,30-69330140-4,(011  )4309-2004,CIUDAD DE BUENOS AIRES,CIUDAD DE BUENOS AIRES,si
OMNITRACS S.A.,30-69231917-2,,DON TORCUATO,BUENOS AIRES,no
OMNITRONIC SOCIEDAD ANONIMA,30-65502325-5,,CABA,CIUDAD DE BUENOS AIRES,no
OMRON ELECTRONICS LLC. SUCURSAL ARGENTIN,30-69728776-7,(011  )5365-8355,CABA,CIUDAD DE BUENOS AIRES,si
OMT S.R.L.,30-71517110-0,(011  )4952-2409,CABA,CIUDAD DE BUENOS AIRES,si
ONITY S.A.,30-70758489-7,(011  )4309-9500,CABA,CIUDAD DE BUENOS AIRES,si
OPTIVOZ S.A.,30-70851598-8,,CIUDAD AUTONOMA BUENOS AIRES,CIUDAD DE BUENOS AIRES,no
OPTYTEK S.R.L.,30-71624603-1,(0351 )272 -3174,LA CALERA,CORDOBA,si
ORBCOMM DE ARGENTINA S.A.,30-71087113-9,,CIUDAD DE BUENOS AIRES,CIUDAD DE BUENOS AIRES,no
ORBITH S.A.,30-71553907-8,(011  )3656-1100,CABA,CIUDAD DE BUENOS AIRES,si
ORICA ARGENTINA S.A.I.C.,30-68624174-9,,CIUDAD AUTONOMA BUENOS AIRES,CIUDAD DE BUENOS AIRES,no
ORUX S.A.,30-70887966-1,(011  )4773-1452,CIUDAD DE BUENOS AIRES,CAPITAL FEDERAL,si
ORVA ELECTRONICA S.R.L.,00-00002388-0,,CIUDAD DE BUENOS AIRES,CAPITAL FEDERAL,no
OSRAM S.A.,30-71519761-4,(011  )5808-4656,MARTINEZ,BUENOS AIRES,si
OTIS (ARGENTINA) S.A.,30-51696072-4,(011  )6274-8430,CABA,CIUDAD DE BUENOS AIRES,si
OTTO BOCK ARGENTINA S.A.,30-70708019-8,(011  )5368-6362,CABA,CIUDAD DE BUENOS AIRES,si
PADTEC S.A.,30-71066796-5,(011  )5272-2010,CIUDAD AUTONOMA BUENOS AIRES,CIUDAD DE BUENOS AIRES,si
PAMPA SERVICES S.R.L.,30-71536026-4,(011  )3045-3045,CABA,CIUDAD DE BUENOS AIRES,si
PANASONIC ARGENTINA S.A.,30-61380181-9,(011  )4308-1610,CIUDAD DE BUENOS AIRES,CAPITAL FEDERAL,si
PANASONIC DO BRASIL LIMITADA SUCURSAL ARGENTINA,30-70829025-0,(011  )4122-7200,CABA,CIUDAD DE BUENOS AIRES,si
PANTECH ARGENTINA S.A.,30-70934322-6,(011  )4342-1230,CIUDAD AUTONOMA BUENOS AIRES,CIUDAD DE BUENOS AIRES,si
PARALLEL S.A.,30-57921525-5,(011  )4732-3232,CIUDAD AUTONOMA BUENOS AIRES,CIUDAD DE BUENOS AIRES,si
PARKER HANNIFIN ARGENTINA SOCIEDAD ANONIMA INDUSTRIAL Y COMERCIAL,30-51649014-0,(03327)44  -4129,TORTUGUITAS,BUENOS AIRES,si
"PASETTO, ALDO JORGE ROBERTO",20-06012691-8,(0341 )457 -2420,ROSARIO,SANTA FE,si
PAYWAY S.A.U.,30-71766440-6,(011  )6695-1234,CABA,CIUDAD DE BUENOS AIRES,si
PC 14 SILICIA S.R.L.,30-71708346-2,(011  )5465-7823,VILLA LINCH,BUENOS AIRES,si
PC-ARTS ARGENTINA S.A.,30-70860230-9,(011  )5634-8175,CABA,CIUDAD DE BUENOS AIRES,si
PEPPERL+FUCHS ARGENTINA S.R.L.,30-71068308-1,(011  )4415-9340,CABA,CIUDAD DE BUENOS AIRES,si
PERFORMANCE SPECIALTY PRODUCTS ARGENTINA S.A.U.,30-71554744-5,(011  )4429-1596,CABA,CIUDAD DE BUENOS AIRES,si
PEUGEOT CITROËN ARGENTINA S.A.,30-50474453-8,,CABA,CIUDAD DE BUENOS AIRES,no
PFAHLER COMUNICACIONES S.A.,30-57161561-0,(011  )4322-7511,CIUDAD DE BUENOS AIRES,CAPITAL FEDERAL,si
PFIZER SOCIEDAD DE RESPONSABILIDAD LIMITADA,30-50351851-8,(011  )2321-9650,CABA,CIUDAD DE BUENOS AIRES,si
PHICOMS S.R.L.,30-68026642-1,(011  )4639-5673,CIUDAD AUTONOMA BUENOS AIRES,CIUDAD DE BUENOS AIRES,si
PHILIPS ARGENTINA SOCIEDAD ANONIMA,30-50052723-0,(011  )4546-7777,CIUDAD AUTONOMA BUENOS AIRES,CIUDAD DE BUENOS AIRES,si
PHILIPS DOMESTIC APPLIANCES ARGENTINA S.A.,30-71690107-2,(011  )5048-9953,CABA,CIUDAD DE BUENOS AIRES,si
PHOENIX CONTACT S.A.,30-68149923-3,,CABA,CIUDAD DE BUENOS AIRES,no
PILISAR S.A.,33-70918084-9,(011  )4545-5100,CABA,CIUDAD DE BUENOS AIRES,si
PINAMAR SOLEADO S.A.,30-69077229-5,,CIUDAD AUTONOMA BUENOS AIRES,CIUDAD DE BUENOS AIRES,no
PIONEER INTERNATIONAL LATIN AMERICA S.A. SUCURSAL ARGENTINA,30-71208507-6,(011  )5729-7312,CABA,CIUDAD DE BUENOS AIRES,si
PIRELLI NEUMATICOS SOCIEDAD ANONIMA INDUSTRIAL Y COMERCIAL,33-50223253-9,(011  )4489-6601,CABA,CIUDAD DE BUENOS AIRES,si
PISCINA NATURAL S.R.L.,30-71605740-9,(011  )3536-3802,QUILMES OESTE,BUENOS AIRES,si
PIXART S.R.L.,30-70840824-3,(011  )4300-5900,CABA,CIUDAD DE BUENOS AIRES,si
PLANEX S.A.,30-65998023-8,(011  )4315-3217,CABA,CIUDAD DE BUENOS AIRES,si
PLAZA FAN IMPORTACION Y DISTRIBUCION S.A.,30-69450040-0,(011  )6000-7677,CABA,CIUDAD DE BUENOS AIRES,si
PLW WORLD GROUP S.R.L.,30-70980446-0,(011  )5252-7030,CABA,CIUDAD DE BUENOS AIRES,si
POLITRONICS S.A.,30-58345335-7,,CABA,CIUDAD DE BUENOS AIRES,no
POLYCOM TELECOMUNICACOES DO BRASIL LIMITADA,30-71049384-3,,CABA,CIUDAD DE BUENOS AIRES,no
POLYTECH S.A.,33-64335874-9,(011  )4701-6220,CIUDAD AUTONOMA BUENOS AIRES,CIUDAD DE BUENOS AIRES,si
POP CARGO S.R.L.,30-71588179-5,(011  )5256-5230,CABA,CIUDAD DE BUENOS AIRES,si
POSITIVO ARGENTINA S.R.L.,30-71573274-9,(011  )4129-8811,CABA,CIUDAD DE BUENOS AIRES,si
POSNET S.R.L.,30-62017749-7,(011  )4340-9800,CIUDAD AUTONOMA BUENOS AIRES,CIUDAD DE BUENOS AIRES,si
POSTHAC S.A.,30-70844708-7,(011  )4931-6555,CIUDAD DE BUENOS AIRES,CAPITAL FEDERAL,si
POSWARE SOLUTIONS GROUP S.R.L.,30-70856625-6,(011  )4342-0066,CIUDAD AUTONOMA BUENOS AIRES,CIUDAD DE BUENOS AIRES,si
POTENCO S.A.,30-71474460-3,(011  )6091-8780,CABA,CIUDAD DE BUENOS AIRES,si
POUYET ARGENTINA S.A.,30-66304333-8,(011  )4911-4664,CIUDAD DE BUENOS AIRES,CAPITAL FEDERAL,si
POWERMETER S.A.S.,33-71597310-9,(011  )6137-0947,CABA,CIUDAD DE BUENOS AIRES,si
POYRY INFRA S.A.,30-70545159-8,,MARTINEZ,BUENOS AIRES,no
PREVENT GAS S.A.,33-71426914-9,(011  )4922-3804,CABA,CIUDAD DE BUENOS AIRES,si
PRIMER OPERADOR PRIVADO INDEPENDIENTE ARGENTINA S.A.,30-69129692-6,,CABA,CIUDAD DE BUENOS AIRES,no
PRIMERA RED INTERACTIVA DE MEDIOS ARGENTINOS (PRIMA) S.A.,33-68211565-9,,CIUDAD AUTONOMA BUENOS AIRES,CIUDAD DE BUENOS AIRES,no
PRIMOR DISTRIBUCIONES S.R.L.,30-71631286-7,(011  )3319-6413,REMEDIOS DE ESCALADA,BUENOS AIRES,si
PROCESSING DATA ARGENTINA S.A.,30-71194283-8,(011  )4328-3995,CABA,CIUDAD DE BUENOS AIRES,si
PROD S.A.,30-70700309-6,,CIUDAD AUTONOMA BUENOS AIRES,CIUDAD DE BUENOS AIRES,no
PRODUCIR INTEGRAL S.A.,30-71224270-8,(011  )3650-2158,CABA,CIUDAD DE BUENOS AIRES,si
PRODUCTOS ROCHE SOCIEDAD ANONIMA QUIMICA E INDUSTRIAL,30-52744428-0,,CABA,CIUDAD DE BUENOS AIRES,no
PROGEU ACCESORIOS DE PISCINAS S.R.L.,30-71192111-3,(011  )4150-9395,CABA,CIUDAD DE BUENOS AIRES,si
PROMAX S.R.L.,30-61553068-5,,CORDOBA,CORDOBA,no
PROPATO HERMANOS S.A.I.C.,30-55425869-3,(011  )5556-8800,CABA,CIUDAD DE BUENOS AIRES,si
PROSEGUR ACTIVA ARGENTINA S.A.,30-70977656-4,(011  )4430-0109,CABA,CIUDAD DE BUENOS AIRES,si
PROTEK SEGURIDAD ELECTRONICA GLOBAL S.A.,30-69919130-9,(011  )4637-1444,CIUDAD DE BUENOS AIRES,CAPITAL FEDERAL,si
PROWAY S.A.,30-67771451-0,(011  )4555-3666,CIUDAD AUTONOMA BUENOS AIRES,CIUDAD DE BUENOS AIRES,si
PROYECCIONES DIGITALES S.A.,30-68728975-3,(011  )5353-1110,CIUDAD AUTONOMA BUENOS AIRES,CIUDAD DE BUENOS AIRES,si
PROYESCO S.A.,30-61137374-7,(011  )4313-8094,CABA,CIUDAD DE BUENOS AIRES,si
PSIAR S.A.,30-66319469-7,(011  )4345-2351,CIUDAD DE BUENOS AIRES,CAPITAL FEDERAL,si
PST ELETRONICA LTDA.,30-70200395-0,(011  )4700-0051,SAN ISIDRO,BUENOS AIRES,si
Q.B. S.A.,30-67794711-6,,CIUDAD DE BUENOS AIRES,CAPITAL FEDERAL,no
QISUR LED S.R.L.,30-71577478-6,(011  )6474-0120,MARTINEZ,BUENOS AIRES,si
QMAX S.R.L.,33-70824884-9,(011  )4671-5353,CABA,CIUDAD DE BUENOS AIRES,si
QUANTUM TECNOLOGIA S.A.,30-70867697-3,(011  )5253-8025,CABA,CIUDAD DE BUENOS AIRES,si
QUONON S.R.L.,30-61228380-6,(011  )4572-6832,CIUDAD DE BUENOS AIRES,CAPITAL FEDERAL,si
RACKLATINA S.A.,30-67969632-3,,FRANCISCO ALVAREZ,BUENOS AIRES,no
RADIO AVISO S.A.,30-59096645-9,(0351 )4478-9704,CORDOBA,CORDOBA,si
RADIO EXPRESS S.A.,30-68302496-8,(011  )4327-4555,CIUDAD AUTONOMA BUENOS AIRES,CIUDAD DE BUENOS AIRES,si
RADIO LLAMADA S.A.C.I.,30-54380000-3,,CIUDAD AUTONOMA BUENOS AIRES,CIUDAD DE BUENOS AIRES,no
RADIO VICTORIA ARGENTINA S.A.,30-58481198-2,(011  )4863-4000,RIO GRANDE,"TIERRA DEL FUEGO, ANTARTIDA E ISLAS DEL ATLANTICO SUR",si
RADIO VICTORIA S.A.I.C.,33-53533849-9,,CIUDAD AUTONOMA BUENOS AIRES,CIUDAD DE BUENOS AIRES,no
RADIONET S.R.L.,33-70796374-9,(011  )4636-2363,CIUDAD DE BUENOS AIRES,CAPITAL FEDERAL,si
RAICOM S.A.,30-64478447-5,(011  )4958-4906,CABA,CIUDAD DE BUENOS AIRES,si
RAIZEN ARGENTINA S.A.U.,30-50672680-4,,CABA,CIUDAD DE BUENOS AIRES,no
"RAMOS, MARCOS DANIEL",20-24659066-5,(02954)43  -2373,SANTA ROSA,LA PAMPA,si
RANKO S.A.,30-63233179-3,,CABA,CIUDAD DE BUENOS AIRES,no
RAYO ELECTRONICA S.C.A.,30-53085098-2,(011  )4334-1779,CIUDAD AUTONOMA BUENOS AIRES,CIUDAD DE BUENOS AIRES,si
REC TECH S.A.U.,30-71805480-6,(011  )7894-7256,CABA,CIUDAD DE BUENOS AIRES,si
RECYCLER S.A.,30-71292480-9,(0343 )421 -7880,PARANA,CORRIENTES,si
REDCOTEL S.A.,30-70907159-5,(011  )5917-8496,CIUDAD AUTONOMA BUENOS AIRES,CIUDAD DE BUENOS AIRES,si
REDES Y DISTRIBUCION S.A.,30-70790057-8,(011  )4896-9801,CABA,CIUDAD DE BUENOS AIRES,si
REHUE S.A.,30-71132981-8,,SAN JOSE,MENDOZA,no
RENAULT ARGENTINA S.A.,30-50331781-4,(011  )4778-2000,CIUDAD AUTONOMA BUENOS AIRES,CIUDAD DE BUENOS AIRES,si
RENAULT TRUCKS ARGENTINA S.A.,33-66200181-9,,CABA,CIUDAD DE BUENOS AIRES,no
RENSET S.A.,30-64193122-1,,CIUDAD AUTONOMA BUENOS AIRES,CIUDAD DE BUENOS AIRES,no
REPRESENTACIONES DE COMUNICACIONES S.A.,30-65613098-5,(011  )4856-6775,BOULOGNE,BUENOS AIRES,si
RESEARCH IN MOTION ARGENTINA S.A.,30-71049373-8,(011  )5556-5967,CIUDAD AUTONOMA BUENOS AIRES,CIUDAD DE BUENOS AIRES,si
RESPIFLOW S.A.,30-70824925-0,(011  )4374-4957,CABA,CIUDAD DE BUENOS AIRES,si
RESTEL S.A.,30-66122144-1,(011  )5032-8682,CIUDAD AUTONOMA BUENOS AIRES,CIUDAD DE BUENOS AIRES,si
RETAIL COMMUNICATION S.A.,30-70809619-5,(011  )4701-4636,CIUDAD AUTONOMA BUENOS AIRES,CIUDAD DE BUENOS AIRES,si
REVILT S.A.,30-68061122-6,,CIUDAD DE BUENOS AIRES,CAPITAL FEDERAL,no
RF INNOVATION S.R.L.,30-71421173-7,(011  )5501-4049,CABA,CIUDAD DE BUENOS AIRES,si
RGIS ARGENTINA SERVICIOS DE STOCK S.R.L.,30-70721677-4,,CABA,CIUDAD DE BUENOS AIRES,no
RI ARMOBAR S.A.S.,30-71658771-8,(0223 )520 -7063,MAR DEL PLATA,BUENOS AIRES,si
"RIBEIRO SOCIEDAD ANONIMA COMERCIAL, INDUSTRIAL, FINANCIERA, AGROPECUARIA E INMOBILIARIA",30-52596685-9,(011  )5235-7999,CABA,CIUDAD DE BUENOS AIRES,si
RICOH ARGENTINA SOCIEDAD ANONIMA,30-50423158-1,(011  )4829-1200,CABA,CIUDAD DE BUENOS AIRES,si
RINGER S.A.,33-59613398-9,(011  )4814-3483,CIUDAD DE BUENOS AIRES,CAPITAL FEDERAL,si
"RIVA, GUILLERMO ANDRES",20-14989413-7,(0332 )48  -3143,BARADERO,BUENOS AIRES,si
RMI ELECTRONICA SOCIEDAD DE RESPONSABILIDAD LIMITADA,30-70821096-6,(011  )4722-1101,JOSE LEON SUAREZ,BUENOS AIRES,si
ROBERT BOSCH ARGENTINA INDUSTRIAL S.A.,30-67742314-1,(011  )5296-5239,SAN ISIDRO,BUENOS AIRES,si
ROBERT BOSCH ARGENTINA S.A.,30-50544501-1,(011  )4754-7652,CIUDAD DE BUENOS AIRES,CAPITAL FEDERAL,si
ROBERTO C. RUMBO S.R.L.,30-59042877-5,,SAN MIGUEL,BUENOS AIRES,no
ROCHE DIABETES CARE ARGENTINA S.A.,30-71492133-5,(011  )2574-1616,CABA,CIUDAD DE BUENOS AIRES,si
ROCIMEX S.R.L.,30-64265931-2,(011  )4983-9239,CABA,CIUDAD DE BUENOS AIRES,si
RODADOS DEL PLATA S.A.,30-67814963-9,(011  )4717-0221,MARTINEZ,BUENOS AIRES,si
"RODRIGUEZ, FERNANDO GABRIEL",20-21465754-7,(011  )5185-1302,CABA,CIUDAD DE BUENOS AIRES,si
ROITZ S.A.,30-71469151-8,,CABA,CIUDAD DE BUENOS AIRES,no
"ROLNIK, MARISA ANDREA",27-17801707-7,(011  )4431-8000,CIUDAD AUTONOMA BUENOS AIRES,CIUDAD DE BUENOS AIRES,si
RONCO S.A.,30-66031602-3,(011  )4345-6001,CIUDAD DE BUENOS AIRES,CAPITAL FEDERAL,si
RUIZ SEBASTIAN Y GOTTLING MARIA ALEJANDRA S.H.,30-68123787-5,,CIUDAD DE BUENOS AIRES,CAPITAL FEDERAL,no
RUNCO HERMANOS S.C.,30-60396211-3,(011  )4334-1420,CIUDAD DE BUENOS AIRES,CAPITAL FEDERAL,si
RURALINK COMUNICATION S.A.,30-71006771-2,,CABA,CIUDAD DE BUENOS AIRES,no
S.E.A. SISTEMAS ELECTRONICOS ARGENTINOS S.A.,30-52207725-5,(011  )4375-4288,CIUDAD AUTONOMA BUENOS AIRES,CIUDAD DE BUENOS AIRES,si
S.K.F. ARGENTINA S.A.,30-52547959-1,(011  )6532-1640,CABA,CIUDAD DE BUENOS AIRES,si
SABELLI Y COMPAÑIA S.R.L.,30-52590731-3,,CIUDAD DE BUENOS AIRES,CAPITAL FEDERAL,no
SADETEL S.A.,30-57498306-8,(0299 )449 -6000,NEUQUEN,NEUQUEN,si
"SAGASTI, EMILIANO JORGE",20-17031766-2,(011  )2303-4606,CABA,CIUDAD DE BUENOS AIRES,si
"SAINZ, GEORGE ARIEL",20-05302571-5,,CIUDAD AUTONOMA BUENOS AIRES,CIUDAD DE BUENOS AIRES,no
"SALAS, CARLOS ALBERTO",20-10810822-4,(011  )4631-6483,CIUDAD DE BUENOS AIRES,CAPITAL FEDERAL,si
SAMSUNG ELECTRONICS ARGENTINA S.A.,30-68412579-2,,CABA,CIUDAD DE BUENOS AIRES,no
"SANCHEZ, ENZO ARIEL",23-26038749-9,,CIUDADELA,BUENOS AIRES,no
SANDVIK MINING AND CONSTRUCTION ARGENTINA S.A.,30-70752277-8,(011  )4854-1108,CIUDAD DE BUENOS AIRES,CAPITAL FEDERAL,si
"SANGUINETI, GERMAN JORGE",20-27462100-2,,ROSARIO,SANTA FE,no
SATELCO INGENIERIA S.A.,30-70725232-0,(0341 )449 -2131,ROSARIO,SANTA FE,si
SATELCO S.R.L.,30-64104966-9,,ROSARIO,SANTA FE,no
SATELIDATOS S.A.,30-69878259-1,(011  )4433-5600,CIUDAD AUTONOMA BUENOS AIRES,CIUDAD DE BUENOS AIRES,si
SATELNET S.A.,30-63691504-8,(011  )4393-1744,CIUDAD AUTONOMA BUENOS AIRES,CIUDAD DE BUENOS AIRES,si
SATO ARGENTINA S.A.,30-64497347-2,(011  )4887-9000,CABA,CIUDAD DE BUENOS AIRES,si
SCANIA ARGENTINA S.A.U.,30-51742430-3,(03327)4510-0000,CIUDAD AUTONOMA BUENOS AIRES,CIUDAD DE BUENOS AIRES,si
SCHLUMBERGER ARGENTINA S.A.,30-52659878-0,(011  )4344-5100,CIUDAD AUTONOMA BUENOS AIRES,CIUDAD DE BUENOS AIRES,si
"SCHMIDBERG, EDUARDO MIGUEL",23-07603732-9,(011  )4144-0477,CIUDAD AUTONOMA BUENOS AIRES,CIUDAD DE BUENOS AIRES,si
SCHNEIDER ELECTRIC ARGENTINA S.A.,30-59219954-4,(011  )3110-3211,CABA,CIUDAD DE BUENOS AIRES,si
SCHNEIDER ELECTRIC SYSTEMS ARGENTINA S.A.,30-71088274-2,(011  )6345-2100,CABA,CIUDAD DE BUENOS AIRES,si
SCHREDER ARGENTINA S.A.,30-70969638-2,(011  )4517-8873,SAN ANDRES,BUENOS AIRES,si
SEAM S.R.L.,30-59944166-9,(0291 )454 -4360,BAHIA BLANCA,BUENOS AIRES,si
SECONT S.R.L.,30-61594225-8,(011  )4551-2455,CIUDAD DE BUENOS AIRES,CAPITAL FEDERAL,si
SECOR COMUNICACIONES S.A.,33-63584970-9,(011  )4543-4135,CIUDAD AUTONOMA BUENOS AIRES,CIUDAD DE BUENOS AIRES,si
SEGDATRON SOCIEDAD DE RESPONSABILIDAD LIMITADA,30-69525421-7,(011  )4702-9939,CABA,CIUDAD DE BUENOS AIRES,si
SEL LATIN AMERICA LLC,30-71166817-5,(011  )4314-0997,CABA,CIUDAD DE BUENOS AIRES,si
SELEC S.A.,30-61518748-4,(011  )4704-5080,CIUDAD AUTONOMA BUENOS AIRES,CIUDAD DE BUENOS AIRES,si
SELECTION S.A.I.C.F.I.,30-53734433-0,(011  )4382-2400,CIUDAD AUTONOMA BUENOS AIRES,CIUDAD DE BUENOS AIRES,si
SEMAK S.A.,30-64007913-0,(011  )5756-9281,CABA,CIUDAD DE BUENOS AIRES,si
SEMAPI S.A.,30-58652413-1,(03489)43  -1111,CAMPANA,BUENOS AIRES,si
SEÑALCO SUDAMERICANA S.A.,30-52135084-5,(011  )4553-2219,CABA,CIUDAD DE BUENOS AIRES,si
SENCINET LATAM ARGENTINA S.A.,30-63820379-7,,CIUDAD AUTONOMA BUENOS AIRES,CIUDAD DE BUENOS AIRES,no
SENSORMATIC ARGENTINA S.A.,30-58447048-4,(011  )4708-7931,CABA,CIUDAD DE BUENOS AIRES,si
SERVICE TECNICO INTEGRAL S.A.,30-57460095-9,,CABA,CIUDAD DE BUENOS AIRES,no
SERVICIO SATELITAL S.A.,30-65889103-7,(011  )5032-8910,CABA,CIUDAD DE BUENOS AIRES,si
SERVICIOS ARM S.A.,30-70952583-9,(011  )4836-2868,CABA,CIUDAD DE BUENOS AIRES,si
SERVICIOS BIOAGUAS S.R.L.,30-69229293-2,,CABA,CIUDAD DE BUENOS AIRES,no
SERVICIOS DE COMUNICACIONES S.R.L. - SER COM S.R.L.,30-71142930-8,(011  )6206-3105,SAN JUAN,SAN JUAN,si
SERVICIOS PARA EL TRANSPORTE DE INFORMACION S.A.U.,30-67785492-4,,CABA,CIUDAD DE BUENOS AIRES,no
SERVICOM S.R.L.,30-61504455-1,,LA PLATA,BUENOS AIRES,no
SERVILEC S.R.L.,30-54688999-4,(0221 )482 -6538,LA PLATA,BUENOS AIRES,si
SES SISTEMAS ELECTRONICOS S.A.,30-52116696-3,(011  )4343-7739,CIUDAD AUTONOMA BUENOS AIRES,CIUDAD DE BUENOS AIRES,si
SF TECHNOLOGY S.A.,30-70913809-6,(011  )4921-3292,CIUDAD AUTONOMA BUENOS AIRES,CIUDAD DE BUENOS AIRES,si
SG S.R.L.,30-71777961-0,(0388 )521 -0877,SAN SALVADOR DE JUJUY,JUJUY,si
SHERLOG INTERNATIONAL S.A.,30-71313440-2,(011  )4076-9926,CABA,CIUDAD DE BUENOS AIRES,si
SHIMANO ARGENTINA S.A.U.,30-71618433-8,(011  )5353-3466,CABA,CIUDAD DE BUENOS AIRES,si
SHIMANO LATIN AMERICA REPRESENTACAO LIMITADA - SUCURSAL ARGENTINA,30-71199065-4,(011  )4801-4177,CABA,CIUDAD DE BUENOS AIRES,si
SHIMRAI S.R.L.,30-71114880-5,(011  )5664-3622,QUILMES OESTE,BUENOS AIRES,si
SIAE MICROELETTRONICA S.A.,30-71057093-7,,CABA,CIUDAD DE BUENOS AIRES,no
SIEMENS HEALTHCARE SOCIEDAD ANONIMA,30-71496863-3,(011  )5432-6000,CABA,CIUDAD DE BUENOS AIRES,si
SIEMENS MOBILITY S.A.,30-71617056-6,(011  )2792-8892,CABA,CIUDAD DE BUENOS AIRES,si
SIEMENS S.A.,30-50336489-8,,CABA,CIUDAD DE BUENOS AIRES,no
SIEMENS S.A.,33-71657893-9,,CABA,CIUDAD DE BUENOS AIRES,no
SIGNIFY ARGENTINA S.A.,33-71492461-9,,CABA,CIUDAD DE BUENOS AIRES,no
SILICON ROAD S.R.L.,30-68520335-5,(011  )4375-3462,CIUDAD AUTONOMA BUENOS AIRES,CIUDAD DE BUENOS AIRES,si
SIMICRO S.R.L.,30-60988737-7,(011  )4393-8220,CIUDAD DE BUENOS AIRES,CAPITAL FEDERAL,si
SIQAT S.R.L.,30-70729451-1,(011  )4342-2662,CABA,CIUDAD DE BUENOS AIRES,si
SISELEC S.A.,30-60687160-7,(011  )5453-0000,CABA,CIUDAD DE BUENOS AIRES,si
SISTECO S.A.,30-58952483-3,(011  )4803-4604,CIUDAD DE BUENOS AIRES,CAPITAL FEDERAL,si
SISTEMA DE VIDEO COMUNICACION S.A.,30-60661559-7,(011  )4313-4283,CIUDAD DE BUENOS AIRES,CAPITAL FEDERAL,si
SISTEMAS DE CODIFICACION S.A.,30-70797262-5,(011  )4238-3500,CABA,CIUDAD DE BUENOS AIRES,si
SISTEMAS ELECTRONICOS DE REGISTRACION S.A.,30-59198525-2,(011  )4831-2722,CIUDAD DE BUENOS AIRES,CAPITAL FEDERAL,si
SISTEMAS GRAFICOS S.A.,30-58652437-9,,CIUDAD DE BUENOS AIRES,CAPITAL FEDERAL,no
SISTEMAS INTEGRADOS DE CONTROL S.A.,30-66317678-8,(011  )3151-5100,CIUDAD AUTONOMA BUENOS AIRES,CIUDAD DE BUENOS AIRES,si
SISTEMAS IRRADIANTES S.R.L.,30-60155708-4,,LANUS,BUENOS AIRES,no
SISTEMAS Y COMUNICACIONES S.R.L.,30-64545923-3,(011  )4322-5743,CIUDAD DE BUENOS AIRES,CAPITAL FEDERAL,si
SISTEVAL S.A.,30-58370135-0,(011  )4801-8012,CIUDAD DE BUENOS AIRES,CAPITAL FEDERAL,si
SITELCO S.A.I.C.,30-54675920-9,(011  )4773-2199,CIUDAD AUTONOMA BUENOS AIRES,CIUDAD DE BUENOS AIRES,si
SITERCO S.R.L.,30-61441187-9,(02362)44  -0300,JUNIN,BUENOS AIRES,si
SITRE SOLUTION GROUP S.A.,30-61718032-0,(011  )4523-6104,CIUDAD DE BUENOS AIRES,CAPITAL FEDERAL,si
SKYTECH S.R.L.,30-68065377-8,(011  )4300-7940,CIUDAD DE BUENOS AIRES,CAPITAL FEDERAL,si
SMARTMATION S.A.,30-71140615-4,(011  )6731-8853,CABA,CIUDAD DE BUENOS AIRES,si
SMB COMMUNITY S.R.L.,30-71043968-7,(011  )6841-0224,CIUDAD AUTONOMA BUENOS AIRES,CIUDAD DE BUENOS AIRES,si
SMC ARGENTINA S.A.,30-65923663-6,,CIUDAD AUTONOMA BUENOS AIRES,CIUDAD DE BUENOS AIRES,no
SOARCEC S.A.,30-61797266-9,,CIUDAD DE BUENOS AIRES,CAPITAL FEDERAL,no
SOBREPATAS S.R.L.,30-71590887-1,(011  )6218-9000,CABA,CIUDAD DE BUENOS AIRES,si
SOCIEDAD ANONIMA IMPORTADORA Y EXPORTADORA DE LA PATAGONIA,30-50673003-8,(011  )4328-5403,CABA,CIUDAD DE BUENOS AIRES,si
SOCOM S.R.L.,30-65763755-2,(0299 )46  -3606,PLAZA HUINCUL,NEUQUEN,si
SOFACE S.A.,30-65661936-4,(011  )4371-0150,CABA,CIUDAD DE BUENOS AIRES,si
SOFRE NETWORKS S.A.,30-71813948-8,(011  )5327-1481,CABA,CIUDAD DE BUENOS AIRES,si
SOFRECOM ARGENTINA S.A.,30-65699223-5,(011  )4515-9000,CIUDAD AUTONOMA BUENOS AIRES,CIUDAD DE BUENOS AIRES,si
SOLIDMATION S.A.,30-71190027-2,(011  )5263-0307,CABA,CIUDAD DE BUENOS AIRES,si
SOLIDYNE S.R.L.,30-55152725-1,(011  )4702-0090,CIUDAD AUTONOMA BUENOS AIRES,CIUDAD DE BUENOS AIRES,si
SOLNIK S.A.,30-70945325-0,(011  )4770-9750,CABA,CIUDAD DE BUENOS AIRES,si
SOLUCIONES INTEGRALES DE INGENIERIA Y DESARROLLO S.R.L.,30-70881374-1,(03482)48  -1024,AVELLANEDA,SANTA FE,si
SOLUCIONES INTELIGENTES S.A.,30-70100244-6,(011  )4328-7301,CIUDAD DE BUENOS AIRES,CAPITAL FEDERAL,si
SOLUTION BOX S.R.L.,30-70797502-0,(011  )6091-1214,CABA,CIUDAD DE BUENOS AIRES,si
SOLUTIONS 2 GO S.R.L.,30-71581000-6,,CABA,CIUDAD DE BUENOS AIRES,no
SOMECO ELECTRONICS S.A.,30-70217915-3,(011  )4655-3333,CABA,CIUDAD DE BUENOS AIRES,si
SOMORGUJO S.R.L.,30-64030038-4,,CIUDAD AUTONOMA BUENOS AIRES,CIUDAD DE BUENOS AIRES,no
SONAVOX S.R.L.,33-61256080-9,,CAMPANA,BUENOS AIRES,no
SONET S.R.L.,30-66105110-4,(011  )4372-9876,CIUDAD AUTONOMA BUENOS AIRES,CIUDAD DE BUENOS AIRES,si
SONIN TRADING S.R.L.,30-69118230-0,(011  )4776-1082,CIUDAD DE BUENOS AIRES,CAPITAL FEDERAL,si
SONTEC TCL ARGENTINA S.A.,33-62325509-9,(02964)42  -3109,RIO GRANDE,"TIERRA DEL FUEGO, ANTARTIDA E ISLAS DEL ATLANTICO SUR",si
SONY ARGENTINA S.A.,30-67992887-9,(011  )5109-2309,CABA,CIUDAD DE BUENOS AIRES,si
SONY ERICSSON MOBILE COMMUNICATIONS INTERNATIONAL AB - SUC. ARGENTINA,30-70790967-2,,CIUDAD AUTONOMA BUENOS AIRES,CIUDAD DE BUENOS AIRES,no
SONY INTERACTIVE ENTERTAINMENT ARGENTINA S.R.L.,30-71480652-8,(011  )4373-5555,CABA,CIUDAD DE BUENOS AIRES,si
SOUTH TRADING CORP S.R.L.,30-71036385-0,(011  )5352-7100,CABA,CIUDAD DE BUENOS AIRES,si
SOUTHERN SOLUTIONS GROUP ARG S.R.L.,30-71394320-3,(011  )6287-9839,CABA,CIUDAD DE BUENOS AIRES,si
SPECIALIZED BICYCLE COMPONENTS ARGENTINA S.R.L.,30-71190063-9,(011  )4797-6562,VICENTE LOPEZ,BUENOS AIRES,si
SPECTRAL S.R.L.,30-63417418-0,(011  )4582-8290,CIUDAD DE BUENOS AIRES,CAPITAL FEDERAL,si
SPIRAX SARCO S.A.,30-50432897-6,(011  )4589-1300,DON TORCUATO,BUENOS AIRES,si
ST. JUDE MEDICAL ARGENTINA S.A.,30-70759635-6,(011  )3723-3700,CABA,CIUDAD DE BUENOS AIRES,si
STAMARIS S.A.,30-53289988-1,(0299 )42  -2919,NEUQUEN,NEUQUEN,si
STANDARD ELECTRIC S.A.,30-65647925-2,,CIUDAD AUTONOMA BUENOS AIRES,CIUDAD DE BUENOS AIRES,no
STARA ARGENTINA S.A.,30-71235420-4,(0341 )266 -4240,ROSARIO,SANTA FE,si
STARLIGHT ELECTRONICA SOCIEDAD DE RESPONSABILIDAD LIMITADA,30-51638546-0,(011  )6065-5300,CIUDADELA,BUENOS AIRES,si
STARLINK ARGENTINA S.R.L.,30-71754087-1,(011  )4114-3000,CABA,CIUDAD DE BUENOS AIRES,si
START.AR S.A.,30-71539325-1,(011  )5976-3976,CABA,CIUDAD DE BUENOS AIRES,si
STARX SECURITY S.R.L.,30-70967328-5,(011  )5901-6500,CIUDAD AUTONOMA BUENOS AIRES,CIUDAD DE BUENOS AIRES,si
STECK ELECTRIC S.A.,30-70866776-1,(011  )5127-5304,CABA,CIUDAD DE BUENOS AIRES,si
STOREY SOCIEDAD ANONIMA,33-68515964-9,(011  )4723-3500,CABA,CIUDAD DE BUENOS AIRES,si
STRUMBO HIJOS S.A.,30-61262065-9,,EL PALOMAR,BUENOS AIRES,no
STRYKER CORPORATION SUCURSAL ARGENTINA,30-68746810-0,(011  )4118-4800,CABA,CIUDAD DE BUENOS AIRES,si
STYLUS S.A.,30-61223835-5,(011  )4105-6100,CABA,CIUDAD DE BUENOS AIRES,si
SUPERMERCADOS MAYORISTAS MAKRO S.A.,30-58962149-9,,CIUDAD DE BUENOS AIRES,CAPITAL FEDERAL,no
SUPPORT PRO TRADING S.A.,30-71525477-4,(011  )4342-3717,CABA,CIUDAD DE BUENOS AIRES,si
SURAP S.A.S.,30-71654658-2,(011  )4862-9147,CABA,CIUDAD DE BUENOS AIRES,si
SURELY S.A.,30-67970230-7,(011  )2206-1550,CABA,CIUDAD DE BUENOS AIRES,si
SURIX S.R.L.,30-69833779-2,(011  )4702-5500,CIUDAD DE BUENOS AIRES,CAPITAL FEDERAL,si
SUTEC S.A.,30-70847613-3,(011  )4922-9991,CABA,CIUDAD DE BUENOS AIRES,si
SWISSTEL S.R.L.,30-69731691-0,(011  )4797-1989,CIUDAD AUTONOMA BUENOS AIRES,CIUDAD DE BUENOS AIRES,si
SWITCHING S.A.,30-57665056-2,(011  )4778-6900,CIUDAD AUTONOMA BUENOS AIRES,CIUDAD DE BUENOS AIRES,si
SYMBAR S.A.,30-69437933-4,,RICARDO ROJAS,BUENOS AIRES,no
SYMBOL TECHNOLOGIES LATIN AMERICA INC. SUCURSAL ARGENTINA,30-70744410-6,(011  )4341-4594,CABA,CIUDAD DE BUENOS AIRES,si
SYMTRON S.A.,30-71389530-6,(011  )2502-1996,CABA,CIUDAD DE BUENOS AIRES,si
SYNTRONIC S.A.,30-70924131-8,(011  )4303-4440,CIUDAD AUTONOMA BUENOS AIRES,CIUDAD DE BUENOS AIRES,si
SYSTEL S.A.,30-68093763-6,(011  )4701-7333,CABA,CIUDAD DE BUENOS AIRES,si
SYSTEM S.A.,30-63324246-8,(011  )4312-1844,CIUDAD DE BUENOS AIRES,CAPITAL FEDERAL,si
T.C.E. S.A.,30-64335867-7,(0223 )477 -2309,MAR DEL PLATA,BUENOS AIRES,si
T.N.A. COMUNICACIONES S.A.,30-71113591-6,(011  )4896-4748,CABA,CIUDAD DE BUENOS AIRES,si
T.S.L. MOBILE S.A.,30-70988936-9,(011  )4342-7649,CABA,CIUDAD DE BUENOS AIRES,si
TAE ALMADA S.A.,33-70823766-9,(011  )4828-0905,CIUDAD AUTONOMA BUENOS AIRES,CIUDAD DE BUENOS AIRES,si
TAGUAY S.A.,30-71166113-8,(011  )2034-4000,CABA,CIUDAD DE BUENOS AIRES,si
TAURI CERTS S.R.L.,30-71701764-8,(011  )2022-1308,MORENO,BUENOS AIRES,si
TCT MOBILE S.A.,30-71193098-8,,CABA,CIUDAD DE BUENOS AIRES,no
TEC INSTRUMENTAL S.A.,30-64150457-9,(011  )5435-8840,VICENTE LOPEZ,BUENOS AIRES,si
TECCAM S.R.L.,30-70889813-5,(011  )4542-2382,CABA,CIUDAD DE BUENOS AIRES,si
TECH DEPOT S.A.,30-71025995-6,(011  )5294-2504,CIUDAD AUTONOMA BUENOS AIRES,CIUDAD DE BUENOS AIRES,si
TECH MIND S.A.,30-70756852-2,(011  )4877-7100,CIUDAD AUTONOMA BUENOS AIRES,CIUDAD DE BUENOS AIRES,si
TECHNOLOGY BUREAU S.A.,30-64647964-5,(011  )5070-9000,CABA,CIUDAD DE BUENOS AIRES,si
TECHNOLOGY GROUP S.R.L.,30-69132456-3,(011  )4742-2658,CABA,CIUDAD DE BUENOS AIRES,si
TECMACO INTEGRAL S.A.,30-62840617-7,(011  )4086-5050,CABA,CIUDAD DE BUENOS AIRES,si
TECNET S.A.,30-62248251-3,(011  )4516-8700,CIUDAD DE BUENOS AIRES,CIUDAD DE BUENOS AIRES,si
TECNICAS AVANZADAS EN INFORMATICA S.A.,30-64458179-5,(011  )5217-2000,CIUDAD AUTONOMA BUENOS AIRES,CIUDAD DE BUENOS AIRES,si
TECNO ACCION S.A.,30-62738989-9,(011  )4321-8900,CABA,CIUDAD DE BUENOS AIRES,si
TECNO INTERNACIONAL S.A.,30-63811456-5,(011  )4903-2827,CIUDAD DE BUENOS AIRES,CAPITAL FEDERAL,si
TECNO RF S.A.,30-70753223-4,(011  )4777-1080,CIUDAD AUTONOMA BUENOS AIRES,CIUDAD DE BUENOS AIRES,si
TECNO STAFF S.A.,30-70345919-2,(011  )4682-0041,CIUDAD AUTONOMA BUENOS AIRES,CIUDAD DE BUENOS AIRES,si
TECNO VOZ S.A.,30-66108539-4,(011  )5554-8190,CIUDAD DE BUENOS AIRES,CIUDAD DE BUENOS AIRES,si
TECNOLOGIA APLICADA S.R.L.,33-63855834-9,,SAN JUAN,SAN JUAN,no
TECNOLOGIA WORK OUT S.A.,30-70884758-1,(011  )5552-1041,CABA,CIUDAD DE BUENOS AIRES,si
TECNOLOGIAS DE INFORMACION S.A.,33-71057617-9,(011  )3810-4847,CABA,CIUDAD DE BUENOS AIRES,si
TECNORED S.A.,30-70905461-5,,CORDOBA,CORDOBA,no
TECNOSUR S.A.,30-71041830-2,(011  )3262-6156,MUNRO,BUENOS AIRES,si
TECNOTRONIC S.A.,30-70993031-8,(011  )4828-0905,CIUDAD AUTONOMA BUENOS AIRES,CIUDAD DE BUENOS AIRES,si
TECNOUS S.A.,30-59892922-6,(011  )5368-4401,CIUDAD AUTONOMA BUENOS AIRES,CIUDAD DE BUENOS AIRES,si
TECNOVIA S.A.,30-68246198-1,(011  )5244-2982,CABA,CIUDAD DE BUENOS AIRES,si
TECOAR S.A.,30-69797596-5,,CABA,CIUDAD DE BUENOS AIRES,no
TECSIDEL ARGENTINA S.A.,30-71057783-4,(011  )4343-5935,CABA,CIUDAD DE BUENOS AIRES,si
TECSS S.R.L.,30-70981439-3,,COMODORO RIVADAVIA,CHUBUT,no
TELEARTE SOCIEDAD ANONIMA EMPRESA DE RADIO Y TELEVISION,30-60160629-8,(011  )4654-1325,CABA,CIUDAD DE BUENOS AIRES,si
TELEAST S.A.,33-63260630-9,(011  )4921-5927,CIUDAD DE BUENOS AIRES,CAPITAL FEDERAL,si
TELECENTRO S.A.,30-64089726-7,,CABA,CIUDAD DE BUENOS AIRES,no
TELECOM ARGENTINA S.A.,30-63945373-8,,CABA,CIUDAD DE BUENOS AIRES,no
TELECOM PERSONAL S.A.,30-67818644-5,(011  )4706-6900,CABA,CIUDAD DE BUENOS AIRES,si
TELECOM SOLUCIONES S.A.,30-68236043-3,(011  )4346-1100,CIUDAD AUTONOMA BUENOS AIRES,CIUDAD DE BUENOS AIRES,si
TELECOMUNICACIONES AMPER ARGENTINA S.A.,30-58377167-7,(011  )4331-7810,CIUDAD AUTONOMA BUENOS AIRES,CIUDAD DE BUENOS AIRES,si
TELECOMUNICACIONES DEL SUR S.A.,30-71473417-9,(011  )6521-8009,ING. JACOBACCI,RIO NEGRO,si
TELECOMUNICACIONES FUEGUINAS S.A.,30-71149852-0,(02964)42  -9620,USHUAIA,"TIERRA DEL FUEGO, ANTARTIDA E ISLAS DEL ATLANTICO SUR",si
TELECOMUNICACIONES INFOTEL S.A.,30-67986772-1,,CIUDAD AUTONOMA BUENOS AIRES,CIUDAD DE BUENOS AIRES,no
TELECOPIA S.A.,30-58775374-6,,CIUDAD DE BUENOS AIRES,CAPITAL FEDERAL,no
TELECROM S.R.L.,30-59331843-1,(011  )4248-6723,BANFIELD,BUENOS AIRES,si
TELECTRONICA CODIFICACION S.A.,30-70732907-2,(011  )4381-5222,CIUDAD AUTONOMA BUENOS AIRES,CIUDAD DE BUENOS AIRES,si
TELEFAX S.A.,30-61137602-9,,CIUDAD DE BUENOS AIRES,CAPITAL FEDERAL,no
TELEFONIA AUTOMATICA S.A.,30-58000786-0,(011  )4854-2701,CIUDAD DE BUENOS AIRES,CAPITAL FEDERAL,si
TELEFONICA DATA ARGENTINA S.A.,30-69119165-2,(011  )4333-6215,CIUDAD AUTONOMA BUENOS AIRES,CIUDAD DE BUENOS AIRES,si
TELEFONICA DE ARGENTINA S.A.,30-63945397-5,,CABA,CIUDAD DE BUENOS AIRES,no
TELEFONICA MOVILES ARGENTINA S.A.,30-67881435-7,,CIUDAD AUTONOMA BUENOS AIRES,CIUDAD DE BUENOS AIRES,no
TELEFONICA ON THE SPOT SERVICES S.A.U.SUCURSAL EN ARGENTINA,30-70983651-6,(011  )4332-2017,CABA,CIUDAD DE BUENOS AIRES,si
TELEMED S.R.L.,30-68180067-7,(011  )4311-5649,CABA,CIUDAD DE BUENOS AIRES,si
TELEMET SIAP S.A.,30-60642642-5,,CIUDAD AUTONOMA BUENOS AIRES,CIUDAD DE BUENOS AIRES,no
TELEMONITOREO S.A.,30-68823335-2,(011  )4957-0182,CIUDAD AUTONOMA BUENOS AIRES,CIUDAD DE BUENOS AIRES,si
TELEQUIPO S.A.,30-62686462-3,,CIUDAD DE BUENOS AIRES,CAPITAL FEDERAL,no
TELERGY S.A.,30-70890631-6,(011  )4806-2277,CIUDAD AUTONOMA BUENOS AIRES,CIUDAD DE BUENOS AIRES,si
TELESERV ARGENTINA S.R.L.,30-70846284-1,(011  )5595-1753,CIUDAD AUTONOMA BUENOS AIRES,CIUDAD DE BUENOS AIRES,si
TELESPAZIO S.P.A.,30-68251835-5,(011  )4110-1306,CIUDAD AUTONOMA BUENOS AIRES,CIUDAD DE BUENOS AIRES,si
TELETEX S.A.,30-59787608-0,(011  )4342-8074,CIUDAD DE BUENOS AIRES,CIUDAD DE BUENOS AIRES,si
TELEUSHUAIA S.A.,30-60739496-9,,CIUDAD DE BUENOS AIRES,CAPITAL FEDERAL,no
TELEXTORAGE S.A.,30-69688102-9,(011  )5238-3500,CIUDAD AUTONOMA BUENOS AIRES,CIUDAD DE BUENOS AIRES,si
TELINEX S.A.I.C.,33-50415160-9,(011  )4312-1312,CIUDAD AUTONOMA BUENOS AIRES,CIUDAD DE BUENOS AIRES,si
TELINVER S.A.,30-65411876-7,(011  )4348-1890,CIUDAD DE BUENOS AIRES,CAPITAL FEDERAL,si
TELLEX S.A.,30-63040207-3,(011  )4904-0382,CIUDAD AUTONOMA BUENOS AIRES,CIUDAD DE BUENOS AIRES,si
TELMEX ARGENTINA S.A.,33-69509841-9,(011  )4000-3030,CABA,CIUDAD DE BUENOS AIRES,si
TELTRONIC S.A.,30-70744258-8,(011  )4894-1321,CIUDAD DE BUENOS AIRES,CAPITAL FEDERAL,si
TELTRONICS S.A.,33-65851649-9,(011  )4372-7593,CIUDAD DE BUENOS AIRES,CAPITAL FEDERAL,si
TEMPEL S.A.,30-70719188-7,,CABA,CIUDAD DE BUENOS AIRES,no
TEMTEC S.A.,30-70797770-8,(011  )4862-0062,CABA,CIUDAD DE BUENOS AIRES,si
TENACTA S.A.,30-68263948-9,(011  )4554-7444,CABA,CIUDAD DE BUENOS AIRES,si
TERMOMETRIA ARGENTINA S.A.,30-70997078-6,(011  )4773-1139,CABA,CIUDAD DE BUENOS AIRES,si
TESAM ARGENTINA S.A.,30-68732541-5,(011  )4114-2254,CABA,CIUDAD DE BUENOS AIRES,si
TESLA ARGENTINA S.R.L.,30-71937441-3,(011  )4114-5509,CABA,CIUDAD DE BUENOS AIRES,si
TESMA S.A.I.C.,30-54727362-8,,FLORIDA OESTE,BUENOS AIRES,no
TESTO ARGENTINA S.A.,30-70803189-1,,CABA,CIUDAD DE BUENOS AIRES,no
TEVE COMPRAS 2001 S.R.L.,30-68845272-0,(011  )4857-5050,CABA,CIUDAD DE BUENOS AIRES,si
TEVELAM S.R.L.,30-60443849-3,,CIUDAD AUTONOMA BUENOS AIRES,CIUDAD DE BUENOS AIRES,no
TEVYCOM FAPECO S.A.,33-51703033-9,,CIUDAD DE BUENOS AIRES,CIUDAD DE BUENOS AIRES,no
TEYPE S.A.,30-70837513-2,(011  )4717-0171,MARTINEZ,BUENOS AIRES,si
THE WALT DISNEY COMPANY (ARGENTINA) S.A.,30-63984459-1,(011  )4814-8500,CIUDAD AUTONOMA BUENOS AIRES,CIUDAD DE BUENOS AIRES,si
TLRD ARGENTINA S.A.,30-71418871-9,(011  )3180-9306,CABA,CIUDAD DE BUENOS AIRES,si
TODOFAX S.R.L.,30-64077248-0,(011  )4312-6489,CIUDAD DE BUENOS AIRES,CAPITAL FEDERAL,si
TODOMUSICA S.A.,30-60966180-8,(011  )5544-8000,CABA,CIUDAD DE BUENOS AIRES,si
TOKO ARGENTINA S.A.,30-68826020-1,(011  )4831-1007,CABA,CIUDAD DE BUENOS AIRES,si
"TORRADO, EDUARDO DANIEL",20-11684686-2,(011  )4589-5307,CABA,CIUDAD DE BUENOS AIRES,si
TOSHIBA DE ARGENTINA S.R.L.,30-71196559-5,(011  )4516-1500,CIUDAD AUTONOMA BUENOS AIRES,CIUDAD DE BUENOS AIRES,si
TOTAL HOME S.A.,30-71179042-6,,CABA,CIUDAD DE BUENOS AIRES,no
TOTALNEO S.R.L.,30-71512360-2,(011  )2303-4606,CABA,CIUDAD DE BUENOS AIRES,si
TOYOTA ARGENTINA SOCIEDAD ANONIMA,33-67913936-9,,CABA,CIUDAD DE BUENOS AIRES,no
TOYOTA MATERIAL HANDLING MERCOSUR INDUSTRIA E COMERCIO DE EQUIPAMENTOS LIMITADA,30-70868780-0,(011  )4846-1200,CABA,CIUDAD DE BUENOS AIRES,si
TP-LINK S.R.L.,30-71238644-0,(011  )4516-0399,CABA,CIUDAD DE BUENOS AIRES,si
TRACK MAR S.A.C.I.,30-56304491-4,(011  )3805-8378,EL TALAR,BUENOS AIRES,si
TRACKING IOT ARGENTINA S.A.,30-71879111-8,,VENADOS GRANDES,CHACO,no
TRAFIC COMUNICACIONES S.R.L.,30-71116426-6,(011  )4555-6565,CABA,CIUDAD DE BUENOS AIRES,si
TRAMEC ELECTRONICA S.R.L.,30-50443891-7,(011  )4799-1922,OLIVOS,BUENOS AIRES,si
TRANE DE ARGENTINA S.A.,30-66210229-2,(011  )4730-6000,CIUDAD AUTONOMA BUENOS AIRES,CIUDAD DE BUENOS AIRES,si
TRANS INDUSTRIAS ELECTRONICAS S.A.,30-61075313-9,(011  )4778-7670,CABA,CIUDAD DE BUENOS AIRES,si
TRANSISTEMAS S.A.,30-58734476-5,(011  )4590-3600,CIUDAD DE BUENOS AIRES,CAPITAL FEDERAL,si
TRANSLAB S.A.,30-70802421-6,(011  )3535-0940,CIUDAD AUTONOMA BUENOS AIRES,CIUDAD DE BUENOS AIRES,si
TRASCOPIER S.A.,30-64642020-9,(011  )6344-0031,CABA,CIUDAD DE BUENOS AIRES,si
TRIADA TEC S.R.L.,30-71054872-9,(011  )4501-3939,CABA,CIUDAD DE BUENOS AIRES,si
TRIALCOM S.R.L.,30-71230919-5,(011  )4957-6788,CABA,CIUDAD DE BUENOS AIRES,si
TRIBAL S.A.,30-62242235-9,,CIUDAD DE BUENOS AIRES,CAPITAL FEDERAL,no
TRIMER S.A.,30-58381535-6,(011  )4774-4470,CIUDAD DE BUENOS AIRES,CAPITAL FEDERAL,si
TSC S.A.,30-70776107-1,(011  )4983-0789,CIUDAD DE BUENOS AIRES,CAPITAL FEDERAL,si
TTN S.A.,30-70733184-0,(011  )4805-3486,CIUDAD DE BUENOS AIRES,CIUDAD DE BUENOS AIRES,si
TYROS TRADE S.R.L.,30-66196532-7,(011  )4795-1668,FLORIDA,BUENOS AIRES,si
UBICAR S.R.L.,30-70052972-6,(011  )4893-1471,CIUDAD DE BUENOS AIRES,CIUDAD DE BUENOS AIRES,si
UNIBELL ARGENTINA S.A.,30-67660924-1,,CABA,CIUDAD DE BUENOS AIRES,no
UNIFY COMMUNICATIONS S.A.,30-71022836-8,(011  )6091-4000,CABA,CIUDAD DE BUENOS AIRES,si
UNIMICRO ARGENTINA S.A.,30-64302452-3,(011  )4382-2385,CIUDAD DE BUENOS AIRES,CAPITAL FEDERAL,si
UNISYS SUDAMERICANA S.R.L.,34-52550553-9,(011  )4343-1666,CIUDAD AUTONOMA BUENOS AIRES,CIUDAD DE BUENOS AIRES,si
UNITCOM S.A.,30-69450644-1,(011  )4863-5125,CIUDAD DE BUENOS AIRES,CAPITAL FEDERAL,si
UNITRONIC S.A.,30-55448211-9,(011  )4361-1222,CIUDAD DE BUENOS AIRES,CAPITAL FEDERAL,si
US ROBOTICS AMERICAS LLC (SUCURSAL ARGENTINA),30-70743087-3,(011  )4014-9422,CIUDAD AUTONOMA BUENOS AIRES,CIUDAD DE BUENOS AIRES,si
UTOPIX NETWORKS S.A.,30-70962111-0,(011  )4779-3900,CABA,CIUDAD DE BUENOS AIRES,si
UWERSI S.A.,30-55904302-4,,CIUDAD DE BUENOS AIRES,CAPITAL FEDERAL,no
"VALLINA, CARLOS ALBERTO",20-11018603-8,,CIUDAD DE BUENOS AIRES,CAPITAL FEDERAL,no
VEC S.R.L.,30-61564727-2,(011  )4756-0461,MUNRO,BUENOS AIRES,si
VELOCOM ARGENTINA S.A.,30-69560390-4,(011  )4103-1300,CIUDAD AUTONOMA BUENOS AIRES,CIUDAD DE BUENOS AIRES,si
VELUX ARGENTINA S.A.,30-69554643-9,(0348 )4639-0944,DEL VISO,BUENOS AIRES,si
VERIFONE (ARGENTINA) S.A.,30-68252654-4,,CABA,CIUDAD DE BUENOS AIRES,no
VERISURE ARGENTINA MONITOREO DE ALARMAS S.A.,33-71630774-9,(011  )3156-9165,CABA,CIUDAD DE BUENOS AIRES,si
VIDISUR S.R.L.,30-67732832-7,(011  )4902-7755,CIUDAD DE BUENOS AIRES,CAPITAL FEDERAL,si
VIDITEC S.A.,30-59015101-3,,CABA,CIUDAD DE BUENOS AIRES,no
"VILLARREAL, ELBA BEATRIZ",27-16231477-2,(011  )4343-7644,CIUDAD DE BUENOS AIRES,CAPITAL FEDERAL,si
VILOMA IMPORT S.A.,30-54841677-5,,CIUDAD DE BUENOS AIRES,CIUDAD DE BUENOS AIRES,no
VIRTEC S.R.L.,30-70775861-5,,CIUDAD AUTONOMA BUENOS AIRES,CIUDAD DE BUENOS AIRES,no
VISICOMP S.A.,30-60015943-3,(011  )4856-5764,CIUDAD DE BUENOS AIRES,CAPITAL FEDERAL,si
VISTEON S.A.,30-59668114-6,,CABA,CIUDAD DE BUENOS AIRES,no
VISUALTEL ARGENTINA S.A.,30-70504053-9,(011  )4816-8088,CIUDAD DE BUENOS AIRES,CAPITAL FEDERAL,si
VISUAR S.A.,30-65553446-2,(011  )4109-3000,CABA,CIUDAD DE BUENOS AIRES,si
VITELCOM MEXICO S.A. DE C.V.,30-70871170-1,(011  )5032-3388,CIUDAD AUTONOMA BUENOS AIRES,CIUDAD DE BUENOS AIRES,si
VOLKSWAGEN ARGENTINA S.A.,30-50401884-5,(011  )4317-9218,GENERAL PACHECO,BUENOS AIRES,si
VOLVO TRUCKS & BUSES ARGENTINA S.A.,30-51615064-1,(011  )3701-8203,CABA,CIUDAD DE BUENOS AIRES,si
VORTEX7 S.A.,30-70939538-2,(011  )4706-0372,CIUDAD AUTONOMA BUENOS AIRES,CIUDAD DE BUENOS AIRES,si
VOUGA S.A.,30-70949727-4,(011  )4918-0008,CABA,CIUDAD DE BUENOS AIRES,si
VOX & SON S.A.,30-64572903-6,(011  )4811-0580,CABA,CIUDAD DE BUENOS AIRES,si
VR MARINE ELECTRONICS S.R.L.,30-59564412-3,,CIUDAD DE BUENOS AIRES,CAPITAL FEDERAL,no
W.C.I. DE ARGENTINA S.A.,30-69613377-4,,CABA,CIUDAD DE BUENOS AIRES,no
WAMA S.A.,30-51969161-9,(011  )4306-0777,CIUDAD DE BUENOS AIRES,CAPITAL FEDERAL,si
WANTACH S.R.L.,30-71609081-3,(011  )5043-1256,CABA,CIUDAD DE BUENOS AIRES,si
WATCH LAND S.A.,30-69380763-4,(011  )5254-1250,CABA,CIUDAD DE BUENOS AIRES,si
WATCOM S.A.,30-63602959-5,,CIUDAD AUTONOMA BUENOS AIRES,CIUDAD DE BUENOS AIRES,no
WATER SERVICE INTERNATIONAL S.R.L.,30-70829476-0,(011  )4544-7272,CIUDAD AUTONOMA BUENOS AIRES,CIUDAD DE BUENOS AIRES,si
WATTMAN S.A.,30-51638683-1,,CIUDAD AUTONOMA BUENOS AIRES,CIUDAD DE BUENOS AIRES,no
WAYPOINT S.R.L.,30-71054487-1,,CABA,CIUDAD DE BUENOS AIRES,no
WEATHERFORD INTERNATIONAL DE ARGENTINA S.A.,30-64570594-3,,CIUDAD AUTONOMA BUENOS AIRES,CIUDAD DE BUENOS AIRES,no
WEB LOGIST BUSINESS S.A.,30-71104499-6,(011  )4218-5500,LANUS OESTE,BUENOS AIRES,si
WEG EQUIPAMIENTOS ELECTRICOS S.A.,30-66916066-2,(03564)42  -1484,SAN FRANCISCO,CORDOBA,si
WELCH ALLYN INTERNATIONAL VENTURES INC. SUCURSAL ARGENTINA,30-71092977-3,(011  )5550-9970,CABA,CIUDAD DE BUENOS AIRES,si
WEST FUN S.A.,30-71402296-9,,CABA,CIUDAD DE BUENOS AIRES,no
WILO SALMSON ARGENTINA S.A.,30-69437902-4,(011  )4361-5929,CABA,CIUDAD DE BUENOS AIRES,si
WINGED S.A.,30-71105062-7,(011  )4342-1702,CABA,CIUDAD DE BUENOS AIRES,si
WIRCOM ARGENTINA S.A.,30-70868233-7,,ESQUINA,CORRIENTES,no
WIRELESS TIGRE S.A.,30-71611263-9,(011  )5235-8564,SAN FERNANDO,CIUDAD DE BUENOS AIRES,si
WISEHOOD S.A.,30-70976144-3,(011  )5252-6262,CABA,CIUDAD DE BUENOS AIRES,si
WORLD SECURITY S.A.,30-69874400-2,(011  )4775-5555,CIUDAD AUTONOMA BUENOS AIRES,CIUDAD DE BUENOS AIRES,si
WORLD WIDE PROFESSIONAL SUPPLIES S.A.,30-70742246-3,,CIUDAD AUTONOMA BUENOS AIRES,CIUDAD DE BUENOS AIRES,no
WPG S.R.L.,30-71131035-1,,CABA,CIUDAD DE BUENOS AIRES,no
XEROX ARGENTINA I.C.S.A.,30-54168237-2,(011  )4703-7933,MARTINEZ,BUENOS AIRES,si
XIDEN S.A.C.I.,30-52069518-0,(011  )5520-8700,CIUDAD AUTONOMA BUENOS AIRES,CIUDAD DE BUENOS AIRES,si
XN ARGENTINA S.A.,30-71009586-4,(011  )4780-4441,CIUDAD AUTONOMA BUENOS AIRES,CIUDAD DE BUENOS AIRES,si
XYLEM WATER SOLUTIONS ARGENTINA S.R.L.,30-58133761-9,(011  )6584-2006,CABA,CIUDAD DE BUENOS AIRES,si
YAMAHA MOTOR ARGENTINA S.A.,30-68723475-4,(0237 )428 -9000,CABA,CIUDAD DE BUENOS AIRES,si
YARA ARGENTINA S.A.,30-68310903-3,(011  )5169-6480,CABA,CIUDAD DE BUENOS AIRES,si
YEDRO COMUNICACIONES S.R.L.,30-65818264-8,(0341 )482 -1812,ROSARIO,SANTA FE,si
YOKOGAWA AMERICA DO SUL LIMITADA,30-70996878-1,(011  )5199-0299,CABA,CIUDAD DE BUENOS AIRES,si
YPF S.A.,30-54668997-9,,CABA,CIUDAD DE BUENOS AIRES,no
ZANELLA HNOS. Y CIA. S.A.C.I.F.I.,30-50249857-2,(011  )2806-2437,CASEROS,BUENOS AIRES,si
ZEBRA TECHNOLOGIES ARGENTINA S.A.,30-68243052-0,,VICENTE LOPEZ,BUENOS AIRES,no
"ZEITLIN, JULIO GUILLERMO",20-10195909-1,(011  )4786-0525,CABA,CIUDAD DE BUENOS AIRES,si
"ZILBERMAN, PABLO MARTIN",20-16975424-2,(011  )4825-8806,CIUDAD DE BUENOS AIRES,CAPITAL FEDERAL,si
ZIMA TECH S.A.,30-71105825-3,,CIUDAD AUTONOMA BUENOS AIRES,CIUDAD DE BUENOS AIRES,no
ZMG ARGENTINA S.R.L.,30-71037617-0,(0221 )496 -1444,LISANDRO OLMOS,BUENOS AIRES,si
"ZORZONI, GERARDO DANIEL ARMANDO",20-29897379-1,(0351 )560 -2314,CORDOBA,CORDOBA,si
ZTE CORPORATION (SUCURSAL ARGENTINA),30-70898477-5,,CABA,CIUDAD DE BUENOS AIRES,no
ZTY MOTORS S.A.,30-71595472-5,(03462)36  -6851,CABA,CIUDAD DE BUENOS AIRES,si
