pais,empresa,ciudad,email
AR,Consulado General de España en Buenos Aires,Caba,cog.buenosaires@maec.es
AR,Jardín de Infantes Nucleado D (EPCjc 08/18°) [Sede],Caba,jind18@gmail.com
AR,Café Tortoni,Caba,tortoni@cafetortoni.com.ar
AR,Instituto San Gregorio El Iluminador,Caba,sangregorioprim@hotmail.com
AR,Instituto Privado Mallinckrodt,Caba,rectoria@colegiomallinckrodt.org.ar
AR,Liceo 9 Santiago Derqui,Caba,liceo9derqui@yahoo.com.ar
AR,Café La Biela,Caba,info@labiela.com
AR,Estilo Campo,Caba,info@estilo-campo.com.ar
AR,Café Martínez,Caba,uriarte@cafemartinez.com.ar
AR,Bomberos Voluntarios de Avellaneda,Caba,avellaneda@bomberosvoluntarios.org.ar
AR,Escuela Primaria Común 22 Felix de Azara,Caba,dep_epc22_de15@bue.edu.ar
AR,Escuela Integral Interdisciplinaria 10 Alférez de Navío José María Sobral,Caba,recu10@yahoo.com.ar
AR,Escuela Primaria Común 09 Evaristo Julio Badia,Caba,esc09de10@yahoo.com.ar
AR,Escuela Primaria Común 05 Gabriela Mistral,Caba,esc05de16@gmail.com
AR,Jardín de Infantes Común 03/16° Mafalda,Caba,jic3de16@gmail.com
AR,Escuela Primaria Común 08 Jorge Angel Boero,Caba,dep_epc8_de15@bue.edu.ar
AR,Escuela Infantil 08/15º (a),Caba,jinb_de15@hotmail.com
AR,Centro Educativo de Nivel Secundario 63,Caba,deaa_cens63_de1@bue.edu.ar
AR,Café Martínez,Caba,callao498@cafemartinez.com.ar
AR,Starbucks,Caba,info@starbucks.com.ar
AR,Instituto Privado del Sindicato GBA de Obras Sanitarias,Caba,lagotitadeagua@hotmail.com
AR,Espacio INCAA KM 0 - Gaumont,Caba,espacioincaa@incaa.gov.ar
AR,Escuela Argentina Modelo,Caba,eam@eam.eam.edu.ar
AR,Establecimiento General de Café,Caba,info@estcafe.com.ar
AR,Escuela Primaria Común 05 Nicolás Rodríguez Peña,Caba,escpri5de1@gmail.com
AR,Posta,Caba,mtalvear@leble.com.ar
AR,Escuela del Mirador,Caba,secretaria@escueladelmirador.com.ar
AR,Nuestra Señora de Gracia y Buen Remedio,Caba,ingybr@yahoo.com.ar
AR,Café Martínez,Caba,lmcampos@cafemartinez.com.ar
AR,Colegio Lincoln,Caba,primarialincoln@gmail.com
AR,Jardín de Infantes Nucleado A (EPCjs 10/09°) [Sede],Caba,jina_de9@yahoo.com.ar
AR,Instituto Esquiú,Caba,info@colegio-esquiu.com.ar
AR,Colegio del Arce,Caba,colegio@delarce.com.ar
AR,Duque,Caba,info@duquefuegos.com.ar
AR,Escuela Primaria Común 19 Naciones Unidas,Caba,escuela19de15@yahoo.com.ar
AR,Escuela Primaria Común 17 Monseñor Gustavo J. Franceschi,Caba,dep_epc17_de14@bue.edu.ar
AR,Instituto Glaux,Caba,secretaria@glaux.edu.ar
AR,Jardín de Infantes Nucleado E (EPCjs 02/17°) Juana Manso,Caba,jinejuanamanso@gmail.com
AR,Jardín del Pino,Caba,jardindelpino1@hotmail.com
AR,Escuela Primaria Común 04 Provincia de Córdoba,Caba,esc04de9@gmail.com
AR,Instituto Benito Nazar,Caba,info@benitonazar.Escuelaedu.ar
AR,Colegio Nuevo Pensar,Caba,directivosnuevopensar@gmail.com
AR,Jardín de Infantes Nucleado E (EPCjc 05/17°) Juana Manso,Caba,jinejuanamansi@gmail.com
AR,Escuela Primaria Común 01 Doctor Antonio Dellepiane,Caba,dep_epc1_de17@bue.edu.ar
AR,Escuela del Parque,Caba,informes@escueladelparque.com.ar
AR,Instituto Carlos Pellegrini,Caba,institutocarlospellegrini@gmail.com
AR,Colegio Integral Caballito,Caba,secretaria@colegiocaballito.com.ar
AR,Instituto Casa Verde,Caba,greenhouse@speedy.com.ar
AR,Instituto Argentino Excelsior,Caba,excelsior@fibertel.com.ar
AR,Instituto Sara Chamberlain de Eccleston,Caba,ecclest@fibertel.com.ar
AR,Jardín Carita Feliz,Caba,info@jardincaritafeliz.com.ar
AR,Abrahan Lincoln Flores,Caba,lincolnflores00@hotmail.com
AR,Escuela Primaria Común 01 Museo de Bellas Artes Gral. Urquiza,Caba,dep_epc1_de12@bue.edu.ar
AR,Instituto San José de Flores,Caba,secretaria273@yahoo.com.ar
AR,Instituto Social Militar Doctor Dámaso Centeno,Caba,instituto@damasocenteno.edu.ar
AR,Instituto Profesorado Jorge A. Susini,Caba,rlegalinstitutosusini@gmail.com
AR,Escuela Técnica 18 José Antonio Alvarez Condarco,Caba,et18de11@gmail.com.ar
AR,Escuela Miguel Hernandez,Caba,escuelamhernandez@hotmail.com
AR,Instituto América del Sur,Caba,americadelsur@fibertel.com.ar
AR,Escuela Técnica Ort 01,Caba,escuelaort@ort.edu.ar
AR,Rave,Caba,info@restaurantrave.com.ar
AR,Claudio FIGUEIRA propiedades,Caba,info@figueirapropiedades.com.ar
AR,Instituto San José de Villa del Parque,Caba,secretariamediasanjose_up@hotmail.com
AR,"Centro de Alfabetización, Educación Básica y Trabajo 17",Caba,paebyt@gmail.com
AR,Gran Bar Danzón,Caba,danzon@granbardanzon.com.ar
AR,Oui Oui,Caba,info@ouioui.com.ar
AR,Café Martínez,Caba,uruguay463@cafemartinez.com.ar
AR,Café Martínez,Caba,scalabriniortiz@cafemartinez.com.ar
AR,Escuela Primaria Común 25 República de Guatemala,Caba,escuela25de7@yahoo.com.ar
AR,Le Blé,Caba,athomas@leble.com.ar
AR,mundohelado.com,Caba,info@mundohelado.con
AR,Escuela Abierta la Casa del Sol,Caba,escuelaabierta.primaria@gmail.com
AR,Colegio Esteban Echeverría,Caba,e.echeverria@vaneduc.edu.ar
AR,Instituto Horizonte,Caba,info@colegiohorizontes.com.ar
AR,Jardín de Infantes Integral 02/15° Juan M. Coghlan,Caba,jii2de15@gmail.com
AR,Café Martínez,Caba,lima701@cafemartinez.com.ar
AR,Fundación de Altos Estudios en Ciencias Comerciales,Caba,cflorentin@lafundacion.edu.ar
AR,Chispita,Caba,veronica_mancebof@hotmail.com
AR,Granaderos,Caba,farmaciagranaderos@hotmail.com
AR,ESEA en Danza Mastrazzi Curso Vocacional de Danza y Expresión Corporal Infantil 09,Caba,danzasmastrazzi@yahoo.com.ar
AR,La Juvenil,Caba,info@lajuvenilpastas.com.ar
AR,Café Martínez,Caba,diagonal@cafemartinez.com.ar
AR,American Bike,Caba,info@americanbike.com.ar
AR,1810,Caba,1810sucursalbelgrano@gmail.com
AR,Entelequia,Caba,belgrano@entelequia.com.ar
AR,Embajada Real de Tailandia,Caba,thaiembargen@fibertel.com.ar
AR,Café Martínez,Caba,cabildo1253@cafemartinez.com.ar
AR,Hotel Faraón,Caba,info@faraon.com.ar
AR,Biblioteca Popular de Barracas,Caba,info@bibliobarracas.com.ar
AR,Instituto Nuestra Señora de la Misericordia,Caba,secretaria@misericordia.edu.ar
AR,Instituto Padre Luis M. Etcheverry Boneo,Caba,etcheverryboneo@gmail.com
AR,Alvaro Yunque,Caba,biblioteca_yunque@buenosaires.gob.ar
AR,Antonio Devoto,Caba,biblioteca_devoto@buenosaires.gob.ar
AR,Baldomero Fernández Moreno,Caba,biblioteca_fmoreno@buenosaires.gob.ar
AR,Benito Lynch,Caba,biblioteca_lynch@buenosaires.gob.ar
AR,Canónigo Luis Chorroarín,Caba,biblioteca_chorroarin@buenosaires.gob.ar
AR,Casa de la Lectura,Caba,casadelalectura.dgplbc@gmail.com
AR,Enrique Banchs,Caba,biblioteca_banchs@buenosaires.gob.ar
AR,Estanislao Del Campo,Caba,biblioteca_delcampo@buenosaires.gob.ar
AR,Hilario Ascasubi,Caba,biblioteca_ascasubi@buenosaires.gob.ar
AR,Biblioteca Doctor Laureano Rivas Míguez,Caba,biblioteca@cedie.org.ar
AR,Intendente Julio C. Saguier,Caba,biblioteca_saguier@buenosaires.gob.ar
AR,Javier Villafañe,Caba,biblioteca_villafane@buenosaires.gob.ar
AR,Joaquín V. González,Caba,biblioteca_gonzalez@buenosaires.gob.ar
AR,José Hernández,Caba,biblioteca_josehernandez@buenosaires.gob.ar
AR,José Mármol,Caba,biblioteca_marmol@buenosaires.gob.ar
AR,La Prensa,Caba,biblioteca_laprensa@buenosaires.gob.ar
AR,Leopoldo Lugones,Caba,biblioteca_lugones@buenosaires.gob.ar
AR,Manuel Gálvez,Caba,biblioteca_galvez@buenosaires.gob.ar
AR,Mariano Pelliza,Caba,biblioteca_pelliza@buenosaires.gob.ar
AR,Martín del Barco Centenera,Caba,biblioteca_centenera@buenosaires.gob.ar
AR,Rafael Obligado,Caba,biblioteca_obligado@buenosaires.gob.ar
AR,Café Martínez,Caba,av.demayo@cafemartinez.com.ar
AR,Instituto Nuestra Señora del Huerto,Caba,inshmos.medio@gmail.com
AR,Tonel Privado,Caba,info@tonelprivado.com
AR,Jardín de Infantes Común 03/18° El Jardín de la Floresta,Caba,dei_jic3_de18@bue.edu.ar
AR,Jardín de Infantes Nucleado C (EPCjc 11/18°),Caba,jincde18@gmail.com
AR,Escuela Argentina General Belgrano,Caba,info@eag.edu.ar
AR,Eneri,Caba,info@lylyk.com.ar
AR,Café Martínez,Caba,balcarce@cafemartinez.com.ar
AR,Daniel,Caba,info@heladosdaniel.com.ar
AR,Café del Arbol,Caba,cafedelarbol.santelmo@gmail.com
AR,El Eco Gourmet,Caba,quiero@elecogourmet.com.ar
AR,Café Martínez,Caba,pampa@cafemartinez.com.ar
AR,Etc Etc,Caba,info@hoteletc.com.ar
AR,Mi Barrio Hamburguesería,Caba,mibarriohamburgueseria@gmail.com
AR,Farmapal,Caba,farmapal@fibertel.com.ar
AR,Odontología,Caba,consultorio.mhg@gmail.com
AR,Buenos Aires Bakery,Caba,info@buenosairesbakery.com.ar
AR,Real Web,Caba,info@realweb.com.ar
AR,Escuela Infantil 06/10° Madre Eufrasia Iaconis,Caba,ei6_10@yahoo.com.ar
AR,Reale,Caba,reale.gourmet@gmail.com
AR,Centro Educativo Arquidiocesano Espíritu Santo,Caba,info@ceaes.edu.ar
AR,Zelmerex,Caba,info@zelmerex.com
AR,Reparacion y Servicio Tecnico,Caba,budaservices@gmail.com
AR,Embajada de Israel,Caba,info@buenosaires.mfa.gov.il
AR,Brujas Disco-Bar,Caba,brujasdisco@live.com.ar
AR,Siamo Nel Forno,Caba,siamonelforno@gmail.com
AR,VCTARGENTINA,Caba,ventas@vctargentina.com.ar
AR,Villa Devoto School,Caba,vdevoto@vdevoto.Escuelaedu.ar
AR,Enfundá la mandolina,Caba,enfunda2012@yahoo.com.ar
AR,Casal de Catalunya,Caba,info@casal.org.ar
AR,Chikylu,Caba,babychikylu@gmail.com
AR,Cendas,Caba,eventos@cendas.com.ar
AR,Instituto Bayard,Caba,secretaria.secundario@bayard.Escuelaedu.ar
AR,La Nueva Eclipse,Caba,eclipse_remis@yahoo.com
AR,CoinMelon,Caba,info@coinmelon.com
AR,Global Vip Transfer S.A.,Caba,reservas@global-vip-transfer.com
AR,Escuela Infantil 04/17°,Caba,dei_ei4_de17@bue.edu.ar
AR,Café Martínez,Caba,cmcallao858@cafemartinez.com.ar
AR,La Madonnina,Caba,info@lamadonninaresto.com.ar
AR,Johnny B. Good,Caba,pmadero@jbgood.com
AR,Milenio III,Caba,mileniocollege2000@yahoo.com.ar
AR,Instituto Río de la Plata,Caba,secundaria@colegioriodelaplata.edu.ar
AR,Consultorio Psicológico (Lic. Roberto Martínez) Psicoanalista,Caba,rmarthz@gmail.com
AR,Colegio 12 Reconquista,Caba,dem_col12_de15@bue.edu.ar
AR,Librería Esotérica Arcángel Rafael,Caba,libreria@arcangelrafael.com.ar
AR,BsAs sound,Caba,bsas_sound@hotmail.com
AR,Il Bruno Pasta & Pizza Napoletana,Caba,ilbrunoar@gmail.com
AR,Instituto José Ingenieros,Caba,jingenieros@clubosn.com.ar
AR,GIN TONIC CLOTHING,Caba,gintonicshowroom@gmail.com
AR,Locutorio Aguero,Caba,locutorioaguero@gmail.com
AR,Café Martínez,Caba,cordoba2677@cafemartinez.com.ar
AR,El Jardín de los Mirasoles,Caba,jardinmirasoles@gmail.com
AR,Colegio Nuevo Guido Spano,Caba,info@colegioguidospano.com
AR,LAB New American Cuisine & Coffee Shop,Caba,info@labcafe.com.ar
AR,Zenergia SRL,Caba,info@zenergia.com.ar
AR,Sanatorio Otamendi y Miroli,Caba,rrpp@otamendi.com.ar
AR,Moderno Bazar,Caba,web@modernobazar.com
AR,"CENOF D.E. 06 ""Centro Municipal del Tango"" - Escuela Primaria 12/06°",Caba,cnf.cetba@bue.edu.ar
AR,Bloomes,Caba,piazembo@hotmail.com
AR,Instituto de Recreación Infantil Mi Casita,Caba,escuela@micasitapeldanos.edu.ar
AR,1810,Caba,1810palermo@gmail.com
AR,Milion,Caba,info@milion.com.ar
AR,TGI Friday's,Caba,contacto@tgifridaysargentina.com.ar
AR,Café Martínez,Caba,santafe928@cafemartinez.com.ar
AR,Circe - Libros Tesoro,Caba,biblioteca_circe@buenosaires.gob.ar
AR,Casa Chimi,Caba,casachimi@hotmail.com
AR,Café Martínez,Caba,hortiguera@cafemartinez.com.ar
AR,"Escuela para Niños, Niñas y Jóvenes con Pluridiscapacidad 26 Doctor Jorge Garber",Caba,eee26_de9@bue.edu.ar
AR,Le Pain Quotidien,Caba,info@lepainquotidien.com.ar
AR,Escuela de circo La Arena,Caba,info@circoarena.com.ar
AR,Basta de Lobby,Caba,palermo@bastadelobby.com
AR,Café Martínez,Caba,hitaliano@cafemartinez.com.ar
AR,Casa Temple,Caba,palermo@thetemplebar.com.ar
AR,Colegio Francesco Faà Di Bruno,Caba,info@faadibruno.edu.ar
AR,Centro de Educación Creativa La Aldea del Buen Ayre,Caba,laaldeadelbuenayre@hotmail.com
AR,Escuela Infantil La Tortuga Juanola,Caba,latortugajuanola@hotmail.com
AR,Escuela de Educacion Media 05/15°,Caba,eem5de15@gmail.com
AR,Jardín de Infantes Integral 04/14,Caba,dei_jii4_de14@bue.edu.ar
AR,Jardín de Infantes Nucleado C (EPCjs 08/11°) Herminia Brumana,Caba,dei_jinc10_de11@bue.edu.ar
AR,Jardín de Infantes Nucleado B (EPCjc 10/04°),Caba,dei_jinb_de4@bue.edu.ar
AR,Escuela Primaria Común 21 Almirante Segundo R. Storni,Caba,dep_epc21de14@bue.edu.ar
AR,Escuela Primaria Común 11 Doctor Enrique Mosca,Caba,dep_epc11_de14@bue.edu.ar
AR,Instituto Nuestra Señora del Huerto,Caba,administracion@inshuertorincon.edu.ar
AR,Tienda Consol,Caba,floresta@tiendaconsol.coop
AR,Jardín de Infantes Nucleado C (EPCjc 15/18°) [Sede],Caba,jincd.e18@gmail.com
AR,Ciclo Básico de Formación Ocupacional 03 Olga Cossettini,Caba,dem_cbo3_de10@bue.edu.ar
AR,Electro Fashion,Caba,info@electrofashion.com
AR,Persistir Pilchas,Caba,persistir.pilchas@gmail.com
AR,Escuela Primaria Común 03 Doctor Onésimo Leguizamón,Caba,escpri3de1@gmail.com
AR,Bellaria,Caba,info@bellariaweb.com
AR,Liceo 01 José Figueroa Alcorta,Caba,liceo1de2@gmail.com
AR,Carlos Guido y Spano,Caba,biblioteca_guidoyspano@buenosaires.gob.ar
AR,Librería Biblos,Caba,bibloscolegiales@gmail.com
AR,Jardín de Infantes Nucleado B (EPCjs 12/20°),Caba,dei_jinb8_de20@bue.edu.ar
AR,Jardín de Infantes Integral 04/09°,Caba,jardinparaguay@hotmail.com
AR,Jardín de Infantes Nucleado C (EPCjs 03/02°),Caba,jincde02@yahoo.com.ar
AR,Escuela Primaria N* 14,Caba,infanteriargentina14@hotmail.com
AR,Instituto R. P. Hansen,Caba,infoprimaria@institutohansen.com.ar
AR,Jardín de Infantes Nucleado A (EPCjc 03/17°) Alicia Moreau de Justo,Caba,jinade17@gmail.com
AR,Instituto María Auxiliadora,Caba,cma131@yahoo.com.ar
AR,Jardín de Infantes Nucleado B - Mariano Sánchez de Loria,Caba,dei_jinb14_de18@bue.edu.ar
AR,Escuela Normal Superior 08 Presidente Julio Argentino Roca (anexo),Caba,ens8_mtprosecretaria@bue.edu.ar
AR,Ventas IGN,Caba,ventas@ign.gob.ar
AR,Montecarlo,Caba,barcafemontecarlo@gmail.com
AR,Tea Connection,Caba,vueltadeobligado@teaconnection.com.ar
AR,Romario,Caba,info@romario.com.ar
AR,Jardín de Infantes Nucleado A (EPCjs 21/11°) Baldomero Fernández Moreno,Caba,jardindeinfantesnucleadosa@gmail.com
AR,La Casa de la Computadora,Caba,info@casadelacomputadora.com.ar
AR,1810,Caba,1810centro@gmail.com
AR,Escuela Nº 10 Doctor Ricardo Gutierrez,Caba,diezprimaria@gmail.com
AR,Jardín de Infantes Nucleado B (EPCjc 10/19°),Caba,jinbde19@yahoo.com.ar
AR,Jardín de Infantes Nucleado D (EPCjs 09/12°),Caba,jinddistrito12@gmail.com
AR,Jardín de Infantes Común 01/13°,Caba,jic01de13@yahoo.com.ar
AR,Escuela Primaria Común 11 Antonio J. Bucich,Caba,dep_epc11_de4@bue.edu.ar
AR,Escuela Normal Superior 02 en Lenguas Vivas Mariano Acosta,Caba,ens2acosta@bue.edu.ar
AR,Instituto Elisa Harilaos,Caba,colegioelisaharilaos@gmail.com
AR,Jardín de Infantes Nucleado D (EPCjs 24/17°) Victoria Ocampo,Caba,jind172009@gmail.com
AR,Escuela Primaria Común 20 Nieves Escalada de Oromi,Caba,dep_epc20_de5@bue.edu.ar
AR,Jardín de Infantes Integral 03/11°,Caba,dei_jii3_de11@bue.edu.ar
AR,Jardín de Infantes Nucleado A (EPCjs 07/05°) (Sede),Caba,jinacinco@yahoo.com.ar
AR,Jardín de Infantes Nucleado C (EPCjs 17/12°),Caba,jincjardin@yahoo.com.ar
AR,Café Martínez,Caba,cmlautaro402@cafemartinez.com.ar
AR,Jardín de Infantes Nucleado C (EPCjc 03/14°) [Sede],Caba,jincde1405@gmail.com
AR,Jardín de Infantes Nucleado C (EPCjs 04/10°),Caba,jincde10@yahoo.com.ar
AR,Escuela Primaria p/Adultos 18 Cabildo de Buenos Aires,Caba,deaa_ep18de14@bue.edu.ar
AR,Pani,Caba,deli@pani.com.ar
AR,Instituto Santísima Virgen Niña,Caba,replegalisun@virgennina.org.ar
AR,Temple Craft Soho,Caba,hola@thetemplebar.com.ar
AR,Mostaza,Caba,devoto@mostazaweb.com.ar
AR,Instituto Puertas de Sión,Caba,escuela@shaaresion.org.ar
AR,Escuela Primaria Común 23 Provincia de Entre Rios,Caba,escuela23distrito6@gmail.com
AR,Jardín de Infantes Nucleado D (EPCjc 19/02°),Caba,jind2@yahoo.com.ar
AR,Escuela Primaria Común 02 José Maria Gutiérrez,Caba,dep_epc2_de6@bue.edu.ar
AR,Escuela Técnica 32 Gral. José de San Martín,Caba,det_32_de14@bue.edu.ar
AR,Café Palacio,Caba,museosimik@gmail.com
AR,Instituto Esteban Agustín Gascón,Caba,contacto@institutogascon.com.ar
AR,Escuela de Comercio 26 Enrique de Vedia,Caba,com26de1@buenosaires.edu.ar
AR,Instituto Incorporado Colectividad Helénica,Caba,helenico_a_814@yahoo.com.ar
AR,Jardín de Infantes Nucleado B (EPCjs 14/10°) [Sede],Caba,jinbde10cap@yahoo.com.ar
AR,MegaCar,Caba,info@megacar.com.ar
AR,"La Abadía, Centro de Arte y Estudios Latinoamericanos",Caba,info@laabadia.org
AR,Intanto,Caba,catering@intanto.com.ar
AR,Café Martínez,Caba,cmbelgrano1775@cafemartinez.com.ar
AR,Defu The Tofu Co.,Caba,sanfu.ar@gmail.com
AR,Le Blé,Caba,arredondo@leble.com.ar
AR,Instituto Privado San Martín de los Campos (sede),Caba,secundaria@st-martin.edu.ar
AR,Maru Botana,Caba,11deseptiembre@marubotana.com
AR,Escuela Primaria Común 05 Juan B. Peña,Caba,esc5de7@yahoo.com.ar
AR,Escuela Primaria Común 06 Doctor Guillermo Correa,Caba,dep_epc6_de6@bue.edu.ar
AR,Escuela Primaria Común 05 Albina García de Ryan,Caba,dep_epc5_de11@bue.edu.ar
AR,Maury,Caba,info@ferreteriamaury.com.ar
AR,Premium Baby Company,Caba,info@babycompany.com.ar
AR,Power and Shine,Caba,info@powerandshine.com
AR,Escuela Primaria Común 07 Olegario Víctor Andrade,Caba,dep_epc7_de6@bue.edu.ar
AR,Dulce Buenos Aires,Caba,info@dulcebuenosaires.com
AR,The Temple Bar,Caba,recoleta@thetemplebar.com.ar
AR,Escuela Primaria Común 04 Salvador María del Carril,Caba,dep_epc4_de6@bue.edu.ar
AR,Class Optical,Caba,classoptical@hotmail.com
AR,El Buen Amigo,Caba,elbuenamigo@fibertel.com.ar
AR,Instituto de Enseñanza Superior en Lenguas Vivas Juan B. Justo (sede),Caba,jbjusto@bue.edu.ar
AR,Embajada de Colombia,Caba,ebaires@cancilleria.gov.co
AR,PrintaLot La Central,Caba,info@printalot.com.ar
AR,La Mar,Caba,info@lamarcebicheria.com.ar
AR,Le Pain Quotidien,Caba,contacto@bardumarchepalermo.com
AR,Tilo - Artesanía & Diseño,Caba,tiloartesanias@gmail.com
AR,Embajada de India,Caba,frontdesk@indembarg.org.ar
AR,Dulsisa,Caba,dulsisa@hotmail.com
AR,La Panera Rosa,Caba,borges@lapanerarosa.com.ar
AR,Centro Montañés - Casa de Cantabria,Caba,casadecantabria@casadecantabria.com.ar
AR,Alra (repuestos y Servicio),Caba,taller2@alravw.com
AR,Escuela Primaria Común 01 Tomasa de la Quintana de Escalada,Caba,dep_epc1_de7@bue.edu.ar
AR,Escuela Primaria p/Adultos 22 Santa María de los Buenos Aires,Caba,prim.adultos22de13@gmail.com
AR,Jardín de Infantes Nucleado C (EPCjc 20/20°),Caba,jincde20@gmail.com
AR,Escuela Primaria Común 05 Paul Groussac,Caba,dep_epc5_de6@bue.edu.ar
AR,Café Martínez,Caba,juramento@cafemartinez.com.ar
AR,Lozada viajes,Caba,recoleta@lozadaviajes.com
AR,Instituto Lange Ley,Caba,info@langeley.Escuelaedu.ar
AR,Gran Parrilla del Plata,Caba,info@parilladelplata.com
AR,Siete Spirits,Caba,consultas@sietespirits.com
AR,Polo Cel,Caba,ventas@polocel.com.ar
AR,Programa Ibicuy,Caba,info@ibicuy.com
AR,Embajada de Suiza,Caba,bue.vertretung@eda.admin.ch
AR,ABM - Instituto de educación superior A-793,Caba,abmbiblioteca@fibertel.com.ar
AR,Café Martínez,Caba,cerrito1264@cafemartinez.com.ar
AR,Dirección Nacional del Antártico,Caba,info@dna.gob.ar
AR,Escuela Alamos,Caba,alamosescuela@live.com.ar
AR,Tea Connection,Caba,conde@teaconnection.com.ar
AR,Oppel,Caba,belgranor@oppel.com.ar
AR,Enamorada del muro,Caba,info@enamoradadelmuro.com
AR,Maru Botana,Caba,echeverria@marubotana.com
AR,Sergio Arias,Caba,ventas@sergioarias.com.ar
AR,Talleres Álvarez,Caba,talleresalvarez@hotmail.com
AR,Mega Station,Caba,megastationsrl@gmail.com
AR,Crisol,Caba,info@crisolweb.com.ar
AR,ALOT,Caba,elcano@staples.com.ar
AR,Briomaq,Caba,briomaq@briomaq.com
AR,Instituto Hogar de Niños Ramón L. Falcón,Caba,irfalcon@fibertel.com.ar
AR,Escuela Primaria Común 02 Florencio Varela,Caba,dep_epc2_de12@bue.edu.ar
AR,The Roxy Live!,Caba,info@roxylive.com.ar
AR,Org tech,Caba,galloguillermo@hotmail.com
AR,Ascorti,Caba,info@libreriaascorti.com.ar
AR,Compañia de Juguetes,Caba,belgranor@companiadejuguetes.com
AR,Piero,Caba,belgrano@dormipiero.com.ar
AR,Banco CMF SA,Caba,cbaez@cmfb.com.ar
AR,Embajada de Bélgica,Caba,buenosaires@diplobel.fed.be
AR,Embajada del Reino de los Países Bajos en Buenos Aires,Caba,bue@minbuza.nl
AR,Embajada de Bolivia,Caba,secretaria@embajadadebolivia.com.ar
AR,Embajada de República Democrática del Congo,Caba,rdcbuenos@hotmail.com
AR,Embajada de Costa Rica,Caba,embcr-ar@rree.go.cr
AR,telisatel service,Caba,telisatel@msn.com
AR,Embajada de Dinamarca,Caba,bueamb@um.dk
AR,Embajada de la República Dominicana,Caba,embajada@embajadadominicana.com.ar
AR,LUBRICENTRO JAR,Caba,info@lubricentrojar.com.ar
AR,Espacio Placer,Caba,espacioplacer@espacioplacer.com.ar
AR,Embajada de El Salvador,Caba,consulta_comunicaciones@rree.gob.sv
AR,Embajada de Eslovenia,Caba,vba@gov.si
AR,Embajada de Finlandia,Caba,sanomat.bue@formin.fi
AR,Comedor Universitario,Cordoba,comedor@bienestar.unc.edu.ar
AR,mini Super,Cordoba,minisuperas@gmail.com
AR,Café Martínez,Cordoba,cordoba@cafemartinez.com.ar
AR,ESCUELA PROVINCIA DE FORMOSA,Cordoba,primariaformosa@hotmail.com.ar
AR,Consulado de Francia,Cordoba,sonzini@arnet.com.ar
AR,Quimica Halac,Cordoba,info@quimicahalac.com.ar
AR,Área de Formación Docente y Producción Educativa,Cordoba,edudis@eco.unc.edu.ar
AR,Marozzi distribuidora,Cordoba,ventas@bateriasmarozzi.com.ar
AR,Capilla Santa Teresita,Cordoba,vicariasantateresita@gmail.com
AR,Fabrica Pc,Cordoba,rvlevet@gmail.com
AR,Gestor de Cordoba. Autos. Motos. Gonzalo 3512205097,Cordoba,santinogigena@gmail.com
AR,ATLARES Crowdfunding Bitcoin & Networking,Cordoba,info@atlares.com
AR,Deportes Iguazu,Cordoba,deportesiguazu@gmail.com
AR,Instituto Privado Deán Funes,Cordoba,info@institutodeanfunes.edu.com
AR,Poeta Soho,Cordoba,poetasoho@gmail.com
AR,Puente de Estrellas,Cordoba,puentedeestrellas.micael@gmail.com
AR,Catalina Calzados,Cordoba,catalinacalzados@outlook.com.ar
AR,Chevromaxs,Cordoba,chevromaxs@gmail.com
AR,Parroquia Nuestra Señora del Carmen,Cordoba,pquiantrasenoradelcarmen@gmail.com
AR,Farmacia Pedernera,Cordoba,pedernerafarmacia@gmail.com
AR,Virmanic SA,Cordoba,jvalles@virmanicsa.com
AR,Librería Blackpool,Cordoba,blackpool@arnet.com.ar
AR,Venex Computacion,Cordoba,consultas@venexcomputacion.com
AR,Paseo La Toscana,Cordoba,administracion@paseolatoscana.com
AR,Las 2 Hermanas,Cordoba,librerialasdoshermanas@gmail.com
AR,InfoNegocios,Cordoba,correo@infonegocios.info
AR,Imprenta Arguello,Cordoba,laimprenta.arguello@gmail.com
AR,Olmedo Odontología & Estética,Cordoba,odontologiayestetica.cba@gmail.com
AR,Roma Motos,Cordoba,info@romamotos.com.ar
AR,Szumik,Cordoba,info@szumik.com.ar
AR,Maestre,Cordoba,info@maestreiluminacion.com.ar
AR,RentAuto Atgentina,Cordoba,info@rentautoargentina.com.ar
AR,Torralba,Cordoba,info@torralba.com.ar
AR,Delivery Paint,Cordoba,deliverypaint@gmail.com
AR,Megatone,Cordoba,atencionalcliente@megatone.net
AR,Alquiler Auto Aero-Cordoba,Cordoba,info@alquilerautocordoba.com.ar
AR,El Espejo Libros,Cordoba,espejoventas@elespejolibros.com.ar
AR,OlmedoOdontologia,Cordoba,Consultorioolmedo@hotmail.com
AR,BAfarma - Farmacia Bosque Alvarez,Cordoba,contacto@bafarma.com
AR,Service Impresoras,Cordoba,simpresoras@gmail.com
AR,Banco de Sangre – Instituto de Hematología y Hemoterapia  (UNC),Cordoba,direccionmedica@ihh.unc.edu.ar
AR,Biblioteca Mayor - Universidad Nacional de Córdoba,Cordoba,info@bmayor.unc.edu.ar
AR,Unifit,Cordoba,hola@unifit.ar
AR,Luminotecnia,Cordoba,info@luminotecnia.com.ar
AR,Hospital Veterinario Córdoba,Cordoba,hospitalveterinariocba@gmail.com
AR,Tienda Florencia,Cordoba,florenciagrowshop@gmail.com
AR,Centro de Investigaciones y Estudios sobre Cultura y Sociedad (CIECS),Cordoba,secretariaciecs@gmail.com
AR,Fundación Mueve,Cordoba,fundacion@mueve.org.ar
AR,Tecnoplus Casa Informática,Cordoba,tecnoplus@live.com.ar
AR,Ópticas Lauricella,Cordoba,opticas.lauricella@gmail.com
AR,"Stock In - Mayorista Multimarcas - Lexico, Oreiro Love y muchas más.",Cordoba,pedidos@mhtendencias.com.ar
AR,"Tienda Lexico - Moda y Complementos - Carteras, Mochilas, Valijas y Accesorios",Cordoba,tiendalexico@mhtendencias.com.ar
AR,ALB,Cordoba,ventas@albamoblamientos.com.ar
AR,Alas Centro de Rehabilitación Integral Infantojuvenil,Cordoba,info@centroalas.com.ar
AR,ITV Chateau (Inspección Técnica Vehicular),Cordoba,itv.cordoba@opuslatam.com
AR,Colegio Gabriel Taborín,Cordoba,direcciongeneral@taborin.edu.ar
AR,Tagle,Cordoba,info@taglerenault.com.ar
AR,Motcor,Cordoba,motcor@motcor.com.ar
AR,Avant,Cordoba,marketing@avantpeugeot.com.ar
AR,Bondio,Cordoba,motosonline@bondio.com.ar
AR,Ames Motos,Cordoba,ventas@amesmotos.com.ar
AR,Escuela Ramón J. Cárcano,Cordoba,rjcarcano@hotmail.com
AR,IPET N° 249 Nicolás Copérnico,Cordoba,ipet249@gmail.com
AR,Clinica Privada Gallia,Cordoba,info@centrogallia.com
AR,Colegio Nacional de Monserrat,Cordoba,monserrat@cnm.unc.edu.ar
AR,Cooperativa de Trabajo Encuentro,Rosario,coopencuentro.ros@gmail.com
AR,Biblioteca Argentina Doctor Juan Álvarez,Rosario,biblioargentina@rosario.gov.ar
AR,Sablé Paris,Rosario,info@sableparis.com
AR,Marstech Computación,Rosario,mendoza@marstech.com.ar
AR,La Chacra,Rosario,contacto@lachacrarotiseria.com
AR,Centro de Convenciones Cristiano,Rosario,orepormi@canalluz.org
AR,Rosario Agro Industrial srl,Rosario,info@rosarioagroindustrial.com
AR,PadTravel,Rosario,pabla@padtravel.com.ar
AR,Mary Jane,Rosario,maryjanedisenos@gmail.com
AR,Banquito Ferroviario,Rosario,info@banquitoferroviario.org
AR,Teatro Mateo Booz,Rosario,info@teatromateobooz.com
AR,EducaciónIT,Rosario,rosario@educacionit.com.ar
AR,Hi-Fi Laser,Rosario,hifilaser@hifilaser.com.ar
AR,SushiClub,Rosario,contacto@sushiclub.com.ar
AR,Belgrano,Rosario,lapanaderiabelgrano@gmail.com
AR,Tips Mucho Diseño,Rosario,tipstienda@gmail.com
AR,Centro Evolutivo,Rosario,centroevolutivo@gmail.com
AR,"Anexo Instituto Superior del Profesorado de Música 5932 ""Carlos Guastavino",Rosario,info@ispmguastavino.edu.ar
AR,E.E.T. Nº 638 Margarita Mazza de Carlés,Rosario,sec638_rosario@santafe.edu.ar
AR,KEL Ediciones,Rosario,info@kel-ediciones.com
AR,Escuela 1139 Marcos Sastre,Rosario,prim1139_rosario@santafe.edu.ar
AR,Jumbo Comunicaciones,Rosario,jumbocom@fibertel.com.ar
AR,Desarmadero El Grillo,Rosario,info@gustavogrillo.com.ar
AR,Escuela de Guardavidas Rosario,Rosario,escuela_de_guardavidasrosario@hotmail.com
AR,Compu-Byte,Rosario,sebacedo@hotmail.com
AR,Escuela 55 Domingo Faustino Sarmiento,Rosario,prim55_rosario@santafe.edu.ar
AR,Cimer,Rosario,tiendacimer@gmail.com
AR,Distrito Oeste Ciudad Futura,Rosario,contacto@ciudadfutura.com.ar
AR,Siscom,Rosario,info@siscom.com.ar
AR,El Mago NT,Rosario,elmagont@gmail.com
AR,Grupo Mansilla,Rosario,gmp.mayorista@grupomansilla.com.ar
AR,Silab,Rosario,labin@silab.com.ar
AR,Graficando Ideas,Rosario,graficandoideas.rosario@gmail.com
AR,Magistral,Rosario,farm.magistral@gmail.com
AR,Escuela para Adultos 6619,Rosario,cecla19rosario@gmail.com
AR,Japón in Box,Rosario,grupoinboxargentina@gmail.com
AR,Montecatini Antiques,Rosario,antiques939@gmail.com
AR,Cúspide,Rosario,portal.rosario@cuspide.com
AR,Jardín 1251 Doctor Hermann Gmeiner,Rosario,jardin1251_rosario@santafe.edu.ar
AR,Escuela 1427 San Isidro Labrador,Rosario,prim1427_rosario@santafe.edu.ar
AR,Carat Apart Boutique,Rosario,reservas@carat.com.ar
AR,Biblioteca Central Rosario - UCA,Rosario,biblioteca_rosario@uca.edu.ar
AR,Mercado de Productores Rosario,Rosario,info@mprosario.com.ar
AR,Escuela 77 Pedro Goyena,Rosario,prim77_rosario@santafe.edu.ar
AR,Escuela 1422 Marcelino Champagnat,Rosario,prim1422_rosario@santafe.edu.ar
AR,Vicente Anastasio de Echevarria 798,Rosario,prim798_rosario@santafe.edu.ar
AR,General Manuel Belgrano 465,Rosario,sec465_rosario@santafe.edu.ar
AR,Parroquia Nuestra Señora de Luján,Rosario,parroquialujanrosario@gmail.com
AR,Resonancias,Rosario,ventas.honda@resonancias.com.ar
AR,Fussetti,Rosario,frosario@fussetti.com
AR,Escuela 1417 San Pablo,Rosario,prim1417_rosario@santafe.edu.ar
AR,Escuela Técnica 473 Juana Elena Blanco,Rosario,aggorza@yahoo.com.ar
AR,Chevromax,Rosario,administracion@chevromax.com.ar
AR,Escuela Técnica 8199 Nuestra Señora de La Guardia,Rosario,sec8199_rosario@santafe.edu.ar
AR,Colegio Pablo VI,Rosario,administracion@colegiopaulovi.edu.ar
AR,Cúspide Libros,Rosario,rosario@cuspide.com
AR,Coto,Rosario,info@coto.com.ar
AR,Remy,Rosario,sucursalpasodelbosque@remy.com.ar
AR,Escuela 1226 Nuestra Señora del Valle,Rosario,primpri1226_rosario@santafe.edu.ar
AR,Escuela 649 General San Martín,Rosario,sec649_rosario@santafe.edu.ar
AR,Escuela 1279 Brigadier Estanislao Lopez,Rosario,prim1279_rosario@santafe.edu.ar
AR,Centro Integrado de Operaciones Rosario,Rosario,cmm@rosario.gob.ar
AR,Anexo Escuela 3066 San Pablo,Rosario,sec3066_rosario@santafe.edu.ar
AR,Escuela 1318 Comunidad Eva Perón,Rosario,prim1318_rosario@santafe.edu.ar
AR,Jardín de Infantes 262 Mané Bernardo,Rosario,jardin262_rosario@santafe.edu.ar
AR,Escuela Primaria 756 José Serrano,Rosario,prim756_rosario@santafe.edu.ar
AR,Escuela Nº 800 Profesor Joaquín Argüelles,Rosario,prim800_rosario@santafe.edu.ar
AR,Escuela Primaria 1220 San Martín de Porres,Rosario,prim1220_rosario@santafe.edu.ar
AR,Escuela Primaria 117 Islas Malvinas,Rosario,prim117_rosario@santafe.edu.ar
AR,Ribron,Rosario,info@ribron.com
AR,Tecnofrío,Rosario,dariomaglia54@gmail.com
AR,Brigadier Estanislao Lopez 6383,Rosario,prim6383_rosario@santafe.edu.ar
AR,Mudanzas El Chasqui,Mendoza,info@mudanzaselchasqui.com.ar
AR,Mudanzas Stocco (Vicente e hijo),Mendoza,info@mudanzastocco.com
AR,Avis,Mendoza,mendozadt@avis.com.ar
AR,Francesco Barbera Ristorante,Mendoza,administracion@francescoristorante.com.ar
AR,Docwell,Mendoza,info@docwell.com.ar
AR,Yuma,Mendoza,info@yumarentacar.com
AR,Blueway,Mendoza,mendoza@bluewaymza.com.ar
AR,Budget,Mendoza,mendoza@budget.com.ar
AR,Alquiler autos Mdz!,Mendoza,mdzrentacar@gmail.com
AR,Quality Service Rental,Mendoza,info@qsrentalmendoza.com
AR,Biblioteca Ricardo Tudela,Mendoza,museoartemoderno@tutopia.com
AR,Casa por la memoria y la cultura,Mendoza,bibliotecaycasaporlamemoria@yahoo.com.ar
AR,Dietética Aromata,Mendoza,aromatagourmet@gmail.com
AR,Cotyfax,Mendoza,cotyfax@hotmail.com
AR,Instituto de Rehabilitación e Integración del Discapacitado (IRID),Mendoza,institirid@hotmail.com
AR,Casa Rossi Cuchilleria,Mendoza,casarossi_cuchilleria@yahoo.com
AR,Mayorista golosinas,Mendoza,aledcastillos@hotmail.com
AR,Biblioteca Pública General San Martín,Mendoza,bibliotecapublicasanmartin@mendoza.gov.ar
AR,Casino Cóndor,Mendoza,info@winland.com.ar
AR,Autos,Mendoza,info@autogsm.com.ar
AR,Estancia La Florencia,Mendoza,informes@elaflorencia.com.ar
AR,Biónica Electromedicina,Mendoza,bionicamza@hotmail.com
AR,"Cónsul Honorario de la República Federal de Alemania,",Mendoza,mendoza@hk-diplo.de
AR,CEBJA 3-033 Miguel Lillo,Mendoza,dge3033@mendoza.edu.ar
AR,Escuela 1-078 Santiago del Estero,Mendoza,dge1078@mendoza.edu.ar
AR,ZOE Estética Peluquería Capacitación,Mendoza,turnoszoe@gmail.com
AR,Ibuke Sushi,Mendoza,contacto@ibukisushi.com.ar
AR,La Marchigiana,Mendoza,lamarchipalmares@marchigiana.com.ar
AR,Instituto de Sanidad y Calidad Agropecuaria Mendoza,Mendoza,iscamen@iscamen.com.ar
AR,AutoMendoza,Mendoza,info@automendoza.com
AR,CCT 6-012 Rosario Vera Peñaloza,Mendoza,dge612@mendoza.gov.ar
AR,CENS 3-458 Dr. Pedro Aníbal Castro Aubone,Mendoza,dge3458@mendoza.edu.ar
AR,Escuela 1-610 Valle de Guantata,Mendoza,dge1610@mendoza.edu.ar
AR,Regency Casino,Mendoza,casino@regencycasinos.com
AR,Escuela 1-313 Beatriz Falcitelli,Mendoza,dge1313@mendoza.edu.ar
AR,La Zona Tango,Mendoza,zonatangomza@gmail.com
AR,Mendoza Motors,Mendoza,info@mendozarentamotos.com
AR,Centro Médico Dorrego,Mendoza,consultas@hespanol.com.ar
AR,Faoro Abogados,Mendoza,efaoro@abogadosdemendoza.com.ar
AR,EPC especialistas,Mendoza,mza_shine@hotmail.com
AR,Suri SA,Mendoza,suri@suri-sa.com.ar
AR,Vinoteca Viognier,Mendoza,vinotecaviognier@hotmail.com
AR,Cava de Cano,Mendoza,reservas@cavadecano.com.ar
AR,La Consola Digital,Mendoza,laconsolamendoza@gmail.com
AR,MDZ Celulares,Mendoza,mdz.cel@outlook.com
AR,Lerit Billeteras,Mendoza,leritbilleteras@gmail.com
AR,Bodega Domaine Le Billoud,Mendoza,info@domainelebilloud.com
AR,Iglesia Nuestra Señora de la Merced,Mendoza,marcelocinque@gmail.com
AR,Librería Andina,Mendoza,gmontemayor@live.com.ar
AR,Elegant Alquiler de Trajes,Mendoza,gabrielfunesilluminati@hotmail.com
AR,Centro veterinario ciudad,Mendoza,centroveterinariociudad@gmail.com
AR,RTX Mecanica,Mendoza,rtxmecanica_@hotmail.com
AR,Instituto Superior Técnico de Estudios Economicos de Cuyo,Mendoza,info@isteec.edu.ar
AR,Alimentos Granix,Mendoza,ventascuyo@granix.com.ar
AR,Herrajes Bauzá,Mendoza,compras@herrajesbauza.com.ar
AR,Electro Urquiza,Mendoza,electro_urquiza@hotmail.com
AR,Sitrack.com Argentina S.A.,Mendoza,clientes@sitrack.com
AR,Café Martínez,Mendoza,cmmendozamall@cafemartinez.com.ar
AR,Café Martínez,Mendoza,mendoza@cafemartinez.com.ar
AR,Teatro Selectro,Mendoza,hola@teatroselectro.com.ar
AR,CEBA 3-216,Mendoza,ceba3.216@gmail.com
AR,Órgano Administrativo Local (OAL) - Guaymallén,Mendoza,spdguaymallen@mendoza.gov.ar
AR,Artemania Libros,Mendoza,artemanialibros@gmail.com
AR,Servicio de instalación eléctrica y sistema de seguridad,Mendoza,m.alejandro755@gmail.com
AR,COMERCIAL ELECTRONICA/COMETRONICA,Mendoza,comercialelectronicasrl@gmail.com
AR,AMG — Aconcagua Mountain Guides,Mendoza,info@aconcaguamg.com
AR,CAPS 1 Barrio San Martín,Mendoza,caps001@mendoza.gov.ar
AR,Centro Emisor Licencias de Conducir Maipú,Mendoza,licencias@maipu.gob.ar
AR,Centro Psicoeducativo Intensivo (CPeI),Mendoza,cpeimza@yahoo.com.ar
AR,Centrovisión Clínica Oftalmológica,Mendoza,info@centrovision-mza.com.ar
AR,Estudio Jurídico BORA,Mendoza,jaquelinabora@gmail.com
AR,Escuela 4-219 Eliana Molinelli,Mendoza,dge4219@mendoza.edu.ar
AR,Escuela 1-624 Fray Luis Beltran,Mendoza,dge1620@mendoza.edu.ar
AR,PEREYRA GARCÍA PROPIEDADES,Mendoza,infopereyragarcia@gmail.com
AR,Winethic Soluciones Legales,Mendoza,winethic@gmail.com
AR,Nexonet,Mendoza,daniel@nexonet.com.ar
AR,Jazba Café,Mendoza,jazba809@gmail.com
AR,Remax Excelencia,Mendoza,excelencia@remax.com.ar
AR,Eidos,Mendoza,dt_eidos@outlook.com
AR,Red Globe Tours,Mendoza,reservas@redglobetours.com
AR,Aduana de Mendoza,Mendoza,adumendo@afip1.gov.ar
AR,Centro Regional de Hemoterapia,Mendoza,pphemoterapia@mendoza.gov.ar
AR,Hospital Jose N. Lencinas - Godoy Cruz,Mendoza,hosp-lencinas@mendoza.gov.ar
AR,Ecoparque Mendoza,Mendoza,zoomendoza@yahoo.com.ar
AR,Parroquia Nuestra Señora de Luján de Cuyo,Mendoza,info@parroquiadelujan.com.ar
AR,Iglesia de la Alameda,Mendoza,contacto@primeramendoza.com.ar
AR,Escuela 1-698 Provincia de Mendoza,Mendoza,dge1698@gmail.com
AR,Escuela 1-072 Doctor Roque Saenz Pena,Mendoza,dge1072@mendoza.edu.ar
AR,Escuela 4-139 Ernesto Sábato,Mendoza,dge4139@mendoza.edu.ar
AR,Bodega Los Toneles,Mendoza,info@bodegalostoneles.com
AR,Café Martínez,Mar del Plata,mdqcolon2@cafemartinez.com.ar
AR,Clínica 25 de Mayo,Mar del Plata,cl25demayo@clinica25demayo.com.ar
AR,Café Martínez,Mar del Plata,cluro@cafemartinez.com.ar
AR,Claro,Mar del Plata,clarolocalmdq@hotmail.com
AR,Electrotecnica Iluminación y Electricidad,Mar del Plata,electrotecnica@hotmail.com
AR,Senasa Mar del Plata,Mar del Plata,regionalbasur@senasa.gob.ar
AR,Montecatini,Mar del Plata,colon@grupoalpe.com.ar
AR,Colegio Santa Maria del Buen Ayre,Mar del Plata,administracion@smba.edu.ar
AR,Consultorio Odontológico Bolivar,Mar del Plata,consultorioodontologicobolivar@gmail.com
AR,Café Martínez,Mar del Plata,clinicamdq@cafemartinez.com.ar
AR,Klober Motoshop,Mar del Plata,klobermdp@yahoo.com.ar
AR,EXA Computacion,Mar del Plata,info@exacomputacion.com.ar
AR,Instituto Educativo Julio Cortazar,Mar del Plata,institutojuliocortazarmdq@gmail.com
AR,Speedy,Mar del Plata,info@speedy-grill.com.ar
AR,Optica Fava,Mar del Plata,opticafava@gmail.com
AR,Neumáticos Nelson,Mar del Plata,neumaticos.nelson@hotmail.com
AR,CI.LAP Obesidad,Mar del Plata,cilapobesidad@gmail.com
AR,Clinica Dental Odontologia,Mar del Plata,odontologiamdp@gmail.com
AR,Academia Driveway,Mar del Plata,drive_way@hotmail.com
AR,Siempre Farmacias - Badanez,Mar del Plata,info@siemprefarmacias.com.ar
AR,CAMET Robótica,Mar del Plata,info@camet.com.ar
AR,Educa Idiomas,Mar del Plata,info@educaidiomas.com.ar
AR,Almacén de Envases,Mar del Plata,almacendeenvases@gmail.com
AR,Doble Faz,Mar del Plata,fotocopiasdoblefaz@gmail.com
AR,Area Virtual,Mar del Plata,avirtualciber@gmail.com
AR,Catedral de los Santos Pedro y Cecilia,Mar del Plata,catedral@iglesiamdp.org.ar
AR,Parroquia San Pío X,Mar del Plata,sanpiox@iglesiamdp.org
AR,Parroquia Cristo Rey,Mar del Plata,cristorey@iglesiamdp.org.ar
AR,Parroquia San Francisco de Asís,Mar del Plata,pquiasanfranciscomdp@gmail.com
AR,Parroquia Santa Rita de Casia,Mar del Plata,santarita@iglesiamdp.org
AR,Parroquia San Antonio de Padua,Mar del Plata,sanantonio@iglesiamdp.org.ar
AR,Parroquia Nuestra Señora del Huerto,Mar del Plata,nshuerto@iglesiamdp.org
AR,Asociacion Judicial Bonaerense,Mar del Plata,ajb_mdp@yahoo.com.ar
AR,Parroquia Don Bosco,Mar del Plata,psanpabloysanjuanbosco@gmail.com
AR,"Hospital Interzonal General de Agudos ""Dr. Oscar E. Alende",Mar del Plata,direccion-alende@ms.gba.gov.ar
AR,Delegación Mar del Plata,Mar del Plata,delegmar@gmail.com
AR,Parroquia Santa Rosa de Lima,Mar del Plata,santarosa@iglesiamdp.org
AR,Parroquia San Marcos,Mar del Plata,sanmarcos@iglesiamdp.org
AR,Parroquia San José,Mar del Plata,comunidadreligiosa@donorionemdp.org.ar
AR,Parroquia San Cayetano,Mar del Plata,sancayetano@iglesiamdp.org
AR,Parroquia Santa Ana,Mar del Plata,santaana@iglesiamdp.org.ar
AR,Parroquia Sagrado Corazón de Jesús,Mar del Plata,sagradocorazonmdp@iglesiamdp.org.ar
AR,Parroquia Nuestra Señora del Carmen,Mar del Plata,parroquiadelcarmenmdp@yahoo.com.ar
AR,Parroquia Nuestra Señora de Fátima,Mar del Plata,nsfatima@iglesiamdp.org.ar
AR,Parroquia Medalla Milagrosa,Mar del Plata,secparroquialmedallamilagrosa@gmail.com
AR,Parroquia Jesús Obrero,Mar del Plata,jesusobrero@iglesiamdp.org
AR,Parroquia La Asunción de la Santísima Virgen,Mar del Plata,asuncion@iglesiamdp.org
AR,Parroquia San Benedetto Mártir y Jesús Niño,Mar del Plata,sanbenedetto@iglesiamdp.org.ar
AR,Colegio del Sagrado Corazón,San Miguel de Tucuman,sagrado@colsagradocorazon.edu.ar
AR,Café Martínez,San Miguel de Tucuman,tucuman@cafemartinez.com.ar
AR,San Cristobal,San Miguel de Tucuman,farmaciasancristobal15@gmail.com
AR,La Unión,San Miguel de Tucuman,clientes.farmacialaunion@gmail.com
AR,Refinor,San Miguel de Tucuman,rrhh@complejodelparque.com.ar
AR,El Bajeño,San Miguel de Tucuman,bajomusica@hotmail.com
AR,Castillo,San Miguel de Tucuman,info@castillo.com.ar
AR,Instituto San Cayetano,San Miguel de Tucuman,icsancayetano@gmail.com
AR,Sanatorio del Norte,San Miguel de Tucuman,contacto@traumatologiadelnorte.com
AR,Escuela de Nivel Inicial Delfin Jijena,San Miguel de Tucuman,nidelfinjijena2015@gmail.com
AR,Escuela Secundaria Marina Alfaro,San Miguel de Tucuman,esc.sec.malfaro@hotmail.com
AR,Del Jardín,San Miguel de Tucuman,farmaciadeljardin@argentina.com
AR,Spintec,San Miguel de Tucuman,info@spintec.com.ar
AR,Prensa Centro Médico,San Miguel de Tucuman,info@prensaobrasocial.com
AR,Plazoleta Parque,San Miguel de Tucuman,info@farmaciasplazoleta.com
AR,Leguina Informática,San Miguel de Tucuman,leguinainformatica@gmail.com
AR,Las Bases,San Miguel de Tucuman,tucsal@hotmail.com
AR,"Lic. Diego Rodríguez, psicoanalista",San Miguel de Tucuman,psicdiegorod@gmail.com
AR,TodoBulon,San Miguel de Tucuman,todobulon@hotmail.com
AR,Sanatorio Regional,San Miguel de Tucuman,info@sanatorio-regional.com.ar
AR,Teymi,San Miguel de Tucuman,teymi_ge@yahoo.com.ar
AR,Café Martínez,San Miguel de Tucuman,tucumanbarrionorte@cafemartinez.com.ar
AR,Centro de Visas,San Miguel de Tucuman,info@centrodevisas.com
AR,Juvenil Instituto Moderno,San Miguel de Tucuman,institutojimsecundario@gmail.com
AR,Colegio San Carlos Borromeo,San Miguel de Tucuman,claraliliajimenez@hotmail.com
AR,Jaco,San Miguel de Tucuman,jaco@jacovideo.com.ar
AR,Centro de Educación Básica Alternativa 1-22 (CEBA),San Miguel de Tucuman,sandraeesosa@hotmail.com
AR,Centro de Educación Básica Alternativa 1-118 (CEBA),San Miguel de Tucuman,mirtaisaleon@gmail.com
AR,Centro de Formación Profecional 2-41 (Ce.F.P.),San Miguel de Tucuman,adrivalle.love@gmail.com
AR,Centro de Educación Básica Alternativa 1-94 (CEBA),San Miguel de Tucuman,marialuisa_26_@hotmail.com
AR,Escuela Delfin Jijena,San Miguel de Tucuman,delfinjijena@hotmail.com
AR,Escuela Especial Luis Braile,San Miguel de Tucuman,luisbrailleescuela@yahoo.com
AR,Jardín de Infantes Moderno,San Miguel de Tucuman,inicial@jimtucuman.edu.ar
AR,Colegio San Cayetano,San Miguel de Tucuman,colsancayetano.primaria@colegiosancayetanotuc.com
AR,Colegio San Carlos,San Miguel de Tucuman,secretaria.primaria.sancarlos@gmail.com
AR,Escuela de formacion profesional de la escuela de artes y oficios Obispo Colombres,San Miguel de Tucuman,formacionprofesionaloc@gmail.com
AR,Escuela secundaria Barrio Suitiaga,San Miguel de Tucuman,esc.b.sutiaga@hotmail.com
AR,Escuela Secundaria Emilio Castelar,San Miguel de Tucuman,escuelaemiliocastelar@hotmail.com
AR,Escuela San Martín,San Miguel de Tucuman,escsanmartin339@hotmail.com
AR,Escuela Técnica 2 Obispo Colombres,San Miguel de Tucuman,tecnica2obispocolombres@gmail.com
AR,Instituto John Kennedy,San Miguel de Tucuman,info@institutokennedy.com.ar
AR,Plasticaucho,San Miguel de Tucuman,comercial@plasticaucho.com.ar
AR,Lujan,San Miguel de Tucuman,farmacialujan@tucbbs.com.ar
AR,Juan XXIII,San Miguel de Tucuman,litoia2012@yahoo.com.ar
AR,Muñecas SCS,San Miguel de Tucuman,roofajardo@hotmail.com
AR,Matheu,San Miguel de Tucuman,farmamatheu@yahoo.com.ar
AR,Bermudez,San Miguel de Tucuman,farmacia1bermudez@hotmail.com
AR,Asunción,San Miguel de Tucuman,farmaciaasuncion@hotmail.com
AR,Río Salí,San Miguel de Tucuman,fciariosali@hotmail.com
AR,Del Piamonte,San Miguel de Tucuman,la_farpiamonte@yahoo.com.ar
AR,Primavera,San Miguel de Tucuman,farprimavera@arnetbiz.com.ar
AR,Belén,San Miguel de Tucuman,belenfarmacia@hotmail.com
AR,Ancla,San Miguel de Tucuman,farmaciaancla@hotmail.com.ar
AR,Avenida,San Miguel de Tucuman,farmaciaavenidatucuman@yahoo.com.ar
AR,Plazoleta Belgrano,San Miguel de Tucuman,farmaciaplazoleta@hotmail.com.ar
AR,Farmacenter,San Miguel de Tucuman,farmfarmacenter@yahoo.com
AR,Calcagno,San Miguel de Tucuman,info@farmaciacalcagno.com.ar
AR,Los Lirios,San Miguel de Tucuman,nlg75@hotmail.com
AR,De la Rosa,San Miguel de Tucuman,omarlec@arnetbiz.com.ar
AR,Moderna,San Miguel de Tucuman,farmaciamoderna@hotmail.com
AR,Martiniano,San Miguel de Tucuman,martinianofarma@hotmail.com
AR,Cruz Alta,San Miguel de Tucuman,fabianmarchesi@hotmail.com
AR,Concepción,San Miguel de Tucuman,farmconcepcion@arnet.com.ar
AR,Cardiología Intervencionista Modelo - CIM,San Miguel de Tucuman,cim.modelo@gmail.com
AR,MYTO - Masajes y Terapias Orientales (SMT),San Miguel de Tucuman,terapias.myto@gmail.com
AR,Municipalidad de Banda del Río Salí,San Miguel de Tucuman,info@bandadelriosali.gob.ar
AR,IMPREPAPEL (Impresiones),San Miguel de Tucuman,pao20lugon3s@gmail.com
AR,BTC to ARS/USD by Club Satoshi,San Miguel de Tucuman,clubsatoshiok@gmail.com
AR,Luve Tech - Reparación de Celulares,San Miguel de Tucuman,luvetechnologies@gmail.com
AR,PAKUA - Espacio Interdisciplinario de Artes y Terapias Orientales,San Miguel de Tucuman,recintodepakua@gmail.com
AR,Sir Volka - Asesoría Literaria,San Miguel de Tucuman,sirvolkaoficial@gmail.com
AR,Af Alliance Française Tucumán,San Miguel de Tucuman,info@aftuc.com.ar
AR,Escuela Especial Prospero García,San Miguel de Tucuman,prospero.garcia@yahoo.com
AR,El Ateneo,San Miguel de Tucuman,tucuman@elateneo.com
AR,Che! Pizza,San Miguel de Tucuman,chepizza@hotmail.com
AR,Car Noa,San Miguel de Tucuman,internet@car-noa.com
AR,Yuhmak,San Miguel de Tucuman,ventas@yuhmak.com.ar
AR,Belvi,San Miguel de Tucuman,ventas@belvisrl.com.ar
AR,Escuela Secundaria Doctor Leandro N. Alem,San Miguel de Tucuman,secundarialeandroalem@gmail.com
AR,Sanatorio Paquini,San Miguel de Tucuman,administracion@sanatoriopasquini.com.ar
AR,CSS Guillermina 2,San Miguel de Tucuman,guillermina2sp@gmail.com
AR,Universidad del Norte Santo Tomás de Aquino,San Miguel de Tucuman,ciu@unsta.edu.ar
AR,Sanatorio Modelo,San Miguel de Tucuman,gerencia@sanatoriomodelosa.com.ar
AR,Comodin,Salta,info@supermercadoscomodin.com
AR,Hertz Salta Center,Salta,reservas@hertz.ar
AR,Colegio San Lucas,Salta,sanlucascolegio@gmail.com
AR,HMD-MOTOS,Salta,hmd1000@yahoo.com.ar
AR,Gamma,Salta,gammaelectrohogar@hotmail.com
AR,Café Martínez,Salta,saltabalcarce@cafemartinez.com.ar
AR,Distribuidora Yñigo Genio,Salta,distribuidora@ynigogenio.com
AR,Agencias Tren A Las Nubes,Salta,ventas@trenalasnubes.com.ar
AR,Salta Free Tour,Salta,info@saltafreetour.com
AR,Laboratorio Ruiz Moreno,Salta,laboratorioruiz-moreno@hotmail.com
AR,Soporte Salta,Salta,soportesalta@outlook.com
AR,Rent a Car Salta,Salta,reservas@saltarentacar.com
AR,Cónsul Honorario de la República Federal de Alemania,Salta,salta@hk-diplo.de
AR,Sixt,Salta,salta@sixt.com.ar
AR,Pieve Salud,Salta,pievesalud@pieve.com.ar
AR,Tienda La Fortuna,Salta,tiendalafortunasalta@gmail.com
AR,Tacchi Moda y Accesorios,Salta,tacchiargentina@gmail.com
AR,Café Martínez,Salta,portalsalta@cafemartinez.com.ar
AR,Café Martínez,Salta,saltapaseolibertad@cafemartinez.com.ar
AR,Café Martínez,Salta,salta@cafemartinez.com.ar
AR,Digital Print,Salta,digitalprint@live.com.ar
AR,Clínica de la Merced,Salta,clinica_lamerced@yahoo.com.ar
AR,Dexotic.com,Salta,info@dexotic.com
AR,MTB Aventura Salta,Salta,info@mtbsalta.com
AR,Solid,Salta,administracion@solidmd.com.ar
AR,SashaDesigns,Salta,ventas@sashadesigns.com.ar
AR,Vicaria San Francisco Solano,Salta,elianaemolinas@gmail.com
AR,Millenium Computacion,Salta,ventas@milleniumcomputacion.com.ar
AR,Guía Comercial Salta,Salta,info@guiacomercialsalta.com.ar
AR,Colegio San Pablo,Salta,correo@sanpablosalta.edu.ar
AR,Escuela N° 4012 Pdte. Julio Argentino Roca,Salta,escuelaroca@yahoo.com.ar
AR,Escuela Nº4316 Juana Azurduy de Padilla,Salta,juanaazurduydepadilla@hotmail.com
AR,Escuela Doctor Indalecio Gomez,Salta,escuelaindaleciogomez@gmail.com
AR,Control Linea 1C,Salta,saeta.usuarios@gmail.com
AR,Registro Civil,La Plata,cqr@jg.gba.gov.ar
AR,Ensamble Musical,La Plata,ensamblemusical@gmail.com
AR,Arquitecto Alejandro Sago,La Plata,alejandro@alejandrosago.com.ar
AR,Café Martínez,La Plata,laplata2@cafemartinez.com.ar
AR,"Hospital Subzonal Especializado ""Elina De La Serna De Montes De Oca",La Plata,administracion-hdelaserna@ms.gba.gov.ar
AR,Café Martínez,La Plata,laplata@cafemartinez.com.ar
AR,Joy Div Computers,La Plata,info@joy-div.com.ar
AR,Centro Unico Coordinador de Ablación e Implante de la Provincia de Bs. As.,La Plata,cucaiba@cucaiba.gba.gov.ar
AR,Biblioteca López Merino,La Plata,cbmlopezmerino@laplata.gov.ar
AR,Biblioteca de Arte,La Plata,biblioteca@macla.com.ar
AR,7 y 59 Servicio Técnico Celulares,La Plata,alana6@gmail.com
AR,Legaleslaplata,La Plata,legaleslaplata@yahoo.com.ar
AR,Los Alerces Librería,La Plata,contacto@losalerces.com.ar
AR,Cobalto Ingenieria,La Plata,info@cobaltoingenieria.com.ar
AR,Reparación de Celulares,La Plata,camachocastillo555@gmail.com
AR,Ambulancias La Plata,La Plata,ambulanciaslp@hotmail.com
AR,Smart Technology,La Plata,pedidos@smartlaplata.com.ar
AR,FLB,La Plata,flbseguros@gmail.com
AR,Estudio del Rio,La Plata,info@estudiodelrio.com.ar
AR,Zur3D,La Plata,info@zur3d.com.ar
AR,NB Informatica,La Plata,info@nbinformatica.com.ar
AR,Distribuidora Don Otto,La Plata,distdonotto@gmail.com
AR,iLounge,La Plata,info@ilounge.com.ar
AR,Aloise - Casa Central,La Plata,marketing@grupoaloise.com
AR,Mendez & Abogados,La Plata,estudiojuridico@mendezabogados.com.ar
AR,Vittal,La Plata,info@vittal.com.ar
AR,NotBug IT,La Plata,contacto@notbugit.com
AR,Cabrera Bienes Raices 7505,La Plata,consultas@cabrerabienesraices.com.ar
AR,Clínica breast,La Plata,info@clinicabreast.com.ar
AR,C.E.Re Centro de Enfermedades Respiratorias - La Plata,La Plata,cerelaplata@gmail.com
AR,Copy 6,La Plata,copyseis@yahoo.com.ar
AR,Instituto de Hemoterapia de La Plata,La Plata,hemoba@ms.gba.gov.ar
AR,Hospital Interzonal de Agudos Especializados en Pediatría Sor María Ludovica,La Plata,ludovica@ms.gba.gov.ar
AR,Escuela Media n.° 31 Libertador General José de San Martín,La Plata,media31comercial@yahoo.com.ar
AR,"Hospital Zonal Especializado ""Dr. Noel H. Sbarra",La Plata,sbarra@ms.gba.gov.ar
AR,Hospital San Juan de Dios,La Plata,direccion-sjdios@ms.gba.gov.ar
AR,Hospital General San Martín,La Plata,administracion-hsmartin@ms.gba.gov.ar
AR,Kaizen,La Plata,info@kaizenhonda.com.ar
AR,Neumen,La Plata,laplata@autoneumen.com.ar
AR,Hospital Zonal General de Agudos “Dr. Ricardo Gutiérrez”,La Plata,direccion-gutierrez@ms.gba.gov.ar
AR,Ortodoncia J. Favier,Neuquen,consultas@drgerardofavier.com.ar
AR,Óptica Neuquén,Neuquen,opticaneuquen@hotmail.com
AR,Copy Show,Neuquen,neuquen@copyshow.ar
AR,Dante Pinturerías,Neuquen,ventasweb@dantepinturerias.com.ar
AR,TECHNOLOGY STORE,Neuquen,ventas@notebooksneuquen.com
AR,Estudio Jurídico Tortone,Neuquen,marinatortone@gmail.com
AR,La Caja de Ahorro y Seguro,Neuquen,sucneuquen@lacaja.com.ar
AR,ASPA Desarrollos Patagonia,Neuquen,contacto@aspatagonia.com.ar
AR,Mapfre,Neuquen,atencionalcliente@mapfre.com.ar
AR,La Galería Neuquén,Neuquen,lagalerianqnonline@gmail.com
AR,Intégrity Seguros,Neuquen,neuquen@integrityseguros.com.ar
AR,SanCor Salud,Neuquen,info@sancorsalud.com.ar
AR,Constructora Sol del Plata,Neuquen,info@soldelplata.com.ar
AR,Escribanía Medela,Neuquen,escribaniamedela@yahoo.com.ar
AR,D´Alleva,Neuquen,compras@dalleva.com.ar
AR,Como Santas,Neuquen,comsantas@gmail.com
AR,Almundo,Neuquen,cipoletti@almundofr.com
AR,El Estudiante,Neuquen,elestudiantecopias@gmail.com
AR,UTHGRA Cipolletti,Neuquen,delegacion.cipoletti@uthgraneuquen.org.ar
AR,GTX Xtreme,Neuquen,gtx_ventas@hotmail.com
AR,Sater,Neuquen,sater.saludyterapia@gmail.com
AR,LiderTravel,Neuquen,ventas.cipo@lidertravel.com.ar
AR,Repuestos 68,Neuquen,repuestos68@hotmail.com
AR,Century 21,Neuquen,contacto@c21hernandez.com.ar
AR,Secretaría Académica FAI,Neuquen,secretaria.academica@fi.uncoma.edu.ar
AR,Editorial Universitaria UNCo,Neuquen,rdi@biblioteca.uncoma.edu.ar
AR,Centro de Estudios Ambientales y Sistemas de Información Geográfica,Neuquen,ceasig@fahu.uncoma.edu.ar
AR,Laboratorio Patagónico de Investigación para el Ordenamiento Ambiental y Territorial,Neuquen,marcosmare@gmail.com
AR,Departamento de Alumnos FACIAS,Neuquen,alumnosfacias@hotmail.com
AR,Departamento de Alumnos FAI,Neuquen,dpto.alumnos@fi.uncoma.edu.ar
AR,Fotocopiadora FAIN,Neuquen,fotocopiadorafain@gmail.com
AR,Secretaría de Extension FACIAS,Neuquen,extensionfaciasunc@gmail.com
AR,"Secretaría de Ciencia, Técnica y Posgrado FACIAS",Neuquen,cienciaytecnicafacias@hotmail.com
AR,Auditorio FATU,Neuquen,secretaria.academica@fatu.uncoma.edu.ar
AR,Departamento de Alumnos FATU,Neuquen,direccion.alumnos@fatu.uncoma.edu.ar
AR,"Dirección de Ingreso, Permanencia y Egreso FAIN",Neuquen,dir.ingresoypermanencia@fain.uncoma.edu.ar
AR,ASAP Comahue,Neuquen,filialcomahue@asap.org.ar
AR,CEFAI,Neuquen,cefai@fi.uncoma.edu.ar
AR,Consejo Directivo FAI,Neuquen,decanato@fi.uncoma.edu.ar
AR,CEFEA,Neuquen,ape.cefea@gmail.com
AR,Departamento de Geografía,Neuquen,depgeog.comahue@gmail.com
AR,Colegio Profesional de Técnicos de la Provincia del Neuquén,Neuquen,gestion@cptn.org.ar
AR,Fundación BPN,Neuquen,secretaria@fundacionbpn.org.ar
AR,DiCasa,Neuquen,ventas@dicasa.com.ar
AR,Registro Único Nominal del Neuquén,Neuquen,runneu@neuquen.gov.ar
AR,Juzgado Electoral Provincial,Neuquen,juzgadoelectoral-fd@jusneuquen.gov.ar
AR,Acceso a la Justicia para Personas con Discapacidad,Neuquen,ajusper@jusneuquen.gov.ar
AR,Carina González Servicios Inmobiliarios,Neuquen,info@carinagonzalez.com.ar
AR,ROOS Propiedades,Neuquen,info@roospropiedades.com.ar
AR,Patagonia Bienes Raíces,Neuquen,info@patagoniabienesraices.com.ar
AR,Estudio Jurídico Diez,Neuquen,info@diezabog.com.ar
AR,RJ Ingeniería,Neuquen,info@rjingenieria.com.ar
AR,Ansilta,Neuquen,ventas@cordonandino.com
AR,JOE Elegante Sport,Neuquen,joeelegante@gmail.com
AR,Eloy Viajes,Neuquen,info@eloyviajes.com.ar
AR,Lago Tromen Viajes & Turismo,Neuquen,info@turismolagotromen.com
AR,Viceconsulado Honorario de España,Neuquen,ch.neuquen@maec.es
AR,Maleducadas,Neuquen,atencionalcliente@maleducadas.com.ar
AR,Sebastián Viajes,Neuquen,promo@sebastianviajes.com.ar
AR,Andar,Neuquen,andar-neuquen@redsocialfuva.org.ar
AR,Tribunal de Cuentas de la Provincia del Neuquén,Neuquen,metdc@neuquen.gov.ar
AR,Barros Inmobiliaria,Neuquen,barrosneuquen@gmail.com
AR,Sol Inmobiliaria,Neuquen,info@solinmobiliaria.com.ar
AR,WeDooNow,Neuquen,comercial@wedoonow.com
AR,NATAL Construcción & Tecnología,Neuquen,info@nataltec.com.ar
AR,Goicochea & Asociados,Neuquen,sabianagoicochea@gmail.com
AR,Sirio Consultorios,Neuquen,sirioconsultorios@gmail.com
AR,Escribanía Obregón,Neuquen,escribaniaobregon@gmail.com
AR,IAPL Cipolletti,Neuquen,iaplcipolletti@seguridad.rionegro.gov.ar
AR,Lotería de Río Negro,Neuquen,agenciaoficial23@loteriaderionegro.gob.ar
AR,ENE,Neuquen,info@eneneuquen.com.ar
AR,Mesa de Entradas Cipolletti,Neuquen,mesadeayuda.patagonia@uflouniversidad.edu.ar
AR,"Instituto de Investigación y Desarrollo en Ingeniería y Procesos, Biotecnologías y Energías Alternativas",Neuquen,administracion@probien.gob.ar
AR,Asociación del Personal Nodocente UNCo,Neuquen,apunc2015@gmail.com
AR,DPA Cipolletti,Neuquen,dpacipolletti@gmail.com
AR,Sancor Seguros,Neuquen,neuquen@sancorseguros.com
AR,Salón Challaco UNCo,Neuquen,secretaria.bienestar@central.uncoma.edu.ar
AR,Centro de Docentes e Investigadores UNCo,Neuquen,cediunco@central.uncoma.edu.ar
AR,Instituto de Investigaciones en Tecnología y Ciencias de la Ingeniería CONICET - UNCo,Neuquen,iitci@conicet.gov.ar
AR,Centro de Investigaciones en Toxicología Ambiental y Agrobiotecnología del Comahue CONICET - UNCo,Neuquen,citaac@comahue-conicet.gob.ar
AR,"Biblioteca Central ""Francisco Perito Moreno",Neuquen,bibliotecapatagonicaunco@gmail.com
AR,Lucciano´s,Neuquen,info@luccianos.com.ar
AR,"Biblioteca Parlamentaria ""Juan José Brion",Neuquen,bibliotecabrion@legnqn.gob.ar
AR,Su Hogar,Neuquen,neuquen@suhogarviviendas.com.ar
AR,Sociedad Vecinal 14 de Octubre/Copol,Neuquen,comisionvecinalcoc@gmail.com
AR,Asociación Mutual del Personal del BPN,Neuquen,hola@mutualbpn.com.ar
AR,Blancoamor,Neuquen,consultas@blancoamor.com
AR,Galicia Más,Neuquen,contactenos@hsbc.com.ar
AR,Naldo,Neuquen,sucursalneuquen@naldo.com.ar
AR,Pardo,Neuquen,atencionalcliente@pardohogar.com.ar
AR,Musimundo,Neuquen,migestion@emusimundo.com
AR,Consulado de la República de Paraguay,Neuquen,consulparneuquen@mre.gov.py
AR,La Anónima,Neuquen,opinion@laanonima.com.ar
AR,EdERSA,Neuquen,edersa@edersa.com.ar
AR,4 Elementos Patagonia,Neuquen,ventas@4elementospatagonia.com.ar
AR,Obra Social de Obreros Empacadores de la Fruta de Río Negro y Neuquén,Neuquen,info@osoefrnyn.org
AR,Instituto de Seguridad Social del Neuquén,Neuquen,contacto@issn.gov.ar
AR,Juzgado Federal de Primera Instancia de Neuquén N° 1,Neuquen,jfneuquen1@pjn.gov.ar
AR,Universidad Patagonia Argentina,Neuquen,info@upatagonia.edu.ar
AR,Camuzzi Gas,Neuquen,consultas.sur@camuzzigas.com.ar
AR,Juzgado de Paz Neuquén I,Neuquen,jpaz1nqfd@jusneuquen.gov.ar
AR,Guardia Policlínico Neuquén,Neuquen,contacto@policliniconeuquen.com.ar
AR,Colegio de Escribanos de Neuquén,Neuquen,secretaria@escribanosnqn.org.ar
AR,Centro de Estudios Terciarios del Comahue,Neuquen,neuquen@cetec.edu.ar
AR,Rebo Refrigeración,Neuquen,info@reboref.com.ar
AR,Asociación Española de Socorros Mutuos,Neuquen,info@asociacionespanola.org.ar
AR,Seleme,Neuquen,info@selemeinmobiliaria.com
AR,Alto Alberdi,Neuquen,altoalberdiredes@gmail.com
AR,CROI Odontología Digital,Neuquen,c.r.o.i@hotmail.com
AR,Potenciar Educación Superior,Neuquen,info@potenciareducacionsuperior.edu.ar
AR,Banco Columbia,Neuquen,info@bancocolumbia.com.ar
AR,Provincia ART,Neuquen,neuquen@provart.com.ar
AR,Banco Provincia del Neuquén,Neuquen,presidencia@bpn.com.ar
AR,Centro Integral Médico,Neuquen,cim-cipolletti@fibertel.com
AR,Sakura,Neuquen,hola@sakurasa.com.ar
AR,EVARSA Comahue,Neuquen,cipolletti@evarsa.com.ar
AR,Odontología Eidilstein,Neuquen,odontologiacipo@hotmail.com
AR,Plan B,Neuquen,info@planb.com.ar
AR,Parigiani Gráfica,Neuquen,parigianigrafica@gmail.com
AR,G&C Sport,Neuquen,gycsport@hotmail.com
AR,RIBB Indumentaria,Neuquen,indumentaria@ribb.com.ar
AR,OCA,Neuquen,consultas@oca.com.ar
AR,Fundación Médica de Río Negro y Neuquén,Neuquen,turnos@lebensalud.com
AR,SEM Cipolletti,Neuquen,semcipolletti@altec.com.ar
AR,Mafer Servicios Inmobiliarios,Neuquen,consultas@mafer.org
AR,RE/MAX,Neuquen,confluencia@remax.com.ar
AR,Estudio Moll,Neuquen,agrimensormoll@speedy.com.ar
AR,Bridgestone,Neuquen,georadial@gmail.com
AR,Pita Inmobiliaria,Neuquen,info@pitainmobiliaria.com
AR,UFLO Universidad,Neuquen,infocomahue@uflo.edu.ar
AR,Universidad Nacional del Comahue,Neuquen,orientacion.estudiantil@central.uncoma.edu.ar
AR,Polo Científico Tecnológico Capital,Neuquen,coordinaciongm@muninqn.gov.ar
AR,Café Martínez,Bahia Blanca,bahiablanca@cafemartinez.com.ar
AR,ElectroData,Bahia Blanca,fabiogullacci@Gmail.com
AR,Nivel 3 Servicios,Bahia Blanca,info@niveltres.com.ar
AR,Grundnig Haus Amoblamientos,Bahia Blanca,consultas@grundnighaus.com.ar
AR,Centro de Jubilados y Pensionados Don José de San Martín,Bahia Blanca,cjsm.turismo@gmail.com
AR,Servicios en Informatica,Bahia Blanca,gabriel@gabrielcarini.com.ar
AR,Transporte sierra mar,Bahia Blanca,arielkitiver@gmail.com
AR,Estudio Contable Gómez Tedeschi,Bahia Blanca,olgaigomez@hotmail.com
AR,Autossan,Bahia Blanca,ventas@autossan.com.ar
AR,Bella Macchina - LIMPIEZA DE TAPIZADOS y LUSTRADOS,Bahia Blanca,lavatapizados@hotmail.com.ar
AR,BahiTronica,Bahia Blanca,bahitronica@gmail.com
AR,Hogar Noel,Bahia Blanca,contacto@hogarnoel.com
AR,Iglesia Adventista del Séptimo Día,Bahia Blanca,iasdvillamitre@gmail.com
AR,MicroHouse,Bahia Blanca,ventas@microhouse.com.ar
AR,Mundo Outlet,Bahia Blanca,ventas@mundooutdoor.ar
AR,Consultorios de Ecografía,Bahia Blanca,consdeeco@gmail.com
AR,Aries,Bahia Blanca,info@ariesdigital.com.ar
AR,Don Bosco,Bahia Blanca,info@libreriadb.com
AR,iNova,Bahia Blanca,info@inovadiagnostico.com.ar
AR,Wikinger,Bahia Blanca,info@wikinger.beer
AR,Instituto técnico La Piedad,Bahia Blanca,secretaria@obralapiedad.com.ar
AR,La Casa del Cartucho,Bahia Blanca,info@casadelcartucho.com.ar
AR,Biblioteca Central de la Universidad Nacional del Sur,Bahia Blanca,bc@uns.edu.ar
AR,Sancor,Bahia Blanca,bahiablanca@sancorseguros.com
AR,La Brújula 24,Bahia Blanca,info@labrujula24.com
AR,ECODOC,Bahia Blanca,ecodocalem@gmail.com
AR,"Escuela de Educación Secundaria Técnica 4 ""Antártida",Bahia Blanca,eet4antartida@yahoo.com.ar
AR,Super Nutricion,Bahia Blanca,supernutricionbahiablanca@gmail.com
AR,Casa Ronald Mc. Donald,Bahia Blanca,bahiablanca@casaronald.org.ar
AR,Italiano Regional del Sur,Bahia Blanca,info@hospitalitalianobb.com.ar
AR,Complejo Punto Aparte,Bahia Blanca,info@complejopuntoaparte.com
AR,Corbatta,Bahia Blanca,rcorbatta@speedy.com.ar
AR,Aumacar Famly,Bahia Blanca,contacto@australmotos.com
AR,Vidriería Luongo,Bahia Blanca,luongovidrios@hotmail.com
AR,Instituto de Ciencias e Ingeniería de la Computación (ICIC),Bahia Blanca,sec.icic@cs.uns.edu.ar
AR,El Señor de los Novillos,Bahia Blanca,dvdregina@gmail.com
AR,Gráfica Palermo,Bahia Blanca,palermografica@hotmail.com
AR,La Esquina,Bahia Blanca,lavautoslaesquina@hotmail.com
AR,Instituto Medico para la Mujer,Bahia Blanca,info@immbahiablanca.com.ar
AR,Alpros,Bahia Blanca,alprosbb@gmail.com
AR,Animal Center,Bahia Blanca,animalcenter@bvconline.com.ar
AR,Bahía Comunicaciones,Bahia Blanca,administracion@bahiacomunicaciones.com
AR,El Pinar,Bahia Blanca,elpinareventos@hotmail.com
AR,Sherlock Holmes English Centre,Bahia Blanca,info@shec.com.ar
AR,Brighton English Centre,Bahia Blanca,centrodeidiomasbrighton@gmail.com
AR,B&P,Bahia Blanca,consultas@electronicabyp.com.ar
AR,Andrea Lopez,Bahia Blanca,andreaestilista@yahoo.com.ar
AR,Electric-Hogar,Bahia Blanca,contacto@electrichogar.com
AR,Lojuro! Deco,Bahia Blanca,info@lojuro.com.ar
AR,Didácticos del Sur,Bahia Blanca,info@didacticosdelsur.com
AR,Deco Chic,Bahia Blanca,decochicbb@yahoo.com
AR,Ilusiones,Bahia Blanca,ilusionescotillon@gmail.com
AR,Asociación Integrar,Bahia Blanca,appsd.integrar@gmail.com
AR,Del Turista,Bahia Blanca,delturistabahiablanca@gmail.com
AR,Resonancia Bahía,Bahia Blanca,info@resonanciabahia.com.ar
AR,Géminis,Bahia Blanca,geminisbahia@hotmail.com
AR,Consejo Profesional de Agrimensura,Bahia Blanca,cpadistrito3@gmail.com
AR,Clínica del Calzado Ariel,Bahia Blanca,ariel.torrero@hotmail.com
AR,Patronato de la Infancia,Bahia Blanca,patronatobahiablanca@hotmail.com
AR,Sociedad Escolar Alemana,Bahia Blanca,contacto@seabblanca.com.ar
AR,María José Debernardi,Bahia Blanca,mariajosedebernardi@gmail.com
AR,Liga del Sur,Bahia Blanca,administracion@ligadelsur.com.ar
AR,Cuartel de Bomberos Voluntarios de Bahía Blanca,Bahia Blanca,bomberosbb@mseg.gba.gov.ar
AR,Vivero Caronti,Bahia Blanca,santiago.atala91@gmail.com
AR,Mil Delicias,Bahia Blanca,mildeliciaspanaderia@gmail.com
AR,Liga Comercial,Bahia Blanca,ligacomercial@hotmail.com.ar
AR,Di Nucci,Bahia Blanca,tienda@farmaciadinucci.com.ar
AR,SRG Universal Broker,Bahia Blanca,info@gruposrg.com.ar
AR,Cooperativa de Bomberos,Bahia Blanca,cooperadorabomberos@gmail.com
AR,ARS Group Consulting,Bahia Blanca,seleccion@arsgroup.com.ar
AR,El Modesto,Bahia Blanca,elmodestocomedor@gmail.com
AR,Instituto de flebología,Bahia Blanca,ife@fibertel.com.ar
AR,Rotary Almafuerte,Bahia Blanca,secretaria@rotaryalmafuerte.org
AR,Residencia Casa Alem,Bahia Blanca,residenciacasaalem@gmail.com
AR,Comisaría III,Parana,criatercera.parana@hotmail.com
AR,Muebles Para Tu Hogar,Parana,andresvalencia.ingeniero@gmail.com
AR,Best Sociedad Anónima,Parana,info@bestsa.com.ar
AR,Fundación Infancia Digna,Parana,fundacioninganciadigna@gmail.com
AR,Comisaría XIV,Parana,jdpa.cria14@gmail.com
AR,Instituto Superior FONS VITAE,Parana,instfonsvitae@gmail.com
AR,Escuela Secundaria 48 Domingo Faustino Sarmiento,Parana,sarmiento1999sec@gmail.com
AR,Comisaría VI,Parana,jdpcria6@hotmail.com.ar
AR,Comisaría XIII,Parana,jdpcria13@hotmail.com
AR,Comisaría X,Parana,jdpcria10@hotmail.com
AR,Comisaría II,Parana,jdpcria2@hotmail.com
AR,Jefatura Departamental Paraná,Parana,jdpdsgyp@hotmail.com
AR,Direccion de Toxicologia,Parana,operacionetoxico@gmail.com
AR,Dirección Investigaciones /División Trata De Persona,Parana,tratadepersonas.per@gmail.com
AR,División 911 Y Video Vigilancia,Parana,dos_d911@policiadeentrerios.gob.ar
AR,Comisaría IX,Parana,jdpcria4@hotmail.com
AR,Comiaría I,Parana,jdpcria1@hotmail.com
AR,Dirección Inteligencia Criminal,Parana,incrimpoler@gmail.com
AR,Comisaría XIV,Parana,parana1julio@gmail.com
AR,Puesto Caminero Tunel,Parana,tunel-parana@hotmail.com.ar
AR,Comisaría XII,Parana,jdpcomisaria12@gmail.com
AR,Comisaría XV,Parana,jdpcria15@hotmail.com
AR,Toyota,Parana,info@haimovich.com.ar
AR,Teatro Municipal 3 de Febrero,Parana,teatromunicipalparana@hotmail.com
AR,Centro De Salud Arturo U. Illia,Parana,capsarturo_illia@hotmail.com
AR,Benedetich Distribuciones,Parana,carlosbenedetich@hotmail.com
AR,Panadería y Confitería Los 3 Indios,Parana,panaderialos3indios@hotmail.com
AR,Villegas San Agustín,Parana,tiendavirtual@farmaciasvillegas.com.ar
AR,Pilar Inmobiliaria,Parana,administracion@pilarinmobiliaria.ar
AR,Bessa Inmobiliaria,Parana,inmobiliariabessa@hotmail.com
AR,Greca Materiales de Construcción,Parana,contacto@greca.com.ar
AR,Sancor,Parana,parana@sancorseguros.com
AR,Herrajes Yori,Parana,ventas@herrajesyori.com.ar
AR,González Motos,Parana,obgsrl@hotmail.com
AR,Lubricentro Ríos,Parana,lubricentrorios@hotmail.com
AR,Cabral,Resistencia,alfredocabral963@hotmail.com
AR,Ivaní Turismo,Resistencia,info@ivaniturismo.com.ar
AR,SISE Argentina,Resistencia,info@siseargentina.com
AR,Radio Venus,Resistencia,radiovenusresistencia@yahoo.com.ar
AR,Juan Domingo Perón,Resistencia,bcaperon@yahoo.com
AR,Café Martínez,Resistencia,resistencia@cafemartinez.com.ar
AR,Librería Adabela,Resistencia,adabela_ventas@hotmail.com
AR,Fabrica S.R.L,Resistencia,empresa@fabricasrl.com.ar
AR,Cristo Centro Argentina,Resistencia,cristocentroarg@hotmail.com
AR,Yvyra,Resistencia,yvyradya@gmail.com
AR,Servicio Integral de Máquinas Viales,Resistencia,pescaroloaldo@hotmail.com
AR,Fotografia Daniel López,Resistencia,fotografia.dani@gmail.com
AR,RepCell,Resistencia,bruzzojl@gmail.com
AR,CDA electrónica y refrigeración,Resistencia,electronicacda@gmail.com
AR,Carlos Zamudio Estilista,Resistencia,carloszamudio74@hotmail.com.ar
AR,Ciber Enredados,Resistencia,cyber.enredados@hotmail.com
AR,Vía M@il 2,Resistencia,viamaildos@gmail.com
AR,Infoservi Soluciones informáticas,Resistencia,info@infoservi.com.ar
AR,Transban S.A.,Resistencia,contacto@transban.com.ar
AR,Remises Acuario,Resistencia,remissesacuario@gmail.com
AR,Centro De Salud Villa Don Alberto,Resistencia,msp_csdonalberto@ecomchaco.com.ar
AR,"C.C.E.P.E.C.CH  Cámara de Comerciantes, Empresarios, Profesionales y Ejecutivos Cristianos del Chaco",Resistencia,info@ccepecch.com
AR,Secretaría de Programación para la Prevención de la Drogadicción y Lucha contra el Narcotráfico,Resistencia,diateldoradosedronar@gmail.com
AR,Antuan,Resistencia,contacto@antuanjoyerias.com
AR,La Puerta del Té que invita a Conectarte,Resistencia,lapuertadelte.ch@gmail.com
AR,Bohn,Resistencia,contacto@bohn.com.ar
AR,Marfil,Resistencia,joyeriamarfil@yahoo.com.ar
AR,La California,Resistencia,lacaliforniaok@gmail.com
AR,Protea,Resistencia,consultas.protealab@gmail.com
AR,Instituto Superior De Neuropsicología,Resistencia,cernnea@gmail.com
AR,Canal 9 Resistencia,Resistencia,info@noticiero9.com.ar
AR,Escapes Galassi,Resistencia,galassialejandro@hotmail.com
AR,Marquez Letreros,Resistencia,marquezletreros2@gmail.com
AR,Comisaría Tercera,Resistencia,pol.cria.3ra.rcia@chaco.gob.ar
AR,Comisaría Primera,Resistencia,pol.cria.1ra.rcia@chaco.gob.ar
AR,Comisaría Cuarta,Resistencia,pol.cria.4ta.rcia@chaco.gob.ar
AR,Kyoto,Resistencia,web@kyotoautomotores.com.ar
AR,Cabral Motors,Resistencia,admin@cabral-motors.com
AR,Comisaría Segunda,Resistencia,pol.cria.2da.rcia@chaco.gob.ar
AR,Las Rosas,Resistencia,vinoteca.lasrosas@hotmail.com
AR,resipack,Resistencia,resipackchaco@gmail.com
AR,La Usina Urbana,Resistencia,usinaurbanarcia@gmail.com
AR,Jefatura de Policía,Posadas,info@policiamisiones.gob.ar
AR,Instituto Gutenberg,Posadas,rectoriagutenberg@gmail.com
AR,Ministerio de Turismo,Posadas,turismo@misiones.gov.ar
AR,Superior Tribunal de Justicia,Posadas,informatica@jusmisiones.gov.ar
AR,Ministerio de Coordinación General de Gabinete,Posadas,xxxx@misiones.gov.ar
AR,Ministerio de Gobierno,Posadas,mg_secprivada@misiones.gov.ar
AR,Instituto Superior Santa Catalina,Posadas,info@santacatalina.edu.ar
AR,Instituto Misionero de Estudios Superiores,Posadas,imesmisiones@gmail.com
AR,Instituto Stella Maris,Posadas,institutostellamaris@hotmail.com
AR,Instituto José Manuel Estrada,Posadas,instituto-jmestrada@hotmail.com
AR,Farmacom I,Posadas,farmacia_elremedio@hotmail.com
AR,Belmont,Posadas,olivera_hugo@yahoo.com.ar
AR,Bello,Posadas,farmaciabello@arnet.com.ar
AR,FarmaSer,Posadas,gerencia@farmaserweb.com.ar
AR,El Gallego,Posadas,juanalineacion@hotmail.com
AR,Nuevos Sabores,Posadas,nuevossabores@arnet.com.ar
AR,Centro de Cirugía Plástica - Adrián Tirante,Posadas,dratirante@hotmail.com
AR,Unidad Regional I,Posadas,unidadregional1@policiamisiones.gob.ar
AR,MIlagros,Posadas,farmaciamilagros@yahoo.com.ar
AR,Electro Lineas SRL,Posadas,posadas@electrolineas.com.ar
AR,CAPS 29 Cristo Rey,Posadas,caps29@hotmail.com
AR,Hiper del Pollo,Posadas,contacto@hiperdelpollo.com.ar
AR,La Esmeralda,Posadas,laesmeralda02@nlaesmeralda.com
AR,Selva S.A.,Posadas,info@selvasa.com
AR,Lowe S.A.,Posadas,ventas-posadas@loweycia.com.ar
AR,Carmak Automotores,Posadas,info@carmak.com.ar
AR,Productores Mineros,Posadas,info@productoresmineros.com.ar
AR,Mistral,Posadas,viachero@arnet.com.ar
AR,Don Pedro,Posadas,donpedrofyc@gmail.com
AR,Aire Confort,Posadas,aireconfort@arnet.com.ar
AR,El Viaje de Tu Vida,Posadas,info@elviajedetuvida.tur.ar
AR,Centro de atención psico social IPS,Posadas,centrodeatencionpsicosocialips@gmail.com
AR,NH Estética,Posadas,info@nhestetica.com
AR,Consulado Honorario de Alemania,Posadas,posadas@hk-diplo.de
AR,Posadas Delegacion Sección 6,Posadas,posadassexta@hotmail.com
AR,Delegación Sección 4º Hospital Ramón Madariaga,Posadas,cdrhospitalmadariaga@hotmail.com
AR,Villa Urquiza,Posadas,cdrurquiza@gmail.com
AR,CDR Sanatorio Camino,Posadas,mitzioliz@hotmail.com
AR,CDR Sanatorio Nosiglia,Posadas,cdrnoziglia@hotmail.com
AR,CDR Villa Cabello,Posadas,oficinadigitalvillacabello@hotmail.com.ar
AR,LT 17 Radio Provincia de Misiones,Posadas,info@radiolt17.com.ar
AR,Biblioteca Popular El Palomar,Posadas,elpalomarposadas@yahoo.com.ar
AR,Latinoamérica,Posadas,latinoamerica_posadas@hotmail.com
AR,Pizza 1985,Posadas,1985pzz@gmail.com
AR,Instituto Privado Genesis,Posadas,institutoeducativogenesis@gmail.com
AR,Librería MV,Posadas,libreria-mv@hotmail.com
AR,Kabaláh,Posadas,oscarmandagaran@hotmail.com
AR,Mazza Turismo,Posadas,turismo@mazzaturismo.com.ar
AR,Farmazul,Posadas,emjrivaskeiner@gmail.com
AR,Café Martínez,Posadas,posadas@cafemartinez.com.ar
AR,El Coliseo,Posadas,marmoleriaelcoliseo@gmail.com
AR,Universidad Católica de Las Misiones,Posadas,info@ucami.edu.ar
AR,Instituto Adventista Alta Gracia,Posadas,instituto.iaag@educacionadventista.org.ar
AR,La Bajada Bodegón & Delicatesen,Posadas,labajadabodegon@gmail.com
AR,Instituto Virgen de Itatí,Posadas,institutovirgendeitati@gmail.com
AR,Comisaría Seccional Decimotercera - UR I,Posadas,comisaria13_ur1polnis@hotmail.com
AR,A la canasta,Posadas,alacanastadelivery@hotmail.com
AR,Efren Lopez,Posadas,atencionalcliente@efrenlopez.com.ar
AR,Casa Chicha,Posadas,upmisiones@gmail.com
AR,Guacurarí II,Posadas,farmacia.guacurari@hotmail.com
AR,Neo Motos,Posadas,neo.motos@hotmail.com
AR,Aguas Misioneras,Posadas,contacto@aguasmisioneras.com
AR,Estética Visage,Posadas,matzkeariana@gmail.com
AR,La Nueva Itatí,Posadas,nuevaitati@yahoo.com.ar
AR,Flynn,Posadas,flynnmisiones@hotmail.com
AR,Autos Misiones,Posadas,dmattos@autosmiones.com
AR,Parabrisas San José Obrero,Posadas,acostajavier@hotmail.com
AR,Rodas,Posadas,inmobiliariarodas@hotmail.com
AR,Ozono,Posadas,ozono_piscinas@hotmail.com
AR,Comisaría Seccional Séptima - UR I,Posadas,comisariaseptimaur1_polmis@hotmail.com
AR,Daneva,Posadas,danevasport@daneva.com.ar
AR,FarmHara,Posadas,farmhara@hotmail.com.ar
AR,Zorba Helados,Posadas,contacto@zorbahelados.com.ar
AR,Consejo General de Educación,Posadas,presidencia@cgepm.gov.ar
AR,"Ministerio de Hacienda, Finanzas, Obras y Servicios Públicos",Posadas,hacienda@misiones.gov.ar
AR,Ministerio de Ecología y Recursos Naturales Renovables,Posadas,ecologia@misiones.gov.ar
AR,Clínica de ojos Cáceres Zorrila,Posadas,admincocz@gmail.com
AR,Paper Town,Posadas,libreriapapertown@hotmail.com
AR,Punto Rojo,Posadas,puntorojoo@hotmail.com
AR,Náutica Menor Hermanos,Posadas,menornautica@gmail.com
AR,Minolcop,Posadas,minolcopfotocopias@hotmail.com
AR,Radio Club Misiones LU1IG,Posadas,info.lu1ig@gmail.com
AR,Kopegraf,Posadas,kopegraf@yahoo.com.ar
AR,Y.E.S.,Posadas,posadas@yesbooks.com.ar
AR,Instituto Cristiano Emanuel,Posadas,institutoemanuelposadas@hotmail.com
AR,Energía de Misiones,Posadas,gcomercial@emsadigital.com.ar
AR,Ministerio de Derechos Humanos,Posadas,info.ddhhmisiones@gmail.com
AR,Ministerio de Trabajo y Empleo,Posadas,s_trabajo@misiones.gov.ar
AR,Contaduría General de la Provincia,Posadas,contaduria@misiones.gov.ar
AR,Boletín Oficial de la Provincia de Misiones,Posadas,boletin_oficial@misiones.gov.ar
AR,IMO Automóviles,Posadas,walteroudin@gmail.com
AR,Escuela de Robótica,Posadas,escuelaroboticamisiones@gmail.com
AR,Bresiski,Posadas,cristianbresiski@hotmail.com
AR,Silvia,Posadas,pedidosilvia@yahoo.com
AR,Dirección de Personas Jurídicas,Posadas,mg_dirperjuridicas@misiones.gov.ar
AR,Serimanía,Posadas,grafica.serimania@gmail.com
AR,Prowan,Posadas,posadas@prowan.com.ar
AR,Floreria Titina,Posadas,machucahernan988@gmail.com
AR,Loben,Posadas,bensioncohen@yahoo.com.ar
AR,Dirección General Registro de la Propiedad de Inmuebles,Posadas,registropropiedadmnes@gmail.com
AR,Marandú Comunicaciones S.E.,Posadas,info@marandu.com.ar
AR,Servicio Penitenciario Provincial,Posadas,spp_misiones@misiones.gov.ar
AR,Zoo,Posadas,zooveterinariaposadas@gmail.com
AR,La Casa del Encendido,Posadas,ventas@elencendido.com.ar
AR,Fontana Neumáticos,Posadas,Neumaticos@Fontanaposadas.Com.Ar
AR,Me Voy!,Posadas,info@mevoy.tur.ar
AR,La Feliz,Posadas,puntacaribe@hotmail.com
AR,Punto Espresso,Posadas,puntoespressook@gmail.com
AR,Instituto Superior de Estudios Técnicos,Posadas,iset@leoniset.edu.ar
AR,Dr. Express,Posadas,farmaciadrexpress@gmail.com
AR,XL Negocios Inmobiliarios,Posadas,xlnegociosinmobiliarios@hotmail.com
AR,Estudio Jurídico Dr. Pedro Martínez,Posadas,legalesmartinez@gmail.com
AR,IMprenta,Posadas,talleresgraficos_01@hotmail.com
AR,ADN Pizzero,Posadas,robertomander@gmail.com
AR,Industrial Aguilar,Posadas,online@ferreteriaaguilar.com.ar
AR,Femme,Posadas,contacto@hogardeabuelas.com
AR,Lavalle Centro Comercial,Posadas,contactolavalle@gmail.com
AR,Apolo Deportes,Posadas,apolodeportes@arnetbiz.com.ar
AR,Sommer Deportes,Posadas,sommer_deportes@yahoo.com.ar
AR,Espacio TISaM,Posadas,espaciotisam@gmail.com
AR,FM Street 101.5 LRH 373,Posadas,rrhh@fmstreet.com.ar
AR,Instituto para Discapacidad - Servicio Centro de Día,Posadas,cenemi@live.com.ar
AR,Riel S.R.L. Ingeniería Electrica y Mecánica,Posadas,contacto@rielsa.com.ar
AR,Cyberlink,Posadas,ventas@cyberlink.com.ar
AR,El Boticario,Posadas,fjmuzza71@live.com.ar
AR,La Casa del Repuesto Refrigeración,Posadas,burek_e_hijos@yahoo.com.ar
AR,Ámbar Casa de Salud,Posadas,contacto@ambarsalud.com
AR,José M. Llamas,Posadas,jllamas@arnet.com.ar
AR,La Casona,Posadas,lacasonabeerbar@gmail.com
AR,Instituto Médico de Especialistas,Posadas,imerehabilitacion@gmail.com
AR,Laudin,Posadas,jmlaudin@yahoo.com.ar
AR,Centro Familiar Amigos de Jesús,Posadas,amistadconjesus@gmail.com
AR,Azmí,Posadas,inmobiliariamagan@hotmail.com.ar
AR,Ferro Posadas,Posadas,ferroposadas@gmail.com
AR,Cg Propiedades,Posadas,cgpropiedades@outlook.com
AR,Block SRL,Posadas,posadas@blocks.com.ar
AR,Asociación de Productores Industriales y Comerciantes Forestales de Misiones y Norte de Corrientes,Posadas,apicofom@gmail.com
AR,Distribuidora del Nordeste SRL,Posadas,distribuidoradelnordestesrl@gmail.com
AR,Distribuidora Bilbao SRL,Posadas,distribuidorabilbao@yahoo.com.ar
AR,Escuela Marcial KengWu,Posadas,axentchen@kengwu.com
AR,Organización Girard,Posadas,comercial@girardasociados.com.ar
AR,Escuela Provincial de Educación Técnica N° 1,Posadas,info@epet1.edu.ar
AR,Agencia Posadas Turismo,Posadas,turismo@posadas.gov.ar
AR,Superintendencia de Seguro de Salud,Posadas,misiones@ssalud.gob.ar
AR,Help me Teacher,Posadas,helpmeteacher@gmail.com
AR,Nuevo Horizonte Propiedades,Posadas,tufuturohorizonte@gmail.com
AR,Instituto Politécnico San Arnoldo Janssen,Posadas,direccion.estudios.janssen@gmail.com
AR,Instituto Salesiano San Miguel,Posadas,inssanmiguel@yahoo.com.ar
AR,Laboratorio Juana Beatriz Lorenzo,Posadas,Laboratoriolorenzo@hotmail.com
AR,Franciona Refrigeraciones,Posadas,rfranciona@gmail.com
AR,Hilario Sewaald S.R.L.,Posadas,seewaldsrl@gmail.com
AR,"Centro de Rehabilitación del Ciego ""Santa Rosa de Lima",Posadas,centrodelciego@hotmail.com
AR,Subsecretaría de Ordenamiento Territorial,Posadas,ordenamientoterritorial@misiones.gov.ar
AR,Boldú S.R.L.,Posadas,boldusrl@gmail.com
AR,Tierra Servicios Inmobiliarios,Posadas,tierrapropiedadesmisiones@gmail.com
AR,Opción 1,Posadas,opcionuno@arnetbiz.com.ar
AR,Escribanía Ana Valeria Cautela,Posadas,escribaniacautela@yahoo.com.ar
AR,Strass,Posadas,strassmerceria@gmail.com
AR,Instituto Bilingüe Posadas Educa,Posadas,institutoposadaseduca0487@gmail.com
AR,Librería Tucumán,Posadas,info@libreriatucuman.com
AR,POEA Inmobiliaria SRL,Posadas,info@poeainmobiliaria.com.ar
AR,iD Plast Sanitarios,Posadas,idplastsanitarios@gmail.cpm
AR,Magic World,Posadas,info@jardinmacigworld.com.ar
AR,Instituto de Formación para la Gestión Pública,Posadas,capacitacioninfogeo@gmail.com
AR,Higía Gastroenterología Avanzada,Posadas,higiagastroenterologia@gmail.com
AR,Brutal Creativos,Posadas,contenidos@brutalcreativos.com
AR,Fundación Alfa,Posadas,info@fundacioninstitutoalfa.edu.ar
AR,Colegio de Psicopedagogos de la Provincia de Misiones,Posadas,colegiopspmisiones@gmail.com
AR,Del Oeste Inmuebles,Posadas,deloeste.inmuebles.@gmail.com
AR,Centro Kinders,Posadas,centrokinders@hotmail.com
AR,Viaturex,Posadas,viaturex@fibertel.com.ar
AR,Instituto Provincial de Estadística y Censos,Posadas,ipec@misiones.gov.ar
AR,Solarpools Piscinas,Posadas,solarpools@solarpools.arnetbiz.com.ar
AR,Centro Educativo de Nivel Secundario 176,Posadas,info@cens176-misiones.edu.ar
AR,Farmaplus,Posadas,hernanchesani@gmail.com
AR,Hogar Abuela Inda,Posadas,hogarabuelainda@outlook.com
AR,Estudio Contable,Posadas,contadormariovicente@gmail.com
AR,Hospital Doctor Fernando Barreyro,Posadas,hospitaldepediatriafbarreyro@gmail.com
AR,Municipalidad de Posadas,Posadas,oficina.privada@posadas.gov.ar
AR,Archivo General del Poder Judicial,Posadas,archivogeneral.posadas@jusmisiones.gov.ar
AR,MB Uniformes,Posadas,marisabelbergmann@yahoo.com
AR,Juan Pablo Horianski,Posadas,administracion@jphorianski.com
AR,Ecoprint Posadas,Posadas,ecoprintposadas@gmail.com
AR,Reyplast,Posadas,reyplastsanitarios@hotmail.com
AR,Beto Cerrajería,Posadas,cerrabeto@hotmail.com
AR,Instituto Privado de Estudios Superiores de Misiones,Posadas,secretaria_terciario@ipesmi.edu.ar
AR,Instituto Superior Lenguas Vivas,Posadas,info@e-islv.com.ar
AR,Cielos Abiertos,Posadas,institutocielosabiertos@hotmail.com
AR,Esteban Lugo,Posadas,institutosuperiorestebanlugo@gmail.com
AR,Instituto Taller Espíritu Santo,Posadas,ites@itesposadas.edu.ar
AR,Multiversidad Popular,Posadas,infomultiversidad@gmail.com.ar
AR,Juan Manuel de Rosas,Posadas,juanmrosas@ciudad.com.ar
AR,Ortopédia Vita Implantes,Posadas,vitaimolantes@hotmail.com
AR,Nivel 10,Posadas,nivel10restaurante@gmail.com
AR,Tesorería General del Gobierno de Misiones,Posadas,tesoreria@misiones.gov.ar
AR,Obvio,Posadas,obviohomestore@gmail.com
AR,Registro Provincial de las Personas,Posadas,registrocivil@misiones.gov.ar
AR,Subsecretaria de Comercio e Integración,Posadas,subcei@misiones.gov.ar
AR,"Ministerio de Acción Cooperativa, Mutual Comercio e Integración",Posadas,comunicacionministerioacmci@gmail.com
AR,Dirección General de Catastro,Posadas,catastro@misiones.gov.ar
AR,Susurro Nativo,Posadas,info@susurronativo.com
AR,Trevisan,Posadas,info@trevisan.com.ar
AR,Delidrinks,Posadas,delidrinks.stacatalina@gmail.com
AR,Las Tipas,Posadas,info@lastipas.com.ar
AR,Centro Manantial,Posadas,marisa2206@hotmail.com
AR,Dirección de Prevención de Adicciones,Posadas,dpamuniposadas@gmail.com
AR,Programa de Juego Responsable del IPLYCSE,Posadas,juegoresponsableiplyc@gmail.com
AR,Centro de Contención de Caritas,Posadas,posadascaritas@gmail.com
AR,Programa de Cesación Tabáquica,Posadas,drguillermorolon@yahoo.com.ar
AR,Hogar de Día Posadas,Posadas,direccionhogardediaposadas@gmail.com
AR,Alcohólicos Anónimos Grupo Sendero de Vida,Posadas,oscarvigo1422@gmail.com
AR,Punto Preventivo y Asistencial San Gerardo,Posadas,puntospreventivos.misiones@gmail.com
AR,Espacio Universitario,Posadas,onufrijczukmartin@gmail.com
AR,Alcohólicos Anónimos Grupo Aquí se puede,Posadas,lacasitadeaa@gmail.com
AR,Pájaro Azul,Posadas,pajaroazul.posadas@gmail.com
AR,Colegio de Farmaceuticos y Quimicos de Misiones,Posadas,colfarmi@colfarmi.com
AR,José F. Schwegler,Posadas,josefschwegler@hotmail.com.ar
AR,Instituto de Fomento Agropecuario e Industrial,Posadas,info@ifai.gov.ar
AR,Instituto Superior Madhel,Posadas,institutomadhel@hotmail.com
AR,Rosa,Posadas,adolforosa@hotmail.com
AR,A1 spa,Posadas,administracion@corsica.com.ar
AR,Centro de Documentación Rápida Centro Cultural la Estación,Posadas,cdrmisiones@hotmail.com
AR,Sinergia Industrial,Posadas,sinergia@sinergiaindustrial.com.ar
AR,Clínica Santa María,San Juan,info@clinicasantamariasanjuan.com.ar
AR,Cimac,San Juan,cimacsa@cimacsanjuan.com.ar
AR,Play Cinema,San Juan,administracion@playcinema.net
AR,Ansilta,San Juan,ansiltaurquiza@hotmail.com
AR,Ansilta,San Juan,negocio@ansilta.com
AR,Clínica del Prado,San Juan,info@clinicadelpradoestetica.com
AR,Quiropraxia Adrian Fernández,San Juan,aofquiro@yahoo.com.ar
AR,Mi Sandwich,San Juan,misandwich.consulta@gmail.com
AR,Escuela Industrial Domingo Faustino Sarmiento,San Juan,eidfs@eidfs.unsj.edu.ar
AR,Papelería Integral,San Juan,integraldistribuciones@hotmail.com
AR,Clínica de la Visión,San Juan,consultas@delavision.com.ar
AR,Blanca Paloma,San Juan,info@blancapalomaviajes.tur.ar
AR,Nefro - Clínica de Riñón y Diálisis,San Juan,dialisisnefro@Hotmail.com
AR,Alianza Francesa,San Juan,direccion@afsanjuan.org.ar
AR,El Disco,San Juan,eldiscoinsumos@gmail.com
AR,Maxser,San Juan,empresas@maxser.com.ar
AR,Hogar Escuela Apadim Centro de Dia y de Jornada Completa,San Juan,hogarescuelaapadim@yahoo.com.ar
AR,Europepaint chapa y pintura,San Juan,fs.europepaint@hotmail.com
AR,Lopez Orozco srl,San Juan,sanjuan@lopezorozco.com.ar
AR,Carnes Aguilera,San Juan,cerrozul.adm@gmail.com
AR,Tecnocompro.com,San Juan,localrivadavia190@groupmobile.com.ar
AR,Hoffman Instrumentos Musicales,San Juan,ventasweb@hoffmannmusica.com.ar
AR,Rihanna,San Juan,rihannaclub25@gmail.com
AR,Nono Chicho,San Juan,nonochichosj@gmail.com
AR,Colegio Secundario Monseñor José Américo Orzali,San Juan,orzaliescsj@speedy.com.ar
AR,Registro Único de Adopción,San Juan,registroadopcion-sjn@jussanjuan.gov.ar
AR,Registro Civil y Capacidad de las Personas,San Juan,info.registrocivil@sanjuan.gov.ar
AR,Secretaría Social,San Juan,secsocial-sjn@jussanjuan.gov.ar
AR,Laboratorio de Análisis Clínicos Benavidez,San Juan,laboratoriobenavidez@gmail.com
AR,Saúl Saidel,San Juan,consultasweb@saulsaidel.com
AR,Bolsa de Comercio de San Juan,San Juan,info@bolsasanjuan.com.ar
AR,El Fortín Barzar,San Juan,elfortinbazar@gmail.com
AR,Fedemi,San Juan,fedemi@fedemi.com.ar
AR,Cochería San Juan,San Juan,info@cocheriasanjuan.com
AR,i-TiC,San Juan,info@i-tic.com
AR,Centro de Copiado Alvear,San Juan,copiadoalvear@gmail.com
AR,Clínica Veterinaria San Martín de Porres,San Juan,veterinaria-sanmartindeporres@hotmail.com
AR,Escuela Nacional de Experimentación y Realización Cinematográfica,San Juan,info.cuyo@enerc.gob.ar
AR,F1 Neumaticos,San Juan,ventasrivadaviagrupof1@hotmail.com
AR,Centro Educativo Terapeutico y Centro de día Pertenecer,San Juan,nslapaz@hotmail.com
AR,Consultorio Odontologico Sánchez,San Juan,drjavier36@hotmail.com
AR,Farmacia Corona,San Juan,info@farmaciacorona.com
AR,EPRE San Juan,San Juan,reclamos@epresanjuan.gob.ar
AR,ASAAR,San Juan,info@asaarsj.com
AR,Grupo Somos - Centro gráfico integral,San Juan,somoscarteleria@gmail.com
AR,Consultorio de Kinesiologia Y Fisioterapia Garcia,San Juan,lic.garciasebastian@gmail.com
AR,DOI Digital,San Juan,sanjuan@doidigital.com.ar
AR,Eoftalmo,San Juan,eoftalmo76@gmail.com
AR,Instituto Privado De Resonancia Magnetica,San Juan,institutoprivadormi@speedy.com.ar
AR,RC Sneakers,San Juan,rcsneakersarg@gmail.com
AR,Juzgado Federal de San Juan 2,San Juan,jfsanjuan2@pjn.gov.ar
AR,Superintendencia de Servicios de Salud,San Juan,sanjuan@sssalud.gob.ar
AR,Clínica Mattar Spengler,San Juan,administracion@mattarspengler.com
AR,Asociación Mutual Círculo de Suboficiales del Ejército,San Juan,cirsesanjuan@yahoo.com.ar
AR,Colegio Médico de San Juan,San Juan,calidad@colegiomedico.org.ar
AR,Café Martínez,San Juan,sanjuancentro@cafemartinez.com.ar
AR,Óptica Birle,San Juan,opticabirle@yahoo.com.ar
AR,Mountain Camperas de Egresados,San Juan,ventas@egresadosmountain.com
AR,Clínica del Sol,San Juan,info@clinicadelsolsanjuan.com
AR,BioSalud Clínica Integral,San Juan,clinicabiosaludadm@gmail.com
AR,Hospital Privado del Colegio Médico de San Juan,San Juan,rrhh@colegiomedico.org.ar
AR,Inyectables San Juan,San Juan,info@inyectablesanjuan.com
AR,Martín Suspensión,San Juan,martinsuspension@hotmail.com.ar
AR,Clínica de la Ciudad,San Juan,contacto@clinicadelaciudad.com.ar
AR,Las Malvinas Palomar,San Juan,info@heladerialasmalvinas.com
AR,Crivar Sellos,San Juan,crivarsellos@hotmail.com
AR,Federación de Viñateros y Productores Agropecuarios de San Juan,San Juan,contacto@federacionvinateros.com
AR,ByB Insumos,San Juan,bybinsumos.coll@gmail.com
AR,Adicus,San Juan,prensa@adicus.org.ar
AR,Pinturería Central,San Juan,suc.sanjuan@pintureriacentral.com.ar
AR,Clínica Andina,San Juan,clinicaandinasj@gmail.com
AR,Macadamia Pastelería Vegana,San Juan,macadamiapasteleriavegana@gmail.com
AR,San Francisco Hogar,San Juan,marketing.sanfranciscohogar@gmail.com
AR,Óptica Azul,San Juan,info@azuloptica.com.ar
AR,Óptica Suiza,San Juan,pelayesmau@hotmail.com
AR,Óptica Barbieri,San Juan,online@opticabarbieri.com
AR,GR Aberturas,San Juan,grsrl.ventas@gmail.com
AR,Ortopedia Central,San Juan,ortopediacentral.2015@hotmail.com
AR,Integral Salud,San Juan,Sanjuan@integralsalud.com.ar
AR,Imo Quality AMIOX SAS,San Juan,imoquality@gmail.com
AR,Carrascal Viajes y Turismo,San Juan,sanjuan@carrascalviajes.com
AR,Rojo Turismo,San Juan,cwego@rojoturismo.com
AR,PAP S.R.L.,San Juan,papsrl@transpap.com.ar
AR,Fine Travel,San Juan,info@finetravel.com.ar
AR,Centro Mutual Rh-,San Juan,contacto@mutualrh.com.ar
AR,Farmacia San Lorenzo,San Juan,farmaciasanlorenzosjuan@gmail.com
AR,ECI San Juan,San Juan,info@ecisanjuan.com
AR,Veterinaria El Eden,San Juan,veterinariaeleden2017@gmail.com
AR,Veterinaria Salud Animal,San Juan,vetesaludanimal@hotmail.com
AR,Terra,San Juan,terragrafica@yahoo.com.ar
AR,Cuba Lalá,San Juan,cuba.lalavintageshop@gmail.com
AR,Sanip Salud,San Juan,info@sanipsalud.com.ar
AR,Reino,San Juan,info@reino.com.ar
AR,Clínica Alemana,San Juan,recepcion@clinicaalemana.com.ar
AR,CIRO Instituto Radiológico Dental,San Juan,cirodigital3d@gmail.com
AR,Vivero Las Lilas,San Juan,laslilasvivero@gmail.com
AR,Alpaca para tu mascota,San Juan,agaosj@gmail.com
AR,Córdoba Clínica Médica,San Juan,cordobaclinicamedica@gmail.com
AR,Instituto Médico Urológico,San Juan,info@imusanjuan.com.ar
AR,Veterinaria 365,San Juan,vet365srl@gmail.com
AR,Print & Co,San Juan,printcoimprenta@gmail.com
AR,Centro Médico Sagrado Corazón,San Juan,centromedicosagradocorazonsj@hotmail.com
AR,Consultorio de Kinesiologia Sanchez,San Juan,vico_sanchez19@hotmail.com
AR,Farmacia Sabin II,San Juan,info@farmaciasabin.com
AR,Consultorios Los Olivos,San Juan,luis.minin@hotmail.com
AR,Clinica Parque Universitario,San Juan,clinicaparqueuniversitario@hotmail.com
AR,Centro Médico San Carlos,San Juan,docanasanchez@hotmail.com
AR,Clínica Veterinaria Rivadavia,San Juan,veterivadavia@hotmail.com
AR,Palito Restó,San Juan,info@hostaldepalito.com.ar
AR,Tupeli Gourmet,San Juan,pedidosmuseo@gmail.com
AR,Profecía - Familia Monserrat,San Juan,pedidosprofecia@gmail.com
AR,Consultorio Odontologico Moreno,San Juan,morenoodont@hotmail.com
AR,Parroquia María Madre de Dios,San Juan,mmadredediosj@gmail.com
AR,Centro Medico Integral,San Juan,zoecelli@hotmail.com
AR,Café America Mayorista,San Juan,sugerencias@americamayorista.com.ar
AR,Clínica Veterinaria Olaen,San Juan,veterinariaolaen@gmail.com
AR,Centro Medico Coll,San Juan,educanada@hotmail.com
AR,Ilumiled,San Juan,Ilumiledlocal@gmail.com
AR,Amasalud,San Juan,delegacion.sanjuan@ossacra.org.ar
AR,Katsuda,San Juan,sanjuan@katsuda.com.ar
AR,Merial San Juan Sepelios,San Juan,atclientes@grupomerial.com
AR,Agroinsumos,San Juan,agroinsumos.sa@hotmail.com
AR,Radio-Com,San Juan,info@radio-com.net
AR,Ficamen Iveco San Juan,San Juan,ventassj@ficamen.com.ar
AR,Diego Palacios,San Juan,neumaticosdiegopalacios@gmail.com
AR,Clínica Centrade,San Juan,centradeclinica@gmail.com
AR,Cabral Mayorista,San Juan,ventas.cabralmayorista@gmail.com
AR,Crazy Puppy,San Juan,petshop.crazypuppy@gmail.com
AR,Consultorio Odontologico Scadding,San Juan,danielscadding@gmail.com
AR,Armada Argentina Delegación Naval San Juan,San Juan,ingresosanjuan@ara.mil.ar
AR,Electricidad del Este,San Juan,electricidaddeleste19@gmail.com
AR,Hospital Doctor Guillermo Rawson,San Juan,hospitalrawson@sanjuan.gov.ar
AR,Castellanas,San Juan,ecommercecastellanas@gmail.com
AR,Alegio,San Juan,as_electronic@hotmail.com
AR,Clínica de Ojos Santa Lucia,San Juan,clinicasantalucia@speedy.com.ar
AR,PC Hardware,San Juan,pchard.gerencia@gmail.com
AR,Imax Imágenes Diagnósticas,San Juan,consultas@imaxresonancia.com.ar
AR,Colegio Central Universitario,San Juan,ccuce@unsj.edu.ar
AR,Clínica Del Bono,San Juan,drfranciscoplana@hotmail.com
AR,TCV Desarrollo de Soluciones S.R.L.,San Juan,info@tcvsoluciones.co
AR,Consultorios Medicos Externos Rosales,San Juan,danielrosales.sj@hotmail.com
AR,Auditorio Juan Victoria,San Juan,auditoriojuanvictoria@sanjuan.gov.ar
AR,Colegio Dante Alighieri,San Juan,administracion@socdantealighieri.edu.ar
AR,Parroquia Santa Lucía,San Juan,santaluciasjuan@gmail.com
AR,Parroquia Santa Teresita del Niño Jesús,San Juan,stateresitasj@gmail.com
AR,Transportes Automotores 20 de Junio,San Juan,informes@la20.com.ar
AR,Consultorio de estética y dermatologia Valdéz,San Juan,drasandravaldez@hotmail.com
AR,Consultorio unipersonal de Fonoaudiologia Manzur,San Juan,danielabeatrizmanzur@yahoo.com.ar
AR,Residencia Modelo Clínica Privada Salud Mental,San Juan,residenciamodelo@hotmail.com
AR,Centro Radiológico Guadalupe,San Juan,traumaexpress@hotmail.com
AR,Clínica Alvear,San Juan,clinicaalvear_75@hotmail.com
AR,Café Martínez,Corrientes,corrientes@cafemartinez.com.ar
AR,Sherwood Grill,Corrientes,info@sherwoodrestobar.com
AR,Banco de Corrientes,Corrientes,atencionalcliente@bcoctes.com.ar
AR,Nautisima,Corrientes,info@nautisima-web.com.ar
AR,KS salonunisex,Corrientes,kokitossnchez@gmail.com
AR,Fiucher & Octanos,Corrientes,octanos.corrientes@gmail.com
AR,Escuela de Buceo,Corrientes,buceocruzdelsur@hotmail.com
AR,Informes Turisticos,Corrientes,info@turismocorrientes.gov.ar
AR,Chacabuco,Corrientes,ferreteria_chacabuco@hotmail.com
AR,Aliare S.R.L.,Corrientes,ventas@aliare.com.ar
AR,Dr. Arnaldo Graciani,Corrientes,consultas@doctorgraciani.com.ar
AR,Servei Informática,Corrientes,info@servei.com.ar
AR,Galería Colón Shopping,Corrientes,seoanerieraycia@hotmail.com
AR,Defensoría del Pueblo de Corrientes,Corrientes,defensordelpueblocorrientes@hotmail.com
AR,Oh My God! Repostería,Corrientes,panzallena.ctes@gmail.com
AR,Centro Integral De Terapia Auditiva Y Cognitiva Sonidos Que Hablan,Corrientes,citac.srl@gmail.com
AR,Servicio Médico Prefectura Naval De La Zona Parana Superior Y Paraguay,Corrientes,fegau@hotmail.com
AR,Técnico Corrientes,Corrientes,danielbritezcuentas@gmail.com
AR,Instituto Privado Nueva Escuela,Corrientes,institutonuevaescuela@hotmail.com
AR,Teatro de la Ciudad,Corrientes,ctesteatrodelaciudad@gmail.com
AR,Honorable Cámara de Diputados de la Provincia de Corrientes,Corrientes,contacto@hcdcorrientes.gov.ar
AR,"Sociedad Cultural Israelita ""Scholem Aleijem",Corrientes,scholemcorrientes@gmail.com
AR,Diario Época,Corrientes,contacto@diarioepoca.com
AR,Diario El Libertador,Corrientes,ellibertadorpublicidad@hotmail.com
AR,Diario República de Corrientes,Corrientes,administracion@republicadecorrientes.com
AR,Biblioteca de la FaCENA-UNNE,Corrientes,bibexa@exa.unne.edu.ar
AR,Biblioteca de la Facultad de Derecho,Corrientes,biblioteca@dch.unne.edu.ar
AR,Biblioteca de la Facultad de Odontología - UNNE,Corrientes,biblioteca@odn.unne.edu.ar
AR,Biblioteca ComTuLab,Corrientes,biblio.lab@unne.edu.ar
AR,Biblioteca de la Facultad de Medicina-UNNE,Corrientes,biblio@med.unne.edu.ar
AR,Biblioteca de la Facultad de Ciencias Veterinarias-UNNE,Corrientes,baunne@bib.unne.edu.ar
AR,Biblioteca de Posgrado de la Facultad de Derecho-UNNE,Corrientes,bibliopode@dch.unne.edu.ar
AR,Biblioteca del IBONE-UNNE,Corrientes,ibonebiblio@agr.unne.edu.ar
AR,Biblioteca del INICNE-UNNE,Corrientes,inicne@vet.unne.edu.ar
AR,"Biblioteca de la Escuela de Policía ""J. F. de San Martín",Corrientes,murcicorrientes@hotmail.com
AR,Biblioteca del ICCyC-UNNE,Corrientes,criminalistica@bib.unne.edu.ar
AR,"Biblioteca ""Prof. Eduardo J. Robles",Corrientes,www.isefcorrientes@hotmail.com
AR,"Biblioteca ""Josefina Contte",Corrientes,bpjcontte1078@yahoo.com.ar
AR,"Biblioteca ""Juan José Folguera",Corrientes,cafeelmariscal@yahoo.com.ar
AR,Consulado del Paraguay en Corrientes,Corrientes,corrientesconsulpar@mre.gov.py
AR,"COOP DE PROVISION DE SERVICIOS PARA LA CONSTRUCCION ""ARANDÚ"" LTDA",Corrientes,cramelinazini@gmail.com
AR,COOP AGROPECUARIA PUERTO VALLE LTDA,Corrientes,administracion@cooperativapuertovalle.com
AR,"COOP DE PROVISION, COMERCIALIZACION, CONSUMO Y VIVIENDA ""ÑANDE GENTE"" LTDA",Corrientes,coopnandegente@gmail.com
AR,"COOP DE PROVISION Y COMERCIALIZACION DE BIENES Y SERVICIOS AUDIOVISUALES ""DOS PINOS"" LTDA",Corrientes,jorgegandolfo@hotmail.com
AR,COOPERATIVA DE TRABAJO Y PROVISIÓN DE SERVICIOS PARA PRODUCTORES  RURALES “FERIAS POPULARES” LIMITADA,Corrientes,EMILIAGRACIELAORTEGA@GMAIL.COM
AR,Coop de Trabajo Navalment 20 de Abril Ltda,Corrientes,moarnaiz@arnet.com.ar
AR,COOP DE TRABAJO ACOMPASAR LTDA,Corrientes,davidn753@gmail.com
AR,COOP DE TRABAJO COEMBOTA LTDA,Corrientes,corrcoembota2018@yahoo.com
AR,"COOP DE TRABAJO ""EL BUEN CAMINO"" LTDA",Corrientes,cbcctes@yahoo.com.ar
AR,COOP DE TRABAJO YUY MARANEY LTDA,Corrientes,cooperativayvymaraney@gmail.com
AR,COOP DE TRABAJO MBARETE LTDA,Corrientes,cooperativambarete@gmail.com
AR,"COOP DE TRABAJO, CONSUMO Y COMERCIALIZACION ""BIENESTAR"" LTDA",Corrientes,cpbtar2005@hotmail.com
AR,"COOP DE TRABAJO ""TELARES ANGIRÚ"" LTDA",Corrientes,santosgerardomontenegro@gmail.com
AR,COOP DE TRABAJO LP PELUQUERIA LTDA,Corrientes,luzmarinagrisson@gmail.com
AR,COOP DE TRABAJO MOMBE´ UHÁ LTDA,Corrientes,hejoaromero@gmail.com
AR,COOP DE TRABAJO COOTEP LTDA,Corrientes,vendedoresambulantescts@gmail.com
AR,COOP DE TRABAJO JAGÜAR AZUL LTDA,Corrientes,esgrafiado1850@yahoo.com.ar
AR,COOP DE TRABAJO ISONDU LTDA,Corrientes,romerosirio@gmail.com
AR,"COOP DE TRABAJO ""EXITOS SERVICIOS INTEGRALES"" LTDA",Corrientes,giselamiriamlugo@gmail.com
AR,"COOP DE TRABAJO ""NUEVO HORIZONTE"" LTDA",Corrientes,coop.nuevo.horizonte.ctes@gmail.com
AR,"COOP DE TRABAJO ""ÑANDE REKO"" LTDA",Corrientes,cooperativanandereko@gmail.com
AR,COOP DE TRABAJO NUEVA MIRADA CORRIENTES LTDA,Corrientes,diegosilva.corrientes@gmail.com
AR,"COOP DE TRABAJO ""FAMILIAS DE CANILLITAS UNIDAS DEL TARAGÜI"" LTDA",Corrientes,luisnobertoortiz121@gmail.com
AR,COOP DE TRABAJO “SAN BENITO” LTDA,Corrientes,cooperativa.sb.limitada@gmail.com
AR,COOP DE TRABAJO SOMOS TAVAPY YVYRUPI LTDA,Corrientes,guillesgaleano@hotmail.com
AR,COOPERATIVA DE TRABAJO “TAJY POTY” LIMITADA,Corrientes,cooperativatajypotyctes@gmail.com
AR,COOPERATIVA DE TRABAJO RECICLADO Y RECUPERO NERY LIMITADA,Corrientes,coopneryltda@gmail.com
AR,COOP DETRABAJO CEFERINO LTDA,Corrientes,cooperativaceferino@hotmail.com
AR,COOP DE TRABAJO EL TRIUNFO LTDA,Corrientes,coopeltriunfoctes21@gmail.com
AR,COOPERATIVA DE TRABAJO YAGUARETE PORA CORRIENTES LIMITADA,Corrientes,administracion@jpmasociados.com
AR,COOP DE TRABAJO CREANDO REALIDADES LTDA,Corrientes,mariajose15776@gmail.com
AR,COOP DE TRABAJO CORRIENTES RECICLA LTDA,Corrientes,coopcorrientesrecicla@gmail.com
AR,COOP DE TRABAJO OCT CONSTRUCTORA LTDA,Corrientes,jtobyesp@gmail.com
AR,COOP DE TRABAJO EMPRENDEDORES UNIDOS LTDA,Corrientes,juancarlosfalcon22@gmail.com
AR,COOP DE TRABAJO EMPRENDEDORES LTDA,Corrientes,oviedojoseroberto592@gmail.com
AR,COOP DE TRABAJO TURISMO IBERÁ LTDA,Corrientes,marcelodenmon@yahoo.com.ar
AR,COOP DE TRABAJO RINCON DEL ARTE LTDA,Corrientes,christianfaridgorchoffdomingue@gmail.com
AR,COOP DE TRABAJO IBIRA PITA CORRIENTES LTDA,Corrientes,estela.tec12@gmail.com
AR,COOP DE TRABAJO LAS POPULARES LTDA,Corrientes,ariananerinabarrios@gmail.com
AR,COOP DE TRABAJO ABUELITOS FELICES LTDA,Corrientes,cooperativasantarita365@gmail.com
AR,COOP DE TRABAJO PESCADORES ORGANIZADOS DEL RIO PARANA LTDA,Corrientes,pescadoresctesdelrioparana@gmail.com
AR,COOP DE TRABAJO CUIDAR LTDA,Corrientes,sebastianbruzzo@gmail.com
AR,COOP DE TRABAJO CONSTRUYENDO CUIDADO LTDA,Corrientes,legales@mteargentina.org.ar
AR,Quatro Estudio Jurídico,Corrientes,jgr3400@gmail.com
AR,Ghiggeri,Corrientes,ventas@ghiggeri.com
AR,Biblioteca 9 de Julio,Santiago del Estero,biblioteca9dejuliosde@gmail.com
AR,Caskal Web - Diseño web / gráfico,Santiago del Estero,info@caskal.com
AR,Municipalidad de Santiago del Estero,Santiago del Estero,info@santiagociudad.gov.ar
AR,ASICANA,Santiago del Estero,info@asicana.org.ar
AR,San Roque,Santiago del Estero,anamonge22@hotmail.com
AR,Centro Renal Alsina,Santiago del Estero,centrorenalalsina@hotmail.com.ar
AR,Colegio Hermano Hermas de Bruijn,Santiago del Estero,secretariahermas@ucse.edu.ar
AR,ANEXO MITRE - Centro Médico,Santiago del Estero,anexomitre@gmail.com
AR,Motogar,Santiago del Estero,contacto@motogar.com.ar
AR,Café Martínez,Santiago del Estero,santiagodelestero@cafemartinez.com.ar
AR,IOSEP,Santiago del Estero,info@iosep.gov.ar
AR,Lindow Hogar,Santiago del Estero,casalindow@hotmail.com
AR,Centro Provincial de Sangre Santiago del Estero,Santiago del Estero,cps.sgo@gmail.com
AR,Colegio Evangelico Alfredo Furniss Jardín Mi Pesebre,Santiago del Estero,administracion@ceaf.edu.ar
AR,CAPS Los Lagos,Santiago del Estero,loslagoscaps@hotmail.com
AR,CAPS Santisimo Sacramento Borges,Santiago del Estero,capssmosacramento@hotmail.com
AR,CAPS Francisco Aguirre,Santiago del Estero,caps_fcodeaguirre@hotmail.com
AR,CAPS Ntra. Sra. del Rosario de San Nicolás Juan Díaz de Solis,Santiago del Estero,capssolis@hotmail.com
AR,Clínica del Pilar,Santiago del Estero,contacto@clinicadelpilar.com.ar
AR,Sanatorio San Francisco,Santiago del Estero,sanasanfrancisco@live.com
AR,Sanatorio Alvear,Santiago del Estero,sanat.alvear@hotmail.com
AR,Ministerio de Desarrollo Social,Santiago del Estero,ministeriodesarrollosocial@mdssde.gob.ar
AR,Banco de Sangre Bouzón,Santiago del Estero,bancodesangrebouzon@gmail.com
AR,Inmobiliaria del Estero,Santiago del Estero,info@inmobiliariadelestero.com.ar
AR,Gel y Asociados,Santiago del Estero,info@gelinmobiliaria.com.ar
AR,Furth Automotores,Santiago del Estero,contacto@furth.com.ar
AR,Cúspide,Santiago del Estero,santiagodelestero46@cuspide.com
AR,Colegio de Abogados Santiago del Estero,Santiago del Estero,contacto@colegioabogadossde.org.ar
AR,Doctores Palavecino Grupo Oftalmológico,Santiago del Estero,drespalavecinoftalmologos@gmail.com
AR,Misión Maderas,Santiago del Estero,misionesmaderasgo@hotmail.com
AR,Maxihogar,Santiago del Estero,ventas@maxihogarmotos.com
AR,Cyclos,Santiago del Estero,cycloscentral@gmail.com
AR,ECO Autoparts,Rio Cuarto,info@ecoautoparts.com.ar
AR,Electrónica Doble G,Rio Cuarto,gasserg@ciudad.com.ar
AR,AER INTA RIO IV,Rio Cuarto,aerriocuarto@inta.gob.ar
AR,Pcnet rio cuarto,Rio Cuarto,pcnetonline@gmail.com
AR,Escuela Maestro Indio Felipe Rosas,Rio Cuarto,maestroifrosaspizarro@hotmail.com
AR,Mar Rojo Restaurante - Marisquería,Rio Cuarto,mar.rojo.restaurante@gmail.com
AR,Café Martínez,Rio Cuarto,riocuarto@cafemartinez.com.ar
AR,Ingenera,Rio Cuarto,info@ingenera.com.ar
AR,Juzgado Federal de Río Cuarto,Rio Cuarto,jfriocuarto@pjn.gov.ar
AR,Gustavo Lopez,Rio Cuarto,gustavolopezseguros@gmail.com
AR,Corrientes Motos,Rio Cuarto,corrientesmotos@corrientesmotos.com.ar
AR,Tximitxurri Arroceria & Resto,Rio Cuarto,tximitxurrirestaurante@gmail.com
AR,Papelera Gaso,Rio Cuarto,ventas@papeleragaso.com
AR,Banco Central de Sangre,San Luis,bancocentralsl@yahoo.com.ar
AR,Papelería libertad,San Luis,martin_scarel@hotmail.com
AR,Sangreal Dobermann's kennel,San Luis,jjaversa@hotmail.com
AR,Café Martínez,San Luis,cmsanluisshop@cafemartinez.com.ar
AR,Rash Escapes,San Luis,rashescapes@gmail.com
AR,Los Robles,San Luis,roblespresupuestos@gmail.com
AR,Citroen y Peugeot,San Luis,linfo.taller@parisautos.com.ar
UY,RODRIGUEZ ARISTIMUIÑO MAICOL MATHIAS Y SALVO DAVIES FACUNDO,su zona,delmarkombucha@gmail.com
UY,SINDATEL SA,Montevideo,info@sindatel.com.uy
UY,FABRICA DE PASTAS LA ESPECIALISTA S A,su zona,laespecialista@laespecialista.com.uy
UY,BODEGAS Y VIÑEDOS FAMIGLIA PASSADORE S.A.S.,Montevideo,esudio@legelensalles.com
UY,BARLOVENTO URUGUAY SAS,su zona,barloventouruguay@gmail.com
UY,MATEBOM S R L,su zona,matebom@vera.com.uy
UY,SICONEL LTDA,su zona,joaquin.mut@amconsulting.com.uy
UY,LAMITEX S A.,su zona,lamitex@lamitex.com.uy
UY,MANSILLA PEREIRA NESTOR GERARDO,Rocha,torneriamansilla@hotmail.com
UY,ACOSTA REYES HEBER RICARDO,su zona,escritoriovaselli@hotmail.com
UY,ALUMINIOS OLIVER HNOS SAS,su zona,jennifferoliver054@gmail.com
UY,MECANOSYM SAS,Tacuarembó,contacto@mecano.uy
UY,HARTWICH GARCEN GUILLERMO FEDERICO,su zona,hartwich.ingenieria@gmail.com
UY,PINTURAS PUENTE SRL,Montevideo,pinturasuma@gmail.com
UY,REDOMON GROUP SAS,su zona,redomongroupsas@gmail.com
UY,ENZUR S A,su zona,enzur@enzur.com
UY,SILVA VELAZQUEZ DIEGO GERMAN Y MUJICA BALDION MARCOS GABRIEL,Montevideo,info@drone.uy
UY,SANTERO MARTINEZ ANA INES,Canelones,quintasantero@gmail.com
UY,CURBELO GONZALEZ PABLO GABRIEL,Montevideo,proa.montevideo@gmail.com
UY,PEREIRA BARRERA LILIANA YICEL,su zona,llistur1@gmail.com
UY,BENTEN BIOTECH SRL,Montevideo,info@bentenbiotech.com
UY,TROYMEL S.A.,Montevideo,info@labuonora.com.uy
UY,PIMOR S.R.L,su zona,lacteospippos@gmail.com
UY,BUDDHAKISS SRL,Maldonado,portezuelolocal@budakiss.com
UY,SINDON S A,su zona,administracion@doniacoca.com.uy
UY,GRUPO FAM SAS,su zona,mmoreira@ox.com.uy
UY,CAJA DE JUBILACIONES Y PENSIONES BANCARIAS,Paysandú,info@forestalbancaria.com.uy
UY,MUÑOZ SARALEGUI CAMILA CATALINA,Canelones,adm@ideasweb.uy
UY,FALCONE LOPARDO LEONARDO JOSE,Paysandú,bodegaleonardofalcone@gmail.com
UY,MODELO S R L,Flores,emanz1559@gmail.com
UY,CAPELLI MARTINEZ MAURICIO DANIEL,Montevideo,m.capelli82@gmail.com
UY,DAFYLMAR S A,su zona,administracion@dafylmar.com
UY,DELOMAR S A,Montevideo,info@lamartina.com.uy
UY,PANDA SOLUCIONES EMPRESARIALES SAS,Canelones,pandasolucionesempresariales@gmail.com
UY,MEDINA PIÑEIRO JAMINTON NESTOR,su zona,jnmp33@gmail.com
UY,HD CARPINTERIA Y MADERAS LTDA,su zona,info@cardozomarkoff.com.uy
UY,PANCINI INDUSTRIAL DEL SAUCE S A,su zona,info@lagranjera.com.uy
UY,BURGOS VIERA GIMENA,su zona,hello@burgostextile.com
UY,ECOFLASH S.A,Canelones,ecoflashsa@gmail.com
UY,CELISANO SAS,Salto,carolina.borghi@celisano.com.uy
UY,"REYES KSIONZEK JONATHAN ADRIAN, REYES HUTTON FREDI WILMER Y OTROS",Canelones,admin@mondogelato.uy
UY,LA ALCANDARA  SRL,Rocha,administracion@mcconsultores.com.uy
UY,CELULOIDE SOCIEDAD ANONIMA,Montevideo,triex@triex.com.uy
UY,BRUN Y CIA S R L,Montevideo,info@brunycia.com.uy
UY,ELECTROFONIA S A,Montevideo,info@electrofonia.com
UY,FIRPO GOMEZ ADEMAR FERNANDO,su zona,afirpog@gmail.com
UY,BLUE LIFE S.R.L.,su zona,bluelifeuruguay@gmail.com
UY,MEDEROS PONCE DE LEÓN NICOLAS MARTIN,Montevideo,leonicalzados@gmail.com
UY,AGROMADERA`S    S.R.L.,Canelones,agromaderas.uy@gmail.com
UY,CBMETAL SAS,Paysandú,metalurgica.borches@gmail.com
UY,VALETOR S.A.,su zona,administracion@valetor.com.uy
UY,CONFITERIA IRISARRI S.A.,Lavalleja,confiteria@irisarri.com.uy
UY,FERRARO GOMEZ RENEE EVA,Montevideo,reneeferraro@gmail.com
UY,NUÑEZ CENTURION JUAN MANUEL,su zona,moniplas@hotmail.com
UY,SCANPLAS SAS,Montevideo,vito@scanplas.com.uy
UY,CAVIPA LTDA,Montevideo,administracion@capozzolo.com.uy
UY,LSTA S.A.S,su zona,santiagotaran@gmail.com
UY,CHIPPER SOCIEDAD ANONIMA,Montevideo,aastor@chipper.com.uy
UY,SANIROL SOCIEDAD ANONIMA,Rocha,sanirolsa@gmail.com
UY,GARCIA PINTOS MONTES GUSTAVO FELIPE,Paysandú,gustavo@promobacter.com
UY,TRIGO REY S.A.S.,su zona,rrhh@trigorey.com.uy
UY,CARROCERIAS NICAR SAS,su zona,carroceriasnicar@hotmail.com
UY,CHACON MUSSINI IRENE Y BENTANCUR CHACON FACUNDO,San José,bentancur_aberturas@gmail.com
UY,MILAN CUADRO ANA PAULA,Maldonado,bolsasmaldonado@gmail.com
UY,COLORLABS SAS,Montevideo,stefania.pouquette@creativecolorlabs.com
UY,SILOMAX S A,Canelones,pablopatetta@hotmail.com
UY,SG INDUSTRIAL S.R.L.,Tacuarembó,ventas@serviciosgraficos.com.uy
UY,HOLIDAYS S.A,Montevideo,contratos@despegar.com
UY,BIRELDAN S.A.,Montevideo,pereira@genexa.com.uy
UY,GUAYOYO SAS,su zona,mparodi@ox.com.uy
UY,PASSARO OLIVER DANIEL OMAR,su zona,stefany@bachini.com.uy
UY,LUSETTI CEDRES MICHAEL FEDERICO,su zona,myl.toneria@gmail.com
UY,ETOSHA LTDA.,Montevideo,administracion@etosha.uy
UY,HARLEY S R L,Montevideo,info@harleysrl.uy
UY,MAKTUB LTDA,su zona,info@laboratoriosabies.com.uy
UY,CELIO YAHN IRIS NELLY,Colonia,iriscelio@hotmail.com
UY,ORSOF SAS,Montevideo,orsiemilio@gmail.com
UY,AIRCRAFT REPAIR STATION LTDA,Paysandú,administracion@ars.uy
UY,ACRILICOS URUGUAYOS SRL,Montevideo,presupuestos.au@gmail.com
UY,RAMALUX SOCIEDAD ANONIMA,su zona,alecaraciolo@hotmail.com
UY,GREYCON SOFTWARE S.A.,Montevideo,admingla@greycon.com
UY,LABORATORIOS DISPERT S A,Montevideo,dispert@adinet.com.uy
UY,PA FRI MA LIMITADA,su zona,claudia@mecont.com.uy
UY,BIANCO VECCHIO EQUIPAMIENTOS SAS,su zona,wilbm754@gmail.com
UY,GROWING S.R.L.,Paysandú,diego.perez@growing.com.uy
UY,INTERNATIONAL BUSINESS GROUP IBG SAS,Maldonado,hola@goodhouse.com.uy
UY,GRUPO WALDER RODRIGUEZ SAS,su zona,info@walder1912.com
UY,GARCIA PINTOS BERISSO MARIA JOSEFINA,Durazno,fertilana.uy@gmail.com
UY,COOPERATIVA DE TRABAJO HELIX URUGUAY,Montevideo,ventas@cooperativahelix.com.uy
UY,MOYANO PEREIRA CLAUDIO GASTON,Montevideo,mgarcia@cambadu.com.uy
UY,CHEM S TREE LTDA,Montevideo,ventas@chemstree.com
UY,CASTILLO PERRONI MARTIN,su zona,mercedesrissod@gmail.com
UY,DIBASUR S.A.,Canelones,alimentosdelier@gmail.com
UY,FRANCO LEGELEN MALCON ROMAN,Colonia,mfmetalurgica027@gmail.com
UY,ELANWOR SOCIEDAD ANONIMA,su zona,ventas@elanwor.com.uy
UY,DRUKAL  SA,Canelones,diegopintado@ajosdelsur.com.uy
UY,NEW HIGHLAND YTLO SOCIEDAD ANONIMA,Treinta Y Tres,secretaria@nhytlo.com
UY,LA MOLIENDA PRODUCTOS NATURALES SAS,Montevideo,info@lamolienda.com.uy
UY,COLLAZO COSTELA HECTOR ORLANDO,Colonia,vanesa.saporiti16@gmail.com
UY,FAMILACTEOS S.R.L.,su zona,familacteossrl@gmail.com
UY,OSORES RODRIGUEZ NELSON DAVID,Soriano,david@tallerdavidosores.com.uy
UY,HABER DIA MATIAS ENRIQUE,su zona,matiashaber@gmail.com
UY,ESTABLECIMIENTOS JUAN SARUBBI S A,Montevideo,mpsarubbi@sarubbi.com.uy
UY,DICONO PEREYRA GABRIELA,Canelones,paganapasteles@gmail.com
UY,EMPRESA CASANOVA SOCIEDAD ANONIMA,su zona,craferrari@gmail.com
UY,CARDOSO FLORES CARLOS ALBERTO,su zona,carlos.cardosoflores@gmail.com
UY,COOPERATIVA DE LA FUENTE SALTO (COFUESA),su zona,cofuesacompras@gmail.com
UY,NOLESTAR S A,su zona,info@sertec.com.uy
UY,ESTRELLA TOTAL S.A.,Canelones,gabriel@estrellapack.com.uy
UY,ARTE S A,Salto,administracion@impresorasalto.com.uy
UY,MABATEL SAS,Montevideo,administracion@audikont.com
UY,RUOTEJ S.A.,su zona,juridico@koin.com.br
UY,EUPHEMIA S.A.S.,Canelones,euphemiasrl@gmail.com
UY,MEDIA PULGADA S.R.L,su zona,media_pulgada@hotmail.com
UY,NOTAROBERTO ALBERTINI PIERRE TULIO,Montevideo,pycmicaela@gmail.com
UY,DERMAGROUP SRL,Montevideo,info@dermagroup.com.uy
UY,AUTOLINK SAS,Montevideo,contacto@autolink.com.uy
UY,TOC SAS,Montevideo,hola@toc.com.uy
UY,CERRAJERIA HERING LTDA.,Montevideo,rodolfohering@gmail.com
UY,PEREZ PEREZ SOLEDAD INES Y RABELLINO FLORES JAVIER ANDRES,Montevideo,perezrabellino@gmail.com
UY,SAN ISIDRO LIMITADA,su zona,panaderiayconfiteriasi@hotmail.com
UY,VINDELUZ S.A.,su zona,vindeluz@vindeluz.com.uy
UY,IO MANGIO S.R.L,su zona,pastaslaunica@gmail.com
UY,CARREIRA S A,Montevideo,carreira@metalik.com.uy
UY,NEBA URUGUAY SRL,su zona,admneba@gmail.com
UY,ALEGRE SETTIMANO ESTELA ISABEL,su zona,estelaalegre.ea@gmail.com
UY,GRANJA POCHA S A,su zona,gjanzis@granjapocha.com
UY,RECICLAJE CERDEÑA S.A.S,Montevideo,paugonzalez1997@hotmail.com
UY,REZK ARELLANO JOAQUIN,Lavalleja,joaquinrezk@gmail.com
UY,REUY S.A.S,Montevideo,fede@revaso.uy
UY,MASTERGRAF S R L,Montevideo,administracion@mastergraf.com.uy
UY,GUARINO VERONICA LORENA,su zona,fachasalto@gmail.com
UY,JUAN B CANALI S A,su zona,administracion@santafe.com.uy
UY,SAN FRANCISCO LTDA,Colonia,axionnuevahelvecia@gmail.com
UY,VIVESTAR SOCIEDAD ANONIMA,Montevideo,info@vivestar.uy
UY,KALIJMANN CYMERMAN DAN,Montevideo,dankalijmann@gmail.com
UY,VASER SAS,Montevideo,vaser@vaser.com.uy
UY,FM SERVICIOS S.A.S,Canelones,ing.hebert.moreno@gmail.com
UY,ALDIESAN S R L,su zona,infoventas@lacasadelartesano.com.uy
UY,ASHOKA SAS,Canelones,abac.gestionadm@gmail.com
UY,PYMO SAS,Montevideo,gabriel@pymo.uy
UY,BERRUETA SEARA VANESSA SILVANA,su zona,aguynacho@gmail.com
UY,FIRTUX SOCIEDAD ANONIMA,Canelones,info@tcon.uy
UY,SANODELEITE S.R.L.,Canelones,alejandro@sanosinharina.uy
UY,BLANCO SCHROEDER MARIA INES,su zona,maine_bs@hotmail.com
UY,PEREIRA DA COSTA ENRIQUE MARCELO,Salto,mecanicatotal@adinet.com.uy
UY,CLAY S A,su zona,contact@claymeat.com
UY,CORDONES & CIA. S.A.,Montevideo,cordonesycia@gmail.com
UY,COOPERATIVA DE TRABAJO MOLINO FLORIDA,Florida,molinoflorida1295@gmail.com
UY,JULIO HARTWICH SAS,Río Negro,info@jhartwich.com.uy
UY,CONTROLES S A,Montevideo,info@controles.com
UY,UNIVERSAL S A,su zona,universal@universal.com.uy
UY,MATECO SRL,Canelones,matecosrl@gmail.com.uy
UY,VIDRIERIA BIA S A,su zona,bia@bia.com.uy
UY,SACCARELLO MARIA VITTORIA,Florida,piqueroto@rinconpandora.com
UY,MARY S R L,Soriano,escritorioiraola@gmail.com
UY,GOFI SAS,su zona,german@gofimicrospaces.com
UY,MELO BAZTERRICA LAURA IRENE Y MELO BAZTERRICA BARBARA MARIA,Río Negro,varietecuisine@gmail.com
UY,AIKO SAS,su zona,info@crcprofesionales.com
UY,NELIBAN SOCIEDAD ANONIMA,su zona,fischermontajes@fischermontajes.com.uy
UY,REDILOY S A,su zona,administracion@rediloy.com.uy
UY,NESTA LTDA,Montevideo,info@imprentadiagonal.com.uy
UY,MERALIR S A,su zona,mosca.javier@gmail.com
UY,DELPINO CALVIÑO DIEGO NICOLAS,su zona,granjadelpino@hotmail.com
UY,MARGENES DEL RIO  S A,Montevideo,llorenzo@margenesdelrio.com
UY,DIANELCO S A,Montevideo,dianelcosa@gmail.com
UY,IQ SAS,su zona,ventas@iqequipamientos.com.uy
UY,SISTARBANC S.R.L.,Montevideo,achebi@sistarbanc.com
UY,LABORATORIO LIBRA SOCIEDAD ANONIMA,su zona,info@lablibra.com
UY,NEIGARSAN S A,Montevideo,neigarsa@adinet.com.uy
UY,BIOTEK PETROL S.R.L.,Canelones,info@biotekpetrol.com
UY,GRUPO LD SAS,su zona,hola@cookies.uy
UY,ASINDAL S.A.S.,Montevideo,admin@kinzbio.com
UY,"ALVEZ SOSA ROBERT SEBASTIAN, ALVEZ SOSA LORENA PAOLA Y OTROS",Salto,cortescarniceria@gmail.com
UY,EKIN SERVICIOS AGRICOLAS SAS,Canelones,info@ekin.uy
UY,RODRIGUEZ PEREIRA RICHART SEBASTIAN,Paysandú,vanguardpvc@gmail.com
UY,DALLOGLIO PENALOSA RONALD GABRIEL,Río Negro,fabricadepastasdellanonna@gmail.com
UY,ANTONIO BARCIA E HIJO SRL,Montevideo,abarcia@adinet.com.uy
UY,CONFIDO SOCIEDAD ANONIMA,su zona,info@dauberyasociados.com.uy
UY,CORFRISA CORPORACION FRIGORIFICA DEL URUGUAY S A,Canelones,info@corfrisa.com
UY,PLAMET LTDA,su zona,plamet@plamet.com.uy
UY,MADERAS CIBILS S R L,su zona,carlacaritasuruguay@hotmail.com
UY,SAAC LTDA.,Canelones,alejandro@saac.uy
UY,INSALCOR S A,su zona,maira.marrero@insalcor.com.uy
UY,ROMEMACHA SAS,Canelones,uruofertasimp@gmail.com
UY,MILTAY S.A.,su zona,administracion@bioterra.com.uy
UY,GIOVANNI SAUTO SRL,su zona,beniayborges@gmail.com
UY,SERVICIOS DEL CENTRO SOCIEDAD DE RESPONSABILIDAD LIMITADA,Florida,nataliagonzalez@serviciosdelcentrosrl.com
UY,APITER S.A.,su zona,apiter@apiter.com
UY,COOPERATIVA DE TRABAJO CADENA PRODUCTIVA DEL CUERO,su zona,cadenaproductivadelcuero@gmail.com
UY,H RAFULS CAMOU S A,su zona,contacto@drogueriamontevideo.com
UY,CASTELLS VINCENT AGUSTINA,Canelones,sudeleche.contactos@gmail.com
UY,MARTINIX SRL,su zona,sbagalciague@uruframe.com.uy
UY,ELECTROPLAST S A,Montevideo,cmanan@epsa.com.uy
UY,IMPRESORA SUR-GRAFF-TALA LTDA.,Canelones,tramitescctala@gmail.com
UY,A. Y M. SANTA LUCIA LIMITADA,Canelones,comercial@aymsantalucia.com.uy
UY,JAZZIC S.A.,Canelones,rbsimpresos@gmail.com
UY,PARTILUZ S.A.,Montevideo,info@partiluz.com.uy
UY,GCP URUGUAY SAS,Canelones,info@nutrazen.com.uy
UY,PALBIN SAS,su zona,palbinsas@gmail.com
UY,DOMINGO RAFAEL GHELFA LIMITADA,Paysandú,gb.pontevedra@gmail.com
UY,GOMSIL LIMITADA,su zona,rosariopujol61@gmail.com
UY,AS INSUMOS SAS,Montevideo,ventas@asinsumos.com
UY,M.S.C. S.R.L.,su zona,info@msc.uy
UY,EDGARDO DOMINGUEZ SAS,Colonia,edgardodomingueznh@gmail.com
UY,SOLUCIONES TECNOLOGICAS S.A.,Canelones,ssanchez@solucionestecnologicas.com.uy
UY,COOPERATIVA DE TRABAJADORES DE MOLINO SANTA ROSA,Canelones,nmadera@molinosantarosa.com.uy
UY,INTEGRO SAS,Montevideo,info@convita.com.uy
UY,CORTES CALOCA GERMAN,su zona,administracion@calco.uy
UY,FERNANDEZ HEREDIA MARIA NOELIA,su zona,nfernandez244@hotmail.com
UY,ALGERIS LTDA,su zona,algeris_uy@yahoo.com
UY,LOS BONO SRL,su zona,losbono@gmail.com
UY,CIOLI ETCHEVARREN FLORENCIA,Montevideo,florenciacioli@gmail.com
UY,INDUSTRIA PAPELERA URUGUAYA S A,su zona,lucia.estrada@softys.com
UY,CLOVANY S.A.,Canelones,clovanysa@gmail.com
UY,VITELIO BRUNO MARIA CECILIA,su zona,cvitelio@hotmail.com
UY,COMPU SEGURIDAD S R L,su zona,ventas@compuseguridad.com
UY,TANKIN SOCIEDAD ANONIMA,Montevideo,federal@federal-int.com.uy
UY,INTEGRA AMERICA LIMITADA,Montevideo,adm@integraamerica.com
UY,LONG ROSTAN JORGE ESTEBAN,Colonia,karina.cceirosario@gmail.com
UY,QUIMICA GAMMA SOCIEDAD ANONIMA,su zona,qgamma@quimicagamma.com.uy
UY,ILAREL SOCIEDAD ANONIMA,Montevideo,cromo-aluminio@adinet.com.uy
UY,COLL JERONIMO,su zona,manitos@manitos.uy
UY,ELCOR S A,Canelones,info@plasticossanchez.com
UY,NESTLE DEL URUGUAY S A,su zona,servicios.consumidor@uy.nestle.com
UY,SANDONATO S A,Montevideo,metsando@sandonato.com.uy
UY,ROCS PV SOCIEDAD POR ACCIONES SIMPLIFICADAS,su zona,brenes.mundy@gmail.com
UY,ARAZUL LIMITADA,su zona,arazul@arazul.com
UY,RODRIGUEZ DOS SANTOS ALDA MARIA,Tacuarembó,vamoscrebiouy@gmail.com
UY,CORTAZZO BRYSK NADIA Y BATISTA SILVA ASDRUBALDO RAMON,su zona,mmederos@epi.com.uy
UY,HONEGGER MONTERO LAURA BEATRIZ,su zona,honegger.uy@gmail.com
UY,ZAFIROS S R L,Montevideo,edgardom.19@hotmail.com
UY,SEMAREN SRL,Río Negro,tejidos.uyfb@gmail.com
UY,QAM INGENIEROS S.R.L.,Montevideo,adm@qaming.com.uy
UY,BRAVEIN SAS,su zona,brasasyhumos.uy@gmail.com
UY,FADOTIR S A,Montevideo,abuscio@skysea.com.uy
UY,BARIZZONE BARIZONI SABRINA GRACIELA,su zona,s.barizzone1987@gmail.com
UY,GALLINO GALLUZZO LEONARDO,Salto,leogallinogall@gmail.com
UY,URBAN PEREIRA PAULINO LEON,San José,metalurban@hotmail.com
UY,NORYTO SAS,Rivera,diego.noryto@gmail.com
UY,TPEA SAS,su zona,tpregistros@gmail.com
UY,MESA RAMOS SANDRA GABRIELA,Canelones,sandramesa23@hotmail.com
UY,RODRIGUEZ HERNANDEZ CIRO ALEJANDRO,su zona,info@tambocerronegro.com
UY,LABAREY SOCIEDAD ANONIMA,su zona,ventas@convertec.com.uy
UY,MYD LTDA,Montevideo,mydartesanal@gmail.com
UY,CERVETTO MANCIAMELI RODOLFO SEBASTIAN,Montevideo,rutia.carpinteria@gmail.com
UY,IOJES DOMINIQUE Y GERNER MARCHEWKA MAURICIO GABRIEL,Maldonado,naturalsamadhi@gmail.com
UY,IMNSUR LTDA,su zona,imnsurhb@gmail.com
UY,AHINCO S.A.,Paysandú,infoahinco@gmail.com
UY,AP PORTELA S.R.L.,su zona,appromo@gmail.com
UY,KANN KARABELNIK GABRIEL,Montevideo,info@icalarm.com
UY,BOTICA DEL SEÑOR S R L,su zona,informes@boticadelsenor.com.uy
UY,OLONIR S.A.,su zona,lpedra@atgen.com.uy
UY,ALCA S.R.L.,Río Negro,imprenta33@hotmail.ccom
UY,BUENO ALANIS CARLOS DANIEL,Montevideo,administracion@alimendra.com
UY,IMAGEN 2 SRL,su zona,matias@chamanuruguay.com.uy
UY,DINAMICA CONSULTORES S R L,Montevideo,comercial@dinamica.com.uy
UY,MULTITECH S.A.,Montevideo,info@terovet.com
UY,VEINTICINCO DE MAYO SAS,su zona,info@confiteria25demayo.com
UY,COOPERATIVA DE CONSUMO COOPERATIVA BANCARIA,Montevideo,secretaria@coopbancaria.com.uy
UY,MEGAVOR S.A,Montevideo,fernando@apisur.com
UY,DEFUNGI S.A.S.,Maldonado,info@betabel.com.uy
UY,PERRIN S A,su zona,info@perrin.com.uy
UY,DESALTA SRL,Montevideo,valsechifederico@gmail.com
UY,MONTOSSI RODRIGUEZ ALEJANDRO JAVIER,Maldonado,rekithara@gmail.com
UY,REZK BITAR NAJUL PABLO,su zona,marjot33@gmail.com
UY,ALMAPLAST LTDA,su zona,info@almaplast.net
UY,REY Y GUARNIERI LIMITADA,Montevideo,info@macrosoft.com.uy
UY,MALKOV  S.R.L.,su zona,technolabel19@gmail.com
UY,GRUPO SEPTIEMBRE SAS,Maldonado,mansakombucha@gmail.com
UY,ROMERO AZURICA FERNANDO JOAQUIN,su zona,hdesouza@ehds.com.uy
UY,SANTELLAN BONFRISCO PEDRO ALEJANDRO,su zona,ferrer.mant.ind@gmail.com
UY,OCLERIL SOCIEDAD ANONIMA,Salto,zunigacristina@hotmail.com
UY,SCAVONE LTDA.,su zona,scavltda.ventas@gmail.com
UY,TREE HOUSE DECO SAS,su zona,jorgeperezyasociados@gmail.com
UY,LONFESUR SA,Montevideo,alejandro@freezarte.com
UY,CERAGON TELECOMUNICACIONES DE URUGUAY SOCIEDAD ANONIM,Montevideo,tramitesm14@gmail.com
UY,TECNOPEL S A,Montevideo,juan.echeverry@culinaria.com.uy
UY,IJASA,Montevideo,juntas@ijasa.com
UY,RENACITI SAS,Colonia,contacto@renaciti.com.uy
UY,SEDUR S.R.L.,su zona,bernardocataldo@hotmail.com
UY,BIRITA ALIMENTOS SAS,Paysandú,sapere.pdu@gmail.com
UY,RODRIGUEZ CURBELO SILVIA DANIELA,Canelones,reposteriartesanal.lapaz@gmail.com
UY,AVIV THERAPEUTICS S.A.S.,su zona,evelyn.araujo@guyer.com.uy
UY,FABRICA DE PASTAS MORONI S.R.L.,su zona,pastasmoroni@gmail.com
UY,INCO LIMITADA,su zona,inco@inco.com.uy
UY,HAGOPIAN KARDJIAN SARKIS ARAM,Montevideo,pelutam@gmail.com
UY,ECOLIGHT SAS,Canelones,romina@ecolight.com.uy
UY,LANZARO ALUMINIOS SAS,Durazno,lanzaroaluminios@gmail.com
UY,ATMA S A,su zona,ventas@atma.com.uy
UY,ALBILAN SOCIEDAD ANONIMA,Montevideo,albilansa@vera.com.uy
UY,INGENCA SRL,Montevideo,gbardier@ingenca.com.uy
UY,POMBO FERNANDEZ JORGE ELBIO,su zona,tormetal@adinet.com.uy
UY,DULCE SOFIA SAS,su zona,administracion@sofiadulcesofia.com
UY,LABORATORIOS CELSIUS S A,Montevideo,celsius@celsius.com.uy
UY,RODRIGUEZ FERNANDEZ DIEGO MANUEL Y DI LORENZO MALMIERCA TOMAS,Canelones,bosqueterrauy@gmail.com
UY,DEPOSITO PEDERNAL SA,su zona,info@depositopedernal.com.uy
UY,COOPERATIVA AGRARIA PUEBLO APICOLA,Tacuarembó,export@puebloapicola.com.uy
UY,JUAN PEDRO ETCHAMENDI S A,Montevideo,info@etchamendi.com
UY,USPEECH SAS,Montevideo,info@uspeech.io
UY,COMPAÑIA CIBELES S A,su zona,mtoscanini@cibeles.com.uy
UY,PRODUCTO CREATIVO SAS,su zona,fran.villalba.uy@gmail.com
UY,CANTERA MELILLA S.A.,su zona,ebie@alfieyasociados.com.uy
UY,ARBIZA ZAPATA LUCIA,Artigas,baresanauy@gmail.com
UY,ARTICEL S.A,Montevideo,asiaalum.articelsa@gmail.com
UY,TEVELFOX S A,Montevideo,sanodeleite2015@gmail.com
UY,BRUTTEN S.A.S,su zona,contacto@brutten.uy
UY,ARBOREAL SA,su zona,proveedores@arboreal.com
UY,LA BIFURCADA SAS,su zona,andres.normey@gmail.com
UY,"SUAREZ MARTINEZ PABLO DANIEL, SUAREZ MARTINEZ DIEGO MARTIN Y OTROS",Maldonado,contacto@elfaro.com.uy
UY,SIMPLA SOLUTIONS S.R.L.,su zona,info@simpla.uy
UY,DORONET METALURGICA S.A.S.,su zona,info@gonzalezytobler.com
UY,NAVEMAS SOCIEDAD ANONIMA,su zona,info@naturezas.com.uy
UY,VILLA LIMA S A,su zona,villalima@villalima.com
UY,LANS MACHIN ROSSANA MARIA,su zona,consultores@ncb.com.uy
UY,ARTISOX SOCIEDAD ANONIMA,su zona,luisgallotti@gmail.com
UY,POMBO MARICHAL CARLOS HENRY,su zona,acuariacateringeventos@hotmail.com
UY,KUÑA PORA LTDA,su zona,admin@casaurbanauniformes.com
UY,BARBIERI URUGUAY INDUSTRIA METALURGICA Y PLASTICA S A,su zona,viviana@emv.com.uy
UY,ACO INOXIDABLE SRL,su zona,ventas@acoinoxidable.com.uy
UY,DRGT URUGUAY SA,su zona,info@drgt.com
